{"type": "FeatureCollection", "features": [{"type": "Feature", "properties": {"name": "Bristol Bay Borough School District", "students": 3, "pop": 83, "acsPriv": 12, "seats": 14}, "geometry": {"type": "Polygon", "coordinates": [[[-158.002155, 58.641528], [-157.823091, 58.685311], [-157.795838, 58.694694], [-157.767456, 58.707924], [-157.699425, 58.729186], [-157.550603, 58.754514], [-157.536591, 58.769065], [-157.498048, 58.779784], [-157.429531, 58.791071], [-157.404756, 58.801142], [-157.397979, 58.806735], [-157.381966, 58.808707], [-157.353132, 58.817729], [-157.322124, 58.832818], [-157.289823, 58.836675], [-157.253336, 58.835979], [-157.241396, 58.837558], [-157.236432, 58.839891], [-157.2049, 58.843308], [-157.161103, 58.854968], [-157.130552, 58.85864], [-157.104338, 58.863921], [-157.086421, 58.869416], [-157.075483, 58.875236], [-157.047984, 58.885105], [-156.316032, 58.885114], [-156.316015, 58.615944], [-158.002155, 58.615919], [-158.002155, 58.641528]]]}}, {"type": "Feature", "properties": {"name": "Alaska Gateway School District", "students": 34, "pop": 544, "acsPriv": 126, "seats": 0}, "geometry": {"type": "Polygon", "coordinates": [[[-144.65515, 63.13088], [-144.654003, 63.162167], [-144.650726, 63.190163], [-144.647364, 63.19674], [-144.651366, 63.230665], [-144.654294, 63.243028], [-144.654695, 63.295796], [-144.64715, 63.339739], [-144.637857, 63.344148], [-144.645545, 63.348789], [-144.6337, 63.446359], [-144.654538, 63.460179], [-144.649795, 63.523562], [-144.647927, 63.615783], [-144.629792, 63.84859], [-144.628622, 63.92292], [-144.634476, 64.174994], [-144.621161, 64.598242], [-144.601319, 64.595407], [-144.587425, 64.599025], [-144.562127, 64.599109], [-144.552526, 64.600645], [-144.549306, 64.592149], [-144.546741, 64.590624], [-144.511701, 64.592423], [-144.502925, 64.589782], [-144.497584, 64.590649], [-144.483187, 64.584989], [-144.4729, 64.583155], [-144.460096, 64.58326], [-144.452261, 64.587938], [-144.451934, 64.5901], [-144.449379, 64.591672], [-144.419715, 64.595004], [-144.414459, 64.593917], [-144.358008, 64.607565], [-144.350817, 64.612056], [-144.340951, 64.615032], [-144.319405, 64.617763], [-144.315214, 64.622344], [-144.327429, 64.627766], [-144.324027, 64.63151], [-144.314516, 64.634209], [-144.31598, 64.645136], [-144.31277, 64.64363], [-144.295859, 64.642771], [-144.274239, 64.64409], [-144.265079, 64.647014], [-144.244303, 64.645988], [-144.232909, 64.649303], [-144.22217, 64.649708], [-144.209038, 64.648367], [-144.202565, 64.643957], [-144.190117, 64.641074], [-144.182689, 64.642519], [-144.177394, 64.647431], [-144.168355, 64.649402], [-144.163171, 64.65333], [-144.15062, 64.656139], [-144.137269, 64.654051], [-144.129576, 64.649461], [-144.119215, 64.650193], [-144.104744, 64.656602], [-144.089937, 64.652213], [-144.072511, 64.654082], [-144.069757, 64.659813], [-144.05584, 64.667747], [-144.059339, 64.6758], [-144.068839, 64.681762], [-144.071001, 64.686676], [-144.074802, 64.688838], [-144.070805, 64.689952], [-144.070019, 64.692704], [-144.06078, 64.696176], [-144.058496, 64.701108], [-144.060255, 64.70456], [-144.069626, 64.707184], [-144.073663, 64.709857], [-144.109265, 64.710787], [-144.115686, 64.713539], [-144.115817, 64.716553], [-144.118896, 64.720353], [-144.116407, 64.725136], [-144.10403, 64.730532], [-144.105858, 64.732474], [-144.105006, 64.736602], [-144.097302, 64.739529], [-144.095375, 64.741713], [-144.103303, 64.745513], [-144.100813, 64.747872], [-144.084581, 64.751892], [-144.072377, 64.751017], [-144.05508, 64.760816], [-144.029789, 64.767593], [-144.029069, 64.772311], [-144.035293, 64.777225], [-144.049642, 64.776766], [-144.05377, 64.779125], [-144.073884, 64.780107], [-144.084564, 64.784497], [-144.091157, 64.789405], [-144.118634, 64.791049], [-144.123679, 64.793277], [-144.127807, 64.799108], [-144.115143, 64.801439], [-144.109265, 64.804153], [-144.106251, 64.809722], [-144.101351, 64.811556], [-144.092781, 64.811503], [-144.087906, 64.816471], [-144.076711, 64.820998], [-144.084433, 64.826299], [-144.085416, 64.828264], [-144.080895, 64.833178], [-144.088364, 64.840517], [-144.088692, 64.843531], [-144.094458, 64.844317], [-144.104744, 64.849231], [-144.099765, 64.850017], [-144.092492, 64.854276], [-144.091968, 64.856045], [-144.066631, 64.862187], [-144.072443, 64.872097], [-144.077947, 64.874849], [-144.078012, 64.876684], [-144.068406, 64.882361], [-144.06124, 64.88972], [-144.056708, 64.892184], [-144.051804, 64.898895], [-144.051935, 64.900795], [-144.054767, 64.903382], [-144.084369, 64.912917], [-144.087381, 64.915865], [-144.071161, 64.920035], [-144.069931, 64.922341], [-144.05508, 64.925037], [-144.04739, 64.931228], [-144.030103, 64.936626], [-144.011833, 64.937905], [-144.003582, 64.945938], [-143.998255, 64.948916], [-143.997292, 64.950393], [-144.000502, 64.955242], [-143.996147, 64.958549], [-143.99531, 64.961944], [-143.986949, 64.967243], [-143.995785, 64.969722], [-144.01174, 64.980687], [-144.020289, 64.979419], [-144.04938, 64.984136], [-144.057592, 64.990965], [-144.081156, 64.99581], [-144.090345, 65.000188], [-141.764153, 65.000638], [-141.740535, 65.004576], [-141.686045, 65.000745], [-141.001312, 65.000075], [-141.001603, 61.904047], [-141.014628, 61.90605], [-141.064048, 61.922562], [-141.235832, 61.98086], [-141.240467, 61.984124], [-141.279513, 61.995834], [-141.635953, 62.116645], [-142.000673, 62.241946], [-142.275373, 62.333023], [-143.079925, 62.61203], [-143.080929, 62.611126], [-143.095014, 62.615355], [-143.104996, 62.614905], [-143.10792, 62.621381], [-143.114506, 62.622876], [-143.117529, 62.625576], [-143.142511, 62.627525], [-143.151328, 62.630813], [-143.154469, 62.636151], [-143.16359, 62.640658], [-143.45261, 62.737717], [-143.692172, 62.814282], [-143.701136, 62.815247], [-143.721998, 62.811836], [-143.723653, 62.806843], [-143.728845, 62.804637], [-143.741789, 62.805629], [-143.744957, 62.804319], [-143.74316, 62.800693], [-143.743569, 62.796992], [-143.74759, 62.797903], [-143.749504, 62.795494], [-143.756231, 62.795524], [-143.760446, 62.79342], [-143.763306, 62.788644], [-143.760855, 62.787204], [-143.763677, 62.786514], [-143.760959, 62.785005], [-143.764316, 62.784454], [-143.763278, 62.783113], [-143.769673, 62.780678], [-143.768688, 62.778391], [-143.772502, 62.77741], [-143.767224, 62.775465], [-143.766691, 62.772811], [-143.764611, 62.771757], [-143.772601, 62.76647], [-143.774429, 62.762298], [-143.770604, 62.76089], [-143.777349, 62.759976], [-143.796886, 62.762165], [-143.818479, 62.766445], [-143.832851, 62.778307], [-143.852205, 62.786295], [-143.868676, 62.796491], [-143.880131, 62.797535], [-143.889996, 62.795633], [-143.907547, 62.798026], [-143.942954, 62.817041], [-143.935518, 62.82114], [-143.937542, 62.82157], [-143.93689, 62.823377], [-143.929436, 62.822968], [-143.827983, 62.860092], [-144.249739, 62.998356], [-144.497037, 63.07716], [-144.619029, 63.11921], [-144.643295, 63.129638], [-144.65515, 63.13088]]]}}, {"type": "Feature", "properties": {"name": "Cordova City School District", "students": 1, "pop": 284, "acsPriv": 14, "seats": 0}, "geometry": {"type": "Polygon", "coordinates": [[[-145.864233, 60.50335], [-145.848972, 60.510306], [-145.838123, 60.512093], [-145.838121, 60.521053], [-145.677451, 60.640209], [-145.647011, 60.640204], [-145.662755, 60.634062], [-145.662755, 60.604102], [-145.57557, 60.604104], [-145.575397, 60.531889], [-145.407408, 60.531895], [-145.407191, 60.459668], [-145.692089, 60.517448], [-145.710188, 60.51745], [-145.732854, 60.507103], [-145.754641, 60.509558], [-145.76451, 60.506402], [-145.771746, 60.505877], [-145.774028, 60.504185], [-145.790284, 60.502626], [-145.809948, 60.50424], [-145.83144, 60.501298], [-145.846061, 60.501814], [-145.844926, 60.503391], [-145.846185, 60.50323], [-145.843026, 60.504419], [-145.844229, 60.504909], [-145.856759, 60.502681], [-145.864233, 60.50335]]]}}, {"type": "Feature", "properties": {"name": "Copper River School District", "students": 120, "pop": 547, "acsPriv": 90, "seats": 0}, "geometry": {"type": "Polygon", "coordinates": [[[-147.206579, 61.297357], [-147.206605, 61.470663], [-146.942559, 61.470675], [-146.942601, 61.817272], [-146.960952, 61.817272], [-146.960978, 62.163852], [-146.979811, 62.163852], [-146.979807, 62.250497], [-146.423984, 62.250511], [-146.42399, 62.510454], [-146.436884, 62.510453], [-146.436899, 62.856991], [-146.450126, 62.856991], [-146.450134, 62.957864], [-146.494296, 62.957864], [-146.493874, 63.169519], [-146.484227, 63.173319], [-146.471391, 63.174987], [-146.466584, 63.17758], [-146.383446, 63.185123], [-146.351504, 63.18623], [-146.341158, 63.190815], [-146.339974, 63.190614], [-146.340797, 63.187912], [-146.319124, 63.191001], [-146.306615, 63.18871], [-146.276363, 63.187823], [-146.265074, 63.185932], [-146.239526, 63.185875], [-146.227921, 63.183245], [-146.219223, 63.184745], [-146.190616, 63.180374], [-146.182394, 63.182956], [-146.175073, 63.182706], [-146.174861, 63.189757], [-146.165893, 63.184045], [-146.146489, 63.183107], [-146.131764, 63.187472], [-146.128395, 63.190329], [-146.12366, 63.190599], [-146.124771, 63.192565], [-146.121824, 63.193631], [-146.122651, 63.194614], [-146.115987, 63.19715], [-146.117639, 63.199592], [-146.111498, 63.199518], [-146.111486, 63.217762], [-145.154395, 63.217781], [-145.154385, 63.131149], [-144.655143, 63.131166], [-144.643295, 63.129638], [-144.619029, 63.11921], [-144.497037, 63.07716], [-144.249739, 62.998356], [-143.827983, 62.860092], [-143.929436, 62.822968], [-143.93689, 62.823377], [-143.937542, 62.82157], [-143.935518, 62.82114], [-143.942954, 62.817041], [-143.907547, 62.798026], [-143.889996, 62.795633], [-143.880131, 62.797535], [-143.868676, 62.796491], [-143.852205, 62.786295], [-143.832851, 62.778307], [-143.818479, 62.766445], [-143.796886, 62.762165], [-143.777349, 62.759976], [-143.770604, 62.76089], [-143.774429, 62.762298], [-143.772601, 62.76647], [-143.764611, 62.771757], [-143.766691, 62.772811], [-143.767224, 62.775465], [-143.772502, 62.77741], [-143.768688, 62.778391], [-143.769673, 62.780678], [-143.763278, 62.783113], [-143.764316, 62.784454], [-143.760959, 62.785005], [-143.763677, 62.786514], [-143.760855, 62.787204], [-143.763306, 62.788644], [-143.760446, 62.79342], [-143.756231, 62.795524], [-143.749504, 62.795494], [-143.74759, 62.797903], [-143.743569, 62.796992], [-143.74316, 62.800693], [-143.744957, 62.804319], [-143.741789, 62.805629], [-143.728845, 62.804637], [-143.723653, 62.806843], [-143.721998, 62.811836], [-143.701136, 62.815247], [-143.692172, 62.814282], [-143.45261, 62.737717], [-143.16359, 62.640658], [-143.154469, 62.636151], [-143.151328, 62.630813], [-143.142511, 62.627525], [-143.117529, 62.625576], [-143.114506, 62.622876], [-143.10792, 62.621381], [-143.104996, 62.614905], [-143.095014, 62.615355], [-143.080929, 62.611126], [-143.079925, 62.61203], [-142.275373, 62.333023], [-142.000673, 62.241946], [-141.635953, 62.116645], [-141.279513, 61.995834], [-141.240467, 61.984124], [-141.235832, 61.98086], [-141.064048, 61.922562], [-141.014628, 61.90605], [-141.001603, 61.904047], [-141.001833, 60.391687], [-141.213444, 60.391676], [-141.213451, 60.435268], [-141.790601, 60.435238], [-141.791172, 60.523036], [-141.965972, 60.521891], [-141.965993, 60.608553], [-142.842776, 60.608511], [-142.84281, 60.777491], [-143.362748, 60.777498], [-143.362754, 60.86415], [-143.7172, 60.86415], [-143.717215, 61.037469], [-144.426087, 61.037453], [-144.426098, 61.124104], [-144.416409, 61.124106], [-144.41642, 61.210774], [-146.207985, 61.210731], [-146.208008, 61.297383], [-147.206579, 61.297357]]]}}, {"type": "Feature", "properties": {"name": "Craig City School District", "students": 469, "pop": 156, "acsPriv": 20, "seats": 0}, "geometry": {"type": "Polygon", "coordinates": [[[-133.159972, 55.496542], [-133.134699, 55.496542], [-133.134575, 55.518222], [-133.070871, 55.518217], [-133.07084, 55.496536], [-133.10904, 55.496541], [-133.108935, 55.453175], [-133.159812, 55.453176], [-133.159919, 55.482087], [-133.147217, 55.489313], [-133.159972, 55.496542]]]}}, {"type": "Feature", "properties": {"name": "Delta/Greely School District", "students": 309, "pop": 720, "acsPriv": 235, "seats": 32}, "geometry": {"type": "Polygon", "coordinates": [[[-146.999966, 63.477618], [-146.999909, 64.257196], [-146.655165, 64.257212], [-146.651377, 64.258622], [-146.615767, 64.2599], [-146.595395, 64.262358], [-146.548915, 64.272712], [-146.486446, 64.281768], [-146.432525, 64.281546], [-146.375306, 64.27862], [-146.356323, 64.275993], [-146.344673, 64.276364], [-146.335621, 64.283442], [-146.335145, 64.289183], [-146.323738, 64.288403], [-146.322757, 64.292099], [-146.311188, 64.294875], [-146.303899, 64.298346], [-146.301932, 64.301123], [-146.285428, 64.304104], [-146.266011, 64.303629], [-146.259472, 64.308164], [-146.232329, 64.310792], [-146.230781, 64.313849], [-146.233557, 64.321022], [-146.22975, 64.327234], [-146.229684, 64.334572], [-146.228653, 64.337342], [-146.220917, 64.342524], [-146.242919, 64.355473], [-146.239184, 64.35947], [-146.230686, 64.363734], [-146.22072, 64.36494], [-146.218677, 64.368184], [-146.206621, 64.36635], [-146.201183, 64.367988], [-146.192993, 64.374408], [-146.175565, 64.371919], [-146.163704, 64.380249], [-146.157592, 64.38273], [-146.138118, 64.381285], [-146.121707, 64.38725], [-146.089881, 64.388094], [-146.081609, 64.386005], [-146.07355, 64.387054], [-146.059146, 64.380087], [-146.041904, 64.37716], [-146.035229, 64.380488], [-146.028014, 64.379126], [-146.020152, 64.381812], [-146.003772, 64.381091], [-145.998719, 64.385809], [-145.995319, 64.385874], [-145.990217, 64.389799], [-145.977674, 64.391775], [-145.970422, 64.397799], [-145.96957, 64.401403], [-145.950977, 64.403104], [-145.950111, 64.406448], [-145.945868, 64.409711], [-145.937623, 64.412046], [-145.923248, 64.41241], [-145.929538, 64.418896], [-145.925934, 64.424531], [-145.914177, 64.423935], [-145.902761, 64.425835], [-145.896778, 64.428593], [-145.890881, 64.429383], [-145.884198, 64.427807], [-145.867407, 64.431195], [-145.855107, 64.428987], [-145.842223, 64.430388], [-145.837941, 64.432459], [-145.834992, 64.431018], [-145.804135, 64.430929], [-145.799415, 64.434097], [-145.782362, 64.435896], [-145.765252, 64.440465], [-145.761348, 64.443073], [-145.761086, 64.446284], [-145.758596, 64.448773], [-145.749882, 64.450149], [-145.742413, 64.464236], [-145.740002, 64.460132], [-145.726623, 64.45775], [-145.715419, 64.452312], [-145.71208, 64.454846], [-145.702781, 64.456647], [-145.703558, 64.453881], [-145.70148, 64.451206], [-145.690849, 64.449101], [-145.682921, 64.444646], [-145.674897, 64.445644], [-145.658744, 64.440125], [-145.649631, 64.441045], [-145.635007, 64.439879], [-145.620218, 64.434752], [-145.624346, 64.431018], [-145.618122, 64.4263], [-145.603118, 64.42309], [-145.584935, 64.425181], [-145.565189, 64.422364], [-145.558086, 64.424132], [-145.535609, 64.417506], [-145.528935, 64.418069], [-145.498089, 64.423155], [-145.491144, 64.429118], [-145.484072, 64.431592], [-145.479783, 64.435049], [-145.467033, 64.435014], [-145.450465, 64.448505], [-145.434667, 64.444403], [-145.418116, 64.450931], [-145.403921, 64.449535], [-145.382422, 64.455832], [-145.374083, 64.455243], [-145.371513, 64.456401], [-145.37118, 64.46073], [-145.365497, 64.465033], [-145.372357, 64.468298], [-145.373602, 64.472623], [-145.371964, 64.476161], [-145.373203, 64.479619], [-145.377336, 64.481927], [-145.378188, 64.485727], [-145.373929, 64.483836], [-145.36646, 64.48422], [-145.353684, 64.488806], [-145.317202, 64.491226], [-145.306575, 64.494216], [-145.302542, 64.496911], [-145.30094, 64.494113], [-145.290064, 64.491689], [-145.270016, 64.490923], [-145.233193, 64.497324], [-145.20746, 64.508435], [-145.195453, 64.504465], [-145.184315, 64.506038], [-145.158369, 64.499224], [-145.151555, 64.500993], [-145.146215, 64.504574], [-145.118301, 64.503817], [-145.105687, 64.506352], [-145.082787, 64.507349], [-145.08093, 64.511267], [-145.073279, 64.514614], [-145.062606, 64.522787], [-145.044561, 64.529625], [-145.038599, 64.529101], [-145.041416, 64.536374], [-145.039254, 64.541943], [-145.034107, 64.542983], [-145.016453, 64.542008], [-145.003791, 64.550032], [-145.002366, 64.555309], [-144.990911, 64.559256], [-144.985331, 64.568609], [-144.978113, 64.571591], [-144.958191, 64.572871], [-144.949426, 64.574572], [-144.943594, 64.577606], [-144.929838, 64.578284], [-144.905535, 64.571494], [-144.894753, 64.571804], [-144.876502, 64.568806], [-144.858353, 64.568413], [-144.853834, 64.566798], [-144.825659, 64.566382], [-144.798044, 64.568296], [-144.793139, 64.570484], [-144.788378, 64.580272], [-144.778812, 64.581975], [-144.772756, 64.586586], [-144.748084, 64.592786], [-144.733919, 64.589564], [-144.731048, 64.586889], [-144.702155, 64.589255], [-144.689705, 64.588658], [-144.672081, 64.582893], [-144.654339, 64.58847], [-144.641675, 64.587942], [-144.634775, 64.594193], [-144.621161, 64.598242], [-144.634476, 64.174994], [-144.628622, 63.92292], [-144.629792, 63.84859], [-144.647927, 63.615783], [-144.649795, 63.523562], [-144.654538, 63.460179], [-144.6337, 63.446359], [-144.645545, 63.348789], [-144.637857, 63.344148], [-144.64715, 63.339739], [-144.654695, 63.295796], [-144.654294, 63.243028], [-144.651366, 63.230665], [-144.647364, 63.19674], [-144.650726, 63.190163], [-144.654003, 63.162167], [-144.655143, 63.131166], [-145.154385, 63.131149], [-145.154395, 63.217781], [-146.111486, 63.217762], [-146.111498, 63.199518], [-146.117639, 63.199592], [-146.115987, 63.19715], [-146.122651, 63.194614], [-146.121824, 63.193631], [-146.124771, 63.192565], [-146.12366, 63.190599], [-146.128395, 63.190329], [-146.131764, 63.187472], [-146.146489, 63.183107], [-146.165893, 63.184045], [-146.174861, 63.189757], [-146.175073, 63.182706], [-146.182394, 63.182956], [-146.190616, 63.180374], [-146.219223, 63.184745], [-146.227921, 63.183245], [-146.239526, 63.185875], [-146.265074, 63.185932], [-146.276363, 63.187823], [-146.306615, 63.18871], [-146.319124, 63.191001], [-146.340797, 63.187912], [-146.339974, 63.190614], [-146.341158, 63.190815], [-146.351504, 63.18623], [-146.383446, 63.185123], [-146.466584, 63.17758], [-146.471391, 63.174987], [-146.484514, 63.173232], [-146.494311, 63.168975], [-146.494333, 63.477639], [-146.999966, 63.477618]]]}}, {"type": "Feature", "properties": {"name": "Galena City School District", "students": 7486, "pop": 134, "acsPriv": 1, "seats": 0}, "geometry": {"type": "Polygon", "coordinates": [[[-157.004008, 64.758859], [-156.885784, 64.758862], [-156.885846, 64.769688], [-156.852023, 64.769689], [-156.851975, 64.758862], [-156.733642, 64.758864], [-156.733641, 64.744428], [-156.727998, 64.744428], [-156.727816, 64.715469], [-156.993172, 64.715464], [-156.993211, 64.744424], [-157.00397, 64.744424], [-157.004008, 64.758859]]]}}, {"type": "Feature", "properties": {"name": "Ketchikan Gateway Borough School District", "students": 83, "pop": 2194, "acsPriv": 232, "seats": 0}, "geometry": {"type": "Polygon", "coordinates": [[[-132.277239, 55.633802], [-132.182744, 55.634282], [-132.172561, 55.637995], [-132.169396, 55.642192], [-132.150456, 55.649704], [-132.141599, 55.649901], [-132.130786, 55.652768], [-132.120011, 55.652274], [-132.103207, 55.658007], [-132.092786, 55.659587], [-132.091178, 55.660703], [-132.091487, 55.669607], [-132.089708, 55.672173], [-132.091454, 55.678697], [-132.08767, 55.682112], [-132.090157, 55.693112], [-132.088727, 55.697355], [-132.073115, 55.706699], [-132.073481, 55.709248], [-132.058825, 55.71093], [-132.053979, 55.70984], [-132.043793, 55.702761], [-132.041863, 55.69879], [-132.033082, 55.694964], [-132.020695, 55.693851], [-132.008893, 55.687053], [-131.985788, 55.688466], [-131.981152, 55.695724], [-131.973378, 55.69643], [-131.962744, 55.700757], [-131.966651, 55.70611], [-131.968193, 55.71393], [-131.978609, 55.717346], [-131.981552, 55.719732], [-131.984358, 55.72567], [-131.979384, 55.728144], [-131.974149, 55.736614], [-131.977847, 55.742768], [-131.97917, 55.751959], [-131.974906, 55.755937], [-131.955059, 55.767457], [-131.951387, 55.77649], [-131.93531, 55.780705], [-131.939051, 55.786525], [-131.93844, 55.79424], [-131.935859, 55.795498], [-131.935635, 55.798431], [-131.943241, 55.801107], [-131.944226, 55.807292], [-131.956528, 55.812199], [-131.958055, 55.815576], [-131.97226, 55.829301], [-131.992716, 55.840155], [-132.01072, 55.853473], [-132.011037, 55.854788], [-132.00624, 55.857973], [-132.005296, 55.860424], [-132.007693, 55.869737], [-131.995959, 55.873719], [-131.992636, 55.877238], [-131.986277, 55.879773], [-131.977233, 55.88185], [-131.963404, 55.882392], [-131.957998, 55.884414], [-131.958035, 55.892017], [-131.964268, 55.896665], [-131.957862, 55.907929], [-131.941943, 55.909684], [-131.937774, 55.911334], [-131.938304, 55.914393], [-131.934501, 55.915916], [-131.921127, 55.917075], [-131.910447, 55.915647], [-131.89401, 55.921308], [-131.881898, 55.932244], [-131.878001, 55.937019], [-131.878414, 55.943739], [-131.871943, 55.948878], [-131.871626, 55.951092], [-131.88551, 55.95814], [-131.889165, 55.963866], [-131.900628, 55.969357], [-131.905058, 55.974037], [-131.905601, 55.979061], [-131.894096, 55.988563], [-131.879212, 55.992861], [-131.880999, 55.998764], [-131.876843, 56.009983], [-131.872668, 56.013581], [-131.875966, 56.02198], [-131.871846, 56.02675], [-131.864566, 56.029813], [-131.860388, 56.036321], [-131.844876, 56.038594], [-131.831193, 56.03392], [-131.824383, 56.036912], [-131.822809, 56.041216], [-131.824069, 56.046167], [-131.830549, 56.049579], [-131.833152, 56.053016], [-131.829365, 56.056465], [-131.823225, 56.054571], [-131.808547, 56.055469], [-131.803213, 56.051408], [-131.796502, 56.053084], [-131.790812, 56.056965], [-131.770275, 56.056548], [-131.748986, 56.061902], [-131.744881, 56.064804], [-131.737973, 56.063351], [-131.732632, 56.064584], [-131.718276, 56.061087], [-131.712267, 56.052539], [-131.700569, 56.054768], [-131.691511, 56.050457], [-131.688917, 56.053134], [-131.682367, 56.053738], [-131.677739, 56.058237], [-131.677746, 56.061609], [-131.67595, 56.062919], [-131.667106, 56.064211], [-131.664222, 56.067502], [-131.664835, 56.074831], [-131.66637, 56.076765], [-131.679983, 56.076838], [-131.680395, 56.07882], [-131.675496, 56.083147], [-131.67595, 56.08683], [-131.688136, 56.089744], [-131.689966, 56.0916], [-131.686726, 56.092633], [-131.685712, 56.095234], [-131.669433, 56.10066], [-131.651202, 56.103895], [-131.648625, 56.09891], [-131.63876, 56.091559], [-131.617479, 56.085941], [-131.602394, 56.088774], [-131.60079, 56.081651], [-131.593176, 56.076307], [-131.590239, 56.070271], [-131.584992, 56.066511], [-131.573811, 56.064574], [-131.563514, 56.058918], [-131.551895, 56.060985], [-131.540879, 56.055834], [-131.527013, 56.053161], [-131.525003, 56.049089], [-131.530378, 56.039028], [-131.52806, 56.035403], [-131.519577, 56.033875], [-131.514468, 56.030935], [-131.497966, 56.030145], [-131.497011, 56.023799], [-131.499605, 56.02083], [-131.497408, 56.018386], [-131.487405, 56.01776], [-131.471081, 56.023183], [-131.451686, 56.022912], [-131.413191, 56.026351], [-131.396758, 56.022481], [-131.379987, 56.013419], [-131.371856, 56.013252], [-131.364317, 56.017943], [-131.369288, 56.025531], [-131.377491, 56.031861], [-131.381583, 56.039922], [-131.381445, 56.043565], [-131.37582, 56.046076], [-131.385949, 56.053948], [-131.375646, 56.058802], [-131.374138, 56.061281], [-131.374749, 56.064083], [-131.369729, 56.067224], [-131.369226, 56.06991], [-131.380964, 56.075848], [-131.381035, 56.080092], [-131.39996, 56.08428], [-131.403975, 56.088564], [-131.405834, 56.094775], [-131.425991, 56.104964], [-131.426657, 56.106496], [-131.421873, 56.110865], [-131.421379, 56.113354], [-131.427868, 56.118787], [-131.428322, 56.122535], [-131.433921, 56.124128], [-131.439957, 56.131083], [-131.437359, 56.139777], [-131.435008, 56.141813], [-131.423529, 56.144571], [-131.411658, 56.138857], [-131.399569, 56.137895], [-131.392885, 56.13976], [-131.381806, 56.148634], [-131.369762, 56.149828], [-131.358142, 56.157213], [-131.355873, 56.166091], [-131.341711, 56.177693], [-131.339968, 56.182629], [-131.326635, 56.178697], [-131.320839, 56.181896], [-131.315573, 56.187858], [-131.316086, 56.193281], [-131.298638, 56.191736], [-131.291385, 56.193752], [-131.292101, 56.199647], [-131.288588, 56.204017], [-131.273108, 56.203006], [-131.26412, 56.207247], [-131.256932, 56.208002], [-131.253358, 56.20685], [-131.247816, 56.19824], [-131.249871, 56.189897], [-131.247609, 56.185547], [-131.243116, 56.182558], [-131.240485, 56.172614], [-131.23784, 56.170795], [-131.225824, 56.174703], [-131.212775, 56.183873], [-131.191033, 56.188575], [-131.177706, 56.189258], [-131.160056, 56.186394], [-131.149842, 56.187852], [-131.144916, 56.190756], [-131.147893, 56.195688], [-131.14364, 56.19836], [-131.124785, 56.20027], [-131.114781, 56.197975], [-131.108495, 56.193515], [-131.102338, 56.201429], [-131.094214, 56.204584], [-131.083149, 56.212052], [-131.07661, 56.22241], [-131.06275, 56.226459], [-131.061142, 56.236736], [-131.049274, 56.239168], [-131.042872, 56.243454], [-131.02176, 56.246612], [-131.015971, 56.249861], [-131.007739, 56.259207], [-131.004197, 56.268328], [-130.998477, 56.27447], [-130.99832, 56.277626], [-131.000667, 56.278068], [-131.012542, 56.273148], [-131.018424, 56.273375], [-131.02184, 56.279955], [-131.037607, 56.285049], [-131.041453, 56.292604], [-131.039411, 56.299662], [-131.028083, 56.305897], [-131.014463, 56.309165], [-131.01231, 56.312428], [-131.013177, 56.314211], [-131.019167, 56.317101], [-131.041772, 56.321688], [-131.055342, 56.329857], [-131.09392, 56.333945], [-131.099202, 56.339361], [-131.104689, 56.342272], [-131.112281, 56.35286], [-131.11444, 56.358732], [-131.107881, 56.364497], [-131.103847, 56.377237], [-131.087779, 56.381403], [-131.080545, 56.391966], [-131.078804, 56.397682], [-131.087349, 56.406005], [-130.781981, 56.366844], [-130.62331, 56.266878], [-130.540532, 56.247451], [-130.46787, 56.243054], [-130.426006, 56.141561], [-130.35009, 56.128542], [-130.246219, 56.096411], [-130.256369, 56.096805], [-130.280307, 56.081521], [-130.283135, 56.078214], [-130.281198, 56.072015], [-130.282027, 56.067144], [-130.290471, 56.05996], [-130.292018, 56.056199], [-130.288828, 56.050338], [-130.289296, 56.047321], [-130.285009, 56.042742], [-130.275663, 56.037157], [-130.253848, 56.030339], [-130.251402, 56.028236], [-130.252089, 56.019754], [-130.250256, 56.016693], [-130.240207, 56.010344], [-130.232898, 56.008033], [-130.230338, 56.004655], [-130.221287, 56.002864], [-130.218768, 55.999971], [-130.243196, 55.995552], [-130.247759, 55.996805], [-130.245208, 55.991663], [-130.246174, 55.989207], [-130.254479, 55.988765], [-130.25942, 55.985258], [-130.273398, 55.989694], [-130.286101, 55.997738], [-130.297055, 55.996466], [-130.324116, 55.981669], [-130.325266, 55.975498], [-130.319939, 55.970084], [-130.322534, 55.967099], [-130.330233, 55.966147], [-130.338934, 55.968442], [-130.349098, 55.96858], [-130.367096, 55.963772], [-130.384688, 55.956165], [-130.384183, 55.949534], [-130.388344, 55.942098], [-130.383369, 55.938195], [-130.370783, 55.937156], [-130.371053, 55.930787], [-130.360051, 55.924121], [-130.347751, 55.919129], [-130.340967, 55.91397], [-130.332966, 55.904219], [-130.327849, 55.903645], [-130.311959, 55.909535], [-130.308479, 55.908721], [-130.302642, 55.899576], [-130.288673, 55.887006], [-130.290352, 55.874428], [-130.29848, 55.867112], [-130.292563, 55.857348], [-130.281719, 55.852025], [-130.275839, 55.846225], [-130.264687, 55.841361], [-130.235872, 55.815277], [-130.21266, 55.811479], [-130.206776, 55.806912], [-130.20021, 55.804698], [-130.193515, 55.794599], [-130.192219, 55.788774], [-130.180729, 55.784044], [-130.1602, 55.770929], [-130.151598, 55.767437], [-130.147758, 55.714903], [-130.111657, 55.682901], [-130.127904, 55.581035], [-130.089853, 55.497978], [-130.041216, 55.451725], [-130.021107, 55.337916], [-129.976649, 55.300371], [-129.974167, 55.281919], [-130.102842, 55.192602], [-130.146125, 55.142842], [-130.15243, 55.124616], [-130.180886, 55.091251], [-130.187562, 55.062841], [-130.273328, 54.973964], [-130.344537, 54.918813], [-130.422716, 54.873373], [-130.459388, 54.848465], [-130.568203, 54.792153], [-130.628874, 54.78272], [-130.659038, 54.763058], [-130.625721, 54.738073], [-130.62864, 54.724732], [-130.643107, 54.694681], [-130.641558, 54.680663], [-130.64791, 54.648906], [-130.726595, 54.669923], [-131.053724, 54.687221], [-131.203074, 54.691317], [-131.762339, 54.68684], [-131.794287, 54.944017], [-131.816246, 54.967993], [-131.701818, 54.970387], [-131.687963, 54.980725], [-131.58982, 54.982752], [-131.586803, 54.980084], [-131.529224, 55.007521], [-131.483271, 55.001771], [-131.468152, 55.002113], [-131.457548, 55.004538], [-131.449004, 55.002419], [-131.431863, 55.001266], [-131.40404, 55.003662], [-131.401163, 54.999343], [-131.395588, 54.996571], [-131.381689, 54.99676], [-131.377687, 54.998716], [-131.375409, 55.001884], [-131.374937, 55.004419], [-131.37637, 55.006224], [-131.363065, 55.013518], [-131.35895, 55.020949], [-131.355916, 55.022149], [-131.356734, 55.025304], [-131.353953, 55.028762], [-131.346073, 55.033338], [-131.342493, 55.037669], [-131.340213, 55.050019], [-131.337743, 55.05449], [-131.335894, 55.071486], [-131.337565, 55.078635], [-131.340858, 55.082027], [-131.342014, 55.101155], [-131.343412, 55.104408], [-131.342512, 55.109569], [-131.336305, 55.118848], [-131.336096, 55.12489], [-131.339606, 55.138071], [-131.345887, 55.143083], [-131.336924, 55.147671], [-131.336146, 55.151186], [-131.337732, 55.154061], [-131.324399, 55.155094], [-131.313606, 55.161969], [-131.313189, 55.165403], [-131.309728, 55.17031], [-131.311488, 55.173219], [-131.304324, 55.173599], [-131.29722, 55.176582], [-131.293887, 55.181496], [-131.295141, 55.185161], [-131.300776, 55.190662], [-131.306915, 55.193221], [-131.317518, 55.193371], [-131.328868, 55.197154], [-131.339812, 55.196287], [-131.349395, 55.198118], [-131.351558, 55.201369], [-131.372582, 55.209095], [-131.378692, 55.209983], [-131.386054, 55.215819], [-131.406054, 55.224248], [-131.448753, 55.228895], [-131.450536, 55.229668], [-131.4495, 55.231658], [-131.454462, 55.23698], [-131.460961, 55.241612], [-131.460432, 55.25061], [-131.462671, 55.254771], [-131.480665, 55.263738], [-131.482802, 55.267683], [-131.482154, 55.270119], [-131.4864, 55.274299], [-131.502137, 55.277132], [-131.512385, 55.274458], [-131.517382, 55.274693], [-131.532301, 55.285131], [-131.536414, 55.285442], [-131.538199, 55.287648], [-131.545977, 55.290372], [-131.559903, 55.293758], [-131.576362, 55.293653], [-131.601913, 55.279119], [-131.618163, 55.27849], [-131.625572, 55.273864], [-131.625592, 55.268728], [-131.621169, 55.264991], [-131.622654, 55.261982], [-131.62181, 55.258481], [-131.638311, 55.246442], [-131.648375, 55.227951], [-131.662118, 55.174912], [-131.677031, 55.13987], [-131.685377, 55.114458], [-131.690291, 55.109379], [-131.703609, 55.102154], [-131.720367, 55.097359], [-131.7583, 55.092862], [-131.855003, 55.088615], [-131.941364, 55.312826], [-132.013164, 55.431757], [-132.02388, 55.453877], [-132.277239, 55.633802]]]}}, {"type": "Feature", "properties": {"name": "Anchorage School District", "students": 1885, "pop": 49662, "acsPriv": 6426, "seats": 1387}, "geometry": {"type": "Polygon", "coordinates": [[[-150.424163, 61.166293], [-149.987495, 61.224064], [-149.897622, 61.267387], [-149.748369, 61.397371], [-149.35944, 61.484025], [-149.240449, 61.484025], [-149.240395, 61.455142], [-149.180041, 61.45514], [-149.180062, 61.42625], [-148.462471, 61.426267], [-148.462403, 61.166295], [-148.472123, 61.166295], [-148.472065, 60.84852], [-148.738363, 60.848546], [-148.738281, 60.819662], [-148.745865, 60.819664], [-148.745618, 60.733007], [-149.037741, 60.732987], [-149.037839, 60.819648], [-149.034048, 60.819648], [-149.03408, 60.848534], [-149.063742, 60.87742], [-149.181942, 60.906317], [-149.359399, 60.90633], [-150.069238, 61.079636], [-150.246538, 61.079641], [-150.424163, 61.166293]]]}}, {"type": "Feature", "properties": {"name": "Juneau Borough School District", "students": 192, "pop": 4987, "acsPriv": 617, "seats": 50}, "geometry": {"type": "Polygon", "coordinates": [[[-135.221825, 58.971337], [-134.31349, 58.962182], [-134.336466, 58.923413], [-134.258072, 58.861037], [-133.972357, 58.767312], [-133.840504, 58.729444], [-133.707118, 58.612274], [-133.557805, 58.523131], [-133.377305, 58.430549], [-133.461504, 58.387723], [-133.345433, 58.276333], [-133.269982, 58.227105], [-133.172311, 58.153676], [-133.70173, 57.791331], [-133.813401, 57.836331], [-134.178423, 58.15967], [-134.417764, 58.114875], [-134.422567, 58.107571], [-134.447593, 58.0983], [-134.463539, 58.097678], [-134.474521, 58.094068], [-134.489326, 58.095222], [-134.510551, 58.092777], [-134.521434, 58.093822], [-134.529236, 58.097501], [-134.538413, 58.098172], [-134.544181, 58.093051], [-134.544355, 58.088849], [-134.54769, 58.085331], [-134.56728, 58.078576], [-134.560217, 58.069368], [-134.551336, 58.066516], [-134.552997, 58.059954], [-134.556973, 58.055592], [-134.577773, 58.054116], [-134.588093, 58.059695], [-134.628462, 58.060992], [-134.637327, 58.05657], [-134.649648, 58.04554], [-134.65318, 58.040482], [-134.661321, 58.036778], [-134.666032, 58.032399], [-134.67543, 58.029471], [-134.678847, 58.033889], [-134.697766, 58.032036], [-134.704639, 58.042182], [-134.712889, 58.04918], [-134.717464, 58.049345], [-134.722145, 58.05373], [-134.723416, 58.057129], [-134.738366, 58.064105], [-134.739803, 58.067586], [-134.745731, 58.069154], [-134.757232, 58.07761], [-134.76325, 58.079146], [-134.784681, 58.096599], [-134.776862, 58.099045], [-134.77641, 58.108194], [-134.774133, 58.109048], [-134.774272, 58.112241], [-134.772282, 58.112742], [-134.77027, 58.116255], [-134.771206, 58.121161], [-134.769498, 58.124076], [-134.772279, 58.130018], [-134.770702, 58.132824], [-134.773392, 58.136484], [-134.770556, 58.136083], [-134.770853, 58.138611], [-134.768441, 58.139824], [-134.773076, 58.150231], [-134.771186, 58.151309], [-134.772507, 58.15738], [-134.770759, 58.159501], [-134.772728, 58.166496], [-134.770653, 58.168543], [-134.762526, 58.170173], [-134.761226, 58.169238], [-134.758863, 58.174747], [-134.755411, 58.174869], [-134.755918, 58.177378], [-134.75405, 58.180377], [-134.755651, 58.186681], [-134.750573, 58.186455], [-134.750152, 58.187789], [-134.745911, 58.187734], [-134.747685, 58.189076], [-134.742951, 58.189098], [-134.709701, 58.228194], [-134.695421, 58.27687], [-135.072637, 58.499668], [-135.221825, 58.971337]]]}}, {"type": "Feature", "properties": {"name": "Sitka School District", "students": 78, "pop": 1236, "acsPriv": 52, "seats": 0}, "geometry": {"type": "Polygon", "coordinates": [[[-136.454427, 57.830676], [-136.024328, 57.838795], [-135.9799, 57.8903], [-135.901964, 58.001343], [-135.878746, 57.997419], [-135.81891, 57.974144], [-135.792389, 57.957771], [-135.75702, 57.942719], [-135.715149, 57.929413], [-135.648499, 57.91333], [-135.608032, 57.900673], [-135.570251, 57.89257], [-135.528534, 57.88047], [-135.426727, 57.843994], [-135.379425, 57.823044], [-135.351074, 57.80545], [-135.275879, 57.773285], [-135.238129, 57.761711], [-135.217987, 57.758789], [-135.176422, 57.757683], [-135.122558, 57.762558], [-135.104309, 57.76992], [-135.088989, 57.769203], [-135.061737, 57.760933], [-135.015076, 57.767464], [-134.974597, 57.78033], [-134.915149, 57.782474], [-134.8362, 57.7877], [-134.828003, 57.778488], [-134.81421, 57.721283], [-134.762848, 57.617989], [-134.726747, 57.527016], [-134.701141, 57.454613], [-134.688598, 57.380669], [-134.695679, 57.315971], [-134.720153, 57.26812], [-134.735931, 57.242538], [-134.738556, 57.226303], [-134.6772, 56.999], [-134.664201, 56.9804], [-134.540314, 56.827461], [-134.527589, 56.797112], [-134.5112, 56.742683], [-134.496216, 56.699631], [-134.492737, 56.665321], [-134.473511, 56.577272], [-134.454437, 56.465915], [-134.432465, 56.365327], [-134.4277, 56.3202], [-134.429247, 56.282737], [-134.666668, 56.283334], [-134.666396, 56.147586], [-134.679474, 56.152893], [-134.720795, 56.174344], [-134.815063, 56.215859], [-134.846008, 56.233955], [-135.1998, 56.5064], [-135.7868, 56.9413], [-135.8599, 56.9924], [-135.8641, 56.9967], [-136.0468, 57.2718], [-136.2379, 57.5345], [-136.348633, 57.67807], [-136.4075, 57.7499], [-136.454427, 57.830676]]]}}, {"type": "Feature", "properties": {"name": "Haines Borough School District", "students": 27, "pop": 411, "acsPriv": 53, "seats": 0}, "geometry": {"type": "Polygon", "coordinates": [[[-136.495756, 59.275133], [-136.469248, 59.284079], [-136.477379, 59.376233], [-136.477156, 59.465824], [-136.368243, 59.44896], [-136.305022, 59.464518], [-136.238506, 59.524326], [-136.23983, 59.559412], [-136.353936, 59.599827], [-136.192904, 59.640027], [-135.952645, 59.662166], [-135.723075, 59.728397], [-135.376829, 59.34634], [-135.030525, 59.346348], [-134.959904, 59.280927], [-134.700718, 59.24901], [-134.679117, 59.192274], [-134.565568, 59.131123], [-134.483393, 59.131602], [-134.447124, 59.089224], [-134.381879, 59.038763], [-134.407147, 58.97921], [-134.313581, 58.962199], [-135.221825, 58.971337], [-135.071357, 58.498913], [-135.072109, 58.497061], [-134.998462, 58.131328], [-135.251806, 58.166328], [-135.449687, 58.317073], [-135.450365, 58.370446], [-135.447435, 58.379896], [-135.446307, 58.405618], [-135.460154, 58.419519], [-135.46755, 58.431231], [-135.469302, 58.43875], [-135.467718, 58.457938], [-135.473208, 58.472101], [-135.477325, 58.476323], [-135.490814, 58.484453], [-135.50702, 58.499604], [-135.49273, 58.499661], [-135.477023, 58.505318], [-135.469005, 58.510819], [-135.449465, 58.509923], [-135.437174, 58.514227], [-135.430211, 58.512762], [-135.426546, 58.514082], [-135.410907, 58.510028], [-135.411291, 58.507067], [-135.409078, 58.505013], [-135.400326, 58.503598], [-135.390069, 58.504842], [-135.379226, 58.502403], [-135.374282, 58.499637], [-135.369971, 58.494361], [-135.355659, 58.491005], [-135.330286, 58.495273], [-135.328424, 58.498676], [-135.316732, 58.504393], [-135.319357, 58.511252], [-135.328956, 58.517335], [-135.334526, 58.525786], [-135.357947, 58.533897], [-135.365601, 58.534703], [-135.375915, 58.54127], [-135.365394, 58.5484], [-135.362715, 58.552521], [-135.376377, 58.564251], [-135.380803, 58.571999], [-135.393599, 58.576914], [-135.397406, 58.580533], [-135.405093, 58.580108], [-135.415879, 58.586572], [-135.413447, 58.59185], [-135.399965, 58.59669], [-135.395839, 58.602778], [-135.401143, 58.613278], [-135.404766, 58.616695], [-135.405223, 58.620593], [-135.410751, 58.623627], [-135.417296, 58.624432], [-135.422687, 58.631416], [-135.432807, 58.633672], [-135.436906, 58.636462], [-135.453919, 58.635162], [-135.466202, 58.638924], [-135.469154, 58.642961], [-135.476969, 58.645396], [-135.479317, 58.650139], [-135.488701, 58.656448], [-135.499375, 58.650857], [-135.506516, 58.65407], [-135.507046, 58.658026], [-135.512456, 58.660013], [-135.529943, 58.656784], [-135.533197, 58.660899], [-135.537883, 58.66316], [-135.538854, 58.667067], [-135.544118, 58.67], [-135.543363, 58.671876], [-135.546894, 58.675158], [-135.538835, 58.677966], [-135.543115, 58.684472], [-135.540241, 58.688748], [-135.54525, 58.691114], [-135.54838, 58.696736], [-135.551001, 58.698793], [-135.563326, 58.700053], [-135.570156, 58.697523], [-135.578385, 58.699509], [-135.581943, 58.70742], [-135.591523, 58.711469], [-135.597753, 58.706451], [-135.610115, 58.710133], [-135.612781, 58.709289], [-135.614142, 58.706559], [-135.616599, 58.706435], [-135.620739, 58.710821], [-135.633533, 58.713853], [-135.635338, 58.715723], [-135.635284, 58.721158], [-135.638435, 58.723398], [-135.641925, 58.720883], [-135.648399, 58.721129], [-135.658839, 58.718409], [-135.664546, 58.714838], [-135.665534, 58.710215], [-135.673603, 58.713018], [-135.678, 58.718504], [-135.690909, 58.724967], [-135.693838, 58.727792], [-135.696758, 58.735299], [-135.702993, 58.737953], [-135.709431, 58.736625], [-135.730835, 58.725355], [-135.747111, 58.724895], [-135.744147, 58.733052], [-135.750007, 58.737189], [-135.755454, 58.745199], [-135.752371, 58.753264], [-135.753423, 58.756303], [-135.744572, 58.759032], [-135.742434, 58.761565], [-135.726879, 58.765388], [-135.733739, 58.768372], [-135.729941, 58.776393], [-135.729945, 58.783625], [-135.732253, 58.78764], [-135.723348, 58.789757], [-135.712815, 58.796728], [-135.709016, 58.80571], [-135.710631, 58.806962], [-135.710997, 58.811179], [-135.709352, 58.816918], [-135.712972, 58.822313], [-135.712286, 58.824077], [-135.707277, 58.826011], [-135.699253, 58.832492], [-135.676375, 58.838379], [-135.676714, 58.841693], [-135.678711, 58.843612], [-135.67761, 58.845963], [-135.683487, 58.853598], [-135.676196, 58.854707], [-135.656792, 58.852266], [-135.639389, 58.856736], [-135.618647, 58.852325], [-135.608031, 58.856125], [-135.600568, 58.861027], [-135.579059, 58.861644], [-135.564771, 58.871389], [-135.551602, 58.875287], [-135.542156, 58.874046], [-135.532009, 58.869238], [-135.527346, 58.87543], [-135.529457, 58.8841], [-135.524117, 58.887696], [-135.529988, 58.888151], [-135.542296, 58.892718], [-135.5484, 58.89636], [-135.549527, 58.899773], [-135.554672, 58.901813], [-135.57318, 58.901239], [-135.582203, 58.897745], [-135.592575, 58.899486], [-135.600928, 58.903637], [-135.605493, 58.903989], [-135.605888, 58.909665], [-135.601508, 58.915961], [-135.606591, 58.919512], [-135.608182, 58.92311], [-135.599374, 58.926967], [-135.589025, 58.927386], [-135.592474, 58.934356], [-135.590684, 58.937073], [-135.585845, 58.93593], [-135.577454, 58.936696], [-135.568208, 58.940405], [-135.565943, 58.943634], [-135.566531, 58.952521], [-135.563998, 58.956147], [-135.566059, 58.962806], [-135.570286, 58.965143], [-135.585269, 58.967839], [-135.588293, 58.970049], [-135.588155, 58.978509], [-135.586346, 58.981853], [-135.593092, 58.983807], [-135.601344, 58.982152], [-135.618317, 58.98782], [-135.626314, 58.987968], [-135.637236, 58.992728], [-135.643683, 59.002069], [-135.655695, 59.004274], [-135.65457, 59.008783], [-135.655857, 59.010471], [-135.661396, 59.010113], [-135.667445, 59.01191], [-135.670322, 59.014473], [-135.670106, 59.016731], [-135.674563, 59.018757], [-135.695634, 59.02152], [-135.693578, 59.023906], [-135.694294, 59.028165], [-135.696082, 59.029258], [-135.698334, 59.035453], [-135.706339, 59.04288], [-135.717967, 59.063528], [-135.723091, 59.069847], [-135.718533, 59.074586], [-135.721125, 59.078977], [-135.719093, 59.08274], [-135.713102, 59.083812], [-135.716832, 59.088888], [-135.709508, 59.097419], [-135.710383, 59.101491], [-135.704535, 59.103067], [-135.698656, 59.107267], [-135.727964, 59.115314], [-135.747487, 59.12433], [-135.751366, 59.127052], [-135.751565, 59.129808], [-135.762025, 59.132933], [-135.763022, 59.135593], [-135.776585, 59.139596], [-135.791431, 59.14031], [-135.795721, 59.142426], [-135.814777, 59.136692], [-135.824289, 59.138006], [-135.835188, 59.141968], [-135.841105, 59.147454], [-135.842196, 59.15053], [-135.851216, 59.153784], [-135.864652, 59.156004], [-135.870582, 59.158652], [-135.885624, 59.159325], [-135.885615, 59.161097], [-135.880839, 59.165412], [-135.881543, 59.168322], [-135.891804, 59.170986], [-135.893208, 59.174681], [-135.89905, 59.17906], [-135.934082, 59.180744], [-135.969847, 59.17974], [-135.991429, 59.184218], [-135.996633, 59.181546], [-136.010841, 59.186802], [-136.019437, 59.178196], [-136.032168, 59.175839], [-136.042115, 59.177966], [-136.05101, 59.17745], [-136.056709, 59.179072], [-136.05576, 59.186797], [-136.058331, 59.191938], [-136.05513, 59.195658], [-136.051456, 59.196802], [-136.057547, 59.198981], [-136.063646, 59.198396], [-136.073838, 59.201905], [-136.089496, 59.199094], [-136.098505, 59.201234], [-136.101041, 59.204453], [-136.096869, 59.209182], [-136.107166, 59.215754], [-136.111508, 59.213475], [-136.112006, 59.211174], [-136.121542, 59.207608], [-136.124153, 59.197849], [-136.13065, 59.194646], [-136.133541, 59.188415], [-136.157918, 59.183944], [-136.158475, 59.186775], [-136.165753, 59.187659], [-136.162886, 59.197359], [-136.164433, 59.199552], [-136.168604, 59.202238], [-136.17585, 59.203089], [-136.186126, 59.206953], [-136.189749, 59.219081], [-136.209143, 59.216952], [-136.220232, 59.213069], [-136.23083, 59.212669], [-136.246163, 59.217433], [-136.263045, 59.227294], [-136.283091, 59.225452], [-136.309556, 59.232479], [-136.332164, 59.230088], [-136.360703, 59.232516], [-136.370094, 59.237512], [-136.36641, 59.242264], [-136.365108, 59.247203], [-136.369728, 59.249176], [-136.379564, 59.249256], [-136.386288, 59.252863], [-136.393692, 59.245873], [-136.409849, 59.243825], [-136.423811, 59.246178], [-136.442284, 59.253172], [-136.447163, 59.262867], [-136.445483, 59.265766], [-136.44842, 59.266245], [-136.458832, 59.264258], [-136.466442, 59.258578], [-136.474365, 59.256478], [-136.480363, 59.256991], [-136.489703, 59.259775], [-136.495756, 59.275133]], [[-135.920472, 59.404198], [-135.912768, 59.400177], [-135.900535, 59.397948], [-135.87875, 59.399513], [-135.862174, 59.390389], [-135.85201, 59.387351], [-135.852041, 59.395109], [-135.867237, 59.395108], [-135.867249, 59.402362], [-135.881418, 59.402331], [-135.881434, 59.409542], [-135.913749, 59.409556], [-135.913612, 59.40421], [-135.920472, 59.404198]]]}}, {"type": "Feature", "properties": {"name": "Hydaburg City School District", "students": 43, "pop": 70, "acsPriv": 0, "seats": 0}, "geometry": {"type": "Polygon", "coordinates": [[[-132.829834, 55.208439], [-132.828973, 55.210467], [-132.823975, 55.212351], [-132.809102, 55.201222], [-132.814963, 55.200616], [-132.819984, 55.203603], [-132.823953, 55.202036], [-132.823088, 55.203536], [-132.829834, 55.208439]]]}}, {"type": "Feature", "properties": {"name": "Kenai Peninsula Borough School District", "students": 1118, "pop": 9982, "acsPriv": 2295, "seats": 172}, "geometry": {"type": "Polygon", "coordinates": [[[-154.748861, 59.259518], [-154.412013, 59.259524], [-154.412028, 59.432882], [-154.123321, 59.432887], [-154.123327, 59.519552], [-153.953181, 59.519569], [-153.953198, 59.692918], [-153.783068, 59.692926], [-153.78307, 59.779597], [-153.656977, 59.779607], [-153.65698, 60.126277], [-153.528392, 60.126281], [-153.528441, 60.472939], [-153.397276, 60.472948], [-153.397284, 60.819581], [-153.440886, 60.819578], [-153.440877, 61.166196], [-153.485584, 61.166193], [-153.485575, 61.426153], [-151.332784, 61.426239], [-151.332802, 61.252936], [-150.974014, 61.25294], [-150.974017, 61.166287], [-150.779067, 61.079639], [-150.424163, 61.166293], [-150.246538, 61.079641], [-150.069238, 61.079636], [-149.359399, 60.90633], [-149.181942, 60.906317], [-149.063742, 60.87742], [-149.03408, 60.848534], [-149.034048, 60.819648], [-149.037839, 60.819648], [-149.037741, 60.732987], [-148.657119, 60.732976], [-148.657076, 60.472958], [-148.664474, 60.472959], [-148.66447, 60.415183], [-148.563715, 60.415172], [-148.563026, 60.126314], [-148.572027, 60.126316], [-148.571963, 60.061333], [-148.586485, 60.061336], [-148.58618, 59.938585], [-148.643702, 59.924156], [-148.948762, 59.892718], [-148.980202, 59.893721], [-149.269625, 59.84542], [-149.467504, 59.733767], [-149.6213, 59.527516], [-150.456456, 59.308688], [-150.531963, 59.292854], [-150.550701, 59.287257], [-150.591243, 59.279079], [-150.710969, 59.250224], [-150.801062, 59.231825], [-150.992194, 59.180837], [-151.255287, 59.137764], [-151.316152, 59.125339], [-151.374719, 59.110669], [-151.444173, 59.099687], [-151.49114, 59.095856], [-151.85538, 59.077617], [-153.02118, 59.002452], [-153.184086, 58.905729], [-153.18168, 58.904077], [-153.250152, 58.855036], [-153.639403, 58.855029], [-153.639027, 58.73945], [-153.817076, 58.739446], [-153.817076, 58.65276], [-154.642545, 58.652747], [-154.642558, 58.739431], [-154.695036, 58.739431], [-154.695105, 59.086159], [-154.748834, 59.086159], [-154.748861, 59.259518]]]}}, {"type": "Feature", "properties": {"name": "Kodiak Island Borough School District", "students": 151, "pop": 2312, "acsPriv": 390, "seats": 0}, "geometry": {"type": "MultiPolygon", "coordinates": [[[[-152.466527, 58.914995], [-152.464855, 58.92422], [-152.45733, 58.934454], [-152.452072, 58.93948], [-152.437486, 58.948424], [-152.439832, 58.954739], [-152.4409, 58.966088], [-152.43737, 58.973526], [-152.429411, 58.981403], [-152.414022, 58.992239], [-152.405969, 58.994228], [-152.393856, 58.993956], [-152.369086, 59.0017], [-152.352749, 59.004867], [-152.32345, 59.007459], [-152.294711, 59.006626], [-152.272725, 59.003202], [-152.245651, 58.993457], [-152.236626, 58.995745], [-152.228754, 59.001777], [-152.218065, 59.006369], [-152.188222, 59.016144], [-152.145403, 59.017887], [-152.12905, 59.016751], [-152.083367, 59.005021], [-152.058934, 59.011995], [-152.040389, 59.01289], [-152.019555, 59.010921], [-151.995346, 59.005209], [-151.964916, 58.992343], [-151.937184, 58.9883], [-151.917655, 58.975204], [-151.867776, 58.946411], [-151.85759, 58.935957], [-151.851641, 58.917348], [-151.853889, 58.908764], [-151.860673, 58.89994], [-151.883201, 58.880683], [-151.891805, 58.876391], [-151.912047, 58.87041], [-151.936387, 58.86738], [-151.951574, 58.852188], [-151.964884, 58.844777], [-151.981582, 58.837277], [-152.017165, 58.828518], [-152.036534, 58.827842], [-152.066781, 58.833013], [-152.108585, 58.844614], [-152.134072, 58.858118], [-152.195357, 58.840633], [-152.219059, 58.838973], [-152.249644, 58.840674], [-152.262413, 58.832844], [-152.275532, 58.827269], [-152.292906, 58.822649], [-152.314622, 58.819997], [-152.340715, 58.82039], [-152.360885, 58.823046], [-152.383294, 58.82829], [-152.401448, 58.836674], [-152.413751, 58.847607], [-152.42096, 58.858474], [-152.425947, 58.873374], [-152.434603, 58.875864], [-152.452584, 58.884872], [-152.460704, 58.895449], [-152.46543, 58.906342], [-152.466527, 58.914995]]], [[[-154.933694, 57.294678], [-154.926459, 57.316423], [-154.910334, 57.335058], [-154.914464, 57.342437], [-154.915559, 57.349873], [-154.888628, 57.381918], [-154.815397, 57.412787], [-154.817622, 57.418084], [-154.816929, 57.424253], [-154.790158, 57.461417], [-154.765884, 57.480952], [-154.752776, 57.487178], [-154.745672, 57.507105], [-154.722966, 57.527955], [-154.703145, 57.542016], [-154.671568, 57.557147], [-154.625182, 57.572904], [-154.616344, 57.593771], [-154.606884, 57.603253], [-154.589023, 57.612885], [-154.572729, 57.62059], [-154.5374, 57.625082], [-154.510507, 57.632033], [-154.480937, 57.631856], [-154.439095, 57.668493], [-154.407011, 57.690525], [-154.364715, 57.693007], [-154.32974, 57.693178], [-154.298137, 57.706141], [-154.266241, 57.715952], [-154.240065, 57.715467], [-154.128419, 57.770665], [-154.105895, 57.788574], [-154.003795, 57.850253], [-153.978253, 57.861473], [-153.972199, 57.867694], [-153.968593, 57.874898], [-153.956568, 57.881962], [-153.943451, 57.885667], [-153.944525, 57.892337], [-153.941497, 57.900429], [-153.932275, 57.909199], [-153.917133, 57.916559], [-153.870567, 57.928779], [-153.824589, 57.92701], [-153.786622, 57.917712], [-153.744876, 57.940008], [-153.696094, 57.95543], [-153.634354, 57.971368], [-153.554462, 58.002816], [-153.511736, 58.013406], [-153.480194, 58.018844], [-153.496699, 58.027755], [-153.504763, 58.040328], [-153.506579, 58.066226], [-153.500135, 58.079555], [-153.486791, 58.094634], [-153.470198, 58.108699], [-153.431014, 58.128194], [-153.424755, 58.136011], [-153.406417, 58.151457], [-153.367469, 58.179292], [-153.341852, 58.18724], [-153.314674, 58.193012], [-153.310284, 58.196804], [-153.300826, 58.211395], [-153.288207, 58.225534], [-153.271346, 58.238487], [-153.248836, 58.249103], [-153.221287, 58.257264], [-153.200035, 58.266252], [-153.185324, 58.282972], [-153.123069, 58.330216], [-152.970698, 58.435587], [-152.922284, 58.472185], [-152.900702, 58.483989], [-152.890898, 58.488004], [-152.880859, 58.489791], [-152.876607, 58.49408], [-152.87136, 58.506919], [-152.861747, 58.520049], [-152.846898, 58.531501], [-152.83335, 58.53832], [-152.819689, 58.542675], [-152.775121, 58.549412], [-152.773066, 58.574225], [-152.767549, 58.5866], [-152.757238, 58.595239], [-152.742208, 58.603481], [-152.734629, 58.611092], [-152.732941, 58.622441], [-152.719078, 58.63538], [-152.698413, 58.648644], [-152.61001, 58.692279], [-152.574597, 58.725328], [-152.560235, 58.735724], [-152.545567, 58.742446], [-152.497313, 58.755324], [-152.473569, 58.757258], [-152.43454, 58.750777], [-152.409183, 58.741861], [-152.392986, 58.730459], [-152.38077, 58.711269], [-152.380918, 58.701013], [-152.384799, 58.690424], [-152.368589, 58.696605], [-152.342634, 58.701379], [-152.312588, 58.700448], [-152.268054, 58.688561], [-152.247712, 58.680728], [-152.227209, 58.663378], [-152.21294, 58.648633], [-152.21163, 58.637227], [-152.18932, 58.620255], [-152.18086, 58.60583], [-152.179034, 58.593441], [-152.182827, 58.573973], [-152.153662, 58.573353], [-152.138636, 58.570414], [-152.113481, 58.561664], [-152.092474, 58.549103], [-152.089949, 58.545133], [-152.065493, 58.52676], [-152.060881, 58.50083], [-152.067812, 58.48861], [-152.079824, 58.478592], [-152.091097, 58.471728], [-152.116252, 58.462706], [-152.144364, 58.457706], [-152.181929, 58.457862], [-152.18205, 58.451952], [-152.173277, 58.44973], [-152.126348, 58.449589], [-152.103312, 58.447211], [-152.071909, 58.440027], [-152.051984, 58.431258], [-152.024262, 58.412618], [-151.962483, 58.399997], [-151.932291, 58.390667], [-151.912944, 58.38233], [-151.895216, 58.371705], [-151.876847, 58.379413], [-151.854532, 58.391451], [-151.823971, 58.398881], [-151.794995, 58.400596], [-151.772102, 58.398565], [-151.750493, 58.394655], [-151.728693, 58.386212], [-151.712804, 58.37398], [-151.704027, 58.357336], [-151.702267, 58.341499], [-151.707285, 58.331345], [-151.736042, 58.311824], [-151.755183, 58.303397], [-151.74009, 58.297366], [-151.725242, 58.287543], [-151.705003, 58.270515], [-151.696583, 58.259775], [-151.69176, 58.245918], [-151.690505, 58.235134], [-151.701425, 58.222508], [-151.698313, 58.215433], [-151.706604, 58.187821], [-151.715655, 58.175524], [-151.734634, 58.156776], [-151.76402, 58.136626], [-151.782174, 58.12876], [-151.802568, 58.122161], [-151.841674, 58.113143], [-151.861054, 58.110604], [-151.884181, 58.112956], [-151.908223, 58.117206], [-151.933993, 58.125717], [-151.945374, 58.132442], [-151.966392, 58.153742], [-151.988398, 58.138253], [-152.033519, 58.111781], [-152.055267, 58.104534], [-152.127475, 58.092019], [-152.260737, 58.073357], [-152.270399, 58.069281], [-152.275104, 58.064654], [-152.292601, 58.055851], [-152.31231, 58.049636], [-152.325253, 58.047918], [-152.344954, 58.048003], [-152.382574, 58.052388], [-152.404233, 58.059237], [-152.413623, 58.058176], [-152.453348, 58.059287], [-152.474517, 58.045427], [-152.458901, 58.046296], [-152.414453, 58.036577], [-152.380167, 58.018449], [-152.358714, 58.014012], [-152.346211, 58.009142], [-152.333417, 58.001871], [-152.324149, 57.992135], [-152.316625, 57.979604], [-152.311708, 57.976571], [-152.297088, 57.972375], [-152.281643, 57.974924], [-152.265633, 57.971139], [-152.235584, 57.949935], [-152.220211, 57.930223], [-152.228865, 57.904483], [-152.255904, 57.869292], [-152.255231, 57.86627], [-152.226553, 57.857324], [-152.18238, 57.849947], [-152.161118, 57.842956], [-152.137954, 57.829809], [-152.124093, 57.811725], [-152.121012, 57.804572], [-152.07979, 57.686297], [-152.074741, 57.681722], [-152.046099, 57.665356], [-152.034856, 57.653319], [-152.03169, 57.643398], [-152.031006, 57.628631], [-152.045135, 57.610515], [-152.053479, 57.603653], [-152.051257, 57.595445], [-152.055474, 57.586401], [-152.056418, 57.57951], [-152.063498, 57.571205], [-152.096263, 57.552552], [-152.125116, 57.531357], [-152.152644, 57.518606], [-152.222437, 57.475299], [-152.216486, 57.438229], [-152.19651, 57.432131], [-152.182366, 57.424804], [-152.164554, 57.414042], [-152.156516, 57.405855], [-152.159698, 57.380412], [-152.170052, 57.367756], [-152.186344, 57.353181], [-152.204492, 57.342224], [-152.227391, 57.332038], [-152.258481, 57.323429], [-152.314917, 57.318585], [-152.337676, 57.32158], [-152.361191, 57.326759], [-152.383147, 57.335407], [-152.395494, 57.345524], [-152.402089, 57.356302], [-152.403608, 57.366472], [-152.400763, 57.378284], [-152.402089, 57.380344], [-152.415584, 57.38447], [-152.424952, 57.381044], [-152.526011, 57.329367], [-152.528758, 57.327327], [-152.534474, 57.306308], [-152.537667, 57.300752], [-152.622929, 57.246073], [-152.642719, 57.235372], [-152.676554, 57.22727], [-152.701815, 57.224888], [-152.772909, 57.219799], [-152.835629, 57.217365], [-152.798842, 57.201808], [-152.785206, 57.192457], [-152.779173, 57.182166], [-152.77546, 57.17093], [-152.774367, 57.160559], [-152.77738, 57.14145], [-152.792947, 57.122877], [-152.809971, 57.10918], [-152.834162, 57.094425], [-152.876864, 57.078842], [-152.904336, 57.07238], [-152.938004, 57.066172], [-152.983991, 57.066455], [-153.001222, 57.064401], [-153.098289, 57.040313], [-153.104627, 57.028109], [-153.111419, 57.022506], [-153.110449, 57.011579], [-153.121518, 57.00153], [-153.146831, 56.987484], [-153.159868, 56.973909], [-153.169128, 56.967034], [-153.180959, 56.96068], [-153.205548, 56.953218], [-153.229742, 56.950877], [-153.238783, 56.952319], [-153.243213, 56.949874], [-153.274315, 56.94273], [-153.32, 56.940938], [-153.357708, 56.949962], [-153.387966, 56.948279], [-153.404529, 56.950773], [-153.439189, 56.963958], [-153.449095, 56.97081], [-153.45905, 56.963803], [-153.457372, 56.960206], [-153.457681, 56.956001], [-153.462845, 56.947741], [-153.476856, 56.941319], [-153.470372, 56.939332], [-153.454616, 56.926425], [-153.449427, 56.913399], [-153.450947, 56.90034], [-153.462565, 56.885503], [-153.476335, 56.872544], [-153.482722, 56.869371], [-153.488701, 56.863668], [-153.501321, 56.856673], [-153.5231, 56.852524], [-153.544543, 56.842366], [-153.599585, 56.833926], [-153.61518, 56.834385], [-153.627738, 56.820386], [-153.648649, 56.804181], [-153.666038, 56.794844], [-153.69455, 56.785642], [-153.719091, 56.778713], [-153.742501, 56.775874], [-153.760419, 56.776474], [-153.749654, 56.759082], [-153.747553, 56.745044], [-153.769789, 56.711807], [-153.78354, 56.697564], [-153.800432, 56.689928], [-153.812368, 56.687843], [-153.834947, 56.688046], [-153.840127, 56.683307], [-153.857415, 56.676413], [-153.871878, 56.672712], [-153.890075, 56.671708], [-153.893587, 56.663299], [-153.902636, 56.653342], [-153.919919, 56.642539], [-153.957047, 56.633318], [-153.971153, 56.632041], [-153.99976, 56.634951], [-153.986319, 56.625872], [-153.981363, 56.613831], [-153.98212, 56.609011], [-153.915076, 56.612835], [-153.905133, 56.611576], [-153.883365, 56.618683], [-153.842106, 56.620565], [-153.819055, 56.616987], [-153.790896, 56.610105], [-153.76494, 56.588083], [-153.758232, 56.56849], [-153.762432, 56.556745], [-153.770156, 56.547043], [-153.77798, 56.541184], [-153.783947, 56.531662], [-153.806605, 56.50936], [-153.824715, 56.497126], [-153.848849, 56.486046], [-153.871504, 56.478582], [-153.881208, 56.477478], [-153.888924, 56.470635], [-153.904671, 56.46198], [-153.91908, 56.456987], [-153.936276, 56.453461], [-153.959641, 56.455147], [-153.981001, 56.45109], [-153.997159, 56.450086], [-154.013306, 56.451681], [-154.035877, 56.448753], [-154.057878, 56.448434], [-154.081452, 56.45196], [-154.105404, 56.450077], [-154.131052, 56.453497], [-154.153344, 56.46005], [-154.188188, 56.448956], [-154.233608, 56.443474], [-154.253764, 56.443939], [-154.275042, 56.446627], [-154.340563, 56.464402], [-154.356012, 56.453946], [-154.378345, 56.446094], [-154.403176, 56.441668], [-154.429877, 56.441143], [-154.452603, 56.443239], [-154.473237, 56.447803], [-154.498209, 56.455784], [-154.58199, 56.426811], [-154.628878, 56.386089], [-154.657101, 56.373231], [-154.689036, 56.362701], [-154.725732, 56.355219], [-154.763299, 56.354692], [-154.794933, 56.359288], [-154.81796, 56.36617], [-154.862939, 56.383851], [-154.881702, 56.401395], [-154.889024, 56.412614], [-154.893089, 56.422861], [-154.894806, 56.434566], [-154.893847, 56.444724], [-154.886688, 56.455741], [-154.861383, 56.475348], [-154.854569, 56.486991], [-154.820897, 56.511544], [-154.812367, 56.523827], [-154.758106, 56.559815], [-154.668697, 56.597825], [-154.648744, 56.609854], [-154.597483, 56.636033], [-154.563838, 56.649755], [-154.540498, 56.655844], [-154.50752, 56.658844], [-154.488547, 56.658088], [-154.458939, 56.653076], [-154.429981, 56.654631], [-154.41504, 56.651672], [-154.360108, 56.633524], [-154.352106, 56.63254], [-154.337817, 56.636909], [-154.320451, 56.646659], [-154.305381, 56.652006], [-154.276849, 56.660015], [-154.236672, 56.667573], [-154.235497, 56.673914], [-154.238647, 56.679607], [-154.239296, 56.692855], [-154.233596, 56.703632], [-154.217826, 56.720467], [-154.316066, 56.786129], [-154.385524, 56.830269], [-154.392761, 56.839724], [-154.393198, 56.849032], [-154.387719, 56.895618], [-154.440058, 56.9236], [-154.50244, 56.940788], [-154.537267, 56.945009], [-154.577483, 56.952773], [-154.595538, 56.960931], [-154.608606, 56.970275], [-154.61689, 56.979625], [-154.623967, 56.990886], [-154.628536, 57.002006], [-154.601128, 57.036382], [-154.619782, 57.16236], [-154.650276, 57.177888], [-154.679763, 57.198084], [-154.685766, 57.214222], [-154.709573, 57.216103], [-154.767085, 57.214507], [-154.79861, 57.227533], [-154.807025, 57.225651], [-154.831099, 57.230644], [-154.871238, 57.246485], [-154.914026, 57.266734], [-154.931222, 57.28237], [-154.933694, 57.294678]]], [[[-155.8368, 55.800824], [-155.826107, 55.81863], [-155.804761, 55.836437], [-155.751457, 55.854242], [-155.676765, 55.907663], [-155.6341, 55.925471], [-155.606884, 55.93068], [-155.581139, 55.930679], [-155.53824, 55.925467], [-155.474353, 55.913594], [-155.453119, 55.883916], [-155.474505, 55.848301], [-155.485224, 55.818623], [-155.474669, 55.777074], [-155.474751, 55.741459], [-155.528092, 55.705848], [-155.581366, 55.699912], [-155.634615, 55.705849], [-155.719822, 55.711786], [-155.794349, 55.729594], [-155.826241, 55.759274], [-155.836841, 55.783015], [-155.8368, 55.800824]]], [[[-156.751389, 57.250097], [-156.672403, 57.250099], [-156.672532, 57.307903], [-156.619127, 57.307903], [-156.619162, 57.351256], [-156.540396, 57.351258], [-156.540438, 57.365708], [-156.552809, 57.365708], [-156.55283, 57.380159], [-156.499321, 57.38016], [-156.499325, 57.452414], [-156.44609, 57.452415], [-156.44622, 57.495766], [-156.392541, 57.495768], [-156.392563, 57.510218], [-156.365714, 57.510221], [-156.365729, 57.539119], [-156.205277, 57.539122], [-156.20526, 57.524661], [-156.125376, 57.524674], [-156.125463, 57.553574], [-156.098582, 57.553575], [-156.098614, 57.568025], [-156.071722, 57.568025], [-156.071749, 57.597001], [-156.01794, 57.596926], [-156.017941, 57.611377], [-155.965175, 57.611377], [-155.965044, 57.568027], [-155.938152, 57.568027], [-155.938185, 57.582477], [-155.911283, 57.582477], [-155.911305, 57.596927], [-155.884393, 57.596928], [-155.884404, 57.611378], [-155.83164, 57.611408], [-155.831693, 57.625828], [-155.857482, 57.625829], [-155.857482, 57.640278], [-155.911372, 57.640278], [-155.911439, 57.683628], [-155.777955, 57.683633], [-155.778017, 57.71253], [-155.756741, 57.71253], [-155.756733, 57.755881], [-155.70287, 57.755887], [-155.703033, 57.813681], [-155.541038, 57.813684], [-155.541123, 57.842584], [-155.459828, 57.842584], [-155.459858, 57.885933], [-155.352115, 57.885934], [-155.352472, 58.045899], [-155.299824, 58.045899], [-155.29991, 58.103695], [-155.354494, 58.103695], [-155.354766, 58.190388], [-155.245317, 58.19039], [-155.245315, 58.233737], [-155.081808, 58.233739], [-155.081806, 58.262637], [-155.027969, 58.262638], [-155.028056, 58.291535], [-154.89199, 58.291538], [-154.892044, 58.305986], [-154.754791, 58.305989], [-154.754785, 58.334887], [-154.591283, 58.33489], [-154.591275, 58.363787], [-154.482772, 58.363789], [-154.482813, 58.392686], [-154.449931, 58.392686], [-154.45004, 58.421583], [-154.367435, 58.421583], [-154.367496, 58.464928], [-154.312355, 58.464929], [-154.312354, 58.652751], [-153.817076, 58.65276], [-153.817076, 58.739446], [-153.639027, 58.73945], [-153.639403, 58.855029], [-153.250152, 58.855036], [-153.18168, 58.904077], [-153.173575, 58.900193], [-153.165141, 58.892714], [-153.157768, 58.881443], [-153.15284, 58.869019], [-153.151647, 58.857561], [-153.152349, 58.847582], [-153.158429, 58.83554], [-153.167029, 58.823019], [-153.186373, 58.807617], [-153.2025, 58.801333], [-153.189121, 58.794151], [-153.176636, 58.784665], [-153.170191, 58.775172], [-153.165925, 58.764984], [-153.166846, 58.755175], [-153.176075, 58.741512], [-153.186964, 58.729345], [-153.214065, 58.71638], [-153.244798, 58.70747], [-153.278032, 58.706901], [-153.307234, 58.709162], [-153.318021, 58.712962], [-153.357443, 58.681811], [-153.371581, 58.673275], [-153.478776, 58.641694], [-153.457904, 58.623456], [-153.44702, 58.598409], [-153.45184, 58.584973], [-153.461482, 58.572608], [-153.468709, 58.566502], [-153.491798, 58.555503], [-153.51515, 58.548397], [-153.557118, 58.543759], [-153.592668, 58.542253], [-153.597409, 58.532998], [-153.609804, 58.519746], [-153.628003, 58.508297], [-153.6541, 58.499598], [-153.692361, 58.493506], [-153.778412, 58.504044], [-153.79948, 58.509223], [-153.810656, 58.515386], [-153.82107, 58.487799], [-153.84442, 58.472263], [-153.868058, 58.460275], [-153.881794, 58.456499], [-153.884087, 58.448804], [-153.8839, 58.438548], [-153.876719, 58.430756], [-153.872602, 58.415137], [-153.864165, 58.408781], [-153.858522, 58.397601], [-153.856869, 58.384373], [-153.858557, 58.374274], [-153.909327, 58.329104], [-153.925988, 58.319795], [-153.970038, 58.312724], [-154.002085, 58.272434], [-154.02638, 58.24692], [-154.03904, 58.230362], [-154.052463, 58.201183], [-154.052916, 58.189196], [-154.058971, 58.175206], [-154.070087, 58.162357], [-154.082824, 58.154012], [-154.108918, 58.14601], [-154.110409, 58.131391], [-154.119565, 58.113228], [-154.133654, 58.100141], [-154.155186, 58.090983], [-154.180165, 58.084843], [-154.211801, 58.080288], [-154.220469, 58.066173], [-154.23796, 58.054552], [-154.25695, 58.044987], [-154.265523, 58.038228], [-154.28818, 58.030823], [-154.315669, 58.027165], [-154.335126, 58.026711], [-154.390744, 57.999301], [-154.539595, 57.988197], [-154.589135, 57.989779], [-154.708989, 57.982295], [-154.747746, 57.969188], [-154.776309, 57.962711], [-154.800929, 57.959148], [-154.840368, 57.962219], [-154.865304, 57.967639], [-154.893803, 57.983541], [-154.940742, 57.975071], [-154.953937, 57.949786], [-154.969687, 57.927854], [-154.9807, 57.89481], [-154.994017, 57.863188], [-155.034366, 57.824496], [-155.043525, 57.81239], [-155.06085, 57.802909], [-155.078876, 57.79534], [-155.099422, 57.79124], [-155.129023, 57.787953], [-155.160861, 57.790588], [-155.150715, 57.771961], [-155.15006, 57.750022], [-155.179218, 57.732258], [-155.209955, 57.716257], [-155.225302, 57.698882], [-155.245788, 57.681595], [-155.277003, 57.676112], [-155.276198, 57.669954], [-155.280948, 57.656831], [-155.300397, 57.642894], [-155.327357, 57.632959], [-155.360914, 57.625029], [-155.379555, 57.625972], [-155.43197, 57.632482], [-155.459864, 57.637648], [-155.589109, 57.608276], [-155.601032, 57.610838], [-155.639486, 57.602267], [-155.632567, 57.586813], [-155.645503, 57.522358], [-155.66796, 57.508352], [-155.719259, 57.497419], [-155.764409, 57.499095], [-155.796128, 57.495528], [-155.816844, 57.49771], [-155.844485, 57.497513], [-155.850791, 57.488383], [-155.919809, 57.433028], [-155.939758, 57.41287], [-155.978919, 57.395895], [-156.098355, 57.379848], [-156.114546, 57.368521], [-156.141825, 57.353635], [-156.167196, 57.345852], [-156.169572, 57.342919], [-156.171046, 57.334075], [-156.184163, 57.317227], [-156.196698, 57.310196], [-156.200965, 57.301703], [-156.215613, 57.281979], [-156.247041, 57.243776], [-156.241765, 57.232176], [-156.225388, 57.217307], [-156.214506, 57.19518], [-156.227811, 57.162455], [-156.262757, 57.133598], [-156.316483, 57.105502], [-156.312372, 57.087045], [-156.31167, 57.067916], [-156.330702, 57.050839], [-156.330713, 57.177849], [-156.751385, 57.177841], [-156.751389, 57.250097]]], [[[-156.902033, 56.165445], [-156.89677, 56.173523], [-156.8992, 56.181018], [-156.900164, 56.191611], [-156.898003, 56.201661], [-156.891165, 56.212563], [-156.878042, 56.223304], [-156.880713, 56.232287], [-156.872228, 56.247023], [-156.858583, 56.259298], [-156.841994, 56.27008], [-156.819982, 56.276518], [-156.792851, 56.279576], [-156.770234, 56.279793], [-156.728907, 56.273984], [-156.707394, 56.267426], [-156.690626, 56.257249], [-156.678005, 56.23988], [-156.673253, 56.224077], [-156.660096, 56.214993], [-156.651112, 56.20096], [-156.649388, 56.184196], [-156.65377, 56.167594], [-156.667291, 56.156718], [-156.675867, 56.152499], [-156.671961, 56.148351], [-156.657227, 56.146902], [-156.626815, 56.140192], [-156.609848, 56.132149], [-156.602294, 56.126971], [-156.591467, 56.114888], [-156.58933, 56.109275], [-156.57397, 56.102305], [-156.556048, 56.090162], [-156.550152, 56.076641], [-156.550293, 56.064302], [-156.553427, 56.058411], [-156.547417, 56.048643], [-156.548042, 56.038617], [-156.553324, 56.027075], [-156.584458, 56.005636], [-156.611958, 55.982919], [-156.647785, 55.962302], [-156.675427, 55.95677], [-156.732163, 55.953497], [-156.764, 55.953001], [-156.793074, 55.955792], [-156.822209, 55.967556], [-156.83339, 55.984214], [-156.83209, 55.996154], [-156.826412, 56.007578], [-156.83812, 56.012684], [-156.844914, 56.022111], [-156.846528, 56.030229], [-156.845373, 56.040272], [-156.835352, 56.060236], [-156.820083, 56.070562], [-156.821064, 56.088184], [-156.81717, 56.104096], [-156.852863, 56.109374], [-156.871425, 56.11599], [-156.883602, 56.12284], [-156.8931, 56.130976], [-156.897385, 56.137705], [-156.903153, 56.155053], [-156.902033, 56.165445]]]]}}, {"type": "Feature", "properties": {"name": "Lake and Peninsula Borough School District", "students": 12, "pop": 168, "acsPriv": 6, "seats": 0}, "geometry": {"type": "Polygon", "coordinates": [[[-159.900149, 56.494239], [-159.588036, 56.494245], [-159.588041, 56.580961], [-159.275928, 56.580967], [-159.275932, 56.667682], [-159.051089, 56.667687], [-159.051094, 56.754401], [-158.893607, 56.754404], [-158.893482, 56.999841], [-158.069822, 58.490317], [-158.072019, 58.491824], [-158.002155, 58.615919], [-156.316015, 58.615944], [-156.316032, 58.885114], [-157.047984, 58.885105], [-157.075483, 58.875236], [-157.086421, 58.869416], [-157.104338, 58.863921], [-157.130552, 58.85864], [-157.161103, 58.854968], [-157.196292, 58.846249], [-157.196306, 59.086122], [-157.275221, 59.086121], [-157.275233, 59.259482], [-157.106808, 59.259483], [-157.106814, 59.346162], [-156.769965, 59.346166], [-156.769971, 59.432843], [-156.675483, 59.432844], [-156.675489, 59.519521], [-156.505345, 59.519523], [-156.505349, 59.606199], [-156.165066, 59.606202], [-156.165068, 59.692877], [-156.000145, 59.692879], [-156.000086, 60.90619], [-153.440884, 60.906236], [-153.440886, 60.819578], [-153.397284, 60.819581], [-153.397276, 60.472948], [-153.528441, 60.472939], [-153.528392, 60.126281], [-153.65698, 60.126277], [-153.656977, 59.779607], [-153.78307, 59.779597], [-153.783068, 59.692926], [-153.953198, 59.692918], [-153.953181, 59.519569], [-154.123327, 59.519552], [-154.123321, 59.432887], [-154.412028, 59.432882], [-154.412013, 59.259524], [-154.748861, 59.259518], [-154.748834, 59.086159], [-154.695105, 59.086159], [-154.695036, 58.739431], [-154.642558, 58.739431], [-154.642545, 58.652747], [-154.312354, 58.652751], [-154.312355, 58.464929], [-154.367496, 58.464928], [-154.367435, 58.421583], [-154.45004, 58.421583], [-154.449931, 58.392686], [-154.482813, 58.392686], [-154.482772, 58.363789], [-154.591275, 58.363787], [-154.591283, 58.33489], [-154.754785, 58.334887], [-154.754791, 58.305989], [-154.892044, 58.305986], [-154.89199, 58.291538], [-155.028056, 58.291535], [-155.027969, 58.262638], [-155.081806, 58.262637], [-155.081808, 58.233739], [-155.245315, 58.233737], [-155.245317, 58.19039], [-155.354766, 58.190388], [-155.354494, 58.103695], [-155.29991, 58.103695], [-155.299824, 58.045899], [-155.352472, 58.045899], [-155.352115, 57.885934], [-155.459858, 57.885933], [-155.459828, 57.842584], [-155.541123, 57.842584], [-155.541038, 57.813684], [-155.703033, 57.813681], [-155.70287, 57.755887], [-155.756733, 57.755881], [-155.756741, 57.71253], [-155.778017, 57.71253], [-155.777955, 57.683633], [-155.911439, 57.683628], [-155.911372, 57.640278], [-155.857482, 57.640278], [-155.857482, 57.625829], [-155.831693, 57.625828], [-155.83164, 57.611408], [-155.884404, 57.611378], [-155.884393, 57.596928], [-155.911305, 57.596927], [-155.911283, 57.582477], [-155.938185, 57.582477], [-155.938152, 57.568027], [-155.965044, 57.568027], [-155.965175, 57.611377], [-156.017941, 57.611377], [-156.01794, 57.596926], [-156.071749, 57.597001], [-156.071722, 57.568025], [-156.098614, 57.568025], [-156.098582, 57.553575], [-156.125463, 57.553574], [-156.125376, 57.524674], [-156.20526, 57.524661], [-156.205277, 57.539122], [-156.365729, 57.539119], [-156.365714, 57.510221], [-156.392563, 57.510218], [-156.392541, 57.495768], [-156.44622, 57.495766], [-156.44609, 57.452415], [-156.499325, 57.452414], [-156.499321, 57.38016], [-156.55283, 57.380159], [-156.552809, 57.365708], [-156.540438, 57.365708], [-156.540396, 57.351258], [-156.619162, 57.351256], [-156.619127, 57.307903], [-156.672532, 57.307903], [-156.672403, 57.250099], [-156.751389, 57.250097], [-156.751385, 57.177841], [-156.330713, 57.177849], [-156.330713, 56.749278], [-157.129765, 56.268695], [-157.098709, 56.238308], [-158.0, 55.639444], [-159.561443, 55.638756], [-159.56136, 55.887197], [-159.867971, 55.887193], [-159.86797, 55.973918], [-159.806406, 55.973919], [-159.806389, 56.320805], [-159.900133, 56.320803], [-159.900149, 56.494239]]]}}, {"type": "Feature", "properties": {"name": "Matanuska-Susitna Borough School District", "students": 3179, "pop": 22007, "acsPriv": 3646, "seats": 0}, "geometry": {"type": "Polygon", "coordinates": [[[-153.001881, 62.725831], [-151.893784, 62.725864], [-151.894015, 62.798058], [-151.876539, 62.798059], [-151.227097, 62.949787], [-150.545813, 63.104104], [-150.003757, 63.223431], [-149.49234, 63.333218], [-148.025618, 63.333233], [-148.025627, 63.477609], [-146.494333, 63.477639], [-146.494296, 62.957864], [-146.450134, 62.957864], [-146.450126, 62.856991], [-146.436899, 62.856991], [-146.436884, 62.510453], [-146.42399, 62.510454], [-146.423984, 62.250511], [-146.979807, 62.250497], [-146.979811, 62.163852], [-146.960978, 62.163852], [-146.960952, 61.817272], [-146.942601, 61.817272], [-146.942559, 61.470675], [-147.206605, 61.470663], [-147.206597, 61.426265], [-149.180062, 61.42625], [-149.180041, 61.45514], [-149.240395, 61.455142], [-149.240449, 61.484025], [-149.35944, 61.484025], [-149.748369, 61.397371], [-149.897622, 61.267387], [-149.987495, 61.224064], [-150.424163, 61.166293], [-150.779067, 61.079639], [-150.974017, 61.166287], [-150.974014, 61.25294], [-151.332802, 61.252936], [-151.332784, 61.426239], [-153.001736, 61.426172], [-153.001881, 62.725831]]]}}, {"type": "Feature", "properties": {"name": "Iditarod Area School District", "students": 156, "pop": 174, "acsPriv": 15, "seats": 0}, "geometry": {"type": "Polygon", "coordinates": [[[-161.048176, 62.55241], [-160.996201, 62.552424], [-160.996215, 62.898936], [-160.943437, 62.898939], [-160.94344, 62.999269], [-160.857996, 62.999271], [-160.858004, 63.271838], [-160.667361, 63.271845], [-160.667367, 63.358459], [-160.690263, 63.358485], [-160.690294, 63.531689], [-160.497375, 63.531713], [-160.497381, 63.618343], [-160.111522, 63.618351], [-160.111498, 63.704972], [-159.932739, 63.704973], [-159.932731, 63.791589], [-159.737451, 63.791591], [-159.737466, 63.95483], [-159.17665, 63.956806], [-159.176048, 63.957697], [-159.178148, 63.958681], [-159.173356, 63.957176], [-159.170591, 63.958908], [-159.169248, 63.957607], [-159.175002, 63.955776], [-159.168176, 63.953303], [-159.163838, 63.954095], [-159.161345, 63.953024], [-159.164041, 63.952203], [-159.161842, 63.951551], [-159.157961, 63.95321], [-159.155204, 63.952457], [-159.154179, 63.954637], [-159.149913, 63.953335], [-159.147047, 63.955499], [-159.141004, 63.955162], [-159.144628, 63.956845], [-158.393804, 63.950574], [-158.100022, 63.945582], [-158.096214, 63.947791], [-157.149177, 63.960755], [-156.300111, 63.970783], [-156.23942, 63.972716], [-155.991953, 63.972526], [-155.925085, 63.97537], [-155.44429, 63.981343], [-152.309155, 63.996081], [-152.047388, 64.000221], [-152.047444, 63.997242], [-152.055758, 63.997242], [-152.055132, 63.824006], [-152.229256, 63.824001], [-152.228439, 63.65076], [-152.87341, 63.650745], [-152.873392, 63.4775], [-152.810945, 63.477501], [-152.810931, 63.347563], [-152.619517, 63.347568], [-152.619512, 63.304254], [-152.428098, 63.304259], [-152.428084, 63.183171], [-152.999609, 62.725831], [-153.001881, 62.725831], [-153.001736, 61.426172], [-153.485575, 61.426153], [-153.485584, 61.166193], [-153.440877, 61.166196], [-153.440884, 60.906236], [-156.00505, 60.906193], [-156.000511, 60.926243], [-156.000418, 60.961292], [-155.999074, 60.962188], [-156.000385, 60.963291], [-156.000304, 60.986873], [-155.984289, 61.101054], [-155.984969, 61.170058], [-155.982244, 61.273539], [-155.986903, 61.487108], [-155.970491, 61.702033], [-155.966704, 61.773353], [-155.96238, 61.948293], [-155.965852, 61.994881], [-155.965842, 62.032652], [-157.063852, 62.032634], [-157.063864, 62.119271], [-158.531361, 62.119264], [-158.531351, 62.03262], [-159.265035, 62.032598], [-159.265037, 61.945957], [-160.915953, 61.945943], [-160.915964, 62.205866], [-161.048165, 62.205869], [-161.048176, 62.55241]]]}}, {"type": "Feature", "properties": {"name": "Nenana City School District", "students": 1977, "pop": 76, "acsPriv": 10, "seats": 0}, "geometry": {"type": "Polygon", "coordinates": [[[-149.134957, 64.527687], [-149.117192, 64.532892], [-149.116431, 64.53468], [-149.121746, 64.537279], [-149.119531, 64.539239], [-149.099908, 64.539162], [-149.100372, 64.543887], [-149.103211, 64.546418], [-149.118395, 64.54987], [-149.117639, 64.551976], [-149.113324, 64.553292], [-149.114129, 64.556547], [-149.108772, 64.55867], [-149.10975, 64.560453], [-149.105517, 64.564386], [-149.073901, 64.566368], [-149.070089, 64.565028], [-149.064073, 64.556963], [-149.058679, 64.553681], [-149.050107, 64.55209], [-149.049542, 64.517026], [-149.124083, 64.516911], [-149.128986, 64.519441], [-149.12878, 64.5236], [-149.127305, 64.524467], [-149.134957, 64.527687]]]}}, {"type": "Feature", "properties": {"name": "Nome School District", "students": 25, "pop": 770, "acsPriv": 41, "seats": 0}, "geometry": {"type": "Polygon", "coordinates": [[[-165.501638, 64.50671], [-165.501392, 64.520539], [-165.434379, 64.520542], [-165.434485, 64.56024], [-165.400928, 64.560241], [-165.400923, 64.556632], [-165.373736, 64.556352], [-165.373814, 64.547356], [-165.371894, 64.546086], [-165.368313, 64.546948], [-165.366908, 64.548917], [-165.359258, 64.549123], [-165.359205, 64.51692], [-165.344167, 64.516944], [-165.344167, 64.494891], [-165.322143, 64.495397], [-165.331933, 64.487414], [-165.346797, 64.464649], [-165.51385, 64.484792], [-165.501638, 64.50671]]]}}, {"type": "Feature", "properties": {"name": "Fairbanks North Star Borough School District", "students": 940, "pop": 15978, "acsPriv": 3604, "seats": 1214}, "geometry": {"type": "Polygon", "coordinates": [[[-148.663265, 64.59079], [-148.648208, 64.597334], [-148.648241, 64.863447], [-148.661161, 64.863447], [-148.661199, 65.209875], [-147.557771, 65.209895], [-147.516756, 65.224266], [-147.501951, 65.232789], [-147.492378, 65.235516], [-147.470152, 65.240624], [-147.45536, 65.240535], [-147.423655, 65.247963], [-147.400535, 65.250583], [-147.370637, 65.261035], [-147.35022, 65.263146], [-147.338754, 65.271041], [-147.329809, 65.2734], [-147.291525, 65.276154], [-147.279115, 65.279762], [-147.265049, 65.277311], [-147.231471, 65.278432], [-147.215588, 65.276576], [-147.197852, 65.28087], [-147.187181, 65.281439], [-147.153069, 65.288079], [-147.136814, 65.284793], [-147.132145, 65.281641], [-147.126619, 65.274347], [-147.119625, 65.272475], [-147.087059, 65.282031], [-147.05432, 65.282476], [-147.043121, 65.28086], [-147.038666, 65.285761], [-147.031799, 65.288197], [-147.031282, 65.289947], [-147.012996, 65.283596], [-147.008504, 65.278405], [-146.998776, 65.278627], [-146.979606, 65.282083], [-146.961535, 65.277232], [-146.951713, 65.272358], [-146.947585, 65.272817], [-146.943523, 65.270523], [-146.929895, 65.268754], [-146.905237, 65.272901], [-146.90349, 65.274389], [-146.903142, 65.283375], [-146.896404, 65.284778], [-146.883834, 65.285462], [-146.869247, 65.288529], [-146.839041, 65.288159], [-146.830837, 65.290486], [-146.820673, 65.296513], [-146.809993, 65.294569], [-146.793029, 65.294518], [-146.791975, 65.297911], [-146.783606, 65.306249], [-146.761646, 65.304176], [-146.745129, 65.310032], [-146.739643, 65.310107], [-146.724678, 65.303713], [-146.718676, 65.308639], [-146.72023, 65.312126], [-146.724798, 65.31385], [-146.718475, 65.318609], [-146.706471, 65.317763], [-146.689371, 65.320188], [-146.676988, 65.327395], [-146.664189, 65.330468], [-146.63381, 65.333488], [-146.617463, 65.342328], [-146.603208, 65.342884], [-146.583652, 65.339326], [-146.574477, 65.341868], [-146.548654, 65.345003], [-146.528644, 65.358823], [-146.524843, 65.363691], [-146.523631, 65.368858], [-146.508101, 65.37302], [-146.490256, 65.382825], [-146.487809, 65.385827], [-146.488113, 65.389449], [-146.503948, 65.392891], [-146.508026, 65.39626], [-146.509132, 65.407609], [-146.507848, 65.412925], [-146.524691, 65.413457], [-146.526829, 65.41512], [-146.528414, 65.422676], [-146.508383, 65.433109], [-146.503513, 65.431009], [-146.496856, 65.431009], [-146.490375, 65.426266], [-146.476467, 65.428704], [-146.464966, 65.434454], [-146.453597, 65.433491], [-146.443491, 65.434732], [-146.431258, 65.431009], [-146.430371, 65.427818], [-146.4233, 65.42057], [-146.419818, 65.418951], [-146.39704, 65.418421], [-146.391294, 65.419292], [-146.385804, 65.422987], [-146.378605, 65.425169], [-146.371333, 65.424272], [-146.364269, 65.431232], [-146.343852, 65.431187], [-146.309733, 65.427711], [-146.302164, 65.434448], [-146.286354, 65.440129], [-146.262631, 65.442354], [-146.242985, 65.440154], [-146.223606, 65.444225], [-146.212583, 65.449262], [-146.211918, 65.451099], [-146.198886, 65.453523], [-146.17244, 65.44921], [-146.169396, 65.446256], [-146.168816, 65.43963], [-146.164033, 65.435044], [-146.168161, 65.42895], [-146.167244, 65.426526], [-146.143156, 65.422145], [-146.119222, 65.415407], [-146.115536, 65.408683], [-146.119349, 65.403987], [-146.061101, 65.404381], [-146.053269, 65.401756], [-146.035287, 65.407788], [-146.011832, 65.407075], [-145.998472, 65.409753], [-145.98704, 65.408443], [-145.982884, 65.402288], [-145.975266, 65.399183], [-145.97331, 65.394132], [-145.978274, 65.388282], [-146.006109, 65.373034], [-146.004691, 65.368697], [-146.006995, 65.366475], [-146.006392, 65.363234], [-146.007899, 65.359434], [-146.017211, 65.356534], [-146.022243, 65.356546], [-146.033387, 65.359893], [-146.051851, 65.356723], [-146.066474, 65.348165], [-146.097166, 65.33465], [-146.11174, 65.325088], [-146.138999, 65.315193], [-146.134518, 65.306325], [-146.10866, 65.302778], [-146.11062, 65.29895], [-146.102685, 65.291109], [-146.10754, 65.284574], [-146.129103, 65.27804], [-146.124263, 65.277403], [-146.105579, 65.268705], [-146.088131, 65.264594], [-146.078134, 65.264131], [-146.074027, 65.26161], [-146.08018, 65.253948], [-146.081028, 65.249942], [-146.079908, 65.247981], [-146.066092, 65.244807], [-146.062172, 65.241353], [-146.042568, 65.2393], [-146.032795, 65.236088], [-146.018764, 65.228191], [-145.995893, 65.228751], [-145.989423, 65.226887], [-145.981424, 65.223057], [-145.970595, 65.214375], [-145.959576, 65.211181], [-145.949873, 65.205483], [-145.911785, 65.205414], [-145.902076, 65.206983], [-145.889568, 65.205787], [-145.886954, 65.210268], [-145.878301, 65.215356], [-145.861189, 65.213629], [-145.834585, 65.204574], [-145.828271, 65.198895], [-145.817222, 65.194212], [-145.803909, 65.196462], [-145.781562, 65.189078], [-145.771849, 65.19092], [-145.758505, 65.189171], [-145.751223, 65.18553], [-145.73106, 65.182636], [-145.699507, 65.185997], [-145.689426, 65.189078], [-145.67729, 65.184877], [-145.675703, 65.18217], [-145.679344, 65.175448], [-145.676648, 65.172321], [-145.666347, 65.166481], [-145.668486, 65.163777], [-145.676357, 65.160979], [-145.675703, 65.159859], [-145.644552, 65.153575], [-145.63883, 65.153045], [-145.634443, 65.155098], [-145.635749, 65.149591], [-145.634163, 65.146417], [-145.628001, 65.142589], [-145.627951, 65.14014], [-145.633882, 65.136802], [-145.659554, 65.133441], [-145.670756, 65.129147], [-145.675124, 65.124545], [-145.672156, 65.121586], [-145.672903, 65.118225], [-145.67561, 65.115891], [-145.724619, 65.102169], [-145.741328, 65.102262], [-145.750202, 65.099591], [-145.757425, 65.094791], [-145.758927, 65.088702], [-145.769208, 65.085381], [-145.778697, 65.080003], [-145.776483, 65.074389], [-145.770631, 65.070356], [-145.710278, 65.077473], [-145.694212, 65.076622], [-145.688679, 65.073137], [-145.676077, 65.071923], [-145.67477, 65.068843], [-145.677103, 65.065856], [-145.686065, 65.063709], [-145.685692, 65.061282], [-145.65918, 65.051387], [-145.661622, 65.047369], [-145.658247, 65.043172], [-145.65862, 65.041025], [-145.655073, 65.036077], [-145.650312, 65.034303], [-145.644524, 65.03449], [-145.628001, 65.040278], [-145.615213, 65.037571], [-145.601033, 65.043431], [-145.585714, 65.047466], [-145.574512, 65.046066], [-145.556029, 65.047186], [-145.543275, 65.046255], [-145.523263, 65.048026], [-145.521396, 65.05064], [-145.522191, 65.054641], [-145.519436, 65.062682], [-145.520763, 65.06581], [-145.513157, 65.065397], [-145.491711, 65.07071], [-145.48835, 65.064175], [-145.484803, 65.063429], [-145.465106, 65.066416], [-145.454631, 65.06484], [-145.440742, 65.066696], [-145.437584, 65.069131], [-145.441208, 65.072857], [-145.431082, 65.076249], [-145.424312, 65.085179], [-145.405642, 65.083219], [-145.39556, 65.085833], [-145.380718, 65.079765], [-145.367555, 65.076778], [-145.367937, 65.074062], [-145.372503, 65.069496], [-145.368956, 65.067069], [-145.361581, 65.066229], [-145.349715, 65.069949], [-145.341884, 65.067816], [-145.324614, 65.066696], [-145.318178, 65.070053], [-145.302677, 65.07183], [-145.291195, 65.067536], [-145.285031, 65.070569], [-145.274766, 65.067536], [-145.243445, 65.071457], [-145.232608, 65.071626], [-145.225944, 65.069216], [-145.207834, 65.075191], [-145.201019, 65.081165], [-145.180576, 65.088166], [-145.177028, 65.09106], [-145.161626, 65.097035], [-145.143609, 65.100955], [-145.142302, 65.098061], [-145.137261, 65.095914], [-145.122325, 65.096661], [-145.117751, 65.098435], [-145.100575, 65.096568], [-145.086292, 65.098341], [-145.082652, 65.105156], [-145.071543, 65.106556], [-145.058661, 65.112997], [-145.042194, 65.116998], [-145.032065, 65.117063], [-145.02482, 65.118977], [-145.022161, 65.120185], [-145.022254, 65.124013], [-145.010874, 65.124527], [-144.996956, 65.131854], [-144.989208, 65.132508], [-144.983514, 65.136988], [-144.97245, 65.136061], [-144.94132, 65.126346], [-144.915835, 65.125786], [-144.898709, 65.138291], [-144.877548, 65.136264], [-144.870437, 65.131604], [-144.849359, 65.123879], [-144.850348, 65.118754], [-144.825897, 65.120704], [-144.792141, 65.112609], [-144.7616, 65.103558], [-144.752801, 65.099451], [-144.71041, 65.093882], [-144.707962, 65.105603], [-144.7028, 65.107285], [-144.684887, 65.106143], [-144.666577, 65.098075], [-144.644366, 65.096503], [-144.611737, 65.087658], [-144.603285, 65.084906], [-144.595291, 65.078157], [-144.579175, 65.079579], [-144.564759, 65.077436], [-144.540051, 65.068059], [-144.524305, 65.076271], [-144.497667, 65.081695], [-144.484563, 65.07973], [-144.467069, 65.072195], [-144.46002, 65.060711], [-144.45673, 65.059154], [-144.443678, 65.058436], [-144.432245, 65.068604], [-144.420493, 65.073168], [-144.41295, 65.072719], [-144.411241, 65.075396], [-144.404629, 65.075999], [-144.392685, 65.080293], [-144.367078, 65.082554], [-144.365187, 65.086409], [-144.35752, 65.085364], [-144.338978, 65.086806], [-144.336095, 65.089492], [-144.33675, 65.093161], [-144.329936, 65.095717], [-144.329008, 65.099724], [-144.331836, 65.104824], [-144.331377, 65.107707], [-144.323449, 65.111572], [-144.318732, 65.111834], [-144.314811, 65.109482], [-144.299342, 65.110836], [-144.282631, 65.116486], [-144.279027, 65.113603], [-144.268896, 65.111778], [-144.244695, 65.118714], [-144.231591, 65.113734], [-144.216652, 65.111376], [-144.205579, 65.117207], [-144.20043, 65.116109], [-144.19112, 65.118581], [-144.172361, 65.114062], [-144.157357, 65.11435], [-144.150854, 65.111828], [-144.149117, 65.108547], [-144.146611, 65.107969], [-144.137203, 65.109523], [-144.128462, 65.119697], [-144.120213, 65.119471], [-144.097602, 65.112752], [-144.091182, 65.112359], [-144.085355, 65.114079], [-144.072489, 65.114602], [-144.067201, 65.119369], [-144.056718, 65.118911], [-144.045514, 65.115569], [-144.012207, 65.110706], [-144.003975, 65.111114], [-143.994278, 65.118321], [-143.982419, 65.120128], [-143.973639, 65.119304], [-143.965973, 65.114586], [-143.950941, 65.110194], [-143.93284, 65.108863], [-143.927972, 65.103775], [-143.928823, 65.102203], [-143.914234, 65.102715], [-143.911084, 65.101883], [-143.899667, 65.093161], [-143.88408, 65.091068], [-143.895736, 65.087854], [-143.897494, 65.086573], [-143.898422, 65.081695], [-143.903922, 65.078225], [-143.903729, 65.074488], [-143.922075, 65.065839], [-143.920175, 65.060991], [-143.921094, 65.05878], [-143.951166, 65.053653], [-143.956845, 65.048905], [-143.961059, 65.047887], [-143.989626, 65.049132], [-143.997816, 65.044611], [-144.013953, 65.041861], [-144.025138, 65.042514], [-144.047087, 65.031966], [-144.047297, 65.025845], [-144.055146, 65.015455], [-144.060846, 65.015062], [-144.073753, 65.019779], [-144.085547, 65.021614], [-144.100099, 65.019541], [-144.089669, 65.008607], [-144.095375, 65.004906], [-144.096816, 65.001696], [-144.094458, 65.000451], [-144.090345, 65.000188], [-144.081156, 64.99581], [-144.057592, 64.990965], [-144.04938, 64.984136], [-144.020289, 64.979419], [-144.01174, 64.980687], [-143.995785, 64.969722], [-143.986949, 64.967243], [-143.99531, 64.961944], [-143.996147, 64.958549], [-144.000502, 64.955242], [-143.997292, 64.950393], [-143.998255, 64.948916], [-144.003582, 64.945938], [-144.011833, 64.937905], [-144.030103, 64.936626], [-144.04739, 64.931228], [-144.05508, 64.925037], [-144.069931, 64.922341], [-144.071161, 64.920035], [-144.087381, 64.915865], [-144.084369, 64.912917], [-144.054767, 64.903382], [-144.051935, 64.900795], [-144.051804, 64.898895], [-144.056708, 64.892184], [-144.06124, 64.88972], [-144.068406, 64.882361], [-144.078012, 64.876684], [-144.077947, 64.874849], [-144.072443, 64.872097], [-144.066631, 64.862187], [-144.091968, 64.856045], [-144.092492, 64.854276], [-144.099765, 64.850017], [-144.104744, 64.849231], [-144.094458, 64.844317], [-144.088692, 64.843531], [-144.088364, 64.840517], [-144.080895, 64.833178], [-144.085416, 64.828264], [-144.084433, 64.826299], [-144.076711, 64.820998], [-144.087906, 64.816471], [-144.092781, 64.811503], [-144.101351, 64.811556], [-144.106251, 64.809722], [-144.109265, 64.804153], [-144.115143, 64.801439], [-144.127807, 64.799108], [-144.123679, 64.793277], [-144.118634, 64.791049], [-144.091157, 64.789405], [-144.084564, 64.784497], [-144.073884, 64.780107], [-144.05377, 64.779125], [-144.049642, 64.776766], [-144.035293, 64.777225], [-144.029069, 64.772311], [-144.029789, 64.767593], [-144.05508, 64.760816], [-144.072377, 64.751017], [-144.084581, 64.751892], [-144.100813, 64.747872], [-144.103303, 64.745513], [-144.095375, 64.741713], [-144.097302, 64.739529], [-144.105006, 64.736602], [-144.105858, 64.732474], [-144.10403, 64.730532], [-144.116407, 64.725136], [-144.118896, 64.720353], [-144.115817, 64.716553], [-144.115686, 64.713539], [-144.109265, 64.710787], [-144.073663, 64.709857], [-144.069626, 64.707184], [-144.060255, 64.70456], [-144.058496, 64.701108], [-144.06078, 64.696176], [-144.070019, 64.692704], [-144.070805, 64.689952], [-144.074802, 64.688838], [-144.071001, 64.686676], [-144.068839, 64.681762], [-144.059339, 64.6758], [-144.05584, 64.667747], [-144.069757, 64.659813], [-144.072511, 64.654082], [-144.089937, 64.652213], [-144.104744, 64.656602], [-144.119215, 64.650193], [-144.129576, 64.649461], [-144.137269, 64.654051], [-144.15062, 64.656139], [-144.163171, 64.65333], [-144.168355, 64.649402], [-144.177394, 64.647431], [-144.182689, 64.642519], [-144.190117, 64.641074], [-144.202565, 64.643957], [-144.209038, 64.648367], [-144.22217, 64.649708], [-144.232909, 64.649303], [-144.244303, 64.645988], [-144.265079, 64.647014], [-144.274239, 64.64409], [-144.295859, 64.642771], [-144.31277, 64.64363], [-144.31598, 64.645136], [-144.314516, 64.634209], [-144.324027, 64.63151], [-144.327429, 64.627766], [-144.315214, 64.622344], [-144.319405, 64.617763], [-144.340951, 64.615032], [-144.350817, 64.612056], [-144.358008, 64.607565], [-144.414459, 64.593917], [-144.419715, 64.595004], [-144.449379, 64.591672], [-144.451934, 64.5901], [-144.452261, 64.587938], [-144.460096, 64.58326], [-144.4729, 64.583155], [-144.483187, 64.584989], [-144.497584, 64.590649], [-144.502925, 64.589782], [-144.511701, 64.592423], [-144.546741, 64.590624], [-144.549306, 64.592149], [-144.552526, 64.600645], [-144.562127, 64.599109], [-144.587425, 64.599025], [-144.601319, 64.595407], [-144.622279, 64.59845], [-144.634775, 64.594193], [-144.641675, 64.587942], [-144.654339, 64.58847], [-144.672081, 64.582893], [-144.689705, 64.588658], [-144.702155, 64.589255], [-144.731048, 64.586889], [-144.733919, 64.589564], [-144.748084, 64.592786], [-144.772756, 64.586586], [-144.778812, 64.581975], [-144.788378, 64.580272], [-144.793139, 64.570484], [-144.798044, 64.568296], [-144.825659, 64.566382], [-144.853834, 64.566798], [-144.858353, 64.568413], [-144.876502, 64.568806], [-144.894753, 64.571804], [-144.901269, 64.570903], [-144.929838, 64.578284], [-144.943594, 64.577606], [-144.949426, 64.574572], [-144.982557, 64.569993], [-144.985331, 64.568609], [-144.990911, 64.559256], [-145.002366, 64.555309], [-145.003791, 64.550032], [-145.016453, 64.542008], [-145.034107, 64.542983], [-145.039254, 64.541943], [-145.041416, 64.536374], [-145.038599, 64.529101], [-145.044561, 64.529625], [-145.062606, 64.522787], [-145.073279, 64.514614], [-145.08093, 64.511267], [-145.082787, 64.507349], [-145.105687, 64.506352], [-145.118301, 64.503817], [-145.146215, 64.504574], [-145.151555, 64.500993], [-145.158369, 64.499224], [-145.184315, 64.506038], [-145.195453, 64.504465], [-145.20746, 64.508435], [-145.233193, 64.497324], [-145.270016, 64.490923], [-145.290064, 64.491689], [-145.30094, 64.494113], [-145.302542, 64.496911], [-145.306575, 64.494216], [-145.317202, 64.491226], [-145.353684, 64.488806], [-145.36646, 64.48422], [-145.373929, 64.483836], [-145.378188, 64.485727], [-145.377336, 64.481927], [-145.373203, 64.479619], [-145.371964, 64.476161], [-145.373602, 64.472623], [-145.372357, 64.468298], [-145.365497, 64.465033], [-145.37118, 64.46073], [-145.371513, 64.456401], [-145.374083, 64.455243], [-145.382422, 64.455832], [-145.403921, 64.449535], [-145.418116, 64.450931], [-145.434667, 64.444403], [-145.450465, 64.448505], [-145.467033, 64.435014], [-145.479783, 64.435049], [-145.484072, 64.431592], [-145.491144, 64.429118], [-145.498089, 64.423155], [-145.528935, 64.418069], [-145.535609, 64.417506], [-145.558086, 64.424132], [-145.565189, 64.422364], [-145.584935, 64.425181], [-145.603118, 64.42309], [-145.618122, 64.4263], [-145.624346, 64.431018], [-145.620218, 64.434752], [-145.635007, 64.439879], [-145.649631, 64.441045], [-145.658744, 64.440125], [-145.674897, 64.445644], [-145.682921, 64.444646], [-145.690849, 64.449101], [-145.70148, 64.451206], [-145.703558, 64.453881], [-145.702781, 64.456647], [-145.71208, 64.454846], [-145.715419, 64.452312], [-145.726623, 64.45775], [-145.740002, 64.460132], [-145.742413, 64.464236], [-145.749882, 64.450149], [-145.758596, 64.448773], [-145.761086, 64.446284], [-145.761348, 64.443073], [-145.765252, 64.440465], [-145.782362, 64.435896], [-145.799415, 64.434097], [-145.804135, 64.430929], [-145.834992, 64.431018], [-145.837941, 64.432459], [-145.842223, 64.430388], [-145.855107, 64.428987], [-145.867407, 64.431195], [-145.884198, 64.427807], [-145.890881, 64.429383], [-145.896778, 64.428593], [-145.902761, 64.425835], [-145.914177, 64.423935], [-145.925934, 64.424531], [-145.929538, 64.418896], [-145.923248, 64.41241], [-145.937623, 64.412046], [-145.945868, 64.409711], [-145.950111, 64.406448], [-145.950977, 64.403104], [-145.96957, 64.401403], [-145.970422, 64.397799], [-145.977674, 64.391775], [-145.990217, 64.389799], [-145.995319, 64.385874], [-145.998719, 64.385809], [-146.003772, 64.381091], [-146.020152, 64.381812], [-146.028014, 64.379126], [-146.035229, 64.380488], [-146.041904, 64.37716], [-146.059146, 64.380087], [-146.07355, 64.387054], [-146.081609, 64.386005], [-146.089881, 64.388094], [-146.121707, 64.38725], [-146.138118, 64.381285], [-146.157592, 64.38273], [-146.163704, 64.380249], [-146.175565, 64.371919], [-146.192993, 64.374408], [-146.201183, 64.367988], [-146.206621, 64.36635], [-146.218677, 64.368184], [-146.22072, 64.36494], [-146.230686, 64.363734], [-146.239184, 64.35947], [-146.242919, 64.355473], [-146.220917, 64.342524], [-146.228653, 64.337342], [-146.229684, 64.334572], [-146.22975, 64.327234], [-146.233557, 64.321022], [-146.230781, 64.313849], [-146.232329, 64.310792], [-146.259472, 64.308164], [-146.266011, 64.303629], [-146.285428, 64.304104], [-146.301932, 64.301123], [-146.303899, 64.298346], [-146.311188, 64.294875], [-146.322757, 64.292099], [-146.323738, 64.288403], [-146.335145, 64.289183], [-146.335621, 64.283442], [-146.344673, 64.276364], [-146.356323, 64.275993], [-146.375306, 64.27862], [-146.432525, 64.281546], [-146.486446, 64.281768], [-146.548915, 64.272712], [-146.595395, 64.262358], [-146.615767, 64.2599], [-146.651377, 64.258622], [-146.655165, 64.257212], [-147.773779, 64.258163], [-147.791433, 64.261762], [-147.807841, 64.270318], [-147.820465, 64.281204], [-147.868424, 64.287627], [-147.883485, 64.292818], [-147.89231, 64.297256], [-147.894299, 64.306324], [-147.909763, 64.310363], [-147.925255, 64.312313], [-147.93108, 64.322026], [-147.958842, 64.324528], [-147.972783, 64.328488], [-147.991164, 64.336239], [-147.99357, 64.341037], [-148.00322, 64.346628], [-148.025417, 64.343892], [-148.035004, 64.345667], [-148.0431, 64.342764], [-148.065183, 64.348905], [-148.06978, 64.355165], [-148.079611, 64.354456], [-148.084001, 64.358821], [-148.095768, 64.358981], [-148.108554, 64.36221], [-148.107868, 64.372034], [-148.104557, 64.377612], [-148.121372, 64.37936], [-148.116146, 64.383545], [-148.1222, 64.386347], [-148.130363, 64.386962], [-148.133031, 64.390329], [-148.143463, 64.390705], [-148.145959, 64.396927], [-148.152806, 64.399337], [-148.16948, 64.398526], [-148.176111, 64.400924], [-148.17386, 64.406626], [-148.175752, 64.4101], [-148.190973, 64.411812], [-148.186424, 64.416331], [-148.188964, 64.419782], [-148.197612, 64.421791], [-148.198475, 64.426127], [-148.207459, 64.425626], [-148.215488, 64.432326], [-148.223706, 64.435332], [-148.218718, 64.443436], [-148.21095, 64.448838], [-148.219131, 64.45152], [-148.215352, 64.455784], [-148.228051, 64.455741], [-148.223001, 64.460291], [-148.237535, 64.463686], [-148.231693, 64.46929], [-148.24162, 64.474932], [-148.239672, 64.478732], [-148.248948, 64.481923], [-148.240863, 64.484855], [-148.265788, 64.488367], [-148.270857, 64.491769], [-148.298082, 64.487396], [-148.299657, 64.492056], [-148.304398, 64.497121], [-148.319995, 64.499469], [-148.317989, 64.504926], [-148.326247, 64.505596], [-148.326961, 64.512186], [-148.334215, 64.514005], [-148.339136, 64.517057], [-148.350763, 64.516259], [-148.350771, 64.522018], [-148.362229, 64.52252], [-148.370873, 64.525928], [-148.379049, 64.522361], [-148.385422, 64.527632], [-148.403117, 64.531297], [-148.393343, 64.534602], [-148.404238, 64.537711], [-148.413125, 64.543767], [-148.41731, 64.548034], [-148.420738, 64.556284], [-148.420106, 64.561438], [-148.444636, 64.566311], [-148.434676, 64.571793], [-148.424918, 64.574854], [-148.444743, 64.581324], [-148.457524, 64.589764], [-148.465775, 64.589652], [-148.481737, 64.596483], [-148.516984, 64.603575], [-148.521204, 64.607143], [-148.531461, 64.607895], [-148.54138, 64.6114], [-148.550742, 64.617208], [-148.560168, 64.616768], [-148.577778, 64.610324], [-148.59596, 64.616268], [-148.606834, 64.613108], [-148.621141, 64.607226], [-148.634696, 64.597967], [-148.62826, 64.592704], [-148.635631, 64.587539], [-148.648207, 64.585371], [-148.655679, 64.588216], [-148.659608, 64.588081], [-148.663265, 64.59079]]]}}, {"type": "Feature", "properties": {"name": "Northwest Arctic Borough School District", "students": 21, "pop": 2037, "acsPriv": 29, "seats": 0}, "geometry": {"type": "Polygon", "coordinates": [[[-165.596046, 68.034727], [-164.499437, 68.034748], [-164.499463, 68.20789], [-162.72219, 68.207926], [-162.722202, 68.294496], [-162.023273, 68.294511], [-162.023261, 68.20794], [-161.557328, 68.207949], [-161.55732, 68.294521], [-161.456415, 68.294526], [-161.091364, 68.294532], [-161.091351, 68.207961], [-160.177497, 68.207981], [-160.15944, 68.207982], [-160.159452, 68.294553], [-159.953572, 68.294562], [-159.693487, 68.294564], [-159.693477, 68.207992], [-157.154924, 68.208054], [-157.15491, 68.121483], [-156.236831, 68.121498], [-156.236817, 68.034926], [-155.318748, 68.034942], [-155.318723, 67.861793], [-155.369012, 67.861792], [-155.368999, 67.775216], [-155.142837, 67.775221], [-155.142825, 67.688643], [-154.916661, 67.688648], [-154.916649, 67.60207], [-154.690489, 67.602075], [-154.690477, 67.515496], [-154.748939, 67.515495], [-154.748904, 67.255753], [-154.30311, 67.255759], [-154.303097, 67.169177], [-154.146314, 67.169178], [-154.146221, 66.822843], [-154.210317, 66.822842], [-154.210302, 66.736255], [-154.860446, 66.736242], [-154.860431, 66.563064], [-155.510585, 66.563051], [-155.510581, 66.476459], [-155.555001, 66.476458], [-155.554993, 66.303274], [-155.982499, 66.303268], [-155.982504, 66.38986], [-156.196257, 66.389857], [-156.196224, 66.476582], [-156.62377, 66.476442], [-156.623757, 66.303259], [-157.051266, 66.303254], [-157.051284, 66.476438], [-157.90631, 66.476424], [-157.906295, 66.130049], [-158.972185, 66.130027], [-158.972175, 65.956849], [-159.604813, 65.95683], [-159.604795, 65.783636], [-159.593635, 65.783636], [-159.593506, 65.523835], [-159.8017, 65.523826], [-159.801692, 65.437231], [-163.755391, 65.437165], [-163.755407, 65.610367], [-163.963498, 65.610363], [-163.963516, 65.783561], [-164.244152, 65.783558], [-164.244191, 66.129946], [-164.318913, 66.129944], [-164.318936, 66.476319], [-164.395887, 66.476324], [-164.395944, 66.581904], [-164.461449, 66.626509], [-164.424297, 66.630217], [-164.220991, 66.6385], [-164.061795, 66.641872], [-163.900789, 66.642667], [-163.805093, 66.641286], [-163.756111, 66.638968], [-163.667453, 66.630694], [-163.626215, 66.624174], [-163.403542, 66.710324], [-163.203244, 66.782197], [-162.978418, 66.870952], [-162.893091, 66.899743], [-162.832032, 66.926813], [-162.847943, 66.931607], [-162.876849, 66.947828], [-163.049471, 66.986611], [-163.129898, 66.994838], [-163.149899, 67.0], [-163.340526, 67.025915], [-163.404354, 67.029755], [-163.487709, 67.038665], [-163.617682, 67.048732], [-163.781524, 67.06976], [-163.911385, 67.104695], [-163.99123, 67.147883], [-164.002718, 67.172554], [-163.962463, 67.196696], [-163.924408, 67.207512], [-163.895738, 67.213723], [-163.882534, 67.214976], [-163.905647, 67.253437], [-164.00451, 67.397808], [-164.038741, 67.427378], [-164.116656, 67.499967], [-164.175429, 67.547599], [-164.230313, 67.575054], [-164.28127, 67.591666], [-164.549011, 67.661994], [-164.655222, 67.692448], [-164.664921, 67.698216], [-165.499453, 68.018782], [-165.516403, 68.023621], [-165.54535, 68.028931], [-165.596046, 68.034727]]]}}, {"type": "Feature", "properties": {"name": "Pribilof School District", "students": 4, "pop": 42, "acsPriv": 0, "seats": 0}, "geometry": {"type": "MultiPolygon", "coordinates": [[[[-169.880238, 56.602029], [-169.877592, 56.630537], [-169.871462, 56.643049], [-169.862553, 56.651998], [-169.852881, 56.658881], [-169.829384, 56.669816], [-169.802528, 56.673969], [-169.768256, 56.675681], [-169.74735, 56.675043], [-169.688508, 56.667032], [-169.621913, 56.661341], [-169.589104, 56.662259], [-169.538687, 56.668437], [-169.509265, 56.667471], [-169.481642, 56.660446], [-169.474163, 56.656098], [-169.462413, 56.65658], [-169.438667, 56.653698], [-169.422246, 56.648809], [-169.401641, 56.636553], [-169.382254, 56.61475], [-169.377545, 56.587729], [-169.383952, 56.578162], [-169.420474, 56.549259], [-169.479413, 56.526851], [-169.526637, 56.492976], [-169.554773, 56.486253], [-169.581263, 56.483228], [-169.676092, 56.496226], [-169.727524, 56.514639], [-169.763735, 56.540724], [-169.782344, 56.542556], [-169.804777, 56.547369], [-169.830387, 56.560327], [-169.838172, 56.57119], [-169.86824, 56.587031], [-169.880238, 56.602029]]], [[[-170.0505, 57.186876], [-170.049117, 57.195684], [-170.042222, 57.205047], [-170.025196, 57.216836], [-170.007985, 57.225299], [-169.960408, 57.237419], [-169.939992, 57.23894], [-169.909747, 57.236295], [-169.883683, 57.228401], [-169.87123, 57.221536], [-169.849311, 57.190013], [-169.847694, 57.184897], [-169.849034, 57.176165], [-169.869477, 57.158005], [-169.886869, 57.145438], [-169.930262, 57.13212], [-169.95559, 57.128227], [-169.968982, 57.127984], [-169.989069, 57.130412], [-170.003719, 57.135041], [-170.022459, 57.144325], [-170.044012, 57.165052], [-170.0505, 57.186876]]], [[[-170.522709, 57.193374], [-170.509924, 57.208307], [-170.49009, 57.225537], [-170.470409, 57.237091], [-170.46023, 57.238742], [-170.449598, 57.249332], [-170.438185, 57.254879], [-170.423048, 57.257506], [-170.395333, 57.25795], [-170.387221, 57.262515], [-170.364059, 57.268735], [-170.334457, 57.272368], [-170.290815, 57.270594], [-170.261697, 57.264134], [-170.232981, 57.273811], [-170.222929, 57.275164], [-170.221843, 57.278656], [-170.206922, 57.290696], [-170.191024, 57.297351], [-170.15889, 57.304372], [-170.109481, 57.305269], [-170.087293, 57.302913], [-170.065379, 57.297926], [-170.039925, 57.283879], [-170.016511, 57.266581], [-170.012357, 57.254092], [-170.018487, 57.236727], [-170.029775, 57.220856], [-170.046618, 57.208036], [-170.063858, 57.19762], [-170.080803, 57.192273], [-170.077249, 57.179354], [-170.078314, 57.169458], [-170.111782, 57.136709], [-170.137076, 57.122126], [-170.14768, 57.121464], [-170.153554, 57.117249], [-170.165271, 57.11344], [-170.223246, 57.076596], [-170.258919, 57.062125], [-170.295725, 57.056169], [-170.305369, 57.056741], [-170.300942, 57.048683], [-170.300971, 57.041755], [-170.306096, 57.029515], [-170.324223, 57.017969], [-170.354132, 57.002323], [-170.399462, 56.995772], [-170.444143, 56.996134], [-170.478295, 57.007195], [-170.487284, 57.012518], [-170.501985, 57.033181], [-170.508488, 57.046404], [-170.50837, 57.062374], [-170.492045, 57.080177], [-170.469524, 57.092768], [-170.442669, 57.102263], [-170.414797, 57.104734], [-170.448255, 57.108496], [-170.470657, 57.113652], [-170.495259, 57.128308], [-170.509881, 57.143818], [-170.519468, 57.162183], [-170.510803, 57.174262], [-170.516296, 57.175978], [-170.520937, 57.182212], [-170.522709, 57.193374]]]]}}, {"type": "Feature", "properties": {"name": "Southeast Island School District", "students": 22, "pop": 176, "acsPriv": 8, "seats": 0}, "geometry": {"type": "MultiPolygon", "coordinates": [[[[-130.388606, 55.943179], [-130.384183, 55.949534], [-130.384688, 55.956165], [-130.367096, 55.963772], [-130.349098, 55.96858], [-130.338934, 55.968442], [-130.330233, 55.966147], [-130.322534, 55.967099], [-130.319939, 55.970084], [-130.325266, 55.975498], [-130.324116, 55.981669], [-130.297055, 55.996466], [-130.286101, 55.997738], [-130.273398, 55.989694], [-130.25942, 55.985258], [-130.254479, 55.988765], [-130.246174, 55.989207], [-130.245208, 55.991663], [-130.247759, 55.996805], [-130.243196, 55.995552], [-130.218768, 55.999971], [-130.221287, 56.002864], [-130.230338, 56.004655], [-130.232898, 56.008033], [-130.240207, 56.010344], [-130.250256, 56.016693], [-130.252089, 56.019754], [-130.251039, 56.026815], [-130.252508, 56.029465], [-130.275663, 56.037157], [-130.283087, 56.041278], [-130.289296, 56.047321], [-130.288828, 56.050338], [-130.291864, 56.057254], [-130.282027, 56.067144], [-130.28106, 56.070432], [-130.283191, 56.076952], [-130.282366, 56.079598], [-130.261792, 56.094208], [-130.256369, 56.096805], [-130.246219, 56.096411], [-130.103799, 56.122798], [-130.003484, 56.008075], [-130.017669, 55.911933], [-130.003787, 55.911931], [-130.003787, 55.907442], [-130.083493, 55.821707], [-130.124764, 55.805642], [-130.151598, 55.767437], [-130.1602, 55.770929], [-130.180729, 55.784044], [-130.192219, 55.788774], [-130.193515, 55.794599], [-130.20021, 55.804698], [-130.206776, 55.806912], [-130.21266, 55.811479], [-130.235872, 55.815277], [-130.264687, 55.841361], [-130.275839, 55.846225], [-130.281719, 55.852025], [-130.292563, 55.857348], [-130.29848, 55.867112], [-130.290352, 55.874428], [-130.288673, 55.887006], [-130.302642, 55.899576], [-130.308479, 55.908721], [-130.311959, 55.909535], [-130.327849, 55.903645], [-130.332966, 55.904219], [-130.340967, 55.91397], [-130.347751, 55.919129], [-130.360051, 55.924121], [-130.371053, 55.930787], [-130.370783, 55.937156], [-130.385029, 55.938675], [-130.388606, 55.943179]]], [[[-134.666668, 56.283334], [-134.429247, 56.282737], [-134.4277, 56.3202], [-134.432465, 56.365327], [-134.454437, 56.465915], [-134.473511, 56.577272], [-134.492737, 56.665321], [-134.496216, 56.699631], [-134.5112, 56.742683], [-134.527589, 56.797112], [-134.540314, 56.827461], [-134.569289, 56.863052], [-134.506298, 56.886084], [-134.475841, 56.898926], [-134.438074, 56.916084], [-134.335319, 56.967539], [-134.063145, 57.156286], [-134.028328, 57.164813], [-134.003616, 57.166953], [-133.990074, 57.154471], [-133.948423, 57.161967], [-133.91679, 57.16273], [-133.836929, 57.154333], [-133.794949, 57.151939], [-133.757283, 57.153212], [-133.658813, 57.162427], [-133.324999, 57.063611], [-133.325105, 57.004088], [-133.319307, 57.004011], [-133.316943, 57.001996], [-133.315327, 56.998351], [-133.316562, 56.997182], [-133.311799, 56.991204], [-133.303703, 56.984869], [-133.300663, 56.978948], [-133.296627, 56.977586], [-133.293205, 56.972857], [-133.290966, 56.968306], [-133.292944, 56.965977], [-133.277404, 56.952189], [-133.27379, 56.945747], [-133.274714, 56.944034], [-133.267256, 56.939292], [-133.261051, 56.938168], [-133.263927, 56.936634], [-133.263159, 56.935003], [-133.252874, 56.932079], [-133.262228, 56.933557], [-133.270815, 56.930688], [-133.269772, 56.923508], [-133.273753, 56.921888], [-133.370041, 56.906566], [-133.370511, 56.898074], [-133.375904, 56.894736], [-133.388816, 56.895838], [-133.397074, 56.893855], [-133.401972, 56.895408], [-133.411949, 56.895098], [-133.419882, 56.892918], [-133.425123, 56.887977], [-133.436825, 56.886653], [-133.440942, 56.882253], [-133.478771, 56.88415], [-133.501473, 56.881188], [-133.503143, 56.877927], [-133.50296, 56.873278], [-133.486615, 56.866398], [-133.484833, 56.864183], [-133.487961, 56.859948], [-133.494028, 56.857065], [-133.490823, 56.850501], [-133.489055, 56.848869], [-133.479385, 56.847088], [-133.477468, 56.844397], [-133.488316, 56.837987], [-133.488289, 56.828521], [-133.496354, 56.825244], [-133.495847, 56.817405], [-133.512534, 56.812257], [-133.517254, 56.802201], [-133.515689, 56.795983], [-133.500697, 56.797753], [-133.494388, 56.794643], [-133.494154, 56.791735], [-133.496979, 56.787377], [-133.489352, 56.784521], [-133.489536, 56.780237], [-133.491517, 56.775843], [-133.497076, 56.774304], [-133.498751, 56.769559], [-133.496719, 56.763928], [-133.489187, 56.75893], [-133.490424, 56.753281], [-133.493508, 56.748772], [-133.497886, 56.746629], [-133.510488, 56.751854], [-133.525873, 56.747488], [-133.531714, 56.749641], [-133.54414, 56.75067], [-133.553139, 56.756334], [-133.554189, 56.765685], [-133.557282, 56.76721], [-133.565239, 56.761558], [-133.57314, 56.761894], [-133.579464, 56.757375], [-133.569929, 56.753694], [-133.567605, 56.749723], [-133.567969, 56.747548], [-133.565399, 56.745625], [-133.560159, 56.744664], [-133.549886, 56.737514], [-133.540895, 56.735431], [-133.540215, 56.731499], [-133.534959, 56.72709], [-133.517427, 56.721622], [-133.509352, 56.712954], [-133.483662, 56.711713], [-133.477961, 56.712784], [-133.472479, 56.711554], [-133.473185, 56.708724], [-133.46965, 56.706046], [-133.457613, 56.707156], [-133.445792, 56.705627], [-133.453133, 56.698741], [-133.461571, 56.696749], [-133.476152, 56.696618], [-133.484731, 56.699005], [-133.496099, 56.696292], [-133.502895, 56.696496], [-133.50525, 56.69484], [-133.506409, 56.690682], [-133.512298, 56.68525], [-133.501308, 56.680104], [-133.493264, 56.678199], [-133.485227, 56.673672], [-133.484413, 56.671254], [-133.486906, 56.660478], [-133.4847, 56.65828], [-133.483866, 56.651602], [-133.477637, 56.646139], [-133.470702, 56.641169], [-133.455537, 56.637115], [-133.441307, 56.637626], [-133.432351, 56.630953], [-133.432164, 56.62592], [-133.426612, 56.617832], [-133.427748, 56.609189], [-133.424949, 56.604533], [-133.42664, 56.596902], [-133.42342, 56.593905], [-133.424998, 56.590198], [-133.429026, 56.586703], [-133.444717, 56.586017], [-133.448672, 56.583266], [-133.447678, 56.57837], [-133.445032, 56.5766], [-133.448208, 56.573473], [-133.442692, 56.565737], [-133.446014, 56.553316], [-133.444648, 56.550198], [-133.438461, 56.546319], [-133.438562, 56.541706], [-133.440551, 56.539517], [-133.439855, 56.5356], [-133.424623, 56.534651], [-133.4214, 56.529089], [-133.415197, 56.526979], [-133.412018, 56.522319], [-133.405791, 56.518652], [-133.404242, 56.515234], [-133.404349, 56.512506], [-133.407959, 56.508072], [-133.419189, 56.504357], [-133.424691, 56.499523], [-133.424562, 56.497276], [-133.414185, 56.495566], [-133.413611, 56.494167], [-133.417461, 56.394606], [-133.169079, 56.355093], [-133.150028, 56.34739], [-133.124479, 56.334333], [-133.09618, 56.314915], [-133.062293, 56.272831], [-133.044842, 56.253828], [-133.015315, 56.146137], [-133.007727, 56.134873], [-132.88036, 56.060769], [-132.847389, 56.048498], [-132.803297, 56.03614], [-132.76646, 56.022532], [-132.743469, 56.011548], [-132.386061, 55.805647], [-132.369552, 55.799158], [-132.198906, 55.634359], [-132.277239, 55.633802], [-132.02388, 55.453877], [-132.013164, 55.431757], [-131.941364, 55.312826], [-131.855003, 55.088615], [-131.7583, 55.092862], [-131.713346, 55.099003], [-131.648005, 55.099003], [-131.654515, 55.089892], [-131.654955, 55.082817], [-131.66311, 55.078729], [-131.664639, 55.076101], [-131.665149, 55.073181], [-131.663365, 55.070261], [-131.65521, 55.065881], [-131.654445, 55.058873], [-131.66311, 55.045732], [-131.662855, 55.037848], [-131.657278, 55.031269], [-131.657396, 55.026255], [-131.6522, 55.019546], [-131.652672, 55.014938], [-131.649876, 55.0118], [-131.627146, 55.000284], [-131.615471, 54.987781], [-131.600092, 54.982528], [-131.687963, 54.980725], [-131.701818, 54.970387], [-131.816246, 54.967993], [-131.794287, 54.944017], [-131.762339, 54.68684], [-132.004808, 54.682448], [-132.925702, 54.65897], [-133.648903, 54.632045], [-133.659634, 54.649152], [-133.696648, 54.736041], [-133.724505, 54.794971], [-133.741566, 54.822922], [-133.756058, 54.877279], [-133.766432, 54.904977], [-133.776053, 54.937353], [-133.784521, 54.95349], [-133.790528, 55.000581], [-133.766989, 55.025856], [-133.751022, 55.036516], [-133.70094, 55.078617], [-133.660216, 55.117188], [-133.61366, 55.170265], [-133.611481, 55.176459], [-133.637459, 55.178805], [-133.648168, 55.181492], [-133.670012, 55.187833], [-133.691221, 55.198473], [-133.697485, 55.207897], [-133.703937, 55.220304], [-133.704737, 55.226322], [-133.707609, 55.229371], [-133.741487, 55.250365], [-133.761697, 55.265799], [-133.775623, 55.282245], [-133.775713, 55.30287], [-133.778834, 55.310047], [-133.778449, 55.319616], [-133.770297, 55.33512], [-133.761376, 55.346261], [-133.767368, 55.357633], [-133.772156, 55.379141], [-133.769151, 55.388924], [-133.771598, 55.394323], [-133.80733, 55.388031], [-133.833038, 55.388568], [-133.873917, 55.39884], [-133.885698, 55.403941], [-133.89715, 55.414941], [-133.907153, 55.434003], [-133.904454, 55.446197], [-133.897856, 55.459075], [-133.883841, 55.469585], [-133.861381, 55.480639], [-133.861198, 55.501623], [-133.845737, 55.525233], [-133.834841, 55.53326], [-133.836092, 55.546053], [-133.834272, 55.556823], [-133.829339, 55.570917], [-133.810351, 55.586406], [-133.813039, 55.59376], [-133.813935, 55.60305], [-133.808613, 55.616057], [-133.798246, 55.633231], [-133.807749, 55.638364], [-133.812675, 55.645135], [-133.842234, 55.647228], [-133.867501, 55.657325], [-133.882491, 55.673534], [-133.887681, 55.683639], [-133.886146, 55.700606], [-133.879562, 55.715451], [-133.852228, 55.733319], [-133.831784, 55.74151], [-133.84326, 55.751804], [-133.848518, 55.763395], [-133.848962, 55.778064], [-133.837978, 55.793297], [-133.855726, 55.794808], [-133.856716, 55.792872], [-133.8859, 55.780235], [-133.896248, 55.778133], [-133.908297, 55.776331], [-133.936564, 55.775997], [-133.965255, 55.780699], [-133.995884, 55.795201], [-134.002392, 55.799373], [-134.007385, 55.805938], [-134.012768, 55.819705], [-134.011629, 55.830194], [-134.006749, 55.842219], [-134.002184, 55.847262], [-134.008419, 55.851222], [-134.019227, 55.864937], [-134.026417, 55.882433], [-134.026978, 55.892], [-134.036727, 55.880898], [-134.046609, 55.850477], [-134.163623, 55.721872], [-134.192027, 55.693053], [-134.297586, 55.72064], [-134.42103, 55.748631], [-134.503056, 55.777273], [-134.56937, 55.80401], [-134.593514, 55.816853], [-134.618946, 55.834734], [-134.629053, 55.843592], [-134.641274, 55.857949], [-134.645128, 55.865217], [-134.645685, 55.871472], [-134.63848, 55.889152], [-134.631996, 55.898755], [-134.622126, 55.908699], [-134.601556, 55.922925], [-134.524971, 55.948566], [-134.512505, 55.955937], [-134.496541, 55.969896], [-134.490676, 55.985962], [-134.490288, 55.992675], [-134.494173, 55.999638], [-134.532787, 56.028267], [-134.652204, 56.134471], [-134.666382, 56.145021], [-134.666668, 56.283334]], [[-133.99549, 56.97487], [-133.925433, 56.93904], [-133.91575, 56.935673], [-133.90906, 56.930674], [-133.890453, 56.930675], [-133.890477, 56.934652], [-133.883841, 56.934626], [-133.883274, 56.996213], [-133.977772, 56.996212], [-133.99549, 56.97487]], [[-133.159972, 55.496542], [-133.147217, 55.489313], [-133.159919, 55.482087], [-133.159812, 55.453176], [-133.108935, 55.453175], [-133.10904, 55.496541], [-133.07084, 55.496536], [-133.070871, 55.518217], [-133.134575, 55.518222], [-133.134699, 55.496542], [-133.159972, 55.496542]], [[-133.103904, 55.558798], [-133.100619, 55.545237], [-133.0977, 55.547975], [-133.093926, 55.547492], [-133.095853, 55.55125], [-133.091773, 55.552876], [-133.08551, 55.551008], [-133.086941, 55.549582], [-133.081929, 55.550283], [-133.081926, 55.552082], [-133.069901, 55.55102], [-133.066586, 55.5608], [-133.081904, 55.559693], [-133.098946, 55.562341], [-133.103904, 55.558798]], [[-132.829675, 55.207642], [-132.823088, 55.203536], [-132.823953, 55.202036], [-132.819984, 55.203603], [-132.814963, 55.200616], [-132.809102, 55.201222], [-132.823975, 55.212351], [-132.828973, 55.210467], [-132.829675, 55.207642]]]]}}, {"type": "Feature", "properties": {"name": "Chatham School District", "students": 24, "pop": 230, "acsPriv": 35, "seats": 0}, "geometry": {"type": "MultiPolygon", "coordinates": [[[[-135.920472, 59.404198], [-135.913612, 59.40421], [-135.913749, 59.409556], [-135.881434, 59.409542], [-135.881418, 59.402331], [-135.867249, 59.402362], [-135.867237, 59.395108], [-135.852041, 59.395109], [-135.85201, 59.387351], [-135.862174, 59.390389], [-135.87875, 59.399513], [-135.900535, 59.397948], [-135.912768, 59.400177], [-135.920472, 59.404198]]], [[[-138.029297, 58.808333], [-137.9457, 58.808365], [-137.526115, 58.906371], [-137.451726, 58.908349], [-137.282847, 58.999998], [-137.175647, 59.032142], [-136.969676, 59.101234], [-136.876737, 59.136154], [-136.828727, 59.159959], [-136.584442, 59.165854], [-136.489703, 59.259775], [-136.474365, 59.256478], [-136.466442, 59.258578], [-136.458832, 59.264258], [-136.445483, 59.265766], [-136.447163, 59.262867], [-136.442284, 59.253172], [-136.423811, 59.246178], [-136.409849, 59.243825], [-136.393692, 59.245873], [-136.386288, 59.252863], [-136.379564, 59.249256], [-136.369728, 59.249176], [-136.36548, 59.247609], [-136.36641, 59.242264], [-136.370387, 59.238311], [-136.360703, 59.232516], [-136.332164, 59.230088], [-136.309556, 59.232479], [-136.283091, 59.225452], [-136.263045, 59.227294], [-136.246163, 59.217433], [-136.235155, 59.213138], [-136.220232, 59.213069], [-136.209143, 59.216952], [-136.189749, 59.219081], [-136.186126, 59.206953], [-136.17585, 59.203089], [-136.168604, 59.202238], [-136.164433, 59.199552], [-136.162886, 59.197359], [-136.165753, 59.187659], [-136.158475, 59.186775], [-136.157918, 59.183944], [-136.133541, 59.188415], [-136.13065, 59.194646], [-136.124153, 59.197849], [-136.121542, 59.207608], [-136.112006, 59.211174], [-136.111508, 59.213475], [-136.107166, 59.215754], [-136.096869, 59.209182], [-136.101041, 59.204453], [-136.098505, 59.201234], [-136.089496, 59.199094], [-136.073838, 59.201905], [-136.063646, 59.198396], [-136.057547, 59.198981], [-136.051456, 59.196802], [-136.05513, 59.195658], [-136.058331, 59.191938], [-136.05576, 59.186797], [-136.056709, 59.179072], [-136.05101, 59.17745], [-136.042115, 59.177966], [-136.032168, 59.175839], [-136.019437, 59.178196], [-136.010841, 59.186802], [-135.996633, 59.181546], [-135.991429, 59.184218], [-135.969847, 59.17974], [-135.934082, 59.180744], [-135.89905, 59.17906], [-135.893208, 59.174681], [-135.891804, 59.170986], [-135.881543, 59.168322], [-135.880839, 59.165412], [-135.885615, 59.161097], [-135.885624, 59.159325], [-135.870582, 59.158652], [-135.864652, 59.156004], [-135.851216, 59.153784], [-135.842196, 59.15053], [-135.841105, 59.147454], [-135.835188, 59.141968], [-135.824289, 59.138006], [-135.814777, 59.136692], [-135.795721, 59.142426], [-135.791431, 59.14031], [-135.776585, 59.139596], [-135.763022, 59.135593], [-135.762025, 59.132933], [-135.751565, 59.129808], [-135.751366, 59.127052], [-135.747487, 59.12433], [-135.727964, 59.115314], [-135.698656, 59.107267], [-135.704535, 59.103067], [-135.710383, 59.101491], [-135.709508, 59.097419], [-135.716832, 59.088888], [-135.713102, 59.083812], [-135.719093, 59.08274], [-135.721125, 59.078977], [-135.718533, 59.074586], [-135.723091, 59.069847], [-135.717967, 59.063528], [-135.706339, 59.04288], [-135.698334, 59.035453], [-135.696082, 59.029258], [-135.694294, 59.028165], [-135.693578, 59.023906], [-135.695634, 59.02152], [-135.674563, 59.018757], [-135.670106, 59.016731], [-135.670322, 59.014473], [-135.667445, 59.01191], [-135.661396, 59.010113], [-135.655857, 59.010471], [-135.65457, 59.008783], [-135.655695, 59.004274], [-135.643683, 59.002069], [-135.637236, 58.992728], [-135.626314, 58.987968], [-135.618317, 58.98782], [-135.601344, 58.982152], [-135.593092, 58.983807], [-135.586346, 58.981853], [-135.588155, 58.978509], [-135.588293, 58.970049], [-135.585269, 58.967839], [-135.570286, 58.965143], [-135.566059, 58.962806], [-135.563998, 58.956147], [-135.566531, 58.952521], [-135.565943, 58.943634], [-135.568208, 58.940405], [-135.577454, 58.936696], [-135.585845, 58.93593], [-135.590684, 58.937073], [-135.592474, 58.934356], [-135.589025, 58.927386], [-135.599374, 58.926967], [-135.608182, 58.92311], [-135.606591, 58.919512], [-135.601508, 58.915961], [-135.605888, 58.909665], [-135.605493, 58.903989], [-135.600928, 58.903637], [-135.592575, 58.899486], [-135.582203, 58.897745], [-135.57318, 58.901239], [-135.554672, 58.901813], [-135.549527, 58.899773], [-135.5484, 58.89636], [-135.542296, 58.892718], [-135.529988, 58.888151], [-135.524305, 58.888116], [-135.529457, 58.8841], [-135.527346, 58.87543], [-135.532009, 58.869238], [-135.542156, 58.874046], [-135.551602, 58.875287], [-135.564771, 58.871389], [-135.579059, 58.861644], [-135.600568, 58.861027], [-135.608031, 58.856125], [-135.618647, 58.852325], [-135.639389, 58.856736], [-135.656792, 58.852266], [-135.682352, 58.854298], [-135.683763, 58.852839], [-135.67761, 58.845963], [-135.678711, 58.843612], [-135.676714, 58.841693], [-135.676375, 58.838379], [-135.699253, 58.832492], [-135.713002, 58.823286], [-135.709512, 58.81774], [-135.710997, 58.811179], [-135.710631, 58.806962], [-135.709016, 58.80571], [-135.712815, 58.796728], [-135.723348, 58.789757], [-135.732253, 58.78764], [-135.729945, 58.783625], [-135.729941, 58.776393], [-135.733739, 58.768372], [-135.726879, 58.765388], [-135.742434, 58.761565], [-135.744572, 58.759032], [-135.753423, 58.756303], [-135.752371, 58.753264], [-135.755454, 58.745199], [-135.750007, 58.737189], [-135.744147, 58.733052], [-135.7469, 58.724768], [-135.730835, 58.725355], [-135.709431, 58.736625], [-135.701307, 58.737779], [-135.696758, 58.735299], [-135.693838, 58.727792], [-135.690909, 58.724967], [-135.678, 58.718504], [-135.673603, 58.713018], [-135.665534, 58.710215], [-135.664546, 58.714838], [-135.658839, 58.718409], [-135.648399, 58.721129], [-135.641925, 58.720883], [-135.638435, 58.723398], [-135.635284, 58.721158], [-135.635338, 58.715723], [-135.633533, 58.713853], [-135.620739, 58.710821], [-135.616599, 58.706435], [-135.614142, 58.706559], [-135.612781, 58.709289], [-135.610115, 58.710133], [-135.597753, 58.706451], [-135.591523, 58.711469], [-135.581943, 58.70742], [-135.578385, 58.699509], [-135.570812, 58.697522], [-135.563326, 58.700053], [-135.551001, 58.698793], [-135.546955, 58.695242], [-135.54525, 58.691114], [-135.540241, 58.688748], [-135.543115, 58.684472], [-135.538835, 58.677966], [-135.546894, 58.675158], [-135.543363, 58.671876], [-135.544118, 58.67], [-135.538854, 58.667067], [-135.537883, 58.66316], [-135.533197, 58.660899], [-135.529943, 58.656784], [-135.512456, 58.660013], [-135.507046, 58.658026], [-135.506516, 58.65407], [-135.499375, 58.650857], [-135.488701, 58.656448], [-135.479317, 58.650139], [-135.476969, 58.645396], [-135.469154, 58.642961], [-135.466202, 58.638924], [-135.453919, 58.635162], [-135.436906, 58.636462], [-135.432807, 58.633672], [-135.422687, 58.631416], [-135.417296, 58.624432], [-135.410751, 58.623627], [-135.405223, 58.620593], [-135.404766, 58.616695], [-135.401143, 58.613278], [-135.395839, 58.602778], [-135.399965, 58.59669], [-135.413447, 58.59185], [-135.415879, 58.586572], [-135.405093, 58.580108], [-135.397406, 58.580533], [-135.393599, 58.576914], [-135.380803, 58.571999], [-135.376377, 58.564251], [-135.362715, 58.552521], [-135.365394, 58.5484], [-135.375915, 58.54127], [-135.365601, 58.534703], [-135.357947, 58.533897], [-135.334526, 58.525786], [-135.328956, 58.517335], [-135.319357, 58.511252], [-135.316732, 58.504393], [-135.328424, 58.498676], [-135.330286, 58.495273], [-135.355659, 58.491005], [-135.369971, 58.494361], [-135.374282, 58.499637], [-135.379226, 58.502403], [-135.390069, 58.504842], [-135.400326, 58.503598], [-135.409078, 58.505013], [-135.411291, 58.507067], [-135.410907, 58.510028], [-135.426546, 58.514082], [-135.430211, 58.512762], [-135.437174, 58.514227], [-135.449465, 58.509923], [-135.469005, 58.510819], [-135.477023, 58.505318], [-135.49273, 58.499661], [-135.50702, 58.499604], [-135.490814, 58.484453], [-135.477325, 58.476323], [-135.473208, 58.472101], [-135.467718, 58.457938], [-135.469302, 58.43875], [-135.46755, 58.431231], [-135.460154, 58.419519], [-135.446307, 58.405618], [-135.447435, 58.379896], [-135.450365, 58.370446], [-135.449687, 58.317073], [-135.251806, 58.166328], [-134.998462, 58.131328], [-135.072109, 58.497061], [-135.071357, 58.498913], [-134.695421, 58.27687], [-134.709701, 58.228194], [-134.742951, 58.189098], [-134.747685, 58.189076], [-134.745911, 58.187734], [-134.750152, 58.187789], [-134.750573, 58.186455], [-134.755651, 58.186681], [-134.75405, 58.180377], [-134.755918, 58.177378], [-134.755411, 58.174869], [-134.758863, 58.174747], [-134.761226, 58.169238], [-134.762526, 58.170173], [-134.770653, 58.168543], [-134.772728, 58.166496], [-134.770759, 58.159501], [-134.772507, 58.15738], [-134.771186, 58.151309], [-134.773076, 58.150231], [-134.768441, 58.139824], [-134.770853, 58.138611], [-134.770556, 58.136083], [-134.773392, 58.136484], [-134.770702, 58.132824], [-134.772279, 58.130018], [-134.769498, 58.124076], [-134.771206, 58.121161], [-134.77027, 58.116255], [-134.772282, 58.112742], [-134.774272, 58.112241], [-134.774133, 58.109048], [-134.77641, 58.108194], [-134.776862, 58.099045], [-134.784681, 58.096599], [-134.76325, 58.079146], [-134.757232, 58.07761], [-134.745731, 58.069154], [-134.739803, 58.067586], [-134.738366, 58.064105], [-134.723416, 58.057129], [-134.722145, 58.05373], [-134.717464, 58.049345], [-134.712889, 58.04918], [-134.704639, 58.042182], [-134.697766, 58.032036], [-134.678847, 58.033889], [-134.67543, 58.029471], [-134.666032, 58.032399], [-134.661321, 58.036778], [-134.65318, 58.040482], [-134.649648, 58.04554], [-134.637327, 58.05657], [-134.628462, 58.060992], [-134.588093, 58.059695], [-134.577773, 58.054116], [-134.556973, 58.055592], [-134.552997, 58.059954], [-134.551336, 58.066516], [-134.560217, 58.069368], [-134.56728, 58.078576], [-134.54769, 58.085331], [-134.544355, 58.088849], [-134.544181, 58.093051], [-134.538413, 58.098172], [-134.529236, 58.097501], [-134.521434, 58.093822], [-134.510551, 58.092777], [-134.489326, 58.095222], [-134.474521, 58.094068], [-134.463539, 58.097678], [-134.447593, 58.0983], [-134.422567, 58.107571], [-134.417764, 58.114875], [-134.178423, 58.15967], [-133.813401, 57.836331], [-133.70173, 57.791331], [-133.172311, 58.153676], [-133.070098, 58.00034], [-132.869367, 57.839713], [-132.751058, 57.695973], [-132.660863, 57.616736], [-132.652456, 57.607357], [-132.656018, 57.603681], [-132.649796, 57.594813], [-132.650196, 57.590916], [-132.652187, 57.586463], [-132.656436, 57.582849], [-132.663761, 57.584221], [-132.670915, 57.580983], [-132.698694, 57.579503], [-132.70144, 57.578086], [-132.721833, 57.576216], [-132.73489, 57.58155], [-132.749661, 57.583257], [-132.779358, 57.582338], [-132.792262, 57.576], [-132.812146, 57.57631], [-132.827503, 57.58066], [-132.828824, 57.582987], [-132.828312, 57.587942], [-132.854862, 57.598681], [-132.855552, 57.604878], [-132.858395, 57.606389], [-132.881065, 57.609077], [-132.88826, 57.606077], [-132.889055, 57.610157], [-132.88785, 57.613739], [-132.881031, 57.62115], [-132.878491, 57.628567], [-132.880589, 57.640479], [-132.869161, 57.647957], [-132.846473, 57.655421], [-132.842702, 57.658601], [-132.840996, 57.663106], [-132.844996, 57.669229], [-132.86291, 57.682367], [-132.8761, 57.685185], [-132.894233, 57.683416], [-132.898714, 57.685528], [-132.891894, 57.702268], [-132.87284, 57.710924], [-132.872364, 57.714376], [-132.876604, 57.718962], [-132.88432, 57.724233], [-132.899766, 57.729741], [-132.923242, 57.72823], [-132.922368, 57.730875], [-132.923671, 57.73234], [-132.935201, 57.736422], [-132.937314, 57.739469], [-132.950878, 57.745755], [-132.956206, 57.745009], [-132.964272, 57.732609], [-132.97733, 57.721498], [-133.004812, 57.715935], [-133.012569, 57.716208], [-133.031661, 57.720904], [-133.045111, 57.720236], [-133.050051, 57.721527], [-133.054675, 57.723885], [-133.056246, 57.731108], [-133.068752, 57.742414], [-133.092647, 57.734476], [-133.10393, 57.726968], [-133.127396, 57.729488], [-133.132079, 57.730791], [-133.131442, 57.741352], [-133.132984, 57.742142], [-133.160665, 57.739151], [-133.168967, 57.742586], [-133.182447, 57.740248], [-133.188197, 57.741008], [-133.191908, 57.745195], [-133.19106, 57.748755], [-133.192356, 57.750502], [-133.190195, 57.752341], [-133.199364, 57.754637], [-133.215003, 57.754848], [-133.21876, 57.756988], [-133.218358, 57.761849], [-133.221685, 57.764904], [-133.224876, 57.771897], [-133.280562, 57.767059], [-133.283286, 57.77211], [-133.275675, 57.781126], [-133.274377, 57.785431], [-133.279877, 57.794768], [-133.292745, 57.792009], [-133.32213, 57.7761], [-133.337536, 57.776976], [-133.343523, 57.773306], [-133.353451, 57.77227], [-133.364784, 57.777213], [-133.378439, 57.778344], [-133.395775, 57.785534], [-133.410594, 57.781864], [-133.418768, 57.784564], [-133.422287, 57.790643], [-133.421541, 57.799909], [-133.426776, 57.805979], [-133.437879, 57.806355], [-133.452242, 57.814062], [-133.470488, 57.818416], [-133.482088, 57.818781], [-133.493048, 57.824726], [-133.500425, 57.818188], [-133.51227, 57.81515], [-133.522089, 57.80899], [-133.53114, 57.795881], [-133.548967, 57.782736], [-133.547641, 57.77794], [-133.549358, 57.775225], [-133.55587, 57.772221], [-133.57544, 57.770507], [-133.595862, 57.772325], [-133.647973, 57.768031], [-133.698962, 57.791997], [-133.704721, 57.568889], [-133.738611, 57.296667], [-133.738611, 57.185833], [-133.658813, 57.162427], [-133.776532, 57.152141], [-133.828106, 57.153657], [-133.91679, 57.16273], [-133.948423, 57.161967], [-133.990074, 57.154471], [-134.003616, 57.166953], [-134.028328, 57.164813], [-134.063145, 57.156286], [-134.335319, 56.967539], [-134.438074, 56.916084], [-134.475841, 56.898926], [-134.506298, 56.886084], [-134.569289, 56.863052], [-134.664201, 56.9804], [-134.6772, 56.999], [-134.738556, 57.226303], [-134.735931, 57.242538], [-134.720153, 57.26812], [-134.695679, 57.315971], [-134.688598, 57.380669], [-134.701141, 57.454613], [-134.726747, 57.527016], [-134.762848, 57.617989], [-134.81421, 57.721283], [-134.828003, 57.778488], [-134.8362, 57.7877], [-134.915149, 57.782474], [-134.974597, 57.78033], [-135.015076, 57.767464], [-135.061737, 57.760933], [-135.088989, 57.769203], [-135.104309, 57.76992], [-135.122558, 57.762558], [-135.176422, 57.757683], [-135.217987, 57.758789], [-135.238129, 57.761711], [-135.275879, 57.773285], [-135.351074, 57.80545], [-135.379425, 57.823044], [-135.426727, 57.843994], [-135.528534, 57.88047], [-135.570251, 57.89257], [-135.608032, 57.900673], [-135.648499, 57.91333], [-135.715149, 57.929413], [-135.75702, 57.942719], [-135.792389, 57.957771], [-135.81891, 57.974144], [-135.878746, 57.997419], [-135.901964, 58.001343], [-135.9799, 57.8903], [-136.024328, 57.838795], [-136.454427, 57.830676], [-136.464663, 57.83729], [-136.537828, 57.84771], [-136.574505, 57.857978], [-136.587961, 57.86325], [-136.616659, 57.869218], [-136.644621, 57.883768], [-136.658568, 57.901455], [-136.662116, 57.920308], [-136.660499, 57.93887], [-136.654167, 57.952779], [-136.648455, 57.958324], [-136.656215, 57.97847], [-136.65113, 57.993777], [-136.66938, 57.99855], [-136.679148, 58.014266], [-136.678891, 58.036293], [-136.668593, 58.048507], [-136.661493, 58.063817], [-136.657192, 58.084476], [-136.650241, 58.102629], [-136.615165, 58.120712], [-136.543772, 58.14434], [-136.510268, 58.153464], [-136.515428, 58.180583], [-136.544755, 58.164448], [-136.559366, 58.161922], [-136.590589, 58.151967], [-136.616339, 58.14723], [-136.658394, 58.145646], [-136.711549, 58.155669], [-136.738938, 58.166064], [-136.758993, 58.176469], [-136.761991, 58.179405], [-136.791427, 58.182711], [-136.814412, 58.18879], [-136.843978, 58.20676], [-136.853226, 58.21916], [-136.855208, 58.23085], [-136.880738, 58.250781], [-136.897769, 58.259519], [-136.937829, 58.2686], [-136.974838, 58.296044], [-137.008663, 58.333154], [-137.010803, 58.339472], [-137.0145, 58.344311], [-137.045135, 58.330143], [-137.072353, 58.32362], [-137.120297, 58.329663], [-137.149586, 58.341307], [-137.196783, 58.368161], [-137.247535, 58.392847], [-137.280652, 58.403138], [-137.315833, 58.410112], [-137.35915, 58.430378], [-137.374174, 58.440911], [-137.414809, 58.451136], [-137.450459, 58.464324], [-137.493062, 58.486074], [-137.533517, 58.509389], [-137.579735, 58.528008], [-137.602565, 58.541748], [-137.630993, 58.548183], [-137.675051, 58.554838], [-137.72061, 58.570857], [-137.762218, 58.596502], [-137.76843, 58.627159], [-137.775938, 58.640754], [-137.800507, 58.656207], [-137.869552, 58.691561], [-137.99604, 58.749505], [-138.017134, 58.771271], [-138.020815, 58.781856], [-138.020355, 58.786458], [-138.026604, 58.79712], [-138.029297, 58.808333]], [[-136.237929, 57.96322], [-136.228284, 57.956016], [-136.228274, 57.953368], [-136.201092, 57.953368], [-136.201114, 57.960593], [-136.224024, 57.960593], [-136.227259, 57.962427], [-136.23223, 57.962425], [-136.235103, 57.965217], [-136.237929, 57.96322]], [[-135.479808, 58.094705], [-135.473236, 58.099219], [-135.464745, 58.099907], [-135.459406, 58.09683], [-135.445767, 58.093516], [-135.377423, 58.091811], [-135.377437, 58.109166], [-135.406645, 58.10903], [-135.406715, 58.134034], [-135.461213, 58.133328], [-135.467179, 58.130466], [-135.461799, 58.127431], [-135.464006, 58.124707], [-135.459428, 58.118484], [-135.459321, 58.10512], [-135.479794, 58.105112], [-135.479808, 58.094705]]]]}}, {"type": "Feature", "properties": {"name": "Denali Borough School District", "students": 745, "pop": 208, "acsPriv": 27, "seats": 0}, "geometry": {"type": "Polygon", "coordinates": [[[-152.999609, 62.725831], [-152.428084, 63.183171], [-152.428098, 63.304259], [-152.619512, 63.304254], [-152.619517, 63.347568], [-152.810931, 63.347563], [-152.810945, 63.477501], [-152.873392, 63.4775], [-152.87341, 63.650745], [-152.228439, 63.65076], [-152.229256, 63.824001], [-152.055132, 63.824006], [-152.055758, 63.997242], [-151.830535, 63.997248], [-151.840436, 64.011803], [-151.859734, 64.018901], [-151.826876, 64.040556], [-151.793976, 64.06943], [-151.776068, 64.073171], [-151.741424, 64.072718], [-151.729758, 64.069431], [-151.564903, 64.069436], [-151.564901, 64.055], [-151.540489, 64.050448], [-151.48966, 64.044609], [-151.516333, 64.020631], [-151.432994, 64.007806], [-151.407625, 63.997261], [-151.281995, 63.997265], [-150.729385, 64.358173], [-149.132653, 64.358214], [-149.132599, 64.343778], [-148.046696, 64.343802], [-148.0431, 64.342764], [-148.035004, 64.345667], [-148.025417, 64.343892], [-148.00322, 64.346628], [-147.99357, 64.341037], [-147.991164, 64.336239], [-147.972783, 64.328488], [-147.958842, 64.324528], [-147.93108, 64.322026], [-147.925255, 64.312313], [-147.909763, 64.310363], [-147.894299, 64.306324], [-147.89231, 64.297256], [-147.883485, 64.292818], [-147.868424, 64.287627], [-147.820465, 64.281204], [-147.807841, 64.270318], [-147.791433, 64.261762], [-147.773779, 64.258163], [-146.999909, 64.257196], [-146.999966, 63.477618], [-148.025627, 63.477609], [-148.025618, 63.333233], [-149.49234, 63.333218], [-150.003757, 63.223431], [-150.545813, 63.104104], [-151.227097, 62.949787], [-151.876539, 62.798059], [-151.894015, 62.798058], [-151.893784, 62.725864], [-152.999609, 62.725831]]]}}, {"type": "Feature", "properties": {"name": "Chugach School District", "students": 557, "pop": 73, "acsPriv": 4, "seats": 0}, "geometry": {"type": "MultiPolygon", "coordinates": [[[[-146.50828, 59.390727], [-146.506831, 59.398518], [-146.502301, 59.408427], [-146.491389, 59.423053], [-146.470017, 59.44007], [-146.455616, 59.453915], [-146.442943, 59.46097], [-146.427834, 59.466669], [-146.433923, 59.476837], [-146.435739, 59.487223], [-146.431991, 59.500102], [-146.420644, 59.513565], [-146.429061, 59.523886], [-146.432654, 59.534151], [-146.431968, 59.544572], [-146.42643, 59.555507], [-146.416182, 59.56553], [-146.400484, 59.574713], [-146.380865, 59.581693], [-146.358492, 59.586056], [-146.329554, 59.587471], [-146.301067, 59.584527], [-146.275531, 59.577483], [-146.255184, 59.566957], [-146.243598, 59.556318], [-146.237434, 59.544572], [-146.237051, 59.532417], [-146.242924, 59.519954], [-146.210009, 59.511368], [-146.196379, 59.50478], [-146.185478, 59.496991], [-146.171126, 59.482168], [-146.167085, 59.472832], [-146.166666, 59.462966], [-146.151671, 59.449631], [-146.147327, 59.442124], [-146.145446, 59.435233], [-146.145602, 59.427407], [-146.148589, 59.418848], [-146.154445, 59.410683], [-146.162989, 59.403159], [-146.18703, 59.390924], [-146.21853, 59.383517], [-146.238861, 59.366122], [-146.253536, 59.357673], [-146.282316, 59.348506], [-146.301942, 59.345636], [-146.322328, 59.34491], [-146.361912, 59.335485], [-146.387232, 59.334013], [-146.410794, 59.335703], [-146.453322, 59.34506], [-146.469291, 59.350049], [-146.486432, 59.358485], [-146.49834, 59.368001], [-146.505755, 59.378639], [-146.50828, 59.390727]]], [[[-148.948762, 59.892718], [-148.643702, 59.924156], [-148.58618, 59.938585], [-148.586485, 60.061336], [-148.571963, 60.061333], [-148.572027, 60.126316], [-148.563026, 60.126314], [-148.563715, 60.415172], [-148.66447, 60.415183], [-148.664474, 60.472959], [-148.657076, 60.472958], [-148.657119, 60.732976], [-148.745618, 60.733007], [-148.745865, 60.819664], [-148.738281, 60.819662], [-148.738363, 60.848546], [-148.472065, 60.84852], [-148.472123, 61.166295], [-148.462403, 61.166295], [-148.462471, 61.426267], [-147.206597, 61.426265], [-147.206579, 61.297357], [-146.208008, 61.297383], [-146.207985, 61.210731], [-144.41642, 61.210774], [-144.416409, 61.124106], [-144.426098, 61.124104], [-144.426087, 61.037453], [-143.717215, 61.037469], [-143.7172, 60.86415], [-143.362754, 60.86415], [-143.362748, 60.777498], [-142.84281, 60.777491], [-142.842776, 60.608511], [-141.965993, 60.608553], [-141.965972, 60.521891], [-143.193519, 60.521828], [-143.893325, 60.024166], [-143.893326, 59.942653], [-143.946679, 59.930834], [-144.033587, 59.919671], [-144.144078, 59.919452], [-144.410509, 59.746274], [-144.542182, 59.719321], [-144.67677, 59.727395], [-144.778103, 59.778563], [-144.777798, 59.829935], [-144.641727, 59.924389], [-144.539684, 60.010149], [-144.607277, 60.078347], [-144.776015, 60.129592], [-145.097975, 60.146112], [-145.317687, 60.179691], [-145.621695, 60.255803], [-145.824323, 60.315117], [-145.976568, 60.314652], [-146.179309, 60.280056], [-146.465707, 60.212501], [-146.734306, 60.154142], [-146.939279, 60.103848], [-147.002566, 60.097545], [-147.10194, 60.081337], [-147.161568, 60.052993], [-147.24174, 59.998317], [-147.271129, 59.963437], [-147.280941, 59.923573], [-147.280964, 59.878726], [-147.334827, 59.833874], [-147.520846, 59.774079], [-147.68724, 59.74168], [-147.819382, 59.73667], [-147.956439, 59.744131], [-148.039657, 59.769047], [-148.100746, 59.815697], [-148.218506, 59.87564], [-148.437224, 59.89281], [-148.605476, 59.884296], [-148.948762, 59.892718]], [[-146.729946, 61.124062], [-146.729926, 61.022963], [-145.843801, 61.022975], [-145.843829, 61.12408], [-146.118405, 61.124077], [-146.118493, 61.152961], [-146.26773, 61.152954], [-146.267955, 61.254051], [-146.387139, 61.25405], [-146.387113, 61.152952], [-146.655941, 61.15295], [-146.655852, 61.124064], [-146.729946, 61.124062]], [[-145.864203, 60.503206], [-145.856759, 60.502681], [-145.844229, 60.504909], [-145.843026, 60.504419], [-145.846185, 60.50323], [-145.844926, 60.503391], [-145.846061, 60.501814], [-145.83144, 60.501298], [-145.809948, 60.50424], [-145.790284, 60.502626], [-145.774028, 60.504185], [-145.771746, 60.505877], [-145.76451, 60.506402], [-145.754641, 60.509558], [-145.732854, 60.507103], [-145.710188, 60.51745], [-145.692089, 60.517448], [-145.407191, 60.459668], [-145.407408, 60.531895], [-145.575397, 60.531889], [-145.57557, 60.604104], [-145.662755, 60.604102], [-145.662755, 60.634062], [-145.647011, 60.640204], [-145.677451, 60.640209], [-145.838121, 60.521053], [-145.838123, 60.512093], [-145.848972, 60.510306], [-145.864203, 60.503206]]]]}}, {"type": "Feature", "properties": {"name": "Yakutat School District", "students": 25, "pop": 45, "acsPriv": 1, "seats": 0}, "geometry": {"type": "Polygon", "coordinates": [[[-143.893326, 59.942653], [-143.893325, 60.024166], [-143.193519, 60.521828], [-141.791172, 60.523036], [-141.790601, 60.435238], [-141.213451, 60.435268], [-141.213444, 60.391676], [-141.001833, 60.391687], [-141.001833, 60.305894], [-140.930737, 60.293446], [-140.768801, 60.26018], [-140.520427, 60.219819], [-140.458209, 60.308086], [-139.981093, 60.181965], [-139.692982, 60.335225], [-139.07482, 60.352504], [-139.072125, 60.319429], [-139.198847, 60.088296], [-139.053673, 59.994836], [-138.79852, 59.924649], [-138.707376, 59.906326], [-138.679457, 59.84537], [-138.668649, 59.809656], [-138.626199, 59.76858], [-138.108029, 59.504744], [-137.607354, 59.243803], [-137.542135, 59.106427], [-137.5, 58.985395], [-137.526115, 58.906371], [-137.9457, 58.808365], [-138.029297, 58.808333], [-138.028225, 58.815863], [-138.025075, 58.822271], [-138.011522, 58.838679], [-138.011727, 58.841835], [-138.019265, 58.854358], [-138.021467, 58.861449], [-138.036439, 58.872661], [-138.115383, 58.919757], [-138.224081, 58.968851], [-138.237027, 58.976879], [-138.252506, 58.98944], [-138.278948, 59.00045], [-138.349932, 59.022363], [-138.471406, 59.049105], [-138.618176, 59.074728], [-138.637702, 59.079645], [-138.758546, 59.126526], [-138.873903, 59.180166], [-138.967006, 59.211547], [-139.05104, 59.233655], [-139.261946, 59.281632], [-139.390268, 59.317383], [-139.581891, 59.37838], [-139.71637, 59.434313], [-139.902835, 59.497983], [-140.425097, 59.65703], [-140.584207, 59.666582], [-140.636828, 59.666042], [-140.676111, 59.668943], [-140.75333, 59.67744], [-140.809869, 59.6863], [-140.845932, 59.688963], [-140.912873, 59.698455], [-141.05222, 59.737849], [-141.342767, 59.809879], [-141.406096, 59.823812], [-141.755024, 59.918737], [-141.795622, 59.926892], [-141.913902, 59.958272], [-142.00184, 59.974604], [-142.138094, 59.987481], [-142.194037, 59.997607], [-142.297274, 60.011827], [-142.408468, 60.02032], [-142.431242, 60.018794], [-142.45365, 60.020269], [-142.479351, 60.026088], [-142.495494, 60.033057], [-142.577987, 60.04352], [-142.757379, 60.052228], [-142.826045, 60.051102], [-143.052483, 60.028233], [-143.117041, 60.0195], [-143.154519, 60.01913], [-143.490905, 60.003491], [-143.539451, 59.999939], [-143.642702, 59.988825], [-143.758948, 59.966056], [-143.836166, 59.946479], [-143.862232, 59.942597], [-143.893326, 59.942653]]]}}, {"type": "Feature", "properties": {"name": "Yukon-Koyukuk School District", "students": 3273, "pop": 338, "acsPriv": 3, "seats": 0}, "geometry": {"type": "Polygon", "coordinates": [[[-159.96229, 64.744377], [-159.774897, 64.744382], [-159.774921, 64.917565], [-159.572173, 64.917597], [-159.572195, 65.090791], [-159.582715, 65.090912], [-159.582736, 65.264026], [-159.377365, 65.264033], [-159.377443, 65.437232], [-159.385483, 65.437236], [-159.385578, 65.523835], [-159.593506, 65.523835], [-159.593635, 65.783636], [-159.604795, 65.783636], [-159.604813, 65.95683], [-158.972175, 65.956849], [-158.972185, 66.130027], [-157.906295, 66.130049], [-157.90631, 66.476424], [-157.051284, 66.476438], [-157.051266, 66.303254], [-156.623757, 66.303259], [-156.62377, 66.476442], [-156.196224, 66.476582], [-156.196257, 66.389857], [-155.982504, 66.38986], [-155.982499, 66.303268], [-155.554993, 66.303274], [-155.555001, 66.476458], [-155.510581, 66.476459], [-155.510585, 66.563051], [-154.860431, 66.563064], [-154.860446, 66.736242], [-154.210302, 66.736255], [-154.210317, 66.822842], [-154.146221, 66.822843], [-154.146314, 67.169178], [-154.303097, 67.169177], [-154.30311, 67.255759], [-154.748904, 67.255753], [-154.748939, 67.515495], [-154.690477, 67.515496], [-154.690489, 67.602075], [-154.916649, 67.60207], [-154.916661, 67.688648], [-155.142825, 67.688643], [-155.142837, 67.775221], [-155.368999, 67.775216], [-155.369012, 67.861792], [-155.318723, 67.861793], [-155.318744, 68.000032], [-150.000591, 68.000002], [-149.994316, 67.587262], [-149.995562, 67.544804], [-150.0, 67.473802], [-150.005352, 67.469434], [-150.021366, 67.462741], [-149.998086, 67.416175], [-149.996287, 67.208808], [-150.018218, 67.178309], [-149.995888, 67.123716], [-149.994576, 66.848576], [-150.007433, 66.333217], [-150.007375, 66.269252], [-150.028684, 66.183144], [-150.029702, 66.155241], [-150.006538, 66.051579], [-150.006774, 65.998645], [-150.000026, 65.666667], [-148.661199, 65.209875], [-148.661161, 64.863447], [-148.648241, 64.863447], [-148.648208, 64.597334], [-148.663265, 64.59079], [-148.659608, 64.588081], [-148.655679, 64.588216], [-148.648207, 64.585371], [-148.635631, 64.587539], [-148.62826, 64.592704], [-148.634696, 64.597967], [-148.621141, 64.607226], [-148.606834, 64.613108], [-148.59596, 64.616268], [-148.577778, 64.610324], [-148.560168, 64.616768], [-148.550742, 64.617208], [-148.54138, 64.6114], [-148.531461, 64.607895], [-148.521204, 64.607143], [-148.516984, 64.603575], [-148.481737, 64.596483], [-148.465775, 64.589652], [-148.457524, 64.589764], [-148.444743, 64.581324], [-148.424918, 64.574854], [-148.434676, 64.571793], [-148.444636, 64.566311], [-148.420106, 64.561438], [-148.420738, 64.556284], [-148.41731, 64.548034], [-148.413125, 64.543767], [-148.404238, 64.537711], [-148.393343, 64.534602], [-148.403117, 64.531297], [-148.385422, 64.527632], [-148.379049, 64.522361], [-148.370873, 64.525928], [-148.362229, 64.52252], [-148.350771, 64.522018], [-148.350763, 64.516259], [-148.339136, 64.517057], [-148.334215, 64.514005], [-148.326961, 64.512186], [-148.326247, 64.505596], [-148.317989, 64.504926], [-148.319995, 64.499469], [-148.304398, 64.497121], [-148.299657, 64.492056], [-148.298082, 64.487396], [-148.270857, 64.491769], [-148.265788, 64.488367], [-148.240863, 64.484855], [-148.248948, 64.481923], [-148.239672, 64.478732], [-148.24162, 64.474932], [-148.231693, 64.46929], [-148.237535, 64.463686], [-148.223001, 64.460291], [-148.228051, 64.455741], [-148.215352, 64.455784], [-148.219131, 64.45152], [-148.21095, 64.448838], [-148.218718, 64.443436], [-148.223706, 64.435332], [-148.215488, 64.432326], [-148.207459, 64.425626], [-148.198475, 64.426127], [-148.197612, 64.421791], [-148.188964, 64.419782], [-148.186424, 64.416331], [-148.190973, 64.411812], [-148.175752, 64.4101], [-148.17386, 64.406626], [-148.176111, 64.400924], [-148.16948, 64.398526], [-148.152806, 64.399337], [-148.145959, 64.396927], [-148.143463, 64.390705], [-148.133031, 64.390329], [-148.130363, 64.386962], [-148.1222, 64.386347], [-148.116146, 64.383545], [-148.121372, 64.37936], [-148.104557, 64.377612], [-148.107868, 64.372034], [-148.108554, 64.36221], [-148.095768, 64.358981], [-148.084001, 64.358821], [-148.079611, 64.354456], [-148.06978, 64.355165], [-148.065183, 64.348905], [-148.046696, 64.343802], [-149.132599, 64.343778], [-149.132653, 64.358214], [-150.729385, 64.358173], [-151.281995, 63.997265], [-151.407625, 63.997261], [-151.432994, 64.007806], [-151.516333, 64.020631], [-151.48966, 64.044609], [-151.540489, 64.050448], [-151.564901, 64.055], [-151.564903, 64.069436], [-151.729758, 64.069431], [-151.741424, 64.072718], [-151.776068, 64.073171], [-151.793976, 64.06943], [-151.826876, 64.040556], [-151.859734, 64.018901], [-151.840436, 64.011803], [-151.830535, 63.997248], [-152.047444, 63.997242], [-152.047388, 64.000221], [-152.309155, 63.996081], [-155.44429, 63.981343], [-155.925085, 63.97537], [-155.991953, 63.972526], [-156.23942, 63.972716], [-156.300111, 63.970783], [-157.149177, 63.960755], [-158.096214, 63.947791], [-158.100022, 63.945582], [-158.393804, 63.950574], [-159.144628, 63.956845], [-159.141004, 63.955162], [-159.147047, 63.955499], [-159.149913, 63.953335], [-159.154179, 63.954637], [-159.155204, 63.952457], [-159.157961, 63.95321], [-159.161842, 63.951551], [-159.164041, 63.952203], [-159.161345, 63.953024], [-159.163838, 63.954095], [-159.168176, 63.953303], [-159.175002, 63.955776], [-159.169248, 63.957607], [-159.170591, 63.958908], [-159.173356, 63.957176], [-159.178148, 63.958681], [-159.176048, 63.957697], [-159.17665, 63.956806], [-159.737466, 63.95483], [-159.737475, 64.051459], [-159.947288, 64.051459], [-159.947325, 64.397925], [-159.962255, 64.397927], [-159.96229, 64.744377]], [[-157.00397, 64.744424], [-156.993211, 64.744424], [-156.993172, 64.715464], [-156.727816, 64.715469], [-156.727998, 64.744428], [-156.733641, 64.744428], [-156.733642, 64.758864], [-156.851975, 64.758862], [-156.852023, 64.769689], [-156.885846, 64.769688], [-156.885784, 64.758862], [-157.004008, 64.758859], [-157.00397, 64.744424]], [[-152.154481, 65.196255], [-152.154481, 65.152952], [-151.98293, 65.152952], [-151.982649, 65.196255], [-152.154481, 65.196255]], [[-149.13491, 64.527542], [-149.127305, 64.524467], [-149.12878, 64.5236], [-149.128986, 64.519441], [-149.124083, 64.516911], [-149.049542, 64.517026], [-149.050107, 64.55209], [-149.058679, 64.553681], [-149.064073, 64.556963], [-149.070089, 64.565028], [-149.073901, 64.566368], [-149.105517, 64.564386], [-149.10975, 64.560453], [-149.108772, 64.55867], [-149.114129, 64.556547], [-149.113324, 64.553292], [-149.117639, 64.551976], [-149.118395, 64.54987], [-149.103211, 64.546418], [-149.100372, 64.543887], [-149.099908, 64.539162], [-149.119531, 64.539239], [-149.121746, 64.537279], [-149.116431, 64.53468], [-149.117192, 64.532892], [-149.13491, 64.527542]]]}}]}