{"type": "FeatureCollection", "features": [{"type": "Feature", "properties": {"name": "Stone County", "students": 0}, "geometry": {"type": "Polygon", "coordinates": [[[-92.417112, 35.888974], [-92.414396, 35.975798], [-92.307215, 35.974007], [-92.305109, 36.061087], [-92.197449, 36.059239], [-92.19564, 36.133009], [-92.1907, 36.126187], [-92.190293, 36.119204], [-92.192405, 36.115361], [-92.191069, 36.10804], [-92.184713, 36.103202], [-92.176101, 36.102295], [-92.163314, 36.108278], [-92.15199, 36.116284], [-92.141978, 36.114943], [-92.135109, 36.106061], [-92.133227, 36.098254], [-92.124609, 36.080183], [-92.113839, 36.065311], [-92.103042, 36.059164], [-92.086312, 36.058882], [-92.080528, 36.057108], [-92.074584, 36.053036], [-92.071752, 36.04836], [-92.058942, 36.037605], [-92.056979, 36.033933], [-92.058091, 36.028186], [-92.06304, 36.024632], [-92.074118, 36.02225], [-92.081679, 36.023252], [-92.087693, 36.021869], [-92.093659, 36.018916], [-92.09859, 36.013027], [-92.099579, 36.007952], [-92.098193, 36.001909], [-92.085663, 35.986557], [-92.082942, 35.974507], [-92.084224, 35.968376], [-92.087763, 35.963209], [-92.110181, 35.950807], [-92.113373, 35.938678], [-92.109034, 35.931945], [-92.102321, 35.928203], [-92.092428, 35.926061], [-92.072749, 35.928573], [-92.056321, 35.936198], [-92.046545, 35.944114], [-92.03777, 35.944683], [-92.029779, 35.938851], [-92.026383, 35.921074], [-92.020797, 35.9172], [-92.015524, 35.916232], [-92.006731, 35.918447], [-91.99938, 35.922897], [-91.985619, 35.938081], [-91.977303, 35.940662], [-91.968742, 35.940228], [-91.956459, 35.934422], [-91.93643, 35.912054], [-91.903232, 35.889662], [-91.895953, 35.882507], [-91.884707, 35.88], [-91.862899, 35.881705], [-91.855819, 35.878685], [-91.852773, 35.875073], [-91.849465, 35.867673], [-91.850917, 35.85457], [-91.849917, 35.844255], [-91.854493, 35.833729], [-91.864644, 35.823548], [-91.868825, 35.817182], [-91.871023, 35.809549], [-91.869574, 35.793474], [-91.864849, 35.781529], [-91.864471, 35.76972], [-91.856444, 35.764172], [-91.848209, 35.761193], [-91.836121, 35.748855], [-91.837176, 35.705019], [-92.103588, 35.708847], [-92.418409, 35.716028], [-92.414838, 35.875061], [-92.414726, 35.888914], [-92.417112, 35.888974]]]}}, {"type": "Feature", "properties": {"name": "Polk County", "students": 0}, "geometry": {"type": "Polygon", "coordinates": [[[-94.254662, 34.355792], [-94.256261, 34.269215], [-94.243893, 34.269053], [-94.243788, 34.1925], [-94.313785, 34.190717], [-94.470331, 34.190183], [-94.454436, 34.728945], [-94.316787, 34.726545], [-94.317654, 34.697438], [-94.035236, 34.692917], [-94.035286, 34.683607], [-93.929941, 34.680132], [-93.935435, 34.350233], [-94.254662, 34.355792]]]}}, {"type": "Feature", "properties": {"name": "Independence County", "students": 0}, "geometry": {"type": "Polygon", "coordinates": [[[-91.464678, 35.892549], [-91.198556, 35.890024], [-91.20289, 35.887767], [-91.198963, 35.88641], [-91.19765, 35.884308], [-91.204982, 35.884774], [-91.210977, 35.88314], [-91.204877, 35.873583], [-91.207379, 35.87182], [-91.210381, 35.873369], [-91.212574, 35.881543], [-91.215961, 35.882417], [-91.218501, 35.880754], [-91.214843, 35.873202], [-91.214454, 35.868088], [-91.209658, 35.86272], [-91.212763, 35.858338], [-91.219411, 35.85689], [-91.221644, 35.851698], [-91.217752, 35.849238], [-91.210932, 35.852525], [-91.208468, 35.851126], [-91.208819, 35.849316], [-91.222347, 35.846562], [-91.228516, 35.843445], [-91.231429, 35.836692], [-91.235634, 35.83325], [-91.243985, 35.834856], [-91.248297, 35.833648], [-91.24687, 35.828664], [-91.241184, 35.828694], [-91.232304, 35.824482], [-91.233594, 35.822634], [-91.238472, 35.822939], [-91.239388, 35.821178], [-91.237662, 35.817354], [-91.231198, 35.816325], [-91.230597, 35.813939], [-91.234453, 35.812417], [-91.247039, 35.812574], [-91.254593, 35.807935], [-91.259474, 35.811119], [-91.261164, 35.80397], [-91.249253, 35.803027], [-91.247092, 35.801329], [-91.247774, 35.799041], [-91.258161, 35.796742], [-91.262446, 35.793092], [-91.268644, 35.791623], [-91.271153, 35.788224], [-91.27738, 35.792776], [-91.281032, 35.791962], [-91.282377, 35.789043], [-91.281788, 35.78491], [-91.287469, 35.783029], [-91.288346, 35.780982], [-91.285166, 35.775957], [-91.280817, 35.775774], [-91.280108, 35.774302], [-91.290905, 35.773113], [-91.29208, 35.770559], [-91.289597, 35.767016], [-91.290992, 35.765643], [-91.302669, 35.766912], [-91.312426, 35.765014], [-91.313228, 35.763007], [-91.310264, 35.758753], [-91.310712, 35.756967], [-91.318579, 35.756285], [-91.318126, 35.749193], [-91.325824, 35.747586], [-91.328843, 35.743079], [-91.333403, 35.740159], [-91.332697, 35.737756], [-91.328494, 35.735808], [-91.327604, 35.730865], [-91.328764, 35.727958], [-91.333356, 35.725001], [-91.33234, 35.718224], [-91.340356, 35.71231], [-91.343062, 35.714558], [-91.342551, 35.720252], [-91.346847, 35.720878], [-91.348361, 35.719222], [-91.348465, 35.711965], [-91.35389, 35.709514], [-91.35213, 35.705191], [-91.356157, 35.701849], [-91.355577, 35.695375], [-91.348909, 35.691347], [-91.346902, 35.687636], [-91.347305, 35.679863], [-91.352598, 35.67967], [-91.353342, 35.678427], [-91.347967, 35.673885], [-91.342588, 35.67212], [-91.34714, 35.667086], [-91.346952, 35.66528], [-91.340081, 35.66548], [-91.338074, 35.663932], [-91.337869, 35.660478], [-91.341123, 35.655627], [-91.340249, 35.652296], [-91.331765, 35.649355], [-91.328706, 35.646675], [-91.322912, 35.647521], [-91.323493, 35.641626], [-91.321183, 35.639548], [-91.325494, 35.637094], [-91.337457, 35.639573], [-91.346897, 35.636302], [-91.35974, 35.642249], [-91.368941, 35.639954], [-91.369655, 35.52637], [-91.47507, 35.527203], [-91.745063, 35.534311], [-91.793577, 35.534078], [-91.789645, 35.711784], [-91.794264, 35.711773], [-91.806834, 35.704558], [-91.837176, 35.705019], [-91.836121, 35.748855], [-91.848209, 35.761193], [-91.857411, 35.764681], [-91.864993, 35.770464], [-91.864849, 35.781529], [-91.869392, 35.792511], [-91.870982, 35.810523], [-91.866901, 35.82056], [-91.854493, 35.833729], [-91.850297, 35.84312], [-91.850917, 35.85457], [-91.849456, 35.867301], [-91.753447, 35.942849], [-91.683145, 35.94009], [-91.463132, 35.93685], [-91.464678, 35.892549]]]}}, {"type": "Feature", "properties": {"name": "Lonoke County", "students": 66}, "geometry": {"type": "Polygon", "coordinates": [[[-91.895204, 35.032917], [-91.886268, 35.027857], [-91.88168, 35.027804], [-91.879957, 35.025226], [-91.876612, 35.025131], [-91.875184, 35.02351], [-91.871547, 35.025628], [-91.868797, 35.024053], [-91.858825, 35.026023], [-91.855485, 35.024687], [-91.854168, 35.026258], [-91.852639, 35.024556], [-91.849288, 35.02821], [-91.843322, 35.027028], [-91.840855, 35.029664], [-91.83561, 35.030544], [-91.831968, 35.028342], [-91.827245, 35.031651], [-91.814545, 35.032039], [-91.811262, 35.033528], [-91.811266, 35.030884], [-91.802537, 35.030748], [-91.803703, 34.921524], [-91.693705, 34.919605], [-91.700773, 34.672018], [-91.699743, 34.67318], [-91.698283, 34.671017], [-91.699892, 34.669714], [-91.689063, 34.670235], [-91.687225, 34.665764], [-91.680845, 34.663704], [-91.679244, 34.661639], [-91.675548, 34.663258], [-91.67674, 34.660453], [-91.673878, 34.658074], [-91.669013, 34.657433], [-91.667812, 34.654267], [-91.664002, 34.652567], [-91.664647, 34.649113], [-91.661643, 34.645609], [-91.656104, 34.642771], [-91.6508, 34.643155], [-91.640859, 34.633899], [-91.638474, 34.62572], [-91.640347, 34.619962], [-91.642579, 34.615721], [-91.648262, 34.613005], [-91.647797, 34.609424], [-91.652996, 34.602426], [-91.659496, 34.600289], [-91.662269, 34.585595], [-91.665029, 34.579888], [-91.661962, 34.577355], [-91.65808, 34.57675], [-91.658491, 34.573071], [-91.656105, 34.571426], [-91.656529, 34.569122], [-91.65201, 34.566636], [-91.648328, 34.569824], [-91.636338, 34.566349], [-91.637157, 34.564704], [-91.63341, 34.562075], [-91.634964, 34.555025], [-91.632845, 34.552869], [-91.634418, 34.551245], [-91.63455, 34.546643], [-91.638251, 34.542321], [-91.643052, 34.540354], [-91.648717, 34.533673], [-91.6585, 34.528553], [-91.664983, 34.522308], [-91.667768, 34.521807], [-91.669851, 34.519114], [-91.669032, 34.516475], [-91.675143, 34.513347], [-91.674461, 34.511211], [-91.677635, 34.509033], [-91.676477, 34.507332], [-91.678951, 34.507298], [-91.675677, 34.504328], [-91.678421, 34.499606], [-91.681053, 34.499385], [-91.679339, 34.492408], [-91.683489, 34.492838], [-91.68062, 34.489571], [-91.678065, 34.490046], [-91.680516, 34.486666], [-91.677092, 34.486753], [-91.677935, 34.484193], [-91.674971, 34.483914], [-91.67536, 34.482964], [-91.67822, 34.481913], [-91.81515, 34.484243], [-91.921903, 34.488013], [-92.030254, 34.489539], [-92.029656, 34.621659], [-92.109066, 34.622947], [-92.109895, 34.633702], [-92.108545, 34.645125], [-92.098774, 34.66245], [-92.096364, 34.698889], [-92.092858, 34.704522], [-92.092857, 34.713923], [-92.097422, 34.715697], [-92.097087, 34.721979], [-92.078795, 34.721772], [-92.070806, 35.011561], [-92.12154, 35.012204], [-92.119748, 35.06656], [-92.118082, 35.067362], [-92.115837, 35.066021], [-92.116084, 35.067144], [-92.113731, 35.066502], [-92.113493, 35.067597], [-92.110771, 35.065568], [-92.104616, 35.065586], [-92.104816, 35.068131], [-92.10329, 35.068795], [-92.101223, 35.066665], [-92.099042, 35.067737], [-92.099313, 35.06557], [-92.09605, 35.064215], [-92.094006, 35.064604], [-92.094373, 35.066201], [-92.089054, 35.064782], [-92.087761, 35.066859], [-92.084254, 35.067839], [-92.084408, 35.069278], [-92.080334, 35.06831], [-92.080247, 35.070405], [-92.077067, 35.072018], [-92.077701, 35.073349], [-92.076123, 35.074716], [-92.071559, 35.073916], [-92.068343, 35.075195], [-92.064913, 35.073469], [-92.062338, 35.074414], [-92.062165, 35.072797], [-92.059082, 35.073574], [-92.057748, 35.068658], [-92.055259, 35.069338], [-92.054646, 35.067422], [-92.050178, 35.067065], [-92.048517, 35.068521], [-92.043187, 35.068392], [-92.043433, 35.070471], [-92.035208, 35.073241], [-92.030064, 35.07136], [-92.026303, 35.072743], [-92.025321, 35.071096], [-92.012923, 35.076319], [-92.011353, 35.075909], [-92.012106, 35.074615], [-92.010691, 35.073106], [-92.012175, 35.072209], [-92.00882, 35.071895], [-92.009735, 35.070589], [-92.00643, 35.066101], [-92.003745, 35.06441], [-92.002521, 35.065389], [-92.001469, 35.062279], [-91.9976, 35.063877], [-91.997889, 35.061449], [-91.995758, 35.058974], [-91.991417, 35.061459], [-91.984715, 35.060121], [-91.98024, 35.057949], [-91.982475, 35.05621], [-91.979454, 35.053325], [-91.977534, 35.055111], [-91.976198, 35.053674], [-91.977186, 35.052621], [-91.973325, 35.052831], [-91.973814, 35.051584], [-91.97131, 35.051758], [-91.97017, 35.049592], [-91.967375, 35.051457], [-91.962108, 35.050853], [-91.961915, 35.052284], [-91.960588, 35.049677], [-91.954658, 35.049574], [-91.956366, 35.047825], [-91.955048, 35.045965], [-91.949527, 35.044549], [-91.948761, 35.045867], [-91.944371, 35.046176], [-91.938754, 35.043682], [-91.935716, 35.04629], [-91.930627, 35.04431], [-91.928762, 35.046886], [-91.926944, 35.045299], [-91.92529, 35.045902], [-91.920587, 35.04298], [-91.91921, 35.043594], [-91.918863, 35.039452], [-91.915812, 35.036956], [-91.91229, 35.034889], [-91.908174, 35.034783], [-91.90797, 35.032762], [-91.903994, 35.030695], [-91.90461, 35.02954], [-91.902557, 35.027687], [-91.895204, 35.032917]]]}}, {"type": "Feature", "properties": {"name": "Clark County", "students": 0}, "geometry": {"type": "Polygon", "coordinates": [[[-93.502208, 34.21413], [-93.501506, 34.253701], [-93.480423, 34.253272], [-93.478485, 34.340839], [-93.355795, 34.338698], [-93.356877, 34.280308], [-93.19828, 34.277301], [-93.199498, 34.248062], [-93.090003, 34.24566], [-93.088299, 34.242431], [-93.090744, 34.241327], [-93.090834, 34.237258], [-93.085273, 34.235704], [-93.082404, 34.240131], [-93.079342, 34.239133], [-93.080487, 34.235096], [-93.076919, 34.236257], [-93.063292, 34.235659], [-93.055856, 34.237722], [-93.05168, 34.235323], [-93.045508, 34.236904], [-93.03468, 34.236495], [-93.033151, 34.233817], [-93.033841, 34.229433], [-93.038404, 34.225905], [-93.039462, 34.222805], [-93.037522, 34.221037], [-93.030139, 34.220761], [-93.034187, 34.216095], [-93.026705, 34.21029], [-93.027772, 34.207618], [-93.025833, 34.202211], [-93.03656, 34.194946], [-93.037783, 34.189189], [-93.043101, 34.180267], [-93.04334, 34.167537], [-93.040626, 34.164351], [-93.042036, 34.159481], [-93.038473, 34.15515], [-93.032887, 34.155461], [-93.030318, 34.160449], [-93.027781, 34.161776], [-93.025474, 34.159984], [-92.886136, 34.155699], [-92.89306, 33.983293], [-92.949116, 33.986338], [-92.953515, 33.97724], [-92.957705, 33.97679], [-92.961217, 33.973977], [-92.958771, 33.970361], [-92.951629, 33.969154], [-92.950346, 33.963514], [-92.948343, 33.962275], [-92.945594, 33.9627], [-92.946071, 33.966315], [-92.942786, 33.968658], [-92.938467, 33.968137], [-92.940702, 33.960984], [-92.937181, 33.955082], [-92.938623, 33.949763], [-92.93623, 33.94777], [-92.930364, 33.948728], [-92.92816, 33.946928], [-92.934913, 33.938455], [-92.933738, 33.932357], [-92.925511, 33.929012], [-92.920784, 33.931552], [-92.919326, 33.935985], [-92.913998, 33.933772], [-92.912922, 33.930556], [-92.918591, 33.929119], [-92.920075, 33.926127], [-92.9084, 33.917797], [-92.907019, 33.913613], [-92.911024, 33.913237], [-92.909391, 33.909535], [-92.894963, 33.905775], [-92.893071, 33.903848], [-92.896251, 33.901166], [-92.902445, 33.901084], [-92.909688, 33.898026], [-92.91262, 33.893499], [-92.902807, 33.882349], [-92.903106, 33.879446], [-92.906333, 33.877643], [-92.906471, 33.874699], [-92.900035, 33.867137], [-92.900611, 33.865698], [-92.90448, 33.865539], [-92.905883, 33.862592], [-92.899849, 33.856885], [-92.892808, 33.856551], [-92.889352, 33.858718], [-92.884254, 33.856319], [-92.882213, 33.854137], [-92.880525, 33.847019], [-92.876427, 33.845322], [-92.876495, 33.840863], [-92.878475, 33.837275], [-92.887477, 33.834281], [-92.89327, 33.834373], [-92.893157, 33.831914], [-92.887837, 33.824201], [-92.895036, 33.822858], [-92.899736, 33.816187], [-92.894394, 33.812435], [-92.893646, 33.808653], [-92.896373, 33.806121], [-92.897577, 33.808505], [-92.906945, 33.811935], [-92.912261, 33.815653], [-92.91284, 33.81839], [-92.917878, 33.82164], [-92.920282, 33.819945], [-92.918119, 33.818253], [-92.922471, 33.819047], [-92.92417, 33.815821], [-92.927052, 33.814447], [-92.928, 33.816079], [-92.926162, 33.819738], [-92.929053, 33.822485], [-92.933162, 33.815886], [-92.932132, 33.812747], [-92.939752, 33.81085], [-92.936217, 33.807512], [-92.939448, 33.806975], [-92.940164, 33.799931], [-92.942678, 33.796984], [-92.9447, 33.801156], [-92.950119, 33.796668], [-92.954855, 33.798369], [-92.956281, 33.794031], [-92.958468, 33.795139], [-92.966502, 33.790584], [-92.970253, 33.790791], [-92.969743, 33.787934], [-92.973746, 33.789259], [-92.978784, 33.787469], [-92.981722, 33.788344], [-92.982836, 33.786802], [-92.980447, 33.785356], [-92.98145, 33.783706], [-92.983204, 33.784642], [-92.986712, 33.782758], [-92.989279, 33.783576], [-92.99299, 33.782281], [-92.990542, 33.780721], [-92.992409, 33.777494], [-93.001003, 33.779086], [-93.009026, 33.778551], [-93.012815, 33.774815], [-93.01507, 33.775469], [-93.02273, 33.772634], [-93.026849, 33.774833], [-93.026807, 33.772059], [-93.030448, 33.769853], [-93.034829, 33.773117], [-93.035953, 33.770127], [-93.043368, 33.774557], [-93.041883, 33.777002], [-93.043651, 33.779066], [-93.047904, 33.776453], [-93.051073, 33.776517], [-93.057041, 33.779728], [-93.054508, 33.782645], [-93.062592, 33.78285], [-93.061823, 33.786127], [-93.068211, 33.786105], [-93.068822, 33.788563], [-93.070785, 33.788546], [-93.07515, 33.784547], [-93.077804, 33.786384], [-93.082263, 33.785269], [-93.082232, 33.78302], [-93.078693, 33.782102], [-93.086807, 33.776241], [-93.0902, 33.777863], [-93.093649, 33.77644], [-93.103329, 33.776741], [-93.112125, 33.779039], [-93.112705, 33.780084], [-93.110401, 33.781408], [-93.115539, 33.78667], [-93.12859, 33.792763], [-93.127069, 33.796049], [-93.127884, 33.798793], [-93.133929, 33.809608], [-93.136912, 33.810442], [-93.14082, 33.815814], [-93.143752, 33.813561], [-93.15033, 33.813036], [-93.149856, 33.811696], [-93.147066, 33.811976], [-93.146433, 33.809392], [-93.155538, 33.809862], [-93.156535, 33.813746], [-93.160833, 33.80868], [-93.167782, 33.80408], [-93.168771, 33.80676], [-93.174357, 33.80675], [-93.174079, 33.804048], [-93.179514, 33.800258], [-93.18571, 33.804167], [-93.18403, 33.807029], [-93.186305, 33.808484], [-93.18467, 33.8098], [-93.188161, 33.81041], [-93.186804, 33.813119], [-93.189777, 33.813687], [-93.19186, 33.812137], [-93.190507, 33.815094], [-93.194694, 33.815873], [-93.194951, 33.818988], [-93.200487, 33.817261], [-93.199033, 33.820487], [-93.204223, 33.820088], [-93.20821, 33.822873], [-93.209646, 33.822469], [-93.208379, 33.819882], [-93.210006, 33.818714], [-93.210735, 33.821155], [-93.213809, 33.82229], [-93.214683, 33.826267], [-93.217206, 33.821661], [-93.21935, 33.821624], [-93.220298, 33.822977], [-93.218161, 33.824615], [-93.217962, 33.827259], [-93.218936, 33.828756], [-93.223804, 33.828355], [-93.226514, 33.830637], [-93.225265, 33.82739], [-93.22835, 33.825485], [-93.229862, 33.829627], [-93.23181, 33.829341], [-93.232662, 33.826392], [-93.2353, 33.827078], [-93.234141, 33.830427], [-93.235633, 33.83142], [-93.237145, 33.829746], [-93.241436, 33.829181], [-93.239101, 33.826361], [-93.24099, 33.824195], [-93.243716, 33.829408], [-93.248779, 33.830234], [-93.257832, 33.82864], [-93.259996, 33.832035], [-93.264672, 33.832425], [-93.265494, 33.835057], [-93.260509, 33.835911], [-93.260906, 33.83765], [-93.266686, 33.83923], [-93.276303, 33.835321], [-93.277501, 33.837125], [-93.27444, 33.839475], [-93.274614, 33.841133], [-93.278096, 33.840688], [-93.283819, 33.844013], [-93.289607, 33.844084], [-93.298165, 33.855554], [-93.296692, 33.859702], [-93.303765, 33.868948], [-93.305023, 33.87354], [-93.304086, 33.87799], [-93.307519, 33.881532], [-93.304461, 33.882481], [-93.303697, 33.884864], [-93.298352, 33.886314], [-93.298461, 33.891737], [-93.301405, 33.896973], [-93.311718, 33.903864], [-93.310978, 33.905738], [-93.312572, 33.90672], [-93.317988, 33.90567], [-93.322193, 33.907588], [-93.323532, 33.910342], [-93.3208, 33.91229], [-93.320763, 33.914159], [-93.325176, 33.917882], [-93.33795, 33.916279], [-93.336313, 33.920261], [-93.339536, 33.923581], [-93.34201, 33.930275], [-93.339533, 33.933541], [-93.342067, 33.936219], [-93.345366, 33.93679], [-93.346019, 33.934268], [-93.350881, 33.933916], [-93.356127, 33.939699], [-93.356048, 33.945592], [-93.358309, 33.948053], [-93.360786, 33.948119], [-93.358914, 33.946048], [-93.362437, 33.944982], [-93.368226, 33.948909], [-93.367137, 33.952462], [-93.373654, 33.951246], [-93.370447, 33.953311], [-93.372843, 33.954604], [-93.373995, 33.958267], [-93.370204, 33.960661], [-93.371847, 33.96157], [-93.373805, 33.959799], [-93.37542, 33.960311], [-93.376993, 33.962562], [-93.372013, 33.96311], [-93.371902, 33.964864], [-93.376827, 33.964981], [-93.376316, 33.969138], [-93.378339, 33.970578], [-93.37579, 33.971389], [-93.38115, 33.973718], [-93.376059, 33.977016], [-93.378618, 33.976133], [-93.379865, 33.979307], [-93.378895, 33.981996], [-93.381646, 33.982267], [-93.379142, 33.986648], [-93.385739, 33.995767], [-93.390018, 33.995221], [-93.388908, 33.997979], [-93.392287, 33.998004], [-93.391863, 34.000812], [-93.393938, 34.002418], [-93.404849, 34.004629], [-93.402708, 34.008683], [-93.400292, 34.009501], [-93.400316, 34.01147], [-93.401779, 34.01302], [-93.403814, 34.01186], [-93.408918, 34.012854], [-93.407476, 34.019941], [-93.408513, 34.025357], [-93.414097, 34.03564], [-93.434386, 34.049999], [-93.434827, 34.052705], [-93.432351, 34.056516], [-93.435703, 34.063332], [-93.435069, 34.07049], [-93.444106, 34.079811], [-93.440291, 34.085308], [-93.442544, 34.09252], [-93.442031, 34.101695], [-93.444335, 34.107867], [-93.441733, 34.111612], [-93.44482, 34.114381], [-93.441479, 34.120375], [-93.450468, 34.121972], [-93.452368, 34.125078], [-93.45177, 34.126775], [-93.44387, 34.130096], [-93.447669, 34.132407], [-93.457143, 34.130472], [-93.454812, 34.135985], [-93.459755, 34.143113], [-93.457269, 34.143911], [-93.455532, 34.139954], [-93.45242, 34.13949], [-93.44907, 34.146395], [-93.443687, 34.147037], [-93.449367, 34.152761], [-93.453729, 34.153544], [-93.456413, 34.163192], [-93.454133, 34.168089], [-93.454681, 34.173051], [-93.447305, 34.174121], [-93.454831, 34.177206], [-93.44846, 34.180243], [-93.460373, 34.190354], [-93.453769, 34.196498], [-93.449253, 34.198094], [-93.447606, 34.202923], [-93.44242, 34.206261], [-93.44302, 34.20842], [-93.448376, 34.20742], [-93.450226, 34.205206], [-93.458231, 34.212292], [-93.461694, 34.20581], [-93.463508, 34.20507], [-93.467337, 34.207347], [-93.470947, 34.206882], [-93.477838, 34.209475], [-93.487818, 34.209405], [-93.489849, 34.207697], [-93.491496, 34.209552], [-93.489438, 34.211909], [-93.502208, 34.21413]]]}}, {"type": "Feature", "properties": {"name": "Fulton County", "students": 0}, "geometry": {"type": "Polygon", "coordinates": [[[-92.150285, 36.498661], [-91.602277, 36.499556], [-91.450019, 36.497672], [-91.45241, 36.451947], [-91.454363, 36.335535], [-91.565898, 36.337408], [-91.566061, 36.249961], [-91.641554, 36.252709], [-91.961324, 36.256772], [-92.159196, 36.261278], [-92.150636, 36.435794], [-92.151689, 36.443303], [-92.150285, 36.498661]]]}}, {"type": "Feature", "properties": {"name": "Logan County", "students": 56}, "geometry": {"type": "Polygon", "coordinates": [[[-93.706843, 35.134886], [-93.709061, 35.046787], [-93.704412, 35.046624], [-93.704962, 35.019716], [-94.074449, 35.026432], [-94.07353, 35.054183], [-94.141765, 35.055685], [-94.139339, 35.143521], [-94.031236, 35.140908], [-94.02814, 35.231271], [-93.920157, 35.229585], [-93.917127, 35.319046], [-93.810086, 35.313031], [-93.806947, 35.424174], [-93.800253, 35.409471], [-93.79064, 35.397481], [-93.779237, 35.388352], [-93.761079, 35.378146], [-93.755169, 35.367349], [-93.747937, 35.364631], [-93.731732, 35.369799], [-93.718467, 35.369361], [-93.713834, 35.374141], [-93.710043, 35.375237], [-93.699162, 35.374134], [-93.689073, 35.377], [-93.681471, 35.383334], [-93.676293, 35.396976], [-93.66915, 35.40428], [-93.662482, 35.403226], [-93.647907, 35.390382], [-93.637491, 35.387153], [-93.626757, 35.381248], [-93.619758, 35.379744], [-93.608674, 35.38039], [-93.578881, 35.386194], [-93.562369, 35.391609], [-93.554773, 35.396369], [-93.542407, 35.408219], [-93.534009, 35.411336], [-93.520455, 35.410637], [-93.504387, 35.397319], [-93.494872, 35.395841], [-93.477268, 35.407223], [-93.452442, 35.427712], [-93.445993, 35.429886], [-93.436941, 35.429464], [-93.427337, 35.425149], [-93.423334, 35.419667], [-93.427039, 35.393294], [-93.415463, 35.362671], [-93.396876, 35.346576], [-93.401875, 35.343198], [-93.410445, 35.340623], [-93.414588, 35.341409], [-93.422331, 35.337245], [-93.422734, 35.332314], [-93.42037, 35.327729], [-93.417966, 35.326584], [-93.410498, 35.327379], [-93.386978, 35.331376], [-93.371777, 35.330557], [-93.34251, 35.33798], [-93.329463, 35.339505], [-93.29368, 35.32454], [-93.278215, 35.312436], [-93.279929, 35.212556], [-93.456977, 35.215908], [-93.45707, 35.208627], [-93.474545, 35.209793], [-93.474773, 35.201648], [-93.483907, 35.201894], [-93.484109, 35.180602], [-93.493862, 35.180836], [-93.493932, 35.173936], [-93.510998, 35.17421], [-93.511321, 35.159717], [-93.529139, 35.159989], [-93.529736, 35.145502], [-93.662882, 35.148223], [-93.663263, 35.133835], [-93.706843, 35.134886]]]}}, {"type": "Feature", "properties": {"name": "Miller County", "students": 0}, "geometry": {"type": "Polygon", "coordinates": [[[-93.838333, 33.148517], [-93.845209, 33.145003], [-93.848146, 33.141515], [-93.847817, 33.125362], [-93.856159, 33.113855], [-93.854137, 33.104207], [-93.863322, 33.098852], [-93.864218, 33.096637], [-93.853517, 33.086011], [-93.837044, 33.077391], [-93.836008, 33.071286], [-93.840491, 33.057137], [-93.832632, 33.05291], [-93.818681, 33.049129], [-93.817523, 33.046351], [-93.818694, 33.041782], [-93.825917, 33.036569], [-93.827751, 33.033225], [-93.822892, 33.029736], [-93.808158, 33.027065], [-93.806311, 33.023756], [-93.807236, 33.019255], [-94.043015, 33.019262], [-94.043316, 33.55222], [-94.022734, 33.556851], [-94.008878, 33.565347], [-94.000686, 33.564534], [-93.99582, 33.561089], [-93.994231, 33.557952], [-93.998079, 33.544608], [-93.990692, 33.536099], [-93.984422, 33.535006], [-93.978157, 33.540963], [-93.973344, 33.554384], [-93.976366, 33.560063], [-93.983666, 33.563411], [-93.982412, 33.568002], [-93.979319, 33.570422], [-93.972696, 33.572904], [-93.963957, 33.572532], [-93.959643, 33.567998], [-93.95815, 33.553013], [-93.953261, 33.550152], [-93.947196, 33.550822], [-93.943479, 33.552962], [-93.941482, 33.563617], [-93.935729, 33.575639], [-93.931473, 33.58009], [-93.925839, 33.58125], [-93.918863, 33.579582], [-93.910077, 33.569338], [-93.903177, 33.5709], [-93.902167, 33.575968], [-93.904404, 33.579625], [-93.91418, 33.584233], [-93.916351, 33.587548], [-93.916126, 33.589144], [-93.905748, 33.595273], [-93.900737, 33.593356], [-93.897998, 33.590234], [-93.897422, 33.585624], [-93.899665, 33.581212], [-93.897964, 33.580085], [-93.879728, 33.590679], [-93.873965, 33.598201], [-93.872011, 33.604077], [-93.863641, 33.609982], [-93.854286, 33.609511], [-93.836829, 33.603103], [-93.831176, 33.602984], [-93.825509, 33.606904], [-93.825878, 33.609891], [-93.823997, 33.61242], [-93.819845, 33.614], [-93.813486, 33.606791], [-93.812494, 33.597858], [-93.81521, 33.589224], [-93.827429, 33.576091], [-93.827763, 33.573822], [-93.826439, 33.570868], [-93.822108, 33.569006], [-93.805505, 33.567998], [-93.800404, 33.564106], [-93.800178, 33.559063], [-93.809303, 33.54869], [-93.809222, 33.544871], [-93.805431, 33.541706], [-93.798914, 33.54156], [-93.794533, 33.545885], [-93.788811, 33.55607], [-93.786164, 33.557329], [-93.783688, 33.555967], [-93.781792, 33.552524], [-93.783113, 33.548221], [-93.795674, 33.540841], [-93.797605, 33.535625], [-93.795091, 33.531529], [-93.785104, 33.52792], [-93.777714, 33.529058], [-93.77113, 33.533176], [-93.768981, 33.532131], [-93.76962, 33.526859], [-93.777396, 33.524957], [-93.780343, 33.520673], [-93.773621, 33.509891], [-93.772085, 33.498602], [-93.76056, 33.498976], [-93.755974, 33.502196], [-93.755334, 33.505385], [-93.762573, 33.510733], [-93.764652, 33.514382], [-93.763444, 33.518858], [-93.747718, 33.534336], [-93.744167, 33.533146], [-93.741896, 33.527561], [-93.748991, 33.516031], [-93.748925, 33.512416], [-93.740689, 33.505179], [-93.734451, 33.493574], [-93.719846, 33.481789], [-93.720996, 33.478446], [-93.731567, 33.470871], [-93.736969, 33.458898], [-93.73574, 33.45434], [-93.726317, 33.448136], [-93.726356, 33.444656], [-93.731499, 33.442828], [-93.742437, 33.445366], [-93.74476, 33.44458], [-93.746409, 33.441611], [-93.736261, 33.427062], [-93.730583, 33.428993], [-93.721107, 33.440702], [-93.716882, 33.440751], [-93.71414, 33.438069], [-93.713955, 33.43349], [-93.715608, 33.430761], [-93.730237, 33.425019], [-93.732297, 33.422727], [-93.731975, 33.419809], [-93.719662, 33.410207], [-93.717071, 33.406195], [-93.715046, 33.397602], [-93.701381, 33.390857], [-93.699096, 33.38775], [-93.704312, 33.384449], [-93.719425, 33.386521], [-93.722936, 33.383983], [-93.723225, 33.381596], [-93.716053, 33.373472], [-93.705964, 33.372283], [-93.6997, 33.375447], [-93.695318, 33.385727], [-93.686685, 33.388651], [-93.671791, 33.377768], [-93.673635, 33.37516], [-93.680356, 33.372368], [-93.689099, 33.374058], [-93.697929, 33.370473], [-93.698226, 33.363883], [-93.700553, 33.35905], [-93.708158, 33.353333], [-93.708851, 33.342578], [-93.705253, 33.339197], [-93.690916, 33.340582], [-93.679552, 33.338733], [-93.665981, 33.332446], [-93.664906, 33.329721], [-93.666794, 33.325257], [-93.671375, 33.3219], [-93.686473, 33.320923], [-93.692684, 33.317284], [-93.686657, 33.304376], [-93.6865, 33.296502], [-93.688734, 33.289692], [-93.689925, 33.27702], [-93.706309, 33.278267], [-93.720788, 33.288256], [-93.728714, 33.280822], [-93.729564, 33.275547], [-93.726929, 33.270666], [-93.709626, 33.259256], [-93.708263, 33.253727], [-93.713491, 33.244098], [-93.726556, 33.234784], [-93.728803, 33.227072], [-93.725733, 33.223132], [-93.722914, 33.222067], [-93.71634, 33.223482], [-93.705243, 33.228881], [-93.701081, 33.229498], [-93.699839, 33.227627], [-93.700987, 33.22539], [-93.710346, 33.220452], [-93.726205, 33.215096], [-93.734718, 33.208771], [-93.739676, 33.201437], [-93.736906, 33.195606], [-93.725993, 33.188526], [-93.728029, 33.184285], [-93.735785, 33.181783], [-93.755017, 33.180782], [-93.758245, 33.177958], [-93.758359, 33.170857], [-93.756061, 33.167679], [-93.752946, 33.166374], [-93.742158, 33.167408], [-93.737076, 33.166322], [-93.733864, 33.16217], [-93.734597, 33.156857], [-93.741777, 33.154564], [-93.749349, 33.157825], [-93.754329, 33.163212], [-93.759675, 33.165937], [-93.771726, 33.166636], [-93.773949, 33.165215], [-93.776997, 33.158257], [-93.773215, 33.14135], [-93.775341, 33.13945], [-93.782136, 33.142427], [-93.785966, 33.146703], [-93.786063, 33.154707], [-93.78819, 33.159465], [-93.792554, 33.162137], [-93.799771, 33.162501], [-93.807205, 33.158388], [-93.810683, 33.154583], [-93.811993, 33.137687], [-93.814588, 33.135843], [-93.823077, 33.138074], [-93.831421, 33.148094], [-93.838333, 33.148517]]]}}, {"type": "Feature", "properties": {"name": "Arkansas County", "students": 105}, "geometry": {"type": "Polygon", "coordinates": [[[-91.594429, 34.56805], [-91.291609, 34.561762], [-91.294144, 34.551125], [-91.293183, 34.545201], [-91.301221, 34.536418], [-91.300458, 34.53288], [-91.292057, 34.529654], [-91.279346, 34.530879], [-91.271531, 34.527547], [-91.261095, 34.526668], [-91.261107, 34.514003], [-91.266787, 34.504829], [-91.263721, 34.501956], [-91.255646, 34.503552], [-91.251788, 34.502252], [-91.250945, 34.49958], [-91.255162, 34.4925], [-91.252093, 34.487669], [-91.240423, 34.487488], [-91.232388, 34.480675], [-91.228808, 34.47944], [-91.222752, 34.480777], [-91.217791, 34.487108], [-91.214806, 34.486864], [-91.209198, 34.483095], [-91.209074, 34.48089], [-91.214037, 34.476151], [-91.216995, 34.468264], [-91.222667, 34.46385], [-91.220881, 34.460462], [-91.212287, 34.460423], [-91.206381, 34.45528], [-91.207258, 34.452275], [-91.209632, 34.450628], [-91.217726, 34.453978], [-91.220254, 34.453578], [-91.217618, 34.442324], [-91.213621, 34.441667], [-91.202921, 34.445509], [-91.191029, 34.439874], [-91.187301, 34.44225], [-91.181096, 34.451007], [-91.175658, 34.45125], [-91.173316, 34.444122], [-91.16961, 34.439985], [-91.170065, 34.433629], [-91.168205, 34.433179], [-91.164659, 34.435671], [-91.160887, 34.43499], [-91.158905, 34.426128], [-91.153243, 34.421157], [-91.155746, 34.417575], [-91.165425, 34.418323], [-91.166779, 34.416249], [-91.166207, 34.412771], [-91.156849, 34.408555], [-91.149956, 34.402303], [-91.145822, 34.401474], [-91.138743, 34.402855], [-91.136033, 34.401568], [-91.135593, 34.394549], [-91.129633, 34.385636], [-91.130466, 34.380665], [-91.125117, 34.377829], [-91.116604, 34.369559], [-91.104894, 34.364989], [-91.105081, 34.361228], [-91.109475, 34.356854], [-91.108559, 34.354055], [-91.09657, 34.351151], [-91.092238, 34.343637], [-91.087022, 34.345696], [-91.082026, 34.344974], [-91.078276, 34.34835], [-91.075925, 34.343541], [-91.069231, 34.338552], [-91.063064, 34.336573], [-91.058106, 34.337555], [-91.053826, 34.334017], [-91.053319, 34.331756], [-91.05654, 34.326599], [-91.054445, 34.322434], [-91.064334, 34.319462], [-91.062899, 34.317647], [-91.055629, 34.318268], [-91.052252, 34.314341], [-91.052775, 34.311084], [-91.054865, 34.309494], [-91.062718, 34.312217], [-91.06486, 34.311076], [-91.060686, 34.30511], [-91.061494, 34.297686], [-91.058448, 34.292018], [-91.058508, 34.288977], [-91.061038, 34.287049], [-91.064831, 34.287907], [-91.066077, 34.289911], [-91.065095, 34.29612], [-91.067527, 34.298092], [-91.070672, 34.297975], [-91.073371, 34.29496], [-91.073702, 34.287078], [-91.077949, 34.282296], [-91.073504, 34.278759], [-91.075169, 34.26765], [-91.072631, 34.265529], [-91.064547, 34.264936], [-91.068581, 34.260324], [-91.062622, 34.255563], [-91.068826, 34.250062], [-91.073295, 34.249631], [-91.077794, 34.252403], [-91.079039, 34.249069], [-91.074604, 34.243322], [-91.065825, 34.239463], [-91.067386, 34.232325], [-91.066678, 34.224599], [-91.060725, 34.218679], [-91.060626, 34.216766], [-91.06915, 34.212205], [-91.070451, 34.201384], [-91.072674, 34.19844], [-91.078635, 34.196703], [-91.086892, 34.202208], [-91.094322, 34.188303], [-91.093462, 34.185428], [-91.086994, 34.180946], [-91.093755, 34.177713], [-91.09402, 34.175165], [-91.087728, 34.170187], [-91.083177, 34.161235], [-91.083984, 34.158977], [-91.090011, 34.156468], [-91.090269, 34.154145], [-91.084706, 34.146377], [-91.078522, 34.144072], [-91.084672, 34.141006], [-91.095684, 34.140803], [-91.098427, 34.138102], [-91.098471, 34.131645], [-91.100093, 34.129375], [-91.10296, 34.129247], [-91.107697, 34.132232], [-91.110806, 34.131191], [-91.113369, 34.125049], [-91.117148, 34.121677], [-91.123643, 34.106333], [-91.13151, 34.106633], [-91.138691, 34.110989], [-91.142404, 34.111301], [-91.14394, 34.105486], [-91.141264, 34.101657], [-91.145047, 34.101469], [-91.148639, 34.104318], [-91.150784, 34.103284], [-91.148695, 34.099975], [-91.147883, 34.089073], [-91.150194, 34.085183], [-91.157914, 34.085904], [-91.163606, 34.092849], [-91.168494, 34.094253], [-91.17437, 34.088493], [-91.185989, 34.081546], [-91.186767, 34.078875], [-91.183284, 34.074203], [-91.18361, 34.072575], [-91.185968, 34.071782], [-91.191919, 34.073465], [-91.194263, 34.071993], [-91.187767, 34.06236], [-91.196559, 34.051493], [-91.19481, 34.034472], [-91.184588, 34.030167], [-91.183303, 34.025866], [-91.185122, 34.020563], [-91.184368, 34.017529], [-91.171738, 34.015653], [-91.165222, 34.009838], [-91.156547, 33.99202], [-91.159239, 33.982568], [-91.158812, 33.978992], [-91.155755, 33.976354], [-91.146534, 33.973772], [-91.142153, 33.966521], [-91.135543, 33.961752], [-91.136795, 33.957429], [-91.139182, 33.955484], [-91.149075, 33.955132], [-91.152195, 33.953084], [-91.150946, 33.950955], [-91.143095, 33.948898], [-91.140721, 33.946609], [-91.14291, 33.944346], [-91.149059, 33.943356], [-91.151496, 33.937346], [-91.137695, 33.929738], [-91.137071, 33.926124], [-91.154447, 33.930157], [-91.160446, 33.927211], [-91.163468, 33.921503], [-91.167683, 33.921468], [-91.171849, 33.923556], [-91.174141, 33.926831], [-91.173587, 33.931166], [-91.16166, 33.944109], [-91.164339, 33.95354], [-91.170696, 33.958822], [-91.178479, 33.958846], [-91.197319, 33.953213], [-91.217132, 33.954197], [-91.223156, 33.950274], [-91.228194, 33.94106], [-91.232941, 33.940552], [-91.237838, 33.944336], [-91.239541, 33.94866], [-91.236794, 33.958286], [-91.2307, 33.964145], [-91.2306, 33.978108], [-91.239438, 33.97376], [-91.251136, 33.957193], [-91.256578, 33.955881], [-91.262904, 33.957029], [-91.265814, 33.947242], [-91.268231, 33.942738], [-91.270833, 33.941486], [-91.275132, 33.94208], [-91.280209, 33.94521], [-91.290821, 33.955617], [-91.291909, 33.95852], [-91.290623, 33.968692], [-91.311775, 33.95939], [-91.332446, 33.958001], [-91.347754, 33.954867], [-91.352532, 33.956452], [-91.356659, 33.959839], [-91.357398, 33.963588], [-91.34765, 33.971254], [-91.337686, 33.97354], [-91.33183, 33.969033], [-91.323344, 33.966662], [-91.316507, 33.969518], [-91.31243, 33.973942], [-91.311131, 33.982864], [-91.318219, 34.000059], [-91.318373, 34.003975], [-91.322048, 34.009935], [-91.326461, 34.014526], [-91.331598, 34.016635], [-91.337692, 34.016269], [-91.340202, 34.013224], [-91.339303, 34.009029], [-91.331525, 34.001842], [-91.328038, 33.995556], [-91.325952, 33.988532], [-91.32829, 33.984684], [-91.33286, 33.983308], [-91.337136, 33.983978], [-91.345696, 33.999311], [-91.3499, 34.003254], [-91.354843, 34.004728], [-91.361545, 34.001529], [-91.370711, 33.984367], [-91.376683, 33.980535], [-91.384467, 33.979099], [-91.394217, 33.983663], [-91.407556, 34.002544], [-91.433361, 34.019535], [-91.438688, 34.030431], [-91.433615, 34.047402], [-91.433907, 34.063707], [-91.436916, 34.072589], [-91.445074, 34.080577], [-91.440066, 34.081437], [-91.431497, 34.087737], [-91.434957, 34.089393], [-91.43921, 34.088924], [-91.440991, 34.087164], [-91.442457, 34.087961], [-91.441741, 34.090888], [-91.439465, 34.092427], [-91.440081, 34.094879], [-91.438031, 34.09657], [-91.440568, 34.098046], [-91.440301, 34.10183], [-91.442119, 34.103166], [-91.439709, 34.105428], [-91.442594, 34.111117], [-91.441994, 34.113], [-91.446975, 34.112225], [-91.447092, 34.113481], [-91.444657, 34.113742], [-91.444169, 34.116938], [-91.448234, 34.120936], [-91.446375, 34.122399], [-91.446757, 34.124854], [-91.444578, 34.123641], [-91.442817, 34.125985], [-91.446971, 34.129947], [-91.450678, 34.128049], [-91.452425, 34.134208], [-91.46308, 34.135681], [-91.476321, 34.135372], [-91.480726, 34.131137], [-91.484253, 34.131388], [-91.485912, 34.129419], [-91.492944, 34.12718], [-91.49679, 34.130623], [-91.494492, 34.14775], [-91.496469, 34.149993], [-91.502807, 34.148906], [-91.506515, 34.145881], [-91.507105, 34.143031], [-91.512935, 34.142035], [-91.515422, 34.143092], [-91.513744, 34.14961], [-91.514973, 34.156648], [-91.520804, 34.163681], [-91.518747, 34.168389], [-91.514693, 34.171919], [-91.519035, 34.174567], [-91.520457, 34.178031], [-91.52386, 34.178806], [-91.52333, 34.18159], [-91.527396, 34.183323], [-91.525517, 34.186871], [-91.526102, 34.189125], [-91.523541, 34.191421], [-91.525953, 34.197631], [-91.530697, 34.202236], [-91.527756, 34.208811], [-91.528303, 34.214993], [-91.53029, 34.218157], [-91.534215, 34.219533], [-91.535965, 34.22275], [-91.54108, 34.224704], [-91.550597, 34.22246], [-91.55638, 34.225525], [-91.561798, 34.225411], [-91.562776, 34.223414], [-91.564788, 34.225094], [-91.568105, 34.22339], [-91.576504, 34.223431], [-91.576857, 34.220927], [-91.582545, 34.217692], [-91.579515, 34.215366], [-91.585387, 34.214458], [-91.587912, 34.216079], [-91.589691, 34.212318], [-91.594818, 34.21222], [-91.597199, 34.216737], [-91.592292, 34.226998], [-91.5928, 34.228685], [-91.599161, 34.228788], [-91.599107, 34.231477], [-91.616737, 34.23059], [-91.711675, 34.233864], [-91.70525, 34.482731], [-91.625129, 34.479639], [-91.595583, 34.480527], [-91.594429, 34.56805]]]}}, {"type": "Feature", "properties": {"name": "Carroll County", "students": 262}, "geometry": {"type": "Polygon", "coordinates": [[[-93.890382, 36.378262], [-93.886334, 36.382996], [-93.881169, 36.385123], [-93.883512, 36.390504], [-93.878795, 36.388205], [-93.881317, 36.391459], [-93.884283, 36.392098], [-93.882192, 36.394135], [-93.872375, 36.393438], [-93.871868, 36.391404], [-93.873866, 36.389585], [-93.871255, 36.387406], [-93.872678, 36.384281], [-93.866702, 36.386326], [-93.869062, 36.388574], [-93.866945, 36.393592], [-93.866689, 36.498735], [-93.293174, 36.498433], [-93.294075, 36.496261], [-93.298658, 36.497022], [-93.298621, 36.49381], [-93.294976, 36.488879], [-93.3023, 36.482633], [-93.301271, 36.48145], [-93.296049, 36.481635], [-93.29573, 36.427769], [-93.30082, 36.12155], [-93.551135, 36.126271], [-93.550751, 36.154985], [-93.585524, 36.15567], [-93.584878, 36.185674], [-93.611684, 36.186555], [-93.611239, 36.201081], [-93.620058, 36.201248], [-93.618299, 36.258939], [-93.627189, 36.259641], [-93.636353, 36.267623], [-93.641674, 36.267315], [-93.630958, 36.277912], [-93.636163, 36.279493], [-93.639773, 36.283222], [-93.641485, 36.282609], [-93.643259, 36.277927], [-93.648236, 36.282745], [-93.650768, 36.281213], [-93.652183, 36.276849], [-93.663155, 36.275317], [-93.663913, 36.284335], [-93.657957, 36.285361], [-93.656687, 36.287134], [-93.660222, 36.294476], [-93.654713, 36.298119], [-93.657512, 36.303016], [-93.815074, 36.306482], [-93.814885, 36.312947], [-93.819736, 36.312383], [-93.82154, 36.308988], [-93.827098, 36.31216], [-93.83272, 36.312943], [-93.833067, 36.323182], [-93.835216, 36.322206], [-93.835423, 36.323595], [-93.840641, 36.324333], [-93.843604, 36.321961], [-93.841998, 36.324995], [-93.849588, 36.330648], [-93.851795, 36.329406], [-93.853595, 36.324698], [-93.852479, 36.323482], [-93.854474, 36.3238], [-93.856194, 36.321874], [-93.856633, 36.319297], [-93.855003, 36.317272], [-93.858698, 36.3216], [-93.857102, 36.321435], [-93.854972, 36.324076], [-93.85319, 36.329934], [-93.855095, 36.330891], [-93.853081, 36.331269], [-93.852837, 36.334125], [-93.856056, 36.336829], [-93.862424, 36.334214], [-93.860578, 36.337872], [-93.862297, 36.339421], [-93.868081, 36.335991], [-93.866846, 36.340897], [-93.864683, 36.341867], [-93.867801, 36.343313], [-93.864609, 36.344867], [-93.866961, 36.348579], [-93.865608, 36.355669], [-93.867254, 36.357399], [-93.866958, 36.376575], [-93.869552, 36.37738], [-93.868043, 36.372866], [-93.871673, 36.372469], [-93.873063, 36.370244], [-93.874773, 36.373942], [-93.877727, 36.368343], [-93.878899, 36.370218], [-93.880677, 36.368978], [-93.881471, 36.371488], [-93.875694, 36.37821], [-93.875625, 36.379462], [-93.878417, 36.377563], [-93.879774, 36.379144], [-93.885099, 36.372244], [-93.889007, 36.374987], [-93.887078, 36.377855], [-93.890382, 36.378262]]]}}, {"type": "Feature", "properties": {"name": "Van Buren County", "students": 95}, "geometry": {"type": "Polygon", "coordinates": [[[-92.629837, 35.790823], [-92.416846, 35.788632], [-92.418409, 35.716028], [-92.2408, 35.712124], [-92.244764, 35.537878], [-92.248492, 35.537922], [-92.252843, 35.36365], [-92.481468, 35.368417], [-92.479558, 35.455553], [-92.850951, 35.462959], [-92.849277, 35.549474], [-92.813462, 35.548917], [-92.809745, 35.722417], [-92.63143, 35.718381], [-92.629837, 35.790823]]]}}, {"type": "Feature", "properties": {"name": "Johnson County", "students": 0}, "geometry": {"type": "Polygon", "coordinates": [[[-93.295882, 35.469666], [-93.298903, 35.327125], [-93.322818, 35.337724], [-93.331145, 35.339607], [-93.371777, 35.330557], [-93.386978, 35.331376], [-93.410498, 35.327379], [-93.417966, 35.326584], [-93.42037, 35.327729], [-93.422734, 35.332314], [-93.422331, 35.337245], [-93.414588, 35.341409], [-93.410445, 35.340623], [-93.401875, 35.343198], [-93.396876, 35.346576], [-93.415138, 35.362096], [-93.42698, 35.393062], [-93.423156, 35.417034], [-93.423854, 35.42104], [-93.430146, 35.426917], [-93.439762, 35.429935], [-93.447249, 35.429673], [-93.45328, 35.427198], [-93.47953, 35.405524], [-93.495617, 35.395663], [-93.504652, 35.397475], [-93.520455, 35.410637], [-93.534009, 35.411336], [-93.542407, 35.408219], [-93.554773, 35.396369], [-93.564196, 35.390897], [-93.595042, 35.382685], [-93.619758, 35.379744], [-93.625772, 35.380865], [-93.637491, 35.387153], [-93.647907, 35.390382], [-93.660059, 35.401443], [-93.666836, 35.40466], [-93.673569, 35.401055], [-93.681471, 35.383334], [-93.687934, 35.377664], [-93.699162, 35.374134], [-93.710043, 35.37521], [-93.695856, 35.76862], [-93.519185, 35.763487], [-93.519643, 35.734464], [-93.379082, 35.73066], [-93.164451, 35.728873], [-93.167825, 35.597822], [-93.221295, 35.599058], [-93.223821, 35.468685], [-93.295882, 35.469666]]]}}, {"type": "Feature", "properties": {"name": "Searcy County", "students": 38}, "geometry": {"type": "Polygon", "coordinates": [[[-92.629837, 35.790823], [-92.63143, 35.718381], [-92.951373, 35.724635], [-92.949491, 35.812995], [-92.946467, 35.812943], [-92.938469, 36.071665], [-92.945496, 36.071674], [-92.94463, 36.115253], [-92.83691, 36.113795], [-92.837821, 36.070125], [-92.411502, 36.062756], [-92.417112, 35.888974], [-92.414726, 35.888914], [-92.416846, 35.788632], [-92.629837, 35.790823]]]}}, {"type": "Feature", "properties": {"name": "Garland County", "students": 113}, "geometry": {"type": "Polygon", "coordinates": [[[-92.915064, 34.506132], [-92.913462, 34.448361], [-92.947826, 34.449001], [-92.946789, 34.418609], [-92.948085, 34.389172], [-93.407203, 34.397447], [-93.402245, 34.685231], [-93.393946, 34.685219], [-93.394487, 34.77242], [-93.318289, 34.773401], [-93.270028, 34.771959], [-92.969317, 34.772263], [-92.969754, 34.684769], [-92.979054, 34.684886], [-92.979978, 34.637249], [-92.875394, 34.635196], [-92.876916, 34.59117], [-92.808028, 34.590406], [-92.808952, 34.562248], [-92.791498, 34.561985], [-92.793189, 34.503573], [-92.915064, 34.506132]]]}}, {"type": "Feature", "properties": {"name": "Sevier County", "students": 66}, "geometry": {"type": "Polygon", "coordinates": [[[-94.477397, 33.940903], [-94.470331, 34.190183], [-94.189116, 34.192552], [-94.098289, 34.191118], [-94.090003, 34.186973], [-94.090935, 34.179988], [-94.095521, 34.179513], [-94.097503, 34.177272], [-94.09482, 34.174823], [-94.095472, 34.169741], [-94.099503, 34.16606], [-94.096405, 34.162803], [-94.098526, 34.161295], [-94.101966, 34.161802], [-94.1029, 34.16001], [-94.100315, 34.157804], [-94.090581, 34.155934], [-94.092141, 34.149372], [-94.098264, 34.143915], [-94.093077, 34.142435], [-94.091484, 34.140371], [-94.094827, 34.137636], [-94.100248, 34.139666], [-94.103562, 34.13638], [-94.10094, 34.134459], [-94.091938, 34.132849], [-94.080433, 34.125793], [-94.093437, 34.112442], [-94.090431, 34.1069], [-94.08161, 34.101839], [-94.0843, 34.097799], [-94.086137, 34.089717], [-94.089786, 34.085295], [-94.090116, 34.080652], [-94.093625, 34.081418], [-94.09543, 34.078546], [-94.091092, 34.074602], [-94.086357, 34.073317], [-94.083759, 34.06948], [-94.076829, 34.072604], [-94.073501, 34.068558], [-94.074026, 34.064005], [-94.077105, 34.06167], [-94.07882, 34.063499], [-94.082553, 34.062297], [-94.083792, 34.057377], [-94.086643, 34.057347], [-94.086847, 34.053336], [-94.082235, 34.047733], [-94.085346, 34.045109], [-94.084016, 34.043633], [-94.0866, 34.039684], [-94.087532, 34.034016], [-94.082854, 34.031544], [-94.085817, 34.028709], [-94.082841, 34.024551], [-94.079371, 34.023889], [-94.083652, 34.022817], [-94.079581, 34.016814], [-94.077622, 34.017799], [-94.078053, 34.013898], [-94.070721, 34.010544], [-94.070499, 34.008165], [-94.075848, 34.007252], [-94.072176, 34.004806], [-94.074096, 34.003871], [-94.072902, 34.001739], [-94.07066, 34.002013], [-94.069932, 33.999871], [-94.066172, 33.998886], [-94.069675, 33.995597], [-94.065946, 33.9948], [-94.06779, 33.991823], [-94.066111, 33.989334], [-94.066304, 33.984272], [-94.064541, 33.98251], [-94.068125, 33.979318], [-94.062812, 33.974327], [-94.064518, 33.972721], [-94.061619, 33.970648], [-94.059673, 33.971584], [-94.059787, 33.968853], [-94.057589, 33.968115], [-94.060664, 33.9659], [-94.057906, 33.964389], [-94.061474, 33.961984], [-94.060338, 33.960916], [-94.065641, 33.958175], [-94.066775, 33.959944], [-94.069584, 33.955677], [-94.066995, 33.955148], [-94.066414, 33.950595], [-94.06508, 33.950256], [-94.065671, 33.948307], [-94.067658, 33.948478], [-94.064856, 33.945465], [-94.070048, 33.941599], [-94.069202, 33.939504], [-94.070266, 33.938725], [-94.067695, 33.937166], [-94.068413, 33.934965], [-94.06477, 33.93317], [-94.068323, 33.932781], [-94.068888, 33.93084], [-94.07105, 33.931339], [-94.06937, 33.929274], [-94.070238, 33.927078], [-94.064897, 33.915338], [-94.061867, 33.913898], [-94.062986, 33.912814], [-94.060398, 33.91264], [-94.061551, 33.910645], [-94.060473, 33.908004], [-94.058522, 33.908262], [-94.058642, 33.909947], [-94.056275, 33.909538], [-94.055517, 33.904768], [-94.053348, 33.904132], [-94.054721, 33.901546], [-94.053783, 33.900468], [-94.05555, 33.900236], [-94.055192, 33.896711], [-94.053766, 33.896646], [-94.054562, 33.894959], [-94.051323, 33.893837], [-94.050881, 33.892711], [-94.053753, 33.89229], [-94.050288, 33.889737], [-94.050747, 33.88812], [-94.053157, 33.888405], [-94.051122, 33.886978], [-94.052943, 33.886082], [-94.049202, 33.884233], [-94.048874, 33.882187], [-94.0421, 33.880597], [-94.040732, 33.878433], [-94.038249, 33.878358], [-94.03678, 33.880036], [-94.034453, 33.876208], [-94.032846, 33.877663], [-94.031069, 33.875521], [-94.028845, 33.876444], [-94.026636, 33.874699], [-94.026787, 33.872914], [-94.022908, 33.874327], [-94.02123, 33.872238], [-94.022338, 33.870834], [-94.019602, 33.872367], [-94.020127, 33.869853], [-94.017793, 33.869885], [-94.017015, 33.867826], [-94.021606, 33.862678], [-94.021827, 33.857356], [-94.016365, 33.855082], [-94.01564, 33.853243], [-94.017496, 33.851214], [-94.01902, 33.851874], [-94.019175, 33.850438], [-94.009961, 33.847482], [-94.008772, 33.848285], [-94.008871, 33.845878], [-94.006535, 33.844785], [-94.006808, 33.840828], [-94.005135, 33.840399], [-94.005015, 33.842362], [-94.002626, 33.840242], [-94.004783, 33.838163], [-94.001428, 33.838072], [-94.004421, 33.834949], [-94.001524, 33.835354], [-94.003047, 33.833512], [-94.000746, 33.833528], [-94.001115, 33.832058], [-93.99886, 33.832742], [-94.000105, 33.83137], [-93.998669, 33.830355], [-93.994227, 33.830881], [-93.993583, 33.829317], [-93.995184, 33.828454], [-93.993361, 33.827749], [-93.994516, 33.826584], [-93.991328, 33.827239], [-93.99183, 33.8252], [-93.988425, 33.819396], [-93.984812, 33.821011], [-93.985341, 33.819034], [-93.979402, 33.814204], [-93.978948, 33.816999], [-93.97544, 33.810368], [-93.972918, 33.809431], [-93.975101, 33.807284], [-93.97137, 33.80674], [-93.97304, 33.803611], [-93.964389, 33.795365], [-93.967637, 33.792033], [-93.969188, 33.7938], [-93.96943, 33.790925], [-93.966794, 33.791536], [-93.966171, 33.789973], [-93.968159, 33.787713], [-93.963137, 33.785568], [-93.962401, 33.787626], [-93.960275, 33.785725], [-93.963386, 33.779417], [-93.959309, 33.777098], [-93.961044, 33.775632], [-93.964319, 33.777242], [-93.964646, 33.775881], [-93.962219, 33.774083], [-93.965158, 33.774691], [-93.96585, 33.772649], [-93.968531, 33.77405], [-93.969478, 33.773081], [-93.96718, 33.771614], [-93.968741, 33.76951], [-93.966195, 33.769021], [-93.969097, 33.767982], [-93.968785, 33.765229], [-93.967031, 33.765093], [-93.967089, 33.761292], [-93.963933, 33.761236], [-93.961759, 33.758242], [-93.965795, 33.754322], [-93.959436, 33.755225], [-93.95891, 33.751058], [-94.041783, 33.753337], [-94.040865, 33.781979], [-94.086544, 33.783176], [-94.086907, 33.785447], [-94.089164, 33.786708], [-94.098078, 33.787264], [-94.105508, 33.790216], [-94.116351, 33.790093], [-94.119902, 33.791702], [-94.121863, 33.790199], [-94.121595, 33.785273], [-94.125196, 33.785022], [-94.133404, 33.78787], [-94.137589, 33.780993], [-94.14035, 33.780389], [-94.146509, 33.785207], [-94.146606, 33.789545], [-94.149228, 33.791712], [-94.154519, 33.790644], [-94.151754, 33.784878], [-94.159822, 33.783285], [-94.163306, 33.785322], [-94.165439, 33.791541], [-94.171507, 33.795646], [-94.174249, 33.793816], [-94.169922, 33.790828], [-94.170128, 33.789564], [-94.181564, 33.788797], [-94.187293, 33.785703], [-94.190257, 33.78857], [-94.185023, 33.793899], [-94.187035, 33.803131], [-94.182839, 33.807399], [-94.18586, 33.811755], [-94.191471, 33.812338], [-94.198033, 33.809553], [-94.209891, 33.807672], [-94.21331, 33.803091], [-94.21652, 33.802442], [-94.217998, 33.80435], [-94.218541, 33.814773], [-94.221341, 33.816167], [-94.223418, 33.811789], [-94.228861, 33.80898], [-94.228393, 33.802267], [-94.230647, 33.801042], [-94.234021, 33.802997], [-94.239006, 33.80225], [-94.239128, 33.807969], [-94.250658, 33.811942], [-94.251768, 33.818192], [-94.258748, 33.817389], [-94.262961, 33.819619], [-94.265805, 33.8171], [-94.26811, 33.817223], [-94.271386, 33.821892], [-94.276306, 33.822701], [-94.278039, 33.827465], [-94.280722, 33.829387], [-94.286113, 33.829847], [-94.293472, 33.823458], [-94.302678, 33.821379], [-94.304252, 33.822945], [-94.303464, 33.825345], [-94.297402, 33.825585], [-94.296025, 33.828035], [-94.297158, 33.83035], [-94.303523, 33.831608], [-94.305459, 33.834717], [-94.306163, 33.842931], [-94.302085, 33.847972], [-94.302858, 33.853196], [-94.312838, 33.853045], [-94.317412, 33.856041], [-94.326676, 33.85384], [-94.326613, 33.856466], [-94.320558, 33.858839], [-94.319328, 33.860801], [-94.322962, 33.86326], [-94.330971, 33.86027], [-94.335134, 33.861706], [-94.339531, 33.870659], [-94.334309, 33.877836], [-94.338575, 33.882025], [-94.35669, 33.877751], [-94.372054, 33.877385], [-94.37401, 33.881515], [-94.365596, 33.8819], [-94.361916, 33.88577], [-94.362793, 33.888069], [-94.390302, 33.896386], [-94.387574, 33.902206], [-94.387496, 33.907023], [-94.38468, 33.911459], [-94.384882, 33.915466], [-94.388807, 33.920026], [-94.395226, 33.918316], [-94.400085, 33.925864], [-94.39706, 33.927877], [-94.391241, 33.92388], [-94.387203, 33.924474], [-94.379677, 33.93336], [-94.380108, 33.936662], [-94.383416, 33.9399], [-94.400423, 33.940754], [-94.408441, 33.945249], [-94.420379, 33.943892], [-94.422087, 33.942161], [-94.421993, 33.939495], [-94.415271, 33.937544], [-94.411254, 33.927991], [-94.413956, 33.926136], [-94.426271, 33.92815], [-94.431834, 33.932103], [-94.442214, 33.930616], [-94.445764, 33.936819], [-94.448269, 33.93825], [-94.450457, 33.936096], [-94.447075, 33.93157], [-94.447163, 33.929398], [-94.448784, 33.929075], [-94.460852, 33.93687], [-94.463245, 33.94224], [-94.466335, 33.94457], [-94.472257, 33.939991], [-94.477397, 33.940903]]]}}, {"type": "Feature", "properties": {"name": "Jefferson County", "students": 0}, "geometry": {"type": "Polygon", "coordinates": [[[-91.953659, 34.093435], [-91.953677, 34.064163], [-92.233303, 34.062367], [-92.232456, 34.230943], [-92.212827, 34.230399], [-92.207985, 34.492869], [-91.70525, 34.482731], [-91.711675, 34.233864], [-91.616737, 34.23059], [-91.599107, 34.231477], [-91.599161, 34.228788], [-91.5928, 34.228685], [-91.592292, 34.226998], [-91.597199, 34.216737], [-91.594818, 34.21222], [-91.589691, 34.212318], [-91.587912, 34.216079], [-91.585387, 34.214458], [-91.579515, 34.215366], [-91.582545, 34.217692], [-91.576857, 34.220927], [-91.576504, 34.223431], [-91.568105, 34.22339], [-91.564788, 34.225094], [-91.562776, 34.223414], [-91.561798, 34.225411], [-91.55638, 34.225525], [-91.550597, 34.22246], [-91.54108, 34.224704], [-91.53667, 34.223185], [-91.528303, 34.214993], [-91.527756, 34.208811], [-91.530697, 34.202236], [-91.525953, 34.197631], [-91.523541, 34.191421], [-91.526102, 34.189125], [-91.525517, 34.186871], [-91.527396, 34.183323], [-91.52333, 34.18159], [-91.52386, 34.178806], [-91.520457, 34.178031], [-91.519035, 34.174567], [-91.514693, 34.171919], [-91.518747, 34.168389], [-91.520804, 34.163681], [-91.514973, 34.156648], [-91.513744, 34.14961], [-91.515696, 34.143414], [-91.512935, 34.142035], [-91.507105, 34.143031], [-91.506515, 34.145881], [-91.502807, 34.148906], [-91.498137, 34.150185], [-91.49517, 34.149289], [-91.496834, 34.130926], [-91.492371, 34.127027], [-91.484527, 34.131296], [-91.480726, 34.131137], [-91.476235, 34.135392], [-91.452204, 34.134093], [-91.450678, 34.128049], [-91.446971, 34.129947], [-91.442743, 34.125837], [-91.44473, 34.123602], [-91.446757, 34.124854], [-91.446375, 34.122399], [-91.448234, 34.120936], [-91.444169, 34.116938], [-91.444657, 34.113742], [-91.447092, 34.113481], [-91.446975, 34.112225], [-91.441994, 34.113], [-91.442594, 34.111117], [-91.439709, 34.105428], [-91.442119, 34.103166], [-91.440301, 34.10183], [-91.440568, 34.098046], [-91.438031, 34.09657], [-91.440081, 34.094879], [-91.439465, 34.092427], [-91.441741, 34.090888], [-91.442414, 34.087832], [-91.434957, 34.089393], [-91.431497, 34.087737], [-91.440066, 34.081437], [-91.445074, 34.080577], [-91.453398, 34.085584], [-91.462941, 34.085195], [-91.465465, 34.081604], [-91.460126, 34.072242], [-91.46222, 34.064965], [-91.466911, 34.061597], [-91.482047, 34.058587], [-91.486979, 34.059791], [-91.490421, 34.06309], [-91.490938, 34.066982], [-91.489232, 34.072402], [-91.490353, 34.074497], [-91.500294, 34.07284], [-91.509237, 34.075133], [-91.515815, 34.080473], [-91.530794, 34.09833], [-91.545191, 34.104476], [-91.555556, 34.105803], [-91.563621, 34.104681], [-91.568848, 34.102064], [-91.586032, 34.087733], [-91.59383, 34.085495], [-91.602073, 34.086688], [-91.607463, 34.090067], [-91.610669, 34.096806], [-91.605709, 34.114397], [-91.601049, 34.118654], [-91.590844, 34.119955], [-91.584012, 34.123593], [-91.582324, 34.126895], [-91.585998, 34.131245], [-91.593749, 34.133428], [-91.614376, 34.128048], [-91.62443, 34.128994], [-91.635358, 34.134358], [-91.650573, 34.139215], [-91.658489, 34.148449], [-91.695371, 34.171372], [-91.702531, 34.174758], [-91.714543, 34.176234], [-91.727381, 34.175276], [-91.726713, 34.065113], [-91.744729, 34.064979], [-91.745092, 34.094019], [-91.953659, 34.093435]]]}}, {"type": "Feature", "properties": {"name": "Lincoln County", "students": 0}, "geometry": {"type": "Polygon", "coordinates": [[[-91.727618, 34.152079], [-91.727381, 34.175276], [-91.704576, 34.175236], [-91.695202, 34.171282], [-91.658489, 34.148449], [-91.650035, 34.138894], [-91.635358, 34.134358], [-91.625111, 34.129242], [-91.61494, 34.127994], [-91.598014, 34.132904], [-91.587924, 34.132574], [-91.583002, 34.128074], [-91.582394, 34.125133], [-91.589818, 34.120254], [-91.59712, 34.11989], [-91.602741, 34.117642], [-91.605709, 34.114397], [-91.610099, 34.101058], [-91.610669, 34.096806], [-91.608954, 34.092245], [-91.602073, 34.086688], [-91.59487, 34.085453], [-91.58823, 34.086776], [-91.580185, 34.091358], [-91.566804, 34.103376], [-91.55957, 34.105557], [-91.552425, 34.105634], [-91.540026, 34.10306], [-91.53158, 34.098924], [-91.515067, 34.079676], [-91.508497, 34.074749], [-91.4999, 34.07283], [-91.490353, 34.074497], [-91.489232, 34.072402], [-91.490564, 34.063462], [-91.485732, 34.059283], [-91.481195, 34.058667], [-91.466911, 34.061597], [-91.462519, 34.064619], [-91.460372, 34.068083], [-91.460126, 34.072242], [-91.465465, 34.081604], [-91.461704, 34.085605], [-91.453398, 34.085584], [-91.449355, 34.083555], [-91.441142, 34.077214], [-91.435783, 34.070388], [-91.433134, 34.052407], [-91.438522, 34.029255], [-91.433609, 34.019792], [-91.421985, 34.011715], [-91.42227, 33.998536], [-91.445247, 33.99911], [-91.445135, 34.004544], [-91.465232, 34.004734], [-91.465712, 33.975759], [-91.548668, 33.976799], [-91.553847, 33.87086], [-91.555624, 33.870887], [-91.557656, 33.783322], [-91.663738, 33.792246], [-91.975866, 33.791726], [-91.976442, 33.97727], [-91.953025, 33.977188], [-91.953659, 34.093435], [-91.745092, 34.094019], [-91.744729, 34.064979], [-91.726713, 34.065113], [-91.726531, 34.152072], [-91.727618, 34.152079]]]}}, {"type": "Feature", "properties": {"name": "Randolph County", "students": 19}, "geometry": {"type": "Polygon", "coordinates": [[[-90.809812, 36.14966], [-91.054853, 36.151517], [-91.064924, 36.143169], [-91.065178, 36.136236], [-91.063014, 36.132516], [-91.063793, 36.129775], [-91.062433, 36.126663], [-91.063614, 36.118816], [-91.073643, 36.114918], [-91.078663, 36.117897], [-91.081193, 36.121411], [-91.071857, 36.126481], [-91.078729, 36.125405], [-91.081444, 36.129626], [-91.086259, 36.132796], [-91.08395, 36.138688], [-91.084437, 36.143689], [-91.082229, 36.147921], [-91.082943, 36.150963], [-91.092436, 36.149267], [-91.115756, 36.155019], [-91.119916, 36.153783], [-91.123192, 36.1558], [-91.126013, 36.160593], [-91.133133, 36.160784], [-91.13289, 36.164317], [-91.136274, 36.16784], [-91.139841, 36.166021], [-91.14245, 36.166882], [-91.148704, 36.176633], [-91.148141, 36.179018], [-91.14447, 36.179053], [-91.144029, 36.180536], [-91.157461, 36.190143], [-91.155474, 36.196517], [-91.161608, 36.205074], [-91.163307, 36.205802], [-91.167878, 36.203503], [-91.171535, 36.204589], [-91.17521, 36.208068], [-91.185341, 36.206411], [-91.195278, 36.212467], [-91.195101, 36.217884], [-91.198319, 36.22122], [-91.20386, 36.218583], [-91.212989, 36.222427], [-91.220672, 36.222428], [-91.223356, 36.225243], [-91.226834, 36.224505], [-91.228691, 36.228737], [-91.227926, 36.235239], [-91.23467, 36.242082], [-91.238272, 36.238578], [-91.239459, 36.228688], [-91.241915, 36.225696], [-91.240871, 36.257669], [-91.259062, 36.257883], [-91.258485, 36.330886], [-91.275972, 36.330872], [-91.274863, 36.374583], [-91.292435, 36.374745], [-91.291543, 36.389228], [-91.310087, 36.389798], [-91.30873, 36.420427], [-91.349067, 36.420914], [-91.348901, 36.435586], [-91.353379, 36.435606], [-91.353247, 36.4504], [-91.35761, 36.45037], [-91.357388, 36.465081], [-91.361899, 36.464919], [-91.361853, 36.472167], [-91.380599, 36.472379], [-91.380477, 36.47964], [-91.398455, 36.479932], [-91.39819, 36.487064], [-91.40724, 36.487192], [-91.406872, 36.497092], [-90.784452, 36.498583], [-90.782346, 36.497602], [-90.777478, 36.489283], [-90.770321, 36.487748], [-90.769251, 36.485227], [-90.77129, 36.481133], [-90.76811, 36.476269], [-90.772973, 36.474833], [-90.771679, 36.467064], [-90.773975, 36.464006], [-90.773127, 36.459858], [-90.775498, 36.45282], [-90.774513, 36.446655], [-90.779484, 36.437802], [-90.775653, 36.434328], [-90.769174, 36.434179], [-90.767555, 36.432579], [-90.772699, 36.430263], [-90.773145, 36.427829], [-90.778852, 36.429398], [-90.777578, 36.425488], [-90.771147, 36.424236], [-90.766314, 36.424693], [-90.764556, 36.428153], [-90.762415, 36.428748], [-90.761521, 36.425651], [-90.756192, 36.422982], [-90.761889, 36.421214], [-90.761539, 36.417887], [-90.765403, 36.420603], [-90.768444, 36.420678], [-90.770142, 36.413169], [-90.76406, 36.414264], [-90.761203, 36.412909], [-90.748637, 36.412764], [-90.752001, 36.283353], [-90.749547, 36.280885], [-90.75184, 36.280067], [-90.754952, 36.28361], [-90.759126, 36.282251], [-90.759694, 36.285358], [-90.763789, 36.284776], [-90.765324, 36.287075], [-90.769097, 36.284774], [-90.775355, 36.284902], [-90.776604, 36.282696], [-90.779391, 36.285068], [-90.781415, 36.28392], [-90.780875, 36.289184], [-90.783652, 36.289537], [-90.783078, 36.29125], [-90.788861, 36.294217], [-90.791901, 36.292315], [-90.791224, 36.287816], [-90.795327, 36.286056], [-90.799549, 36.286482], [-90.799651, 36.289771], [-90.801636, 36.28609], [-90.803304, 36.287082], [-90.802947, 36.289893], [-90.806219, 36.28812], [-90.809812, 36.14966]]]}}, {"type": "Feature", "properties": {"name": "Izard County", "students": 0}, "geometry": {"type": "Polygon", "coordinates": [[[-92.159928, 36.173792], [-92.156931, 36.261221], [-91.961324, 36.256772], [-91.691443, 36.25316], [-91.692115, 36.209088], [-91.674176, 36.208568], [-91.67497, 36.164692], [-91.679943, 36.164744], [-91.681783, 36.022736], [-91.686433, 36.022838], [-91.686479, 36.019127], [-91.691142, 36.019083], [-91.691201, 36.011803], [-91.682008, 36.011623], [-91.682207, 36.000567], [-91.709528, 36.00097], [-91.710483, 35.941784], [-91.753447, 35.942849], [-91.849456, 35.867301], [-91.854191, 35.876915], [-91.860732, 35.881201], [-91.867148, 35.882174], [-91.884707, 35.88], [-91.895953, 35.882507], [-91.903232, 35.889662], [-91.93643, 35.912054], [-91.956459, 35.934422], [-91.968037, 35.94006], [-91.977303, 35.940662], [-91.985619, 35.938081], [-91.99938, 35.922897], [-92.006731, 35.918447], [-92.015524, 35.916232], [-92.020797, 35.9172], [-92.026383, 35.921074], [-92.029779, 35.938851], [-92.038923, 35.944867], [-92.047099, 35.943849], [-92.056321, 35.936198], [-92.072749, 35.928573], [-92.092428, 35.926061], [-92.106563, 35.930106], [-92.113373, 35.938678], [-92.110181, 35.950807], [-92.087763, 35.963209], [-92.084224, 35.968376], [-92.082942, 35.974507], [-92.085663, 35.986557], [-92.098193, 36.001909], [-92.099579, 36.007952], [-92.09859, 36.013027], [-92.093659, 36.018916], [-92.087693, 36.021869], [-92.081679, 36.023252], [-92.074118, 36.02225], [-92.06304, 36.024632], [-92.058091, 36.028186], [-92.056979, 36.033933], [-92.058942, 36.037605], [-92.071752, 36.04836], [-92.074584, 36.053036], [-92.080528, 36.057108], [-92.086312, 36.058882], [-92.103042, 36.059164], [-92.113839, 36.065311], [-92.124609, 36.080183], [-92.133227, 36.098254], [-92.135109, 36.106061], [-92.140929, 36.114338], [-92.15199, 36.116284], [-92.166718, 36.106506], [-92.176101, 36.102295], [-92.182156, 36.102431], [-92.190861, 36.107498], [-92.192405, 36.115361], [-92.190293, 36.119204], [-92.1907, 36.126187], [-92.194596, 36.132107], [-92.199338, 36.134222], [-92.215231, 36.133469], [-92.213888, 36.175065], [-92.159928, 36.173792]]]}}, {"type": "Feature", "properties": {"name": "Scott County", "students": 0}, "geometry": {"type": "Polygon", "coordinates": [[[-93.704962, 35.019716], [-93.709985, 34.745978], [-93.745262, 34.746605], [-93.745793, 34.732126], [-93.780884, 34.732411], [-93.781123, 34.718078], [-93.816771, 34.718511], [-93.816923, 34.711231], [-93.869932, 34.712517], [-93.870248, 34.690761], [-93.879079, 34.690813], [-93.879286, 34.66564], [-93.930214, 34.666049], [-93.929941, 34.680132], [-94.035286, 34.683607], [-94.035236, 34.692917], [-94.317654, 34.697438], [-94.316787, 34.726545], [-94.454436, 34.728945], [-94.447533, 34.934071], [-94.430095, 34.930796], [-94.422072, 34.935968], [-94.416321, 34.944325], [-94.409405, 34.949895], [-94.400923, 34.947963], [-94.392173, 34.943542], [-94.380054, 34.948161], [-94.374579, 34.947938], [-94.372701, 34.953886], [-94.374561, 34.963021], [-94.361569, 34.961433], [-94.35301, 34.954245], [-94.350323, 34.948198], [-94.344372, 34.946874], [-94.335051, 34.948886], [-94.33019, 34.954402], [-94.324174, 34.955912], [-94.30862, 34.952975], [-94.293254, 34.953047], [-94.281725, 34.956813], [-94.265163, 34.957392], [-94.262044, 34.959559], [-94.255825, 34.959881], [-94.250239, 34.963938], [-94.230524, 34.968527], [-94.228244, 35.057595], [-94.250852, 35.058171], [-94.250764, 35.065589], [-94.227818, 35.072221], [-94.223192, 35.07216], [-94.222921, 35.079361], [-94.195091, 35.078897], [-94.195145, 35.086122], [-94.181599, 35.085727], [-94.181375, 35.089312], [-94.177, 35.089252], [-94.176861, 35.092941], [-94.15892, 35.092475], [-94.158645, 35.099847], [-94.140463, 35.099674], [-94.141765, 35.055685], [-94.07353, 35.054183], [-94.074449, 35.026432], [-93.704962, 35.019716]]]}}, {"type": "Feature", "properties": {"name": "Perry County", "students": 0}, "geometry": {"type": "Polygon", "coordinates": [[[-92.649646, 34.910173], [-92.753891, 34.911579], [-92.755399, 34.853745], [-92.739732, 34.853599], [-92.740329, 34.82783], [-92.74422, 34.83119], [-92.74561, 34.8346], [-92.750602, 34.836132], [-92.752816, 34.840396], [-92.756285, 34.842635], [-92.765273, 34.839378], [-92.767939, 34.839524], [-92.771387, 34.842516], [-92.783357, 34.839782], [-92.795211, 34.846938], [-92.798278, 34.847195], [-92.799553, 34.851223], [-92.802797, 34.851644], [-92.809044, 34.847128], [-92.817972, 34.847931], [-92.828401, 34.852314], [-92.829814, 34.855347], [-92.969442, 34.859062], [-93.074011, 34.858199], [-93.075178, 34.771892], [-93.270028, 34.771959], [-93.287785, 34.773242], [-93.288283, 34.86087], [-93.305885, 34.861092], [-93.305682, 34.875463], [-93.28835, 34.875268], [-93.288184, 34.888872], [-93.270667, 34.889123], [-93.270374, 34.90368], [-93.252575, 34.903791], [-93.252301, 34.918209], [-93.235018, 34.918091], [-93.235063, 34.932592], [-93.217452, 34.932698], [-93.217338, 34.947782], [-93.200492, 34.947591], [-93.200017, 34.962326], [-93.181733, 34.961903], [-93.181354, 34.976295], [-93.160194, 34.975848], [-93.160162, 34.990457], [-93.142165, 34.990165], [-93.141769, 35.004639], [-93.124065, 35.0041], [-93.123736, 35.018605], [-93.105949, 35.018128], [-93.105564, 35.034277], [-93.087263, 35.033942], [-93.087201, 35.048275], [-93.069425, 35.048087], [-93.069223, 35.062626], [-93.051491, 35.062352], [-93.051253, 35.076875], [-92.750708, 35.072055], [-92.718939, 35.071862], [-92.716282, 35.074487], [-92.705028, 35.072089], [-92.677446, 35.077818], [-92.66127, 35.092806], [-92.655795, 35.101377], [-92.649507, 35.107098], [-92.63995, 35.112953], [-92.631115, 35.115068], [-92.625108, 35.112449], [-92.621444, 35.108832], [-92.621041, 35.098117], [-92.627292, 35.091893], [-92.645239, 35.08433], [-92.647657, 35.082296], [-92.648178, 35.0791], [-92.648274, 35.077305], [-92.635332, 35.075297], [-92.61112, 35.079911], [-92.599864, 35.084178], [-92.591554, 35.091162], [-92.579498, 35.107103], [-92.570991, 35.113359], [-92.561394, 35.115205], [-92.552909, 35.112529], [-92.548417, 35.10711], [-92.540712, 35.087729], [-92.541169, 35.071717], [-92.544122, 35.058008], [-92.550981, 35.045437], [-92.559426, 35.036086], [-92.568784, 35.029082], [-92.586362, 35.019541], [-92.592529, 35.014217], [-92.597809, 35.006484], [-92.599228, 34.998886], [-92.592279, 34.981485], [-92.58207, 34.969502], [-92.562497, 34.957603], [-92.544203, 34.952897], [-92.544559, 34.936371], [-92.648188, 34.939185], [-92.649646, 34.910173]]]}}, {"type": "Feature", "properties": {"name": "Craighead County", "students": 0}, "geometry": {"type": "Polygon", "coordinates": [[[-90.50058, 35.707268], [-90.613443, 35.704356], [-90.85186, 35.705513], [-91.037012, 35.708419], [-91.032562, 35.885028], [-90.872852, 35.880872], [-90.872203, 35.924388], [-90.861528, 35.924094], [-90.860171, 35.925238], [-90.861261, 35.927063], [-90.859099, 35.929233], [-90.862881, 35.930488], [-90.862733, 35.938821], [-90.865936, 35.941204], [-90.860225, 35.942619], [-90.860665, 35.945492], [-90.864415, 35.945592], [-90.864765, 35.947269], [-90.862802, 35.949945], [-90.860954, 35.948515], [-90.856884, 35.950009], [-90.858363, 35.954341], [-90.861073, 35.953807], [-90.861542, 35.955605], [-90.860242, 35.957618], [-90.857971, 35.957858], [-90.857681, 35.960112], [-90.854534, 35.95911], [-90.855208, 35.96208], [-90.850589, 35.965154], [-90.851989, 35.967879], [-90.387324, 35.964691], [-90.387339, 35.976168], [-90.38507, 35.979853], [-90.386219, 35.988018], [-90.3779, 35.995745], [-90.289076, 35.996409], [-90.286742, 35.845026], [-90.286789, 35.69991], [-90.394466, 35.701498], [-90.50058, 35.707268]]]}}, {"type": "Feature", "properties": {"name": "Cleburne County", "students": 0}, "geometry": {"type": "Polygon", "coordinates": [[[-92.252843, 35.36365], [-92.248492, 35.537922], [-92.244764, 35.537878], [-92.2408, 35.712124], [-91.806834, 35.704558], [-91.794264, 35.711773], [-91.789645, 35.711784], [-91.795997, 35.45561], [-91.806477, 35.452991], [-91.812397, 35.454396], [-91.818902, 35.449815], [-91.829113, 35.454722], [-91.835511, 35.441795], [-91.850032, 35.436543], [-91.852222, 35.358384], [-92.252843, 35.36365]]]}}, {"type": "Feature", "properties": {"name": "Hot Spring County", "students": 0}, "geometry": {"type": "Polygon", "coordinates": [[[-93.40818, 34.339467], [-93.407203, 34.397447], [-92.948085, 34.389172], [-92.946789, 34.418609], [-92.947826, 34.449001], [-92.913462, 34.448361], [-92.915064, 34.506132], [-92.738264, 34.503241], [-92.738821, 34.473932], [-92.685066, 34.473102], [-92.686189, 34.414696], [-92.668654, 34.414504], [-92.673303, 34.239405], [-92.675989, 34.239444], [-92.678382, 34.149645], [-92.817991, 34.151893], [-92.87006, 34.15521], [-93.025474, 34.159984], [-93.027781, 34.161776], [-93.030318, 34.160449], [-93.032887, 34.155461], [-93.037813, 34.15496], [-93.042036, 34.159481], [-93.040626, 34.164351], [-93.04334, 34.167537], [-93.043101, 34.180267], [-93.037783, 34.189189], [-93.03656, 34.194946], [-93.025833, 34.202211], [-93.027772, 34.207618], [-93.026705, 34.21029], [-93.034187, 34.216095], [-93.030139, 34.220761], [-93.037522, 34.221037], [-93.039462, 34.222805], [-93.038404, 34.225905], [-93.033841, 34.229433], [-93.033151, 34.233817], [-93.03468, 34.236495], [-93.045508, 34.236904], [-93.05168, 34.235323], [-93.055856, 34.237722], [-93.063292, 34.235659], [-93.076919, 34.236257], [-93.080487, 34.235096], [-93.079342, 34.239133], [-93.082404, 34.240131], [-93.085273, 34.235704], [-93.090834, 34.237258], [-93.090744, 34.241327], [-93.088299, 34.242431], [-93.090003, 34.24566], [-93.199498, 34.248062], [-93.19828, 34.277301], [-93.356877, 34.280308], [-93.355795, 34.338698], [-93.40818, 34.339467]]]}}, {"type": "Feature", "properties": {"name": "Columbia County", "students": 167}, "geometry": {"type": "Polygon", "coordinates": [[[-93.410507, 33.35186], [-93.412913, 33.362476], [-93.406232, 33.367325], [-93.404642, 33.371831], [-93.4018, 33.373989], [-93.403292, 33.375858], [-93.396097, 33.391957], [-93.396429, 33.39896], [-93.388736, 33.403814], [-93.387097, 33.412529], [-93.379602, 33.423143], [-93.376602, 33.432902], [-93.368343, 33.439115], [-93.365644, 33.444491], [-93.221349, 33.440487], [-93.221147, 33.455081], [-93.116328, 33.452922], [-93.118951, 33.380298], [-92.978483, 33.377142], [-92.988775, 33.017566], [-93.490558, 33.018669], [-93.481748, 33.260065], [-93.442029, 33.258275], [-93.440697, 33.259483], [-93.43271, 33.276185], [-93.435816, 33.283695], [-93.434826, 33.284815], [-93.436223, 33.289497], [-93.428825, 33.295055], [-93.429264, 33.296334], [-93.422819, 33.302412], [-93.42897, 33.315666], [-93.425741, 33.320697], [-93.42361, 33.320927], [-93.424069, 33.323652], [-93.421549, 33.325559], [-93.419947, 33.332743], [-93.417824, 33.335031], [-93.41611, 33.34403], [-93.413156, 33.346907], [-93.412618, 33.350664], [-93.410507, 33.35186]]]}}, {"type": "Feature", "properties": {"name": "Ouachita County", "students": 73}, "geometry": {"type": "Polygon", "coordinates": [[[-92.775193, 33.551486], [-92.776677, 33.538184], [-92.775164, 33.536282], [-92.768943, 33.532959], [-92.759037, 33.531452], [-92.76426, 33.524942], [-92.762693, 33.517402], [-92.768119, 33.515603], [-92.773071, 33.510564], [-92.762877, 33.503961], [-92.754976, 33.504042], [-92.753745, 33.502148], [-92.75485, 33.50085], [-92.763648, 33.500223], [-92.765818, 33.492869], [-92.756389, 33.488167], [-92.752816, 33.484063], [-92.742643, 33.483585], [-92.737233, 33.486124], [-92.735751, 33.488584], [-92.737961, 33.493593], [-92.736521, 33.495141], [-92.728942, 33.489531], [-92.722338, 33.489091], [-92.719247, 33.486645], [-92.716102, 33.481195], [-92.721772, 33.473795], [-92.720825, 33.466558], [-92.723381, 33.465569], [-92.726997, 33.46874], [-92.72803, 33.467454], [-92.724402, 33.459874], [-92.717191, 33.458224], [-92.716168, 33.451635], [-92.705986, 33.453721], [-92.7069, 33.459571], [-92.703378, 33.458167], [-92.702677, 33.452876], [-92.707337, 33.44448], [-92.70514, 33.438898], [-92.705467, 33.431244], [-92.67332, 33.430577], [-92.663434, 33.435028], [-92.654717, 33.435103], [-92.650956, 33.429657], [-92.655524, 33.423245], [-92.643547, 33.425453], [-92.642787, 33.424015], [-92.645758, 33.419934], [-92.646264, 33.41583], [-92.636379, 33.415348], [-92.633996, 33.411505], [-92.6359, 33.404474], [-92.6432, 33.407037], [-92.645761, 33.40583], [-92.646699, 33.403224], [-92.644784, 33.397003], [-92.642042, 33.39614], [-92.635485, 33.397653], [-92.631602, 33.400893], [-92.626208, 33.402663], [-92.620992, 33.408386], [-92.617658, 33.40962], [-92.614502, 33.408698], [-92.61188, 33.404158], [-92.60743, 33.402185], [-92.590874, 33.403042], [-92.586407, 33.399455], [-92.583154, 33.392548], [-92.586162, 33.384958], [-92.581979, 33.379806], [-92.581015, 33.374016], [-92.578324, 33.372282], [-92.574169, 33.372938], [-92.571113, 33.378613], [-92.568488, 33.378859], [-92.566336, 33.375583], [-92.568024, 33.371058], [-92.567156, 33.3672], [-92.569073, 33.368457], [-92.571307, 33.367244], [-92.571617, 33.368676], [-92.573829, 33.368593], [-92.573132, 33.369957], [-92.576232, 33.370613], [-92.577386, 33.367263], [-92.578996, 33.367195], [-92.581147, 33.370519], [-92.583286, 33.370031], [-92.582697, 33.368353], [-92.583856, 33.368114], [-92.5867, 33.369099], [-92.587073, 33.371478], [-92.59418, 33.373762], [-92.597666, 33.372782], [-92.595741, 33.369697], [-92.599871, 33.369744], [-92.59984, 33.366853], [-92.603284, 33.36467], [-92.599069, 33.360978], [-92.606111, 33.3619], [-92.610323, 33.364529], [-92.613728, 33.359809], [-92.623836, 33.359132], [-92.62961, 33.361535], [-92.632736, 33.365693], [-92.645762, 33.368552], [-92.648102, 33.365608], [-92.654193, 33.364179], [-92.653762, 33.36127], [-92.655577, 33.361127], [-92.656925, 33.357865], [-92.660534, 33.355819], [-92.667547, 33.358537], [-92.672552, 33.356931], [-92.677618, 33.360063], [-92.678486, 33.358752], [-92.682296, 33.36014], [-92.682799, 33.362948], [-92.684596, 33.362384], [-92.685117, 33.363569], [-92.681983, 33.364353], [-92.681729, 33.365986], [-92.687525, 33.366144], [-92.690111, 33.368637], [-92.692728, 33.366949], [-92.693146, 33.368034], [-92.69552, 33.367319], [-92.696585, 33.36926], [-92.698037, 33.36761], [-92.70143, 33.368071], [-92.700759, 33.366847], [-92.70236, 33.366193], [-92.705748, 33.369141], [-92.709083, 33.368583], [-92.709953, 33.370375], [-92.714926, 33.370512], [-92.716281, 33.378835], [-92.720459, 33.380281], [-92.720238, 33.382324], [-92.7243, 33.383565], [-92.725726, 33.382368], [-92.726524, 33.384448], [-92.728771, 33.382995], [-92.732174, 33.38472], [-92.73773, 33.383511], [-92.739531, 33.384004], [-92.739233, 33.385196], [-92.747903, 33.383673], [-92.758049, 33.387893], [-92.761881, 33.386486], [-92.761269, 33.384452], [-92.76676, 33.381049], [-92.770941, 33.382042], [-92.772678, 33.381006], [-92.774819, 33.377487], [-92.777563, 33.377088], [-92.777398, 33.374942], [-92.782968, 33.375236], [-92.785303, 33.3769], [-92.786991, 33.374744], [-92.793741, 33.37379], [-92.794247, 33.372582], [-93.118951, 33.380298], [-93.104405, 33.777093], [-93.093649, 33.77644], [-93.0902, 33.777863], [-93.086568, 33.7763], [-93.078693, 33.782102], [-93.082232, 33.78302], [-93.082423, 33.785156], [-93.077804, 33.786384], [-93.07515, 33.784547], [-93.070295, 33.788713], [-93.068473, 33.788337], [-93.068211, 33.786105], [-93.061823, 33.786127], [-93.062592, 33.78285], [-93.054508, 33.782645], [-93.057041, 33.779728], [-93.051073, 33.776517], [-93.047904, 33.776453], [-93.043651, 33.779066], [-93.041883, 33.777002], [-93.043368, 33.774557], [-93.035953, 33.770127], [-93.034829, 33.773117], [-93.030448, 33.769853], [-93.026807, 33.772059], [-93.026849, 33.774833], [-93.02273, 33.772634], [-93.01507, 33.775469], [-93.012815, 33.774815], [-93.009026, 33.778551], [-93.001003, 33.779086], [-92.992409, 33.777494], [-92.990542, 33.780721], [-92.99299, 33.782281], [-92.989279, 33.783576], [-92.986712, 33.782758], [-92.983204, 33.784642], [-92.98145, 33.783706], [-92.980447, 33.785356], [-92.982836, 33.786802], [-92.981722, 33.788344], [-92.978784, 33.787469], [-92.973746, 33.789259], [-92.969743, 33.787934], [-92.970253, 33.790791], [-92.966502, 33.790584], [-92.958468, 33.795139], [-92.956281, 33.794031], [-92.954855, 33.798369], [-92.950119, 33.796668], [-92.9447, 33.801156], [-92.942678, 33.796984], [-92.940164, 33.799931], [-92.939448, 33.806975], [-92.936217, 33.807512], [-92.939752, 33.81085], [-92.932132, 33.812747], [-92.933162, 33.815886], [-92.928816, 33.822544], [-92.926162, 33.819738], [-92.928, 33.816079], [-92.927052, 33.814447], [-92.92417, 33.815821], [-92.922471, 33.819047], [-92.918119, 33.818253], [-92.920282, 33.819945], [-92.917431, 33.821528], [-92.91284, 33.81839], [-92.912261, 33.815653], [-92.906945, 33.811935], [-92.897577, 33.808505], [-92.896268, 33.806091], [-92.893216, 33.810069], [-92.885986, 33.809999], [-92.583027, 33.802299], [-92.585323, 33.73646], [-92.586962, 33.735661], [-92.586886, 33.731234], [-92.591122, 33.726103], [-92.596931, 33.725581], [-92.599599, 33.722942], [-92.599359, 33.711206], [-92.602687, 33.710141], [-92.606495, 33.705673], [-92.614341, 33.705057], [-92.617689, 33.702968], [-92.620737, 33.697449], [-92.627587, 33.696146], [-92.631113, 33.69316], [-92.63505, 33.692997], [-92.635673, 33.684875], [-92.641618, 33.67914], [-92.642048, 33.674834], [-92.648416, 33.665821], [-92.647872, 33.663845], [-92.652958, 33.662074], [-92.65257, 33.660753], [-92.667919, 33.659364], [-92.670446, 33.660531], [-92.674957, 33.657651], [-92.68345, 33.659799], [-92.688603, 33.658308], [-92.697944, 33.65116], [-92.703723, 33.649294], [-92.703922, 33.650356], [-92.708813, 33.650242], [-92.710339, 33.653445], [-92.715351, 33.654974], [-92.722149, 33.651276], [-92.723586, 33.651901], [-92.725497, 33.650265], [-92.72465, 33.648917], [-92.726743, 33.649122], [-92.725162, 33.645624], [-92.726377, 33.644743], [-92.725329, 33.642941], [-92.726956, 33.642815], [-92.726384, 33.63828], [-92.731223, 33.635534], [-92.73089, 33.63162], [-92.733308, 33.630731], [-92.733431, 33.626542], [-92.735612, 33.62421], [-92.73361, 33.621833], [-92.735189, 33.61993], [-92.733548, 33.619439], [-92.731551, 33.613657], [-92.729946, 33.613001], [-92.729107, 33.614255], [-92.72839, 33.611549], [-92.725044, 33.608625], [-92.722991, 33.609658], [-92.718949, 33.606477], [-92.713633, 33.605659], [-92.712845, 33.600746], [-92.714169, 33.598795], [-92.712569, 33.59886], [-92.711296, 33.597115], [-92.712127, 33.595905], [-92.710248, 33.594569], [-92.711425, 33.570169], [-92.714565, 33.565328], [-92.713206, 33.562652], [-92.715022, 33.560977], [-92.714865, 33.556714], [-92.717258, 33.552776], [-92.71912, 33.551874], [-92.724304, 33.554801], [-92.726532, 33.557568], [-92.726843, 33.563625], [-92.72859, 33.563993], [-92.741081, 33.556318], [-92.74542, 33.546194], [-92.749859, 33.54362], [-92.756363, 33.547371], [-92.755315, 33.548745], [-92.757294, 33.551055], [-92.75961, 33.552384], [-92.76386, 33.551921], [-92.764625, 33.553243], [-92.771024, 33.548436], [-92.772452, 33.551739], [-92.775193, 33.551486]]]}}, {"type": "Feature", "properties": {"name": "Yell County", "students": 0}, "geometry": {"type": "Polygon", "coordinates": [[[-93.709061, 35.046787], [-93.706843, 35.134886], [-93.663263, 35.133835], [-93.662882, 35.148223], [-93.529736, 35.145502], [-93.529139, 35.159989], [-93.511321, 35.159717], [-93.510998, 35.17421], [-93.493932, 35.173936], [-93.493862, 35.180836], [-93.484109, 35.180602], [-93.483907, 35.201894], [-93.474773, 35.201648], [-93.474545, 35.209793], [-93.45707, 35.208627], [-93.456977, 35.215908], [-93.279929, 35.212556], [-93.278215, 35.312436], [-93.253375, 35.286114], [-93.239301, 35.275673], [-93.228125, 35.272588], [-93.199752, 35.271729], [-93.182927, 35.261693], [-93.154002, 35.233138], [-93.139333, 35.2081], [-93.136561, 35.189401], [-93.129948, 35.179203], [-93.124991, 35.174867], [-93.118678, 35.171882], [-93.111503, 35.170867], [-93.102906, 35.173998], [-93.097015, 35.18011], [-93.090327, 35.183657], [-93.084478, 35.183622], [-93.07917, 35.180146], [-93.076458, 35.175678], [-93.07631, 35.172156], [-93.084668, 35.162042], [-93.080211, 35.153084], [-93.080618, 35.147602], [-93.083247, 35.143805], [-93.092028, 35.140324], [-93.092981, 35.138525], [-93.086633, 35.12886], [-93.067265, 35.119009], [-93.056402, 35.117531], [-93.046383, 35.118526], [-93.03058, 35.126477], [-93.027497, 35.132218], [-93.029732, 35.145776], [-93.029441, 35.157398], [-93.025591, 35.161465], [-93.013102, 35.165834], [-92.978561, 35.171994], [-92.961068, 35.169736], [-92.945576, 35.17601], [-92.935652, 35.176847], [-92.916404, 35.175565], [-92.900911, 35.169993], [-92.92334, 35.168419], [-92.929413, 35.165341], [-92.937643, 35.156681], [-92.947939, 35.150684], [-92.955692, 35.140408], [-92.978787, 35.131532], [-92.975262, 35.12516], [-92.976613, 35.123555], [-92.980763, 35.12321], [-92.978078, 35.119945], [-92.982521, 35.116303], [-92.991259, 35.11452], [-92.997551, 35.1167], [-93.011862, 35.114395], [-93.018716, 35.118479], [-93.01967, 35.11521], [-93.023322, 35.115302], [-93.024078, 35.112192], [-93.034061, 35.111935], [-93.039949, 35.109677], [-93.040784, 35.107433], [-93.039189, 35.103649], [-93.035636, 35.103215], [-93.034716, 35.100792], [-93.027591, 35.099116], [-93.025434, 35.090002], [-93.040561, 35.07688], [-93.051253, 35.076875], [-93.051491, 35.062352], [-93.069223, 35.062626], [-93.069425, 35.048087], [-93.087201, 35.048275], [-93.087263, 35.033942], [-93.105564, 35.034277], [-93.105949, 35.018128], [-93.123736, 35.018605], [-93.124065, 35.0041], [-93.141769, 35.004639], [-93.142165, 34.990165], [-93.160162, 34.990457], [-93.160194, 34.975848], [-93.181354, 34.976295], [-93.181733, 34.961903], [-93.200017, 34.962326], [-93.200492, 34.947591], [-93.217338, 34.947782], [-93.217452, 34.932698], [-93.235063, 34.932592], [-93.235018, 34.918091], [-93.252301, 34.918209], [-93.252575, 34.903791], [-93.270374, 34.90368], [-93.270667, 34.889123], [-93.288184, 34.888872], [-93.28835, 34.875268], [-93.305682, 34.875463], [-93.305864, 34.861049], [-93.288283, 34.86087], [-93.287785, 34.773242], [-93.394487, 34.77242], [-93.394402, 34.743393], [-93.709992, 34.745827], [-93.704412, 35.046624], [-93.709061, 35.046787]]]}}, {"type": "Feature", "properties": {"name": "Monroe County", "students": 0}, "geometry": {"type": "Polygon", "coordinates": [[[-91.14975, 35.002469], [-91.152498, 34.911815], [-91.116587, 34.911856], [-91.117413, 34.867138], [-91.100029, 34.867127], [-91.102542, 34.734864], [-91.049474, 34.734184], [-91.054775, 34.470829], [-91.000316, 34.469386], [-91.002721, 34.336362], [-91.058516, 34.337624], [-91.063064, 34.336573], [-91.068487, 34.338123], [-91.075483, 34.343185], [-91.078276, 34.34835], [-91.082026, 34.344974], [-91.087022, 34.345696], [-91.092238, 34.343637], [-91.09657, 34.351151], [-91.107762, 34.353404], [-91.109475, 34.356854], [-91.105081, 34.361228], [-91.104894, 34.364989], [-91.116604, 34.369559], [-91.125117, 34.377829], [-91.130466, 34.380665], [-91.129633, 34.385636], [-91.135593, 34.394549], [-91.136033, 34.401568], [-91.138743, 34.402855], [-91.145822, 34.401474], [-91.149956, 34.402303], [-91.156849, 34.408555], [-91.166207, 34.412771], [-91.166779, 34.416249], [-91.165425, 34.418323], [-91.155746, 34.417575], [-91.153243, 34.421157], [-91.158905, 34.426128], [-91.160887, 34.43499], [-91.164659, 34.435671], [-91.168205, 34.433179], [-91.170065, 34.433629], [-91.169345, 34.439138], [-91.173316, 34.444122], [-91.175209, 34.450935], [-91.178289, 34.45212], [-91.181096, 34.451007], [-91.187301, 34.44225], [-91.191029, 34.439874], [-91.202921, 34.445509], [-91.213621, 34.441667], [-91.218273, 34.443049], [-91.220013, 34.453805], [-91.210338, 34.450563], [-91.206431, 34.454115], [-91.20982, 34.459336], [-91.220326, 34.460244], [-91.222707, 34.463131], [-91.216995, 34.468264], [-91.214037, 34.476151], [-91.209074, 34.48089], [-91.209794, 34.483842], [-91.217791, 34.487108], [-91.222752, 34.480777], [-91.228808, 34.47944], [-91.232388, 34.480675], [-91.240423, 34.487488], [-91.252093, 34.487669], [-91.255162, 34.4925], [-91.250945, 34.49958], [-91.251788, 34.502252], [-91.255646, 34.503552], [-91.263721, 34.501956], [-91.266787, 34.504829], [-91.261107, 34.514003], [-91.261095, 34.526668], [-91.271531, 34.527547], [-91.279346, 34.530879], [-91.292057, 34.529654], [-91.300458, 34.53288], [-91.301221, 34.536418], [-91.293183, 34.545201], [-91.294144, 34.551125], [-91.291609, 34.561762], [-91.37782, 34.56348], [-91.376982, 34.592868], [-91.412666, 34.593825], [-91.41226, 34.608582], [-91.447888, 34.609135], [-91.446983, 34.667531], [-91.374765, 34.665964], [-91.370598, 34.824276], [-91.376032, 34.82883], [-91.377136, 34.834298], [-91.372449, 34.842909], [-91.363915, 34.842546], [-91.360071, 34.845686], [-91.361004, 34.853762], [-91.363393, 34.856942], [-91.361108, 34.859048], [-91.3607, 34.86192], [-91.364713, 34.868195], [-91.35902, 34.86972], [-91.355476, 34.867536], [-91.349375, 34.868227], [-91.344484, 34.871533], [-91.343843, 34.875337], [-91.345373, 34.876963], [-91.350888, 34.874632], [-91.360111, 34.880219], [-91.36705, 34.886971], [-91.372036, 34.896209], [-91.383425, 34.89568], [-91.385319, 34.89708], [-91.386756, 34.900186], [-91.385749, 34.903074], [-91.381415, 34.904887], [-91.376146, 34.899612], [-91.369612, 34.899521], [-91.368331, 34.901198], [-91.368658, 34.912665], [-91.294713, 34.91246], [-91.293142, 34.985234], [-91.238144, 34.984809], [-91.237363, 35.004289], [-91.14975, 35.002469]]]}}, {"type": "Feature", "properties": {"name": "Mississippi County", "students": 0}, "geometry": {"type": "Polygon", "coordinates": [[[-89.85302, 35.639984], [-89.858131, 35.633432], [-89.873406, 35.627618], [-89.890563, 35.616285], [-89.898258, 35.615028], [-89.911275, 35.617594], [-89.920689, 35.611727], [-89.944427, 35.602178], [-89.952129, 35.596473], [-89.957568, 35.588531], [-89.957868, 35.584887], [-89.954469, 35.576192], [-89.942103, 35.556997], [-89.928709, 35.55141], [-89.915154, 35.549821], [-89.910681, 35.547451], [-89.909755, 35.543855], [-89.913363, 35.535942], [-89.909418, 35.537978], [-89.905122, 35.536508], [-89.902132, 35.528122], [-89.903263, 35.52201], [-89.908934, 35.51424], [-89.918499, 35.511383], [-89.926539, 35.511607], [-89.958749, 35.523837], [-89.955641, 35.534076], [-89.958092, 35.541227], [-89.975711, 35.553488], [-89.989667, 35.560221], [-89.999207, 35.561198], [-90.007866, 35.560144], [-90.017587, 35.556094], [-90.030019, 35.554805], [-90.038569, 35.549233], [-90.042222, 35.536354], [-90.049547, 35.520249], [-90.048241, 35.503849], [-90.044138, 35.494622], [-90.036184, 35.483727], [-90.01981, 35.473282], [-90.012531, 35.463668], [-90.0058, 35.450232], [-90.002668, 35.429985], [-90.01527, 35.422689], [-90.048086, 35.411737], [-90.050564, 35.409635], [-90.056782, 35.403863], [-90.041563, 35.39662], [-90.044582, 35.393073], [-90.054322, 35.389277], [-90.069528, 35.408132], [-90.062018, 35.41518], [-90.070616, 35.423497], [-90.074098, 35.43414], [-90.074128, 35.439566], [-90.067203, 35.464781], [-90.079007, 35.476874], [-90.088033, 35.478583], [-90.107545, 35.476965], [-90.114605, 35.472173], [-90.120987, 35.465028], [-90.129435, 35.442119], [-90.140114, 35.436771], [-90.286926, 35.438439], [-90.286742, 35.845026], [-90.289076, 35.996409], [-89.733056, 36.000809], [-89.731096, 35.99662], [-89.722916, 35.989061], [-89.723187, 35.974163], [-89.721677, 35.967673], [-89.718497, 35.963123], [-89.710229, 35.957729], [-89.679847, 35.943883], [-89.652157, 35.929113], [-89.644307, 35.920943], [-89.642017, 35.913663], [-89.640997, 35.903553], [-89.644607, 35.887417], [-89.654008, 35.878865], [-89.663284, 35.874703], [-89.669079, 35.87451], [-89.676378, 35.876698], [-89.71308, 35.905094], [-89.730552, 35.9117], [-89.740914, 35.911684], [-89.746667, 35.90947], [-89.76524, 35.893106], [-89.770499, 35.885849], [-89.774271, 35.870816], [-89.769961, 35.861773], [-89.755689, 35.854835], [-89.714598, 35.843357], [-89.695531, 35.835673], [-89.693569, 35.829107], [-89.696497, 35.820583], [-89.714215, 35.808871], [-89.728425, 35.802643], [-89.733328, 35.802971], [-89.737968, 35.806019], [-89.744297, 35.806197], [-89.765391, 35.811207], [-89.765359, 35.809606], [-89.781662, 35.805228], [-89.799565, 35.788331], [-89.796917, 35.781373], [-89.799535, 35.773779], [-89.799416, 35.758108], [-89.825451, 35.745188], [-89.838717, 35.742129], [-89.844189, 35.743095], [-89.850349, 35.746489], [-89.852359, 35.755426], [-89.863064, 35.757134], [-89.892841, 35.750589], [-89.900233, 35.753451], [-89.907461, 35.759288], [-89.911984, 35.758313], [-89.918242, 35.753064], [-89.93792, 35.744172], [-89.941293, 35.738082], [-89.954211, 35.730734], [-89.958798, 35.725586], [-89.955841, 35.690399], [-89.932247, 35.662991], [-89.919285, 35.655297], [-89.908575, 35.651736], [-89.898916, 35.650904], [-89.885303, 35.654744], [-89.876446, 35.666726], [-89.86689, 35.670204], [-89.861265, 35.670242], [-89.855466, 35.665292], [-89.851275, 35.657608], [-89.850767, 35.650319], [-89.85302, 35.639984]]]}}, {"type": "Feature", "properties": {"name": "Washington County", "students": 671}, "geometry": {"type": "Polygon", "coordinates": [[[-94.333639, 36.214689], [-94.017509, 36.208149], [-94.013674, 36.212633], [-94.013727, 36.214944], [-94.015841, 36.216874], [-94.02264, 36.214771], [-94.02557, 36.215805], [-94.026557, 36.218015], [-94.025193, 36.222985], [-94.012173, 36.229006], [-94.001961, 36.230459], [-93.997731, 36.22812], [-93.997363, 36.224054], [-94.008374, 36.222497], [-94.01012, 36.219643], [-94.008776, 36.215277], [-94.00192, 36.216564], [-93.998411, 36.211369], [-93.995272, 36.209704], [-93.981949, 36.21149], [-93.977945, 36.204694], [-93.975108, 36.203704], [-93.973702, 36.204238], [-93.973386, 36.208603], [-93.975728, 36.2237], [-93.972089, 36.22854], [-93.967805, 36.227243], [-93.963055, 36.22296], [-93.958265, 36.221913], [-93.956944, 36.222969], [-93.957332, 36.227465], [-93.955528, 36.232724], [-93.943395, 36.231925], [-93.942577, 36.233822], [-93.944341, 36.236103], [-93.887891, 36.235129], [-93.944108, 36.091122], [-93.951872, 35.833121], [-93.960629, 35.83326], [-93.963054, 35.761005], [-94.124269, 35.764757], [-94.124927, 35.750327], [-94.493137, 35.759247], [-94.552172, 36.102128], [-94.391125, 36.099396], [-94.389818, 36.142722], [-94.336184, 36.142009], [-94.333639, 36.214689]]]}}, {"type": "Feature", "properties": {"name": "Newton County", "students": 0}, "geometry": {"type": "Polygon", "coordinates": [[[-92.938469, 36.071665], [-92.946467, 35.812943], [-92.949491, 35.812995], [-92.951373, 35.724635], [-93.146404, 35.727779], [-93.199994, 35.729922], [-93.379082, 35.73066], [-93.519643, 35.734464], [-93.517057, 35.823332], [-93.526056, 35.823643], [-93.523646, 35.881514], [-93.506, 35.881029], [-93.504866, 35.925142], [-93.48692, 35.924333], [-93.486232, 35.953355], [-93.468394, 35.953157], [-93.468082, 35.967582], [-93.450788, 35.967497], [-93.448222, 36.054098], [-93.44574, 36.080787], [-93.480274, 36.081554], [-93.479521, 36.125054], [-93.140283, 36.117576], [-93.123589, 36.119545], [-93.08693, 36.119302], [-93.065958, 36.116662], [-92.944618, 36.115547], [-92.945496, 36.071674], [-92.938469, 36.071665]]]}}, {"type": "Feature", "properties": {"name": "Calhoun County", "students": 0}, "geometry": {"type": "Polygon", "coordinates": [[[-92.380685, 33.35103], [-92.381831, 33.338136], [-92.376848, 33.337179], [-92.380307, 33.332334], [-92.380147, 33.325496], [-92.377589, 33.316935], [-92.378893, 33.315116], [-92.369736, 33.311158], [-92.365685, 33.305765], [-92.360442, 33.307438], [-92.355204, 33.30619], [-92.350277, 33.298842], [-92.355862, 33.301765], [-92.358582, 33.30149], [-92.3608, 33.29195], [-92.371408, 33.288009], [-92.375604, 33.281215], [-92.380081, 33.278753], [-92.394786, 33.277478], [-92.406775, 33.274219], [-92.420535, 33.273527], [-92.431386, 33.269468], [-92.431564, 33.275202], [-92.433485, 33.277021], [-92.440528, 33.273691], [-92.444432, 33.273908], [-92.445247, 33.280589], [-92.452892, 33.287416], [-92.455643, 33.287482], [-92.45942, 33.282856], [-92.462374, 33.287342], [-92.47374, 33.294646], [-92.472814, 33.296408], [-92.458493, 33.304013], [-92.46031, 33.306155], [-92.4665, 33.303596], [-92.471047, 33.306474], [-92.458852, 33.314854], [-92.460013, 33.32022], [-92.462063, 33.320246], [-92.467669, 33.314627], [-92.471395, 33.314406], [-92.473154, 33.320375], [-92.477928, 33.326952], [-92.480326, 33.327964], [-92.485789, 33.322241], [-92.484883, 33.316396], [-92.488761, 33.315631], [-92.491324, 33.31674], [-92.492391, 33.320989], [-92.497077, 33.326192], [-92.501164, 33.32771], [-92.521018, 33.316991], [-92.524238, 33.316942], [-92.52675, 33.320659], [-92.523823, 33.32755], [-92.519768, 33.329988], [-92.519255, 33.332003], [-92.521787, 33.33382], [-92.52658, 33.332192], [-92.52915, 33.338485], [-92.528591, 33.343174], [-92.535437, 33.348223], [-92.531892, 33.355729], [-92.539087, 33.356023], [-92.546441, 33.359464], [-92.547399, 33.366359], [-92.557941, 33.361963], [-92.561958, 33.362104], [-92.56786, 33.368932], [-92.566284, 33.375121], [-92.568488, 33.378859], [-92.571113, 33.378613], [-92.573643, 33.373142], [-92.577794, 33.372232], [-92.5804, 33.373304], [-92.581979, 33.379806], [-92.586162, 33.384958], [-92.583154, 33.392548], [-92.588176, 33.401422], [-92.592198, 33.403283], [-92.600483, 33.401667], [-92.60743, 33.402185], [-92.61188, 33.404158], [-92.614502, 33.408698], [-92.617658, 33.40962], [-92.620992, 33.408386], [-92.626208, 33.402663], [-92.631602, 33.400893], [-92.635485, 33.397653], [-92.644288, 33.396697], [-92.646699, 33.403224], [-92.64606, 33.405418], [-92.643676, 33.407079], [-92.635708, 33.404569], [-92.633996, 33.411505], [-92.636379, 33.415348], [-92.646264, 33.41583], [-92.645758, 33.419934], [-92.642787, 33.424015], [-92.643547, 33.425453], [-92.655524, 33.423245], [-92.650956, 33.429657], [-92.654717, 33.435103], [-92.663434, 33.435028], [-92.67332, 33.430577], [-92.705467, 33.431244], [-92.70514, 33.438898], [-92.707337, 33.44448], [-92.702677, 33.452876], [-92.703378, 33.458167], [-92.7069, 33.459571], [-92.705986, 33.453721], [-92.716168, 33.451635], [-92.717191, 33.458224], [-92.724402, 33.459874], [-92.72803, 33.467454], [-92.726814, 33.468703], [-92.723381, 33.465569], [-92.721305, 33.465934], [-92.721772, 33.473795], [-92.716256, 33.480521], [-92.717064, 33.483972], [-92.721271, 33.488605], [-92.728942, 33.489531], [-92.736521, 33.495141], [-92.737961, 33.493593], [-92.735751, 33.488584], [-92.737233, 33.486124], [-92.742144, 33.483653], [-92.752347, 33.484003], [-92.756389, 33.488167], [-92.765914, 33.493053], [-92.763648, 33.500223], [-92.75485, 33.50085], [-92.753744, 33.502742], [-92.754976, 33.504042], [-92.762877, 33.503961], [-92.772933, 33.510067], [-92.772465, 33.512257], [-92.768119, 33.515603], [-92.762466, 33.517747], [-92.76426, 33.524942], [-92.759037, 33.531452], [-92.768943, 33.532959], [-92.776304, 33.537168], [-92.775584, 33.551143], [-92.772452, 33.551739], [-92.771109, 33.548426], [-92.765098, 33.553184], [-92.76386, 33.551921], [-92.759482, 33.552366], [-92.755485, 33.549271], [-92.756363, 33.547371], [-92.749859, 33.54362], [-92.74542, 33.546194], [-92.741081, 33.556318], [-92.729371, 33.563707], [-92.726843, 33.563625], [-92.725905, 33.55658], [-92.718773, 33.551817], [-92.714904, 33.556591], [-92.715092, 33.560786], [-92.713206, 33.562652], [-92.714565, 33.565328], [-92.711425, 33.570169], [-92.712164, 33.573386], [-92.71008, 33.58067], [-92.711581, 33.585961], [-92.71001, 33.591021], [-92.711061, 33.591423], [-92.710372, 33.594923], [-92.712127, 33.595905], [-92.711296, 33.597115], [-92.714169, 33.598795], [-92.712845, 33.600746], [-92.713499, 33.605481], [-92.718949, 33.606477], [-92.722991, 33.609658], [-92.725044, 33.608625], [-92.72839, 33.611549], [-92.729107, 33.614255], [-92.729946, 33.613001], [-92.731551, 33.613657], [-92.733548, 33.619439], [-92.735189, 33.61993], [-92.73361, 33.621833], [-92.735603, 33.624326], [-92.733431, 33.626542], [-92.733308, 33.630731], [-92.73089, 33.63162], [-92.731223, 33.635534], [-92.726384, 33.63828], [-92.726956, 33.642815], [-92.725329, 33.642941], [-92.726377, 33.644743], [-92.725162, 33.645624], [-92.726743, 33.649122], [-92.72465, 33.648917], [-92.725497, 33.650265], [-92.723586, 33.651901], [-92.722149, 33.651276], [-92.715351, 33.654974], [-92.710339, 33.653445], [-92.708813, 33.650242], [-92.703922, 33.650356], [-92.703723, 33.649294], [-92.697944, 33.65116], [-92.688603, 33.658308], [-92.68345, 33.659799], [-92.674957, 33.657651], [-92.670446, 33.660531], [-92.667919, 33.659364], [-92.65257, 33.660753], [-92.652958, 33.662074], [-92.647872, 33.663845], [-92.648416, 33.665821], [-92.642048, 33.674834], [-92.641618, 33.67914], [-92.635673, 33.684875], [-92.63505, 33.692997], [-92.631113, 33.69316], [-92.627587, 33.696146], [-92.620737, 33.697449], [-92.617689, 33.702968], [-92.614341, 33.705057], [-92.606495, 33.705673], [-92.602687, 33.710141], [-92.599359, 33.711206], [-92.599599, 33.722942], [-92.596931, 33.725581], [-92.591122, 33.726103], [-92.586886, 33.731234], [-92.586962, 33.735661], [-92.585323, 33.73646], [-92.583027, 33.802299], [-92.372673, 33.796737], [-92.333529, 33.794515], [-92.330709, 33.783742], [-92.331872, 33.781495], [-92.328891, 33.78058], [-92.32712, 33.777775], [-92.329107, 33.775141], [-92.32815, 33.773165], [-92.330496, 33.771703], [-92.32981, 33.77059], [-92.331749, 33.771016], [-92.331001, 33.768486], [-92.333066, 33.768117], [-92.334281, 33.765858], [-92.332773, 33.764759], [-92.334199, 33.764043], [-92.333009, 33.762225], [-92.335866, 33.760616], [-92.33376, 33.758372], [-92.336448, 33.757426], [-92.33703, 33.754479], [-92.339443, 33.752465], [-92.338329, 33.750107], [-92.340435, 33.749007], [-92.339231, 33.747391], [-92.34161, 33.745858], [-92.340398, 33.743753], [-92.342032, 33.743154], [-92.338061, 33.739906], [-92.339482, 33.737067], [-92.337519, 33.735787], [-92.337694, 33.734121], [-92.332903, 33.732088], [-92.336546, 33.727659], [-92.333476, 33.725556], [-92.334596, 33.723953], [-92.331803, 33.72477], [-92.333363, 33.721963], [-92.330373, 33.722259], [-92.333052, 33.711387], [-92.330836, 33.708047], [-92.330956, 33.702054], [-92.329385, 33.701841], [-92.330325, 33.700703], [-92.327579, 33.696887], [-92.328877, 33.694465], [-92.322595, 33.689065], [-92.320101, 33.682331], [-92.322017, 33.679371], [-92.320386, 33.678572], [-92.321376, 33.673916], [-92.323893, 33.673068], [-92.323545, 33.668767], [-92.324883, 33.667415], [-92.326169, 33.668165], [-92.327077, 33.661479], [-92.326377, 33.657523], [-92.323232, 33.654976], [-92.324825, 33.653132], [-92.324224, 33.650348], [-92.320578, 33.647565], [-92.322663, 33.645309], [-92.32062, 33.642777], [-92.322926, 33.641079], [-92.323487, 33.637289], [-92.320771, 33.632497], [-92.321179, 33.630077], [-92.324226, 33.62733], [-92.324458, 33.622198], [-92.32872, 33.616976], [-92.328161, 33.607214], [-92.329978, 33.60538], [-92.328368, 33.604137], [-92.330515, 33.603079], [-92.326444, 33.599899], [-92.325058, 33.591912], [-92.320829, 33.585037], [-92.324237, 33.572291], [-92.325872, 33.571054], [-92.319181, 33.564485], [-92.318282, 33.557934], [-92.314034, 33.551397], [-92.317056, 33.549974], [-92.316883, 33.541689], [-92.31866, 33.541169], [-92.318966, 33.538276], [-92.321201, 33.536638], [-92.32139, 33.532372], [-92.323759, 33.531524], [-92.323006, 33.524432], [-92.320873, 33.521637], [-92.317125, 33.520779], [-92.314849, 33.514542], [-92.316668, 33.511449], [-92.311049, 33.499869], [-92.313109, 33.497443], [-92.313493, 33.492946], [-92.317528, 33.491142], [-92.317935, 33.489186], [-92.31638, 33.488809], [-92.319406, 33.485822], [-92.322398, 33.485877], [-92.322659, 33.481628], [-92.320714, 33.479625], [-92.319377, 33.472248], [-92.320095, 33.468987], [-92.329674, 33.456412], [-92.326724, 33.452599], [-92.328933, 33.445396], [-92.328071, 33.443535], [-92.33408, 33.440861], [-92.340637, 33.430167], [-92.338841, 33.423833], [-92.337236, 33.422944], [-92.340095, 33.420629], [-92.341428, 33.414553], [-92.345959, 33.413196], [-92.35174, 33.404431], [-92.356001, 33.400929], [-92.355786, 33.394542], [-92.360041, 33.384834], [-92.358789, 33.382525], [-92.359868, 33.379745], [-92.36318, 33.378251], [-92.367834, 33.380673], [-92.376186, 33.376983], [-92.376802, 33.373217], [-92.371872, 33.367197], [-92.375759, 33.365571], [-92.377618, 33.361608], [-92.378231, 33.358315], [-92.376517, 33.356305], [-92.380685, 33.35103]]]}}, {"type": "Feature", "properties": {"name": "Cross County", "students": 0}, "geometry": {"type": "Polygon", "coordinates": [[[-91.039896, 35.295754], [-91.039251, 35.44295], [-90.931248, 35.441829], [-90.82382, 35.44575], [-90.716186, 35.445848], [-90.716119, 35.449773], [-90.610796, 35.448796], [-90.61094, 35.441744], [-90.502392, 35.441647], [-90.506526, 35.17875], [-90.502215, 35.178818], [-90.503017, 35.143286], [-90.600832, 35.144856], [-90.637295, 35.147036], [-90.637243, 35.145151], [-90.721612, 35.146933], [-90.721619, 35.147957], [-90.838139, 35.149117], [-90.935684, 35.148759], [-90.95348, 35.147342], [-91.042566, 35.148188], [-91.039896, 35.295754]]]}}, {"type": "Feature", "properties": {"name": "Phillips County", "students": 0}, "geometry": {"type": "Polygon", "coordinates": [[[-91.052011, 34.645717], [-90.587367, 34.641374], [-90.591784, 34.623794], [-90.587201, 34.610903], [-90.573762, 34.592133], [-90.546459, 34.565912], [-90.541443, 34.559543], [-90.539623, 34.553925], [-90.544082, 34.537742], [-90.552948, 34.531298], [-90.574703, 34.521759], [-90.579324, 34.518035], [-90.582881, 34.513034], [-90.592662, 34.490579], [-90.593708, 34.481348], [-90.587377, 34.454832], [-90.583598, 34.443013], [-90.577694, 34.432445], [-90.579744, 34.422735], [-90.586232, 34.409172], [-90.598014, 34.398187], [-90.609597, 34.391586], [-90.619707, 34.389473], [-90.640909, 34.388863], [-90.651012, 34.383098], [-90.65854, 34.375705], [-90.65535, 34.37184], [-90.666853, 34.355773], [-90.666864, 34.348551], [-90.660332, 34.335351], [-90.657488, 34.322231], [-90.661505, 34.315208], [-90.669343, 34.313088], [-90.678075, 34.31309], [-90.686003, 34.315771], [-90.693129, 34.32257], [-90.693686, 34.32968], [-90.691501, 34.338636], [-90.681498, 34.352603], [-90.676305, 34.371261], [-90.701057, 34.362519], [-90.715803, 34.360335], [-90.746446, 34.367674], [-90.757304, 34.367392], [-90.762213, 34.365245], [-90.768313, 34.359785], [-90.76996, 34.355482], [-90.769378, 34.349727], [-90.76513, 34.342511], [-90.751863, 34.331185], [-90.736399, 34.312067], [-90.735309, 34.299662], [-90.738025, 34.289279], [-90.752929, 34.274605], [-90.765623, 34.269513], [-90.784543, 34.271603], [-90.816736, 34.280649], [-90.825763, 34.279893], [-90.831773, 34.276936], [-90.833629, 34.274074], [-90.835012, 34.258635], [-90.840537, 34.23803], [-90.83813, 34.219997], [-90.847149, 34.20613], [-90.856407, 34.211316], [-90.876796, 34.214389], [-90.892279, 34.222891], [-90.899581, 34.228952], [-90.906334, 34.244382], [-90.922922, 34.246535], [-90.928675, 34.244707], [-90.93208, 34.241614], [-90.935548, 34.237847], [-90.937148, 34.23261], [-90.934544, 34.217854], [-90.919839, 34.20092], [-90.908215, 34.192071], [-90.886746, 34.182501], [-90.877452, 34.185618], [-90.873589, 34.18309], [-90.8694, 34.182854], [-90.854406, 34.186833], [-90.838195, 34.1838], [-90.820511, 34.183825], [-90.811095, 34.179573], [-90.807654, 34.171587], [-90.807564, 34.161821], [-90.815878, 34.149879], [-90.827634, 34.14093], [-90.836099, 34.137876], [-90.845283, 34.136886], [-90.860446, 34.139187], [-90.881984, 34.150911], [-90.894449, 34.161064], [-90.901649, 34.164209], [-90.909957, 34.165511], [-90.922882, 34.155837], [-90.936614, 34.149374], [-90.958644, 34.135484], [-90.960794, 34.128614], [-90.955771, 34.118713], [-91.117918, 34.119039], [-91.110583, 34.131374], [-91.107697, 34.132232], [-91.10296, 34.129247], [-91.100093, 34.129375], [-91.098471, 34.131645], [-91.098427, 34.138102], [-91.095684, 34.140803], [-91.084672, 34.141006], [-91.078469, 34.144207], [-91.084706, 34.146377], [-91.090269, 34.154145], [-91.090011, 34.156468], [-91.083984, 34.158977], [-91.083177, 34.161235], [-91.087728, 34.170187], [-91.09402, 34.175165], [-91.093755, 34.177713], [-91.086994, 34.180946], [-91.093462, 34.185428], [-91.094322, 34.188303], [-91.086892, 34.202208], [-91.078635, 34.196703], [-91.072674, 34.19844], [-91.070451, 34.201384], [-91.06915, 34.212205], [-91.060626, 34.216766], [-91.060725, 34.218679], [-91.066678, 34.224599], [-91.067386, 34.232325], [-91.065825, 34.239463], [-91.074604, 34.243322], [-91.079299, 34.250744], [-91.077248, 34.252432], [-91.073534, 34.249695], [-91.070086, 34.24968], [-91.062703, 34.255015], [-91.063013, 34.256703], [-91.068581, 34.260324], [-91.064547, 34.264936], [-91.072631, 34.265529], [-91.075169, 34.26765], [-91.073504, 34.278759], [-91.077949, 34.282296], [-91.073702, 34.287078], [-91.073371, 34.29496], [-91.070672, 34.297975], [-91.067527, 34.298092], [-91.065095, 34.29612], [-91.066077, 34.289911], [-91.064831, 34.287907], [-91.061038, 34.287049], [-91.058412, 34.28919], [-91.061494, 34.297686], [-91.060686, 34.30511], [-91.064867, 34.310949], [-91.062718, 34.312217], [-91.055449, 34.309421], [-91.052363, 34.312182], [-91.052559, 34.31534], [-91.054642, 34.317785], [-91.064371, 34.31879], [-91.062086, 34.321089], [-91.054445, 34.322434], [-91.05654, 34.326599], [-91.053178, 34.332474], [-91.056337, 34.336652], [-91.002721, 34.336362], [-91.000316, 34.469386], [-91.054775, 34.470829], [-91.052011, 34.645717]]]}}, {"type": "Feature", "properties": {"name": "Franklin County", "students": 0}, "geometry": {"type": "Polygon", "coordinates": [[[-93.695856, 35.76862], [-93.710043, 35.375237], [-93.713834, 35.374141], [-93.718467, 35.369361], [-93.731268, 35.369856], [-93.746359, 35.364816], [-93.752963, 35.365731], [-93.755802, 35.368136], [-93.761079, 35.378146], [-93.779237, 35.388352], [-93.791891, 35.398783], [-93.800541, 35.409947], [-93.806947, 35.424174], [-93.810086, 35.313031], [-93.917127, 35.319046], [-93.920157, 35.229585], [-94.02814, 35.231271], [-94.028872, 35.214176], [-94.046565, 35.214081], [-94.047022, 35.199466], [-94.064779, 35.199877], [-94.064314, 35.214536], [-94.08222, 35.214782], [-94.07693, 35.41251], [-94.075538, 35.4126], [-94.074437, 35.444997], [-94.053832, 35.454086], [-94.039463, 35.464611], [-94.050088, 35.47173], [-94.056289, 35.471773], [-94.057625, 35.473548], [-94.054711, 35.477203], [-94.040213, 35.482519], [-94.039416, 35.485755], [-94.04547, 35.487979], [-94.048784, 35.493229], [-94.04102, 35.498902], [-94.03397, 35.500734], [-94.029001, 35.507501], [-94.032367, 35.519884], [-94.036455, 35.525158], [-94.037675, 35.529711], [-94.041076, 35.531094], [-94.040665, 35.542102], [-94.039945, 35.544444], [-94.035042, 35.545522], [-94.035474, 35.552307], [-94.023406, 35.556689], [-94.022876, 35.57428], [-94.076203, 35.575616], [-94.073958, 35.662463], [-93.984235, 35.660659], [-93.982845, 35.704024], [-93.965035, 35.703314], [-93.964235, 35.732029], [-93.911668, 35.730805], [-93.911188, 35.745319], [-93.892862, 35.745065], [-93.892252, 35.75942], [-93.910836, 35.759752], [-93.910585, 35.774298], [-93.803655, 35.772098], [-93.695856, 35.76862]]]}}, {"type": "Feature", "properties": {"name": "Crawford County", "students": 0}, "geometry": {"type": "Polygon", "coordinates": [[[-94.493137, 35.759247], [-94.124927, 35.750327], [-94.124269, 35.764757], [-93.892252, 35.75942], [-93.892862, 35.745065], [-93.911188, 35.745319], [-93.911668, 35.730805], [-93.964235, 35.732029], [-93.965035, 35.703314], [-93.982845, 35.704024], [-93.984235, 35.660659], [-94.073958, 35.662463], [-94.076203, 35.575616], [-94.022876, 35.57428], [-94.023406, 35.556689], [-94.035474, 35.552307], [-94.035042, 35.545522], [-94.039945, 35.544444], [-94.040665, 35.542102], [-94.041076, 35.531094], [-94.037675, 35.529711], [-94.036455, 35.525158], [-94.032367, 35.519884], [-94.029001, 35.507501], [-94.03397, 35.500734], [-94.04102, 35.498902], [-94.048784, 35.493229], [-94.04547, 35.487979], [-94.039416, 35.485755], [-94.040213, 35.482519], [-94.054711, 35.477203], [-94.057625, 35.473548], [-94.056289, 35.471773], [-94.050088, 35.47173], [-94.039463, 35.464611], [-94.059875, 35.450884], [-94.082219, 35.442986], [-94.087208, 35.443032], [-94.116787, 35.451092], [-94.138179, 35.450824], [-94.148173, 35.447357], [-94.157521, 35.441146], [-94.161548, 35.433413], [-94.156658, 35.425275], [-94.139218, 35.412548], [-94.133606, 35.403346], [-94.131606, 35.390131], [-94.137085, 35.381606], [-94.145667, 35.37796], [-94.164612, 35.379185], [-94.174681, 35.377847], [-94.181624, 35.375054], [-94.202215, 35.36111], [-94.209727, 35.357758], [-94.228987, 35.353276], [-94.243914, 35.356558], [-94.252545, 35.356193], [-94.259698, 35.353457], [-94.269393, 35.345307], [-94.280842, 35.343385], [-94.291342, 35.346184], [-94.318303, 35.363119], [-94.336779, 35.367933], [-94.34344, 35.371485], [-94.348301, 35.382756], [-94.33745, 35.400668], [-94.337095, 35.406523], [-94.339296, 35.413154], [-94.347646, 35.423055], [-94.369444, 35.435919], [-94.38637, 35.448805], [-94.396223, 35.450104], [-94.408042, 35.449221], [-94.416296, 35.446389], [-94.423109, 35.440783], [-94.426498, 35.431767], [-94.423448, 35.41844], [-94.423479, 35.411324], [-94.431014, 35.393167], [-94.493137, 35.759247]]]}}, {"type": "Feature", "properties": {"name": "Jackson County", "students": 0}, "geometry": {"type": "Polygon", "coordinates": [[[-91.338163, 35.71295], [-91.332157, 35.71855], [-91.333064, 35.725543], [-91.327592, 35.730175], [-91.328494, 35.735808], [-91.332697, 35.737756], [-91.333343, 35.740297], [-91.328843, 35.743079], [-91.325824, 35.747586], [-91.318126, 35.749193], [-91.318579, 35.756285], [-91.310712, 35.756967], [-91.310264, 35.758753], [-91.313228, 35.763007], [-91.312426, 35.765014], [-91.302669, 35.766912], [-91.290646, 35.765771], [-91.289595, 35.767275], [-91.29208, 35.770559], [-91.291167, 35.772899], [-91.27997, 35.774563], [-91.285166, 35.775957], [-91.288346, 35.780982], [-91.287469, 35.783029], [-91.281788, 35.78491], [-91.282377, 35.789043], [-91.281032, 35.791962], [-91.27738, 35.792776], [-91.271153, 35.788224], [-91.268644, 35.791623], [-91.262446, 35.793092], [-91.258161, 35.796742], [-91.247888, 35.798921], [-91.24702, 35.80112], [-91.249253, 35.803027], [-91.261164, 35.80397], [-91.259474, 35.811119], [-91.254593, 35.807935], [-91.247039, 35.812574], [-91.234453, 35.812417], [-91.230597, 35.813939], [-91.231198, 35.816325], [-91.237662, 35.817354], [-91.239325, 35.820803], [-91.238472, 35.822939], [-91.233343, 35.822703], [-91.23245, 35.824644], [-91.241184, 35.828694], [-91.24687, 35.828664], [-91.248483, 35.833116], [-91.2449, 35.834873], [-91.235634, 35.83325], [-91.231429, 35.836692], [-91.228516, 35.843445], [-91.222347, 35.846562], [-91.208537, 35.849695], [-91.210932, 35.852525], [-91.217752, 35.849238], [-91.221644, 35.851698], [-91.219411, 35.85689], [-91.212763, 35.858338], [-91.209658, 35.86272], [-91.214615, 35.868445], [-91.214843, 35.873202], [-91.218569, 35.879126], [-91.217599, 35.881866], [-91.212574, 35.881543], [-91.210381, 35.873369], [-91.207477, 35.871813], [-91.204877, 35.873583], [-91.211048, 35.882997], [-91.204705, 35.884796], [-91.197992, 35.883821], [-91.198666, 35.886206], [-91.20289, 35.887767], [-91.198545, 35.890038], [-91.13882, 35.890032], [-91.032562, 35.885028], [-91.038143, 35.663236], [-91.039633, 35.354255], [-91.251555, 35.357561], [-91.253007, 35.445779], [-91.350335, 35.445043], [-91.347257, 35.439106], [-91.584454, 35.442309], [-91.582094, 35.530332], [-91.47507, 35.527203], [-91.369655, 35.52637], [-91.368941, 35.639954], [-91.35974, 35.642249], [-91.346897, 35.636302], [-91.337457, 35.639573], [-91.325494, 35.637094], [-91.321191, 35.639457], [-91.323493, 35.641626], [-91.322912, 35.647521], [-91.328706, 35.646675], [-91.331765, 35.649355], [-91.340249, 35.652296], [-91.341123, 35.655627], [-91.337869, 35.660478], [-91.338074, 35.663932], [-91.340081, 35.66548], [-91.346952, 35.66528], [-91.34714, 35.667086], [-91.342588, 35.67212], [-91.347967, 35.673885], [-91.3534, 35.678657], [-91.347305, 35.679863], [-91.346902, 35.687636], [-91.348909, 35.691347], [-91.355577, 35.695375], [-91.356157, 35.701849], [-91.35213, 35.705191], [-91.35389, 35.709514], [-91.348465, 35.711965], [-91.348317, 35.7194], [-91.345653, 35.721229], [-91.342464, 35.72011], [-91.342295, 35.713159], [-91.338163, 35.71295]]]}}, {"type": "Feature", "properties": {"name": "Clay County", "students": 0}, "geometry": {"type": "Polygon", "coordinates": [[[-90.11606, 36.261524], [-90.119348, 36.257678], [-90.118138, 36.255645], [-90.11997, 36.254719], [-90.118374, 36.253273], [-90.122447, 36.24932], [-90.121999, 36.246468], [-90.125007, 36.244502], [-90.124002, 36.243145], [-90.130047, 36.243344], [-90.130883, 36.241372], [-90.1248, 36.235263], [-90.126502, 36.233127], [-90.126257, 36.229214], [-90.131121, 36.228732], [-90.13241, 36.226432], [-90.141852, 36.227654], [-90.14407, 36.223328], [-90.146052, 36.223132], [-90.145877, 36.220709], [-90.149618, 36.221178], [-90.152239, 36.215647], [-90.156776, 36.213483], [-90.160844, 36.215572], [-90.167617, 36.213259], [-90.169634, 36.214067], [-90.172697, 36.21064], [-90.175846, 36.210574], [-90.177634, 36.207266], [-90.181231, 36.208656], [-90.183197, 36.204964], [-90.18813, 36.205461], [-90.190186, 36.201384], [-90.32096, 36.200575], [-90.319581, 36.259139], [-90.465797, 36.25994], [-90.534791, 36.261552], [-90.552729, 36.26339], [-90.588823, 36.264067], [-90.588793, 36.26508], [-90.715937, 36.267906], [-90.806676, 36.267032], [-90.806219, 36.28812], [-90.802947, 36.289893], [-90.803304, 36.287082], [-90.801636, 36.28609], [-90.799651, 36.289771], [-90.79939, 36.286351], [-90.795021, 36.286167], [-90.791224, 36.287816], [-90.791982, 36.292029], [-90.789966, 36.294158], [-90.7863, 36.293688], [-90.785502, 36.291546], [-90.783006, 36.291154], [-90.783716, 36.289589], [-90.780875, 36.289184], [-90.781673, 36.284159], [-90.779391, 36.285068], [-90.777768, 36.282696], [-90.775355, 36.284902], [-90.769097, 36.284774], [-90.765584, 36.287094], [-90.763789, 36.284776], [-90.759694, 36.285358], [-90.759126, 36.282251], [-90.754952, 36.28361], [-90.75184, 36.280067], [-90.749547, 36.280885], [-90.752001, 36.283353], [-90.748637, 36.412764], [-90.770739, 36.413631], [-90.768444, 36.420678], [-90.765069, 36.420459], [-90.761997, 36.417822], [-90.761219, 36.421814], [-90.756236, 36.422324], [-90.761521, 36.425651], [-90.762415, 36.428748], [-90.764556, 36.428153], [-90.766989, 36.424492], [-90.77801, 36.426033], [-90.778635, 36.429993], [-90.773145, 36.427829], [-90.772699, 36.430263], [-90.767555, 36.432579], [-90.769174, 36.434179], [-90.775653, 36.434328], [-90.779484, 36.437802], [-90.774513, 36.446655], [-90.775498, 36.45282], [-90.773127, 36.459858], [-90.773975, 36.464006], [-90.771679, 36.467064], [-90.772973, 36.474833], [-90.768073, 36.476873], [-90.77129, 36.481133], [-90.769251, 36.485227], [-90.769957, 36.487377], [-90.777478, 36.489283], [-90.782346, 36.497602], [-90.784452, 36.498583], [-90.152307, 36.497982], [-90.154481, 36.496659], [-90.15345, 36.493048], [-90.160067, 36.494378], [-90.156151, 36.489097], [-90.156731, 36.487448], [-90.160099, 36.487504], [-90.159916, 36.485664], [-90.157206, 36.484311], [-90.159544, 36.480244], [-90.151238, 36.476958], [-90.144181, 36.476196], [-90.142392, 36.471399], [-90.145662, 36.469055], [-90.152985, 36.470771], [-90.155593, 36.466435], [-90.155407, 36.463795], [-90.150499, 36.465464], [-90.145032, 36.462851], [-90.144572, 36.467233], [-90.143007, 36.46796], [-90.140424, 36.465075], [-90.140962, 36.458538], [-90.133953, 36.453781], [-90.137268, 36.450189], [-90.13426, 36.436454], [-90.138896, 36.435107], [-90.137948, 36.431563], [-90.143011, 36.430948], [-90.144312, 36.426018], [-90.139303, 36.42132], [-90.134403, 36.422877], [-90.135033, 36.416816], [-90.138503, 36.413726], [-90.134933, 36.413573], [-90.127404, 36.416736], [-90.126596, 36.415592], [-90.128745, 36.411446], [-90.121551, 36.410835], [-90.118886, 36.412513], [-90.118504, 36.409429], [-90.115471, 36.40799], [-90.113645, 36.409562], [-90.115597, 36.405816], [-90.110825, 36.407744], [-90.110322, 36.404165], [-90.10434, 36.405429], [-90.101551, 36.40197], [-90.098434, 36.404011], [-90.084136, 36.400524], [-90.08152, 36.401096], [-90.074194, 36.392985], [-90.070537, 36.39352], [-90.068998, 36.388234], [-90.065849, 36.387452], [-90.068267, 36.385329], [-90.063267, 36.38347], [-90.066745, 36.378006], [-90.062779, 36.377163], [-90.064734, 36.368925], [-90.063467, 36.367082], [-90.066354, 36.36509], [-90.066053, 36.360062], [-90.068038, 36.356538], [-90.070461, 36.356381], [-90.07581, 36.349835], [-90.078032, 36.349293], [-90.074188, 36.34337], [-90.076976, 36.341439], [-90.078323, 36.337709], [-90.075459, 36.334345], [-90.07913, 36.327698], [-90.081913, 36.326457], [-90.079837, 36.323507], [-90.082382, 36.321997], [-90.079751, 36.318357], [-90.076613, 36.319213], [-90.069487, 36.313254], [-90.064193, 36.302502], [-90.069398, 36.298577], [-90.071502, 36.293206], [-90.079015, 36.289868], [-90.07572, 36.281053], [-90.079735, 36.278661], [-90.083529, 36.272122], [-90.096047, 36.271366], [-90.099504, 36.268947], [-90.102916, 36.268935], [-90.106538, 36.265859], [-90.113207, 36.266158], [-90.117068, 36.263487], [-90.11606, 36.261524]]]}}, {"type": "Feature", "properties": {"name": "Faulkner County", "students": 234}, "geometry": {"type": "Polygon", "coordinates": [[[-92.229886, 34.927517], [-92.419073, 34.93155], [-92.417975, 34.928583], [-92.415637, 34.928916], [-92.413051, 34.924814], [-92.417801, 34.923679], [-92.414329, 34.921515], [-92.416886, 34.920526], [-92.415287, 34.917857], [-92.417305, 34.91901], [-92.418328, 34.917856], [-92.415879, 34.916741], [-92.418659, 34.915733], [-92.417772, 34.913291], [-92.424061, 34.910134], [-92.428157, 34.911152], [-92.42924, 34.909454], [-92.433591, 34.908628], [-92.434113, 34.906636], [-92.436504, 34.907725], [-92.434521, 34.90475], [-92.436923, 34.90515], [-92.437094, 34.902799], [-92.438303, 34.903312], [-92.438068, 34.906882], [-92.439803, 34.90589], [-92.439148, 34.903084], [-92.443262, 34.906453], [-92.444414, 34.903833], [-92.449759, 34.902872], [-92.446812, 34.890851], [-92.447456, 34.883858], [-92.443332, 34.877367], [-92.44223, 34.869123], [-92.447233, 34.856981], [-92.436413, 34.842962], [-92.45637, 34.852036], [-92.461052, 34.856167], [-92.464231, 34.861748], [-92.464707, 34.871647], [-92.45346, 34.889397], [-92.450936, 34.90415], [-92.452832, 34.909882], [-92.465813, 34.92467], [-92.468132, 34.939372], [-92.473547, 34.947], [-92.480337, 34.95153], [-92.487192, 34.953275], [-92.504547, 34.953246], [-92.527876, 34.950805], [-92.541112, 34.952219], [-92.560784, 34.956909], [-92.574306, 34.963724], [-92.584488, 34.971616], [-92.591994, 34.980997], [-92.598047, 34.993514], [-92.598895, 35.002999], [-92.593669, 35.012908], [-92.586362, 35.019541], [-92.568784, 35.029082], [-92.559064, 35.036423], [-92.55023, 35.046542], [-92.543353, 35.060018], [-92.541169, 35.071717], [-92.540804, 35.088213], [-92.548753, 35.107761], [-92.554443, 35.113418], [-92.554516, 35.116845], [-92.543125, 35.126114], [-92.534393, 35.114952], [-92.521842, 35.114512], [-92.515884, 35.129048], [-92.511944, 35.134658], [-92.505875, 35.138391], [-92.507037, 35.141769], [-92.513169, 35.14373], [-92.507371, 35.144428], [-92.504199, 35.147277], [-92.504132, 35.159711], [-92.501517, 35.163281], [-92.505701, 35.164376], [-92.507252, 35.166867], [-92.505467, 35.169156], [-92.503097, 35.167858], [-92.500467, 35.168654], [-92.50341, 35.172314], [-92.499756, 35.17495], [-92.50592, 35.175935], [-92.511615, 35.181188], [-92.519304, 35.184031], [-92.519177, 35.187285], [-92.52332, 35.18588], [-92.523427, 35.189483], [-92.529123, 35.189892], [-92.526718, 35.193595], [-92.529492, 35.196038], [-92.527049, 35.198239], [-92.52632, 35.203797], [-92.524449, 35.204886], [-92.527127, 35.206056], [-92.524685, 35.207603], [-92.527639, 35.209649], [-92.524451, 35.21085], [-92.525334, 35.213611], [-92.523599, 35.215578], [-92.520665, 35.213916], [-92.519105, 35.216838], [-92.525151, 35.217921], [-92.522295, 35.220133], [-92.522956, 35.221866], [-92.529277, 35.219151], [-92.531479, 35.224737], [-92.529285, 35.226148], [-92.52772, 35.230787], [-92.521653, 35.22756], [-92.522206, 35.231511], [-92.515154, 35.233127], [-92.512424, 35.239074], [-92.513756, 35.242033], [-92.51156, 35.245079], [-92.509583, 35.244568], [-92.511005, 35.23995], [-92.508435, 35.241747], [-92.506189, 35.239454], [-92.504325, 35.239979], [-92.503747, 35.241215], [-92.505586, 35.242324], [-92.503543, 35.246897], [-92.510085, 35.249009], [-92.510796, 35.251879], [-92.514027, 35.253494], [-92.514234, 35.257046], [-92.511007, 35.258582], [-92.506596, 35.257991], [-92.493893, 35.266176], [-92.499, 35.266959], [-92.49319, 35.274226], [-92.487912, 35.27342], [-92.484883, 35.275489], [-92.485859, 35.278878], [-92.484357, 35.281352], [-92.481678, 35.368422], [-92.217289, 35.362902], [-92.111535, 35.362633], [-92.12154, 35.012204], [-92.22717, 35.014595], [-92.229886, 34.927517]]]}}, {"type": "Feature", "properties": {"name": "Baxter County", "students": 169}, "geometry": {"type": "Polygon", "coordinates": [[[-92.305109, 36.061087], [-92.307215, 35.974007], [-92.414396, 35.975798], [-92.409142, 36.134675], [-92.426787, 36.134866], [-92.426397, 36.149465], [-92.40869, 36.14937], [-92.407624, 36.157773], [-92.41282, 36.162587], [-92.426046, 36.162396], [-92.428196, 36.163567], [-92.429637, 36.168915], [-92.425809, 36.175161], [-92.425948, 36.17833], [-92.431941, 36.171784], [-92.432717, 36.168357], [-92.441917, 36.164253], [-92.454009, 36.174215], [-92.469487, 36.181894], [-92.479162, 36.193673], [-92.480417, 36.199417], [-92.478732, 36.202181], [-92.472524, 36.20845], [-92.466351, 36.210515], [-92.458979, 36.215962], [-92.460659, 36.220889], [-92.469761, 36.222126], [-92.476461, 36.227939], [-92.475929, 36.241789], [-92.469062, 36.25171], [-92.471298, 36.255938], [-92.476988, 36.25734], [-92.494154, 36.25631], [-92.507636, 36.264717], [-92.521636, 36.268978], [-92.527567, 36.26783], [-92.534817, 36.26336], [-92.54253, 36.262827], [-92.544476, 36.265835], [-92.543139, 36.269271], [-92.528604, 36.282396], [-92.525038, 36.287694], [-92.523462, 36.296218], [-92.524652, 36.300808], [-92.538447, 36.310206], [-92.54778, 36.313801], [-92.55173, 36.313529], [-92.569158, 36.306005], [-92.574886, 36.307445], [-92.575389, 36.309558], [-92.570497, 36.324073], [-92.561514, 36.334785], [-92.552861, 36.336519], [-92.540192, 36.329474], [-92.533256, 36.330325], [-92.527983, 36.344486], [-92.529976, 36.349058], [-92.534876, 36.350956], [-92.550227, 36.349031], [-92.578215, 36.342318], [-92.585722, 36.344992], [-92.592661, 36.350014], [-92.595083, 36.35406], [-92.594786, 36.356659], [-92.59205, 36.35913], [-92.573813, 36.366918], [-92.553886, 36.378445], [-92.551252, 36.381145], [-92.549548, 36.38692], [-92.533104, 36.386557], [-92.529457, 36.458816], [-92.529129, 36.498526], [-92.370252, 36.497264], [-92.150285, 36.498661], [-92.151689, 36.443303], [-92.150636, 36.435794], [-92.159035, 36.276125], [-92.159196, 36.261278], [-92.156931, 36.261221], [-92.159928, 36.173792], [-92.213888, 36.175065], [-92.215231, 36.133469], [-92.199338, 36.134222], [-92.19564, 36.133009], [-92.197449, 36.059239], [-92.305109, 36.061087]]]}}, {"type": "Feature", "properties": {"name": "Little River County", "students": 0}, "geometry": {"type": "Polygon", "coordinates": [[[-94.485905, 33.637798], [-94.477397, 33.940903], [-94.472257, 33.939991], [-94.466335, 33.94457], [-94.463245, 33.94224], [-94.460852, 33.93687], [-94.448784, 33.929075], [-94.447163, 33.929398], [-94.447075, 33.93157], [-94.450457, 33.936096], [-94.448269, 33.93825], [-94.445764, 33.936819], [-94.442214, 33.930616], [-94.431834, 33.932103], [-94.426271, 33.92815], [-94.413956, 33.926136], [-94.411199, 33.927583], [-94.413899, 33.93503], [-94.41665, 33.938605], [-94.421993, 33.939495], [-94.420608, 33.943782], [-94.408441, 33.945249], [-94.400423, 33.940754], [-94.385029, 33.940804], [-94.380546, 33.937381], [-94.379677, 33.93336], [-94.386143, 33.925431], [-94.391241, 33.92388], [-94.39706, 33.927877], [-94.400085, 33.925864], [-94.395226, 33.918316], [-94.388807, 33.920026], [-94.384882, 33.915466], [-94.38468, 33.911459], [-94.387496, 33.907023], [-94.387574, 33.902206], [-94.390302, 33.896386], [-94.362793, 33.888069], [-94.361916, 33.88577], [-94.365596, 33.8819], [-94.37401, 33.881515], [-94.372054, 33.877385], [-94.35669, 33.877751], [-94.338575, 33.882025], [-94.334309, 33.877836], [-94.339531, 33.870659], [-94.335134, 33.861706], [-94.330971, 33.86027], [-94.322962, 33.86326], [-94.319328, 33.860801], [-94.320558, 33.858839], [-94.326613, 33.856466], [-94.326676, 33.85384], [-94.317412, 33.856041], [-94.312838, 33.853045], [-94.302858, 33.853196], [-94.302085, 33.847972], [-94.306163, 33.842931], [-94.305459, 33.834717], [-94.303523, 33.831608], [-94.297158, 33.83035], [-94.296025, 33.828035], [-94.297402, 33.825585], [-94.303464, 33.825345], [-94.303149, 33.821587], [-94.293472, 33.823458], [-94.286113, 33.829847], [-94.280722, 33.829387], [-94.278039, 33.827465], [-94.276306, 33.822701], [-94.271386, 33.821892], [-94.26811, 33.817223], [-94.265805, 33.8171], [-94.262961, 33.819619], [-94.258748, 33.817389], [-94.251768, 33.818192], [-94.250658, 33.811942], [-94.239128, 33.807969], [-94.239006, 33.80225], [-94.234021, 33.802997], [-94.230647, 33.801042], [-94.228393, 33.802267], [-94.228861, 33.80898], [-94.223418, 33.811789], [-94.221341, 33.816167], [-94.218541, 33.814773], [-94.217998, 33.80435], [-94.21652, 33.802442], [-94.21331, 33.803091], [-94.209891, 33.807672], [-94.198033, 33.809553], [-94.191471, 33.812338], [-94.18586, 33.811755], [-94.182839, 33.807399], [-94.187035, 33.803131], [-94.185023, 33.793899], [-94.190257, 33.78857], [-94.187293, 33.785703], [-94.181564, 33.788797], [-94.170128, 33.789564], [-94.169922, 33.790828], [-94.174249, 33.793816], [-94.171507, 33.795646], [-94.165439, 33.791541], [-94.163306, 33.785322], [-94.159822, 33.783285], [-94.151754, 33.784878], [-94.154519, 33.790644], [-94.149228, 33.791712], [-94.146606, 33.789545], [-94.146509, 33.785207], [-94.14035, 33.780389], [-94.137589, 33.780993], [-94.133404, 33.78787], [-94.125196, 33.785022], [-94.121595, 33.785273], [-94.121863, 33.790199], [-94.119902, 33.791702], [-94.116351, 33.790093], [-94.105508, 33.790216], [-94.098078, 33.787264], [-94.089164, 33.786708], [-94.086907, 33.785447], [-94.086544, 33.783176], [-94.040865, 33.781979], [-94.041783, 33.753337], [-93.957039, 33.750979], [-93.957218, 33.748757], [-93.954503, 33.748295], [-93.955271, 33.742391], [-93.952833, 33.738666], [-93.956091, 33.73878], [-93.958606, 33.734388], [-93.959397, 33.739312], [-93.961708, 33.738393], [-93.967232, 33.741609], [-93.969675, 33.739666], [-93.967678, 33.736242], [-93.96432, 33.737257], [-93.962877, 33.735307], [-93.967849, 33.731929], [-93.96937, 33.727846], [-93.965023, 33.71916], [-93.964036, 33.71305], [-93.961452, 33.711803], [-93.958737, 33.713847], [-93.957733, 33.722187], [-93.959039, 33.727927], [-93.954182, 33.728181], [-93.951222, 33.72164], [-93.956168, 33.713774], [-93.951837, 33.709496], [-93.951731, 33.706173], [-93.955407, 33.704862], [-93.962796, 33.706875], [-93.966803, 33.703874], [-93.966096, 33.699663], [-93.960686, 33.694388], [-93.963417, 33.687097], [-93.963138, 33.682566], [-93.967675, 33.676587], [-93.964488, 33.668399], [-93.954596, 33.662629], [-93.947066, 33.660675], [-93.943895, 33.649995], [-93.940062, 33.647622], [-93.937776, 33.647994], [-93.930194, 33.655074], [-93.930061, 33.657438], [-93.932546, 33.660777], [-93.931276, 33.662953], [-93.924056, 33.663273], [-93.919315, 33.665338], [-93.913542, 33.663468], [-93.914925, 33.658195], [-93.903502, 33.651724], [-93.901728, 33.648221], [-93.904657, 33.642576], [-93.911847, 33.640023], [-93.916376, 33.630831], [-93.915455, 33.628933], [-93.910481, 33.628565], [-93.905001, 33.636729], [-93.894056, 33.639552], [-93.891218, 33.637909], [-93.884548, 33.62742], [-93.879397, 33.628566], [-93.876557, 33.633762], [-93.872045, 33.633891], [-93.861335, 33.628247], [-93.860356, 33.625684], [-93.86148, 33.619215], [-93.857962, 33.61564], [-93.851727, 33.61385], [-93.847705, 33.618029], [-93.84332, 33.618093], [-93.839836, 33.616474], [-93.833906, 33.607224], [-93.83135, 33.606882], [-93.825878, 33.609891], [-93.824931, 33.607937], [-93.829865, 33.603437], [-93.835532, 33.602857], [-93.850087, 33.608525], [-93.863117, 33.610209], [-93.872011, 33.604077], [-93.873965, 33.598201], [-93.879728, 33.590679], [-93.897964, 33.580085], [-93.899665, 33.581212], [-93.897422, 33.585624], [-93.897998, 33.590234], [-93.900737, 33.593356], [-93.905748, 33.595273], [-93.916126, 33.589144], [-93.916351, 33.587548], [-93.91418, 33.584233], [-93.904404, 33.579625], [-93.902167, 33.575968], [-93.903177, 33.5709], [-93.910077, 33.569338], [-93.918863, 33.579582], [-93.925839, 33.58125], [-93.931473, 33.58009], [-93.935729, 33.575639], [-93.941482, 33.563617], [-93.943479, 33.552962], [-93.950137, 33.550086], [-93.954126, 33.550458], [-93.95815, 33.553013], [-93.959643, 33.567998], [-93.963957, 33.572532], [-93.972696, 33.572904], [-93.979319, 33.570422], [-93.982412, 33.568002], [-93.983666, 33.563411], [-93.974493, 33.558309], [-93.973434, 33.553815], [-93.97871, 33.540097], [-93.98202, 33.536205], [-93.986157, 33.534743], [-93.991921, 33.537016], [-93.998079, 33.544608], [-93.994231, 33.557952], [-93.997178, 33.562461], [-94.001804, 33.56485], [-94.009893, 33.565045], [-94.022734, 33.556851], [-94.045401, 33.551165], [-94.049864, 33.551166], [-94.05184, 33.552707], [-94.061767, 33.549482], [-94.072134, 33.553923], [-94.073909, 33.556464], [-94.072647, 33.559503], [-94.06729, 33.560956], [-94.06014, 33.559252], [-94.055615, 33.561577], [-94.055691, 33.563401], [-94.056922, 33.567926], [-94.067579, 33.569919], [-94.070448, 33.577432], [-94.070261, 33.581899], [-94.073454, 33.58475], [-94.07512, 33.582683], [-94.071896, 33.576963], [-94.072499, 33.572315], [-94.081811, 33.575329], [-94.091852, 33.575102], [-94.111717, 33.567156], [-94.120669, 33.566986], [-94.122533, 33.553516], [-94.126151, 33.550782], [-94.128738, 33.55092], [-94.132214, 33.555016], [-94.135144, 33.571033], [-94.1449, 33.56521], [-94.148401, 33.565693], [-94.151448, 33.568466], [-94.151017, 33.572052], [-94.143044, 33.57751], [-94.142028, 33.581128], [-94.146048, 33.581975], [-94.152409, 33.576193], [-94.156983, 33.575802], [-94.16182, 33.580302], [-94.161817, 33.588694], [-94.179774, 33.592005], [-94.183774, 33.594666], [-94.196692, 33.581223], [-94.204172, 33.579782], [-94.212938, 33.583441], [-94.217304, 33.580245], [-94.2164, 33.576702], [-94.211717, 33.573774], [-94.208664, 33.57373], [-94.201739, 33.5775], [-94.194478, 33.573669], [-94.189808, 33.561829], [-94.191615, 33.557234], [-94.195447, 33.555162], [-94.197954, 33.555057], [-94.200758, 33.557332], [-94.203269, 33.565911], [-94.205817, 33.567099], [-94.213439, 33.563001], [-94.22056, 33.555232], [-94.228255, 33.552307], [-94.237482, 33.552457], [-94.250695, 33.557108], [-94.252187, 33.560747], [-94.251094, 33.565097], [-94.244241, 33.57366], [-94.238214, 33.577161], [-94.236929, 33.580042], [-94.236718, 33.587091], [-94.242518, 33.589744], [-94.252652, 33.586177], [-94.259984, 33.580448], [-94.266073, 33.573015], [-94.271561, 33.56208], [-94.277324, 33.557329], [-94.286601, 33.557102], [-94.290832, 33.559029], [-94.290272, 33.567709], [-94.280744, 33.575104], [-94.282741, 33.581281], [-94.287425, 33.582562], [-94.292707, 33.580792], [-94.299827, 33.574689], [-94.306821, 33.560238], [-94.306386, 33.555707], [-94.309543, 33.551631], [-94.320178, 33.548973], [-94.331503, 33.553087], [-94.335511, 33.564709], [-94.339035, 33.567503], [-94.343713, 33.567955], [-94.352489, 33.562227], [-94.347341, 33.551605], [-94.353541, 33.543743], [-94.358488, 33.543117], [-94.370141, 33.545782], [-94.381664, 33.544035], [-94.386786, 33.545123], [-94.400594, 33.556797], [-94.401388, 33.56101], [-94.395551, 33.566543], [-94.387432, 33.565602], [-94.380147, 33.568825], [-94.377779, 33.575161], [-94.380649, 33.581864], [-94.382847, 33.583349], [-94.386128, 33.581839], [-94.395973, 33.57246], [-94.403472, 33.568472], [-94.412451, 33.569019], [-94.428034, 33.590038], [-94.43065, 33.591574], [-94.439469, 33.594211], [-94.441749, 33.591511], [-94.451111, 33.591242], [-94.455949, 33.594795], [-94.458232, 33.59827], [-94.457456, 33.600442], [-94.46496, 33.598809], [-94.46854, 33.59964], [-94.471706, 33.602621], [-94.469666, 33.607294], [-94.453042, 33.617179], [-94.452699, 33.622507], [-94.460598, 33.624654], [-94.461141, 33.629263], [-94.46275, 33.630793], [-94.448501, 33.634435], [-94.44678, 33.640178], [-94.44834, 33.642449], [-94.459186, 33.644992], [-94.466033, 33.636189], [-94.476927, 33.638929], [-94.485905, 33.637798]]]}}, {"type": "Feature", "properties": {"name": "Boone County", "students": 0}, "geometry": {"type": "Polygon", "coordinates": [[[-92.889516, 36.318458], [-92.890725, 36.114245], [-93.065958, 36.116662], [-93.086649, 36.119299], [-93.123589, 36.119545], [-93.140283, 36.117576], [-93.30082, 36.12155], [-93.29573, 36.427769], [-93.296049, 36.481635], [-93.301271, 36.48145], [-93.3023, 36.482633], [-93.294931, 36.489246], [-93.298621, 36.49381], [-93.298658, 36.497022], [-93.294075, 36.496261], [-93.293174, 36.498433], [-92.854008, 36.497854], [-92.854602, 36.464639], [-92.860736, 36.472642], [-92.873564, 36.475655], [-92.880523, 36.487199], [-92.884897, 36.490854], [-92.88763, 36.347548], [-92.889516, 36.318458]]]}}, {"type": "Feature", "properties": {"name": "Ashley County", "students": 0}, "geometry": {"type": "Polygon", "coordinates": [[[-91.46003, 33.272143], [-91.460375, 33.006189], [-92.06893, 33.00799], [-92.069606, 33.010612], [-92.078252, 33.016886], [-92.078538, 33.021595], [-92.081508, 33.025385], [-92.082699, 33.031154], [-92.096885, 33.033907], [-92.104268, 33.029991], [-92.108796, 33.032501], [-92.109811, 33.042326], [-92.115269, 33.04719], [-92.108708, 33.052099], [-92.114154, 33.061935], [-92.114076, 33.069762], [-92.118605, 33.072091], [-92.129141, 33.070122], [-92.131426, 33.082832], [-92.135132, 33.088966], [-92.132669, 33.096997], [-92.14366, 33.098346], [-92.137054, 33.101655], [-92.136757, 33.106755], [-92.129635, 33.113616], [-92.127995, 33.119943], [-92.122378, 33.118366], [-92.118717, 33.12075], [-92.113134, 33.13412], [-92.119227, 33.144866], [-92.110585, 33.143992], [-92.108197, 33.146284], [-92.111651, 33.158731], [-92.122124, 33.161776], [-92.13492, 33.159995], [-92.137236, 33.161206], [-92.137549, 33.162904], [-92.130735, 33.173183], [-92.13372, 33.176139], [-92.131721, 33.179306], [-92.129087, 33.180207], [-92.135075, 33.183702], [-92.128288, 33.183137], [-92.131015, 33.189097], [-92.134172, 33.186409], [-92.138691, 33.188277], [-92.135652, 33.191022], [-92.136434, 33.195211], [-92.132751, 33.198011], [-92.133219, 33.201213], [-92.128385, 33.204466], [-92.128464, 33.208775], [-92.122994, 33.208408], [-92.122483, 33.206038], [-92.118117, 33.20539], [-92.114542, 33.207496], [-92.113182, 33.21239], [-92.117087, 33.216046], [-92.114926, 33.21887], [-92.116092, 33.223192], [-92.11037, 33.2215], [-92.109498, 33.223258], [-92.104366, 33.223908], [-92.104386, 33.218976], [-92.10323, 33.218371], [-92.093247, 33.221731], [-92.08834, 33.226214], [-92.088205, 33.23143], [-92.08552, 33.233275], [-92.090341, 33.235207], [-92.08619, 33.240285], [-92.084491, 33.240821], [-92.081521, 33.237661], [-92.078244, 33.236976], [-92.076956, 33.239819], [-92.074115, 33.241098], [-92.072938, 33.238311], [-92.071359, 33.238328], [-92.069643, 33.242964], [-92.070421, 33.246723], [-92.073787, 33.247432], [-92.07306, 33.251173], [-92.070956, 33.25048], [-92.067905, 33.253036], [-92.066864, 33.250305], [-92.064777, 33.249627], [-92.063948, 33.254826], [-92.059057, 33.257597], [-92.057315, 33.257436], [-92.058293, 33.256018], [-92.057127, 33.254668], [-92.052272, 33.252803], [-92.049197, 33.256404], [-92.0444, 33.256822], [-92.048581, 33.261852], [-92.048152, 33.263365], [-92.043952, 33.267609], [-92.041291, 33.267681], [-92.040146, 33.265755], [-92.037367, 33.265975], [-92.036493, 33.267912], [-92.036759, 33.271557], [-92.039972, 33.272584], [-92.041842, 33.278335], [-92.038694, 33.278326], [-92.030457, 33.282745], [-92.027127, 33.279219], [-92.028205, 33.275942], [-92.026328, 33.274451], [-92.023058, 33.275846], [-92.022501, 33.279034], [-92.010162, 33.285006], [-92.007219, 33.284974], [-92.006825, 33.282136], [-92.003701, 33.283879], [-92.00108, 33.286882], [-92.009222, 33.297153], [-92.001824, 33.3035], [-91.993804, 33.304447], [-91.995179, 33.302938], [-91.992321, 33.300965], [-91.996202, 33.299085], [-91.994413, 33.297983], [-91.988494, 33.300472], [-91.987005, 33.298662], [-91.983727, 33.299974], [-91.981863, 33.298609], [-91.977087, 33.302062], [-91.978252, 33.30368], [-91.975639, 33.307207], [-91.978199, 33.310799], [-91.974685, 33.313555], [-91.97636, 33.316503], [-91.973256, 33.320397], [-91.975705, 33.321949], [-91.975875, 33.326958], [-91.978167, 33.330551], [-91.987174, 33.339998], [-91.986377, 33.342819], [-91.989347, 33.348277], [-91.983203, 33.345731], [-91.978028, 33.346549], [-91.971631, 33.350025], [-91.966875, 33.357578], [-91.969997, 33.36813], [-91.959702, 33.37846], [-91.975656, 33.385562], [-91.986568, 33.386993], [-91.990179, 33.398292], [-91.45737, 33.388974], [-91.46003, 33.272143]]]}}, {"type": "Feature", "properties": {"name": "Desha County", "students": 0}, "geometry": {"type": "Polygon", "coordinates": [[[-91.453462, 33.563675], [-91.450284, 33.780543], [-91.502415, 33.780641], [-91.557656, 33.783322], [-91.555624, 33.870887], [-91.553847, 33.87086], [-91.548656, 33.976815], [-91.465712, 33.975759], [-91.465232, 34.004734], [-91.445135, 34.004544], [-91.445247, 33.99911], [-91.42227, 33.998536], [-91.421985, 34.011715], [-91.40608, 34.001231], [-91.39536, 33.984966], [-91.387874, 33.979836], [-91.381396, 33.97926], [-91.373343, 33.982157], [-91.369282, 33.985745], [-91.360929, 34.002303], [-91.354843, 34.004728], [-91.3499, 34.003254], [-91.345696, 33.999311], [-91.337136, 33.983978], [-91.331817, 33.983467], [-91.326975, 33.985696], [-91.326144, 33.989603], [-91.330745, 34.000697], [-91.338805, 34.008322], [-91.340359, 34.012088], [-91.338599, 34.015835], [-91.333326, 34.016894], [-91.325098, 34.013452], [-91.318967, 34.005278], [-91.318219, 34.000059], [-91.311048, 33.982523], [-91.311747, 33.9755], [-91.314998, 33.970666], [-91.323344, 33.966662], [-91.33183, 33.969033], [-91.337686, 33.97354], [-91.34765, 33.971254], [-91.357398, 33.963588], [-91.356659, 33.959839], [-91.352532, 33.956452], [-91.347754, 33.954867], [-91.332446, 33.958001], [-91.311775, 33.95939], [-91.290623, 33.968692], [-91.291909, 33.95852], [-91.290821, 33.955617], [-91.280209, 33.94521], [-91.275132, 33.94208], [-91.270833, 33.941486], [-91.268231, 33.942738], [-91.265814, 33.947242], [-91.262904, 33.957029], [-91.256578, 33.955881], [-91.251136, 33.957193], [-91.239438, 33.97376], [-91.2306, 33.978108], [-91.2307, 33.964145], [-91.236794, 33.958286], [-91.23951, 33.948887], [-91.236472, 33.942842], [-91.232066, 33.940272], [-91.228617, 33.94078], [-91.222449, 33.951075], [-91.21618, 33.95447], [-91.197319, 33.953213], [-91.178479, 33.958846], [-91.170177, 33.9587], [-91.164339, 33.95354], [-91.161686, 33.943752], [-91.173248, 33.931724], [-91.174209, 33.927169], [-91.17086, 33.922803], [-91.164217, 33.92129], [-91.161883, 33.922732], [-91.160446, 33.927211], [-91.154962, 33.930071], [-91.136596, 33.926501], [-91.139407, 33.931018], [-91.151496, 33.937346], [-91.149059, 33.943356], [-91.14291, 33.944346], [-91.140721, 33.946609], [-91.143095, 33.948898], [-91.150946, 33.950955], [-91.152195, 33.953084], [-91.149075, 33.955132], [-91.139182, 33.955484], [-91.136795, 33.957429], [-91.135543, 33.961752], [-91.142153, 33.966521], [-91.146534, 33.973772], [-91.155755, 33.976354], [-91.158812, 33.978992], [-91.159239, 33.982568], [-91.156547, 33.99202], [-91.162246, 34.00584], [-91.170642, 34.015118], [-91.184368, 34.017529], [-91.183943, 34.028613], [-91.186016, 34.031638], [-91.192413, 34.032537], [-91.19481, 34.034472], [-91.196953, 34.049643], [-91.195364, 34.054169], [-91.187767, 34.06236], [-91.193407, 34.068997], [-91.193995, 34.072607], [-91.18361, 34.072575], [-91.183284, 34.074203], [-91.186767, 34.078875], [-91.185989, 34.081546], [-91.17437, 34.088493], [-91.168494, 34.094253], [-91.163606, 34.092849], [-91.157914, 34.085904], [-91.149917, 34.08537], [-91.147883, 34.089073], [-91.148695, 34.099975], [-91.150784, 34.103284], [-91.148639, 34.104318], [-91.145047, 34.101469], [-91.141264, 34.101657], [-91.14394, 34.105486], [-91.142404, 34.111301], [-91.138691, 34.110989], [-91.13151, 34.106633], [-91.12433, 34.106091], [-91.117918, 34.119039], [-90.955771, 34.118713], [-90.94564, 34.107965], [-90.920702, 34.093308], [-90.905146, 34.09384], [-90.891126, 34.097969], [-90.883126, 34.096729], [-90.876536, 34.092843], [-90.8719, 34.086232], [-90.871122, 34.080249], [-90.874973, 34.071655], [-90.888003, 34.054942], [-90.888694, 34.051752], [-90.886252, 34.039208], [-90.888701, 34.03111], [-90.89194, 34.027416], [-90.902385, 34.023496], [-90.918553, 34.02135], [-90.964625, 34.026798], [-90.988184, 34.019211], [-90.97989, 33.997896], [-90.970905, 33.991784], [-90.961324, 33.979003], [-90.963762, 33.967823], [-90.969768, 33.962429], [-90.985663, 33.960378], [-90.993412, 33.962489], [-90.999977, 33.966386], [-91.018948, 34.003225], [-91.036329, 33.99405], [-91.046434, 33.992428], [-91.053246, 33.994697], [-91.066937, 34.005442], [-91.074691, 34.009018], [-91.08418, 34.008554], [-91.088976, 34.000061], [-91.090633, 33.989472], [-91.090141, 33.968938], [-91.089507, 33.963608], [-91.086292, 33.957652], [-91.07684, 33.953701], [-91.01913, 33.942081], [-91.012983, 33.938085], [-91.010246, 33.932172], [-91.013169, 33.923106], [-91.033021, 33.899821], [-91.045638, 33.88913], [-91.065018, 33.877023], [-91.071311, 33.870813], [-91.073208, 33.860944], [-91.069173, 33.842843], [-91.049083, 33.816026], [-91.031934, 33.807789], [-91.007844, 33.802685], [-91.000474, 33.799483], [-90.991574, 33.792304], [-90.988806, 33.783079], [-90.992274, 33.775447], [-90.99981, 33.769326], [-91.019367, 33.76412], [-91.029023, 33.765753], [-91.053386, 33.778283], [-91.073208, 33.774785], [-91.108663, 33.771668], [-91.123435, 33.781949], [-91.133063, 33.783324], [-91.139, 33.777955], [-91.144891, 33.76834], [-91.144675, 33.763681], [-91.140826, 33.760583], [-91.141008, 33.758101], [-91.144914, 33.750863], [-91.143607, 33.748122], [-91.146936, 33.740832], [-91.148807, 33.73136], [-91.129771, 33.712044], [-91.117645, 33.705299], [-91.096406, 33.705797], [-91.068769, 33.716111], [-91.059169, 33.71452], [-91.04516, 33.70466], [-91.038765, 33.696493], [-91.03606, 33.689413], [-91.030236, 33.687577], [-91.030806, 33.679926], [-91.034095, 33.673378], [-91.042367, 33.669399], [-91.058756, 33.666553], [-91.078953, 33.658253], [-91.090725, 33.657648], [-91.10343, 33.662], [-91.130898, 33.674926], [-91.160367, 33.706602], [-91.173099, 33.702081], [-91.210103, 33.700504], [-91.2213, 33.695903], [-91.228005, 33.688765], [-91.230708, 33.679545], [-91.228962, 33.67126], [-91.22293, 33.663581], [-91.217631, 33.659334], [-91.210905, 33.656578], [-91.189649, 33.654905], [-91.17856, 33.652349], [-91.159986, 33.642897], [-91.136458, 33.625765], [-91.129443, 33.611956], [-91.128948, 33.604038], [-91.132102, 33.595908], [-91.138509, 33.588593], [-91.153192, 33.576532], [-91.165219, 33.570034], [-91.181375, 33.56716], [-91.218451, 33.569001], [-91.228441, 33.566938], [-91.234058, 33.561415], [-91.242401, 33.561453], [-91.242613, 33.55369], [-91.244819, 33.553601], [-91.245756, 33.51719], [-91.32464, 33.518679], [-91.324128, 33.525913], [-91.333383, 33.526166], [-91.333091, 33.533533], [-91.346021, 33.53356], [-91.34633, 33.51927], [-91.350751, 33.519343], [-91.349454, 33.563571], [-91.453462, 33.563675]]]}}, {"type": "Feature", "properties": {"name": "St. Francis County", "students": 181}, "geometry": {"type": "Polygon", "coordinates": [[[-90.407717, 35.002493], [-90.408539, 34.904021], [-90.604188, 34.906283], [-90.74746, 34.905188], [-90.943045, 34.906776], [-91.04639, 34.911979], [-91.09921, 34.911635], [-91.100029, 34.867127], [-91.11697, 34.867103], [-91.116587, 34.911856], [-91.152498, 34.911815], [-91.14975, 35.002469], [-91.045445, 35.001048], [-91.042566, 35.148188], [-90.95348, 35.147342], [-90.935684, 35.148759], [-90.838139, 35.149117], [-90.721619, 35.147957], [-90.721612, 35.146933], [-90.637243, 35.145151], [-90.637295, 35.147036], [-90.600832, 35.144856], [-90.503017, 35.143286], [-90.400497, 35.148336], [-90.402679, 35.0025], [-90.407717, 35.002493]]]}}, {"type": "Feature", "properties": {"name": "Montgomery County", "students": 0}, "geometry": {"type": "Polygon", "coordinates": [[[-93.402245, 34.685231], [-93.40818, 34.339467], [-93.671755, 34.345241], [-93.742577, 34.348078], [-93.831508, 34.347544], [-93.935435, 34.350233], [-93.930214, 34.666049], [-93.879286, 34.66564], [-93.879079, 34.690813], [-93.870248, 34.690761], [-93.869932, 34.712517], [-93.816923, 34.711231], [-93.816771, 34.718511], [-93.781123, 34.718078], [-93.780884, 34.732411], [-93.745793, 34.732126], [-93.745262, 34.746605], [-93.394402, 34.743393], [-93.393946, 34.685219], [-93.402245, 34.685231]]]}}, {"type": "Feature", "properties": {"name": "Sharp County", "students": 0}, "geometry": {"type": "Polygon", "coordinates": [[[-91.45276, 36.43736], [-91.450019, 36.497672], [-91.406872, 36.497062], [-91.40724, 36.487192], [-91.39819, 36.487064], [-91.398455, 36.479932], [-91.380477, 36.47964], [-91.380599, 36.472379], [-91.361853, 36.472167], [-91.361899, 36.464919], [-91.357388, 36.465081], [-91.35761, 36.45037], [-91.353247, 36.4504], [-91.353379, 36.435606], [-91.348901, 36.435586], [-91.349067, 36.420914], [-91.30873, 36.420427], [-91.310087, 36.389798], [-91.291543, 36.389228], [-91.292435, 36.374745], [-91.274863, 36.374583], [-91.275972, 36.330872], [-91.258485, 36.330886], [-91.259326, 36.243467], [-91.331545, 36.244622], [-91.332156, 36.230815], [-91.349834, 36.230967], [-91.352053, 36.157707], [-91.348459, 36.157626], [-91.348624, 36.125486], [-91.35742, 35.89066], [-91.464678, 35.892549], [-91.463132, 35.93685], [-91.683145, 35.94009], [-91.710483, 35.941784], [-91.709528, 36.00097], [-91.682207, 36.000567], [-91.682008, 36.011623], [-91.691201, 36.011803], [-91.691142, 36.019083], [-91.686479, 36.019127], [-91.686433, 36.022838], [-91.681783, 36.022736], [-91.679943, 36.164744], [-91.67497, 36.164692], [-91.674176, 36.208568], [-91.692115, 36.209088], [-91.691443, 36.25316], [-91.566061, 36.249961], [-91.565898, 36.337408], [-91.454363, 36.335535], [-91.45276, 36.43736]]]}}, {"type": "Feature", "properties": {"name": "Greene County", "students": 16}, "geometry": {"type": "Polygon", "coordinates": [[[-90.319581, 36.259139], [-90.32096, 36.200575], [-90.190186, 36.201384], [-90.195214, 36.200348], [-90.196839, 36.196128], [-90.200238, 36.196459], [-90.200893, 36.191804], [-90.204107, 36.189905], [-90.204415, 36.186855], [-90.209786, 36.186012], [-90.211359, 36.183099], [-90.220346, 36.18454], [-90.225177, 36.176766], [-90.229613, 36.173156], [-90.231208, 36.163761], [-90.235395, 36.159322], [-90.23274, 36.156169], [-90.233427, 36.154765], [-90.23123, 36.15359], [-90.231443, 36.146618], [-90.235079, 36.145009], [-90.235445, 36.139395], [-90.245556, 36.136188], [-90.245496, 36.133287], [-90.253267, 36.127312], [-90.260862, 36.127257], [-90.266525, 36.120021], [-90.272191, 36.118407], [-90.272977, 36.116811], [-90.278805, 36.117422], [-90.29306, 36.11443], [-90.295038, 36.1128], [-90.293871, 36.109856], [-90.298158, 36.107317], [-90.297946, 36.102917], [-90.300185, 36.097719], [-90.306254, 36.094951], [-90.312045, 36.094618], [-90.319612, 36.08957], [-90.320645, 36.087004], [-90.318865, 36.084109], [-90.320252, 36.081013], [-90.318238, 36.076134], [-90.320813, 36.073201], [-90.320621, 36.07132], [-90.323731, 36.071611], [-90.328007, 36.068508], [-90.333252, 36.067598], [-90.336303, 36.060598], [-90.333349, 36.057682], [-90.333688, 36.055768], [-90.337821, 36.053121], [-90.336917, 36.047169], [-90.340895, 36.047051], [-90.343673, 36.043007], [-90.348208, 36.041573], [-90.349328, 36.038947], [-90.348275, 36.035051], [-90.351263, 36.031125], [-90.354284, 36.030325], [-90.351713, 36.028006], [-90.351782, 36.025057], [-90.364909, 36.013024], [-90.376977, 35.996643], [-90.38603, 35.988457], [-90.385106, 35.979178], [-90.387339, 35.976168], [-90.387324, 35.964691], [-90.851989, 35.967879], [-90.851846, 35.971221], [-90.848997, 35.972612], [-90.847047, 35.971694], [-90.846985, 35.973062], [-90.843737, 35.973842], [-90.844843, 35.976278], [-90.847763, 35.975632], [-90.848677, 35.977982], [-90.842221, 35.977993], [-90.841128, 35.981585], [-90.842315, 35.983232], [-90.847402, 35.983939], [-90.845165, 35.9867], [-90.84606, 35.988466], [-90.84948, 35.987865], [-90.854408, 35.990461], [-90.858228, 35.990423], [-90.860149, 35.995381], [-90.858322, 35.996149], [-90.857629, 35.993391], [-90.853553, 35.995824], [-90.855452, 35.998251], [-90.855103, 36.002258], [-90.845797, 36.011071], [-90.837953, 36.022174], [-90.840471, 36.036781], [-90.825159, 36.055683], [-90.824639, 36.068187], [-90.821876, 36.070609], [-90.823419, 36.073645], [-90.821998, 36.077895], [-90.811194, 36.084068], [-90.80994, 36.08255], [-90.804922, 36.087813], [-90.802189, 36.085921], [-90.800021, 36.086736], [-90.799226, 36.089315], [-90.79461, 36.088015], [-90.794349, 36.091868], [-90.790652, 36.093236], [-90.789567, 36.100779], [-90.786358, 36.101409], [-90.785252, 36.104138], [-90.782033, 36.103487], [-90.780572, 36.10467], [-90.779409, 36.10232], [-90.777049, 36.105398], [-90.771834, 36.108081], [-90.77065, 36.124996], [-90.764322, 36.133653], [-90.748496, 36.146128], [-90.747519, 36.149112], [-90.809812, 36.14966], [-90.806676, 36.267032], [-90.715937, 36.267906], [-90.588793, 36.26508], [-90.588823, 36.264067], [-90.552729, 36.26339], [-90.534791, 36.261552], [-90.465797, 36.25994], [-90.319581, 36.259139]]]}}, {"type": "Feature", "properties": {"name": "Woodruff County", "students": 0}, "geometry": {"type": "Polygon", "coordinates": [[[-91.039633, 35.354255], [-91.045445, 35.001048], [-91.237363, 35.004289], [-91.238144, 34.984809], [-91.293142, 34.985234], [-91.294713, 34.91246], [-91.368658, 34.912665], [-91.366638, 35.007268], [-91.364698, 35.007232], [-91.363795, 35.051952], [-91.441689, 35.052226], [-91.438637, 35.059949], [-91.439976, 35.061698], [-91.445773, 35.057034], [-91.462163, 35.05207], [-91.470127, 35.055707], [-91.476095, 35.05646], [-91.478898, 35.059667], [-91.47747, 35.064769], [-91.473924, 35.067576], [-91.460299, 35.063323], [-91.445941, 35.067994], [-91.452898, 35.072632], [-91.459759, 35.081482], [-91.468442, 35.084477], [-91.463555, 35.092216], [-91.462394, 35.102423], [-91.460238, 35.10151], [-91.459831, 35.092179], [-91.456213, 35.089021], [-91.452088, 35.088281], [-91.449386, 35.090206], [-91.453512, 35.095986], [-91.452319, 35.101914], [-91.426897, 35.102628], [-91.424162, 35.105179], [-91.42529, 35.109139], [-91.428599, 35.111556], [-91.436761, 35.104649], [-91.441272, 35.103867], [-91.444429, 35.105385], [-91.44479, 35.108798], [-91.43889, 35.118439], [-91.449572, 35.130811], [-91.451898, 35.136713], [-91.451497, 35.139711], [-91.44691, 35.141277], [-91.436614, 35.134964], [-91.429088, 35.136514], [-91.428069, 35.138147], [-91.434607, 35.142938], [-91.433621, 35.15167], [-91.434916, 35.153819], [-91.461755, 35.156182], [-91.463328, 35.160463], [-91.459503, 35.16713], [-91.45356, 35.169923], [-91.442257, 35.165574], [-91.437699, 35.165436], [-91.43363, 35.167973], [-91.429424, 35.175045], [-91.421318, 35.177435], [-91.422316, 35.179484], [-91.434788, 35.180538], [-91.435897, 35.182352], [-91.43445, 35.183352], [-91.429486, 35.181564], [-91.426419, 35.183851], [-91.431446, 35.190781], [-91.43041, 35.193244], [-91.41704, 35.19263], [-91.413063, 35.194276], [-91.409233, 35.210293], [-91.404606, 35.214556], [-91.40014, 35.214396], [-91.39674, 35.211577], [-91.395444, 35.207326], [-91.395858, 35.196384], [-91.392856, 35.192433], [-91.382239, 35.187567], [-91.378459, 35.19008], [-91.377199, 35.19514], [-91.378374, 35.197731], [-91.387585, 35.198413], [-91.390502, 35.201765], [-91.385732, 35.209137], [-91.380444, 35.212926], [-91.379947, 35.21565], [-91.381752, 35.217228], [-91.391877, 35.217894], [-91.394792, 35.221553], [-91.390819, 35.223604], [-91.381863, 35.220058], [-91.378192, 35.22226], [-91.378981, 35.225303], [-91.387247, 35.229882], [-91.389158, 35.235047], [-91.384777, 35.246592], [-91.372566, 35.255665], [-91.371312, 35.264077], [-91.374329, 35.267502], [-91.378531, 35.267056], [-91.380669, 35.254413], [-91.385805, 35.251478], [-91.391562, 35.252082], [-91.399603, 35.259676], [-91.400553, 35.264648], [-91.411842, 35.264835], [-91.411174, 35.293409], [-91.413618, 35.296214], [-91.413122, 35.303913], [-91.415749, 35.304728], [-91.420424, 35.298103], [-91.428692, 35.293141], [-91.434645, 35.293691], [-91.437434, 35.296118], [-91.439027, 35.301831], [-91.438343, 35.305427], [-91.427243, 35.310882], [-91.427966, 35.312174], [-91.434116, 35.311667], [-91.435571, 35.313811], [-91.4282, 35.320574], [-91.424806, 35.331821], [-91.426419, 35.335288], [-91.430784, 35.337937], [-91.441001, 35.339276], [-91.444814, 35.346282], [-91.442257, 35.348598], [-91.434157, 35.348883], [-91.42887, 35.350792], [-91.424612, 35.354074], [-91.42298, 35.35807], [-91.424625, 35.36071], [-91.434994, 35.362818], [-91.438448, 35.368895], [-91.434921, 35.371602], [-91.431599, 35.371613], [-91.417876, 35.361912], [-91.411019, 35.360911], [-91.409406, 35.364576], [-91.410853, 35.367649], [-91.422447, 35.369304], [-91.425038, 35.37141], [-91.425681, 35.375083], [-91.415037, 35.380847], [-91.412569, 35.384166], [-91.406405, 35.386393], [-91.398573, 35.381748], [-91.392192, 35.375083], [-91.384868, 35.374739], [-91.383514, 35.376778], [-91.384419, 35.379287], [-91.392448, 35.386466], [-91.400644, 35.391054], [-91.400686, 35.3931], [-91.38967, 35.396109], [-91.368778, 35.407883], [-91.367814, 35.412694], [-91.372179, 35.421085], [-91.367828, 35.429742], [-91.363769, 35.4302], [-91.362768, 35.428856], [-91.363818, 35.416428], [-91.360917, 35.41134], [-91.355442, 35.408142], [-91.34905, 35.411746], [-91.345544, 35.424308], [-91.355821, 35.427023], [-91.357767, 35.429063], [-91.347726, 35.437853], [-91.34766, 35.441216], [-91.350335, 35.445043], [-91.253007, 35.445779], [-91.251555, 35.357561], [-91.039633, 35.354255]]]}}, {"type": "Feature", "properties": {"name": "White County", "students": 63}, "geometry": {"type": "Polygon", "coordinates": [[[-91.435924, 35.181868], [-91.433548, 35.180304], [-91.422316, 35.179484], [-91.421094, 35.177846], [-91.429424, 35.175045], [-91.43363, 35.167973], [-91.437882, 35.165391], [-91.443589, 35.165953], [-91.452535, 35.169819], [-91.456668, 35.169167], [-91.459503, 35.16713], [-91.463396, 35.159518], [-91.459685, 35.155163], [-91.437425, 35.154535], [-91.433937, 35.152867], [-91.43489, 35.143751], [-91.428372, 35.138755], [-91.428645, 35.136731], [-91.437982, 35.13512], [-91.448323, 35.141485], [-91.4513, 35.140023], [-91.451898, 35.136713], [-91.446834, 35.126252], [-91.43889, 35.118439], [-91.44479, 35.108798], [-91.444099, 35.104869], [-91.436761, 35.104649], [-91.431002, 35.110696], [-91.428372, 35.111552], [-91.424753, 35.108249], [-91.424804, 35.103639], [-91.438917, 35.101529], [-91.45201, 35.102099], [-91.453512, 35.095986], [-91.449386, 35.090206], [-91.452088, 35.088281], [-91.456213, 35.089021], [-91.459831, 35.092179], [-91.460238, 35.10151], [-91.461687, 35.102606], [-91.463221, 35.10102], [-91.463555, 35.092216], [-91.465269, 35.089457], [-91.584005, 35.091584], [-91.585165, 35.025217], [-91.589672, 35.027406], [-91.603441, 35.026289], [-91.608221, 35.020641], [-91.616957, 35.022067], [-91.623509, 35.024406], [-91.625167, 35.026556], [-91.629255, 35.024954], [-91.640232, 35.02705], [-91.645839, 35.039743], [-91.644124, 35.042888], [-91.648429, 35.046214], [-91.649917, 35.04579], [-91.65204, 35.049611], [-91.654847, 35.048915], [-91.657256, 35.052249], [-91.66936, 35.054722], [-91.670083, 35.053638], [-91.672157, 35.054442], [-91.674993, 35.050717], [-91.680044, 35.050548], [-91.682068, 35.053866], [-91.685659, 35.052876], [-91.685332, 35.054658], [-91.687383, 35.055094], [-91.686407, 35.056853], [-91.688882, 35.05666], [-91.686836, 35.059857], [-91.690472, 35.058979], [-91.695302, 35.062278], [-91.697205, 35.061291], [-91.701285, 35.063031], [-91.702028, 35.060992], [-91.705551, 35.060136], [-91.707919, 35.06248], [-91.710863, 35.062783], [-91.710982, 35.061007], [-91.714662, 35.058393], [-91.721487, 35.058664], [-91.722345, 35.056513], [-91.724324, 35.057034], [-91.724356, 35.055074], [-91.73075, 35.054685], [-91.731519, 35.05137], [-91.742058, 35.050337], [-91.744581, 35.047055], [-91.760931, 35.047954], [-91.765841, 35.050052], [-91.771109, 35.047129], [-91.77791, 35.047111], [-91.781497, 35.043043], [-91.789403, 35.039483], [-91.790568, 35.041128], [-91.793314, 35.038946], [-91.794414, 35.042514], [-91.795946, 35.040901], [-91.799656, 35.042206], [-91.802359, 35.040532], [-91.802509, 35.030698], [-91.811266, 35.030884], [-91.811262, 35.033528], [-91.814545, 35.032039], [-91.827245, 35.031651], [-91.831968, 35.028342], [-91.83561, 35.030544], [-91.840855, 35.029664], [-91.843322, 35.027028], [-91.849288, 35.02821], [-91.852639, 35.024556], [-91.854168, 35.026258], [-91.855485, 35.024687], [-91.858825, 35.026023], [-91.868797, 35.024053], [-91.871547, 35.025628], [-91.875184, 35.02351], [-91.876612, 35.025131], [-91.879957, 35.025226], [-91.88168, 35.027804], [-91.886388, 35.027899], [-91.894736, 35.032924], [-91.902557, 35.027687], [-91.90461, 35.02954], [-91.903994, 35.030695], [-91.90797, 35.032762], [-91.90829, 35.034875], [-91.91229, 35.034889], [-91.917514, 35.038119], [-91.91921, 35.043594], [-91.920587, 35.04298], [-91.928371, 35.046905], [-91.93054, 35.044312], [-91.935653, 35.046295], [-91.938403, 35.043721], [-91.944371, 35.046176], [-91.948761, 35.045867], [-91.949527, 35.044549], [-91.955048, 35.045965], [-91.956366, 35.047825], [-91.954658, 35.049574], [-91.960588, 35.049677], [-91.961915, 35.052284], [-91.962108, 35.050853], [-91.967375, 35.051457], [-91.97017, 35.049592], [-91.97131, 35.051758], [-91.973814, 35.051584], [-91.973325, 35.052831], [-91.977186, 35.052621], [-91.976198, 35.053674], [-91.977534, 35.055111], [-91.979454, 35.053325], [-91.982475, 35.05621], [-91.98024, 35.057949], [-91.984715, 35.060121], [-91.991417, 35.061459], [-91.995758, 35.058974], [-91.997889, 35.061449], [-91.9976, 35.063877], [-92.001469, 35.062279], [-92.002521, 35.065389], [-92.003745, 35.06441], [-92.00643, 35.066101], [-92.009735, 35.070589], [-92.00882, 35.071895], [-92.012175, 35.072209], [-92.010691, 35.073106], [-92.012752, 35.076289], [-92.025321, 35.071096], [-92.026303, 35.072743], [-92.030064, 35.07136], [-92.035208, 35.073241], [-92.043433, 35.070471], [-92.043187, 35.068392], [-92.048517, 35.068521], [-92.050178, 35.067065], [-92.054646, 35.067422], [-92.055259, 35.069338], [-92.057748, 35.068658], [-92.059082, 35.073574], [-92.062165, 35.072797], [-92.062338, 35.074414], [-92.064913, 35.073469], [-92.068343, 35.075195], [-92.071559, 35.073916], [-92.076123, 35.074716], [-92.077701, 35.073349], [-92.077067, 35.072018], [-92.080247, 35.070405], [-92.080334, 35.06831], [-92.084408, 35.069278], [-92.084254, 35.067839], [-92.087761, 35.066859], [-92.089054, 35.064782], [-92.094373, 35.066201], [-92.094006, 35.064604], [-92.09605, 35.064215], [-92.099313, 35.06557], [-92.099042, 35.067737], [-92.101223, 35.066665], [-92.10329, 35.068795], [-92.104816, 35.068131], [-92.104616, 35.065586], [-92.110771, 35.065568], [-92.113493, 35.067597], [-92.113731, 35.066502], [-92.116084, 35.067144], [-92.115837, 35.066021], [-92.118082, 35.067362], [-92.119748, 35.06656], [-92.111535, 35.362633], [-92.00932, 35.359734], [-91.852222, 35.358384], [-91.850032, 35.436543], [-91.835511, 35.441795], [-91.829113, 35.454722], [-91.818902, 35.449815], [-91.812397, 35.454396], [-91.806477, 35.452991], [-91.795997, 35.45561], [-91.793577, 35.534078], [-91.745063, 35.534311], [-91.582094, 35.530332], [-91.584454, 35.442309], [-91.347257, 35.439106], [-91.357752, 35.429271], [-91.355821, 35.427023], [-91.348165, 35.425963], [-91.345473, 35.424154], [-91.347702, 35.414272], [-91.3504, 35.410434], [-91.356553, 35.408247], [-91.362093, 35.412562], [-91.363948, 35.419997], [-91.362317, 35.427241], [-91.363769, 35.4302], [-91.365646, 35.430527], [-91.368881, 35.428741], [-91.372179, 35.421085], [-91.367814, 35.412694], [-91.368778, 35.407883], [-91.38967, 35.396109], [-91.400686, 35.3931], [-91.400644, 35.391054], [-91.392448, 35.386466], [-91.384419, 35.379287], [-91.383514, 35.376778], [-91.384868, 35.374739], [-91.392192, 35.375083], [-91.398573, 35.381748], [-91.406405, 35.386393], [-91.412569, 35.384166], [-91.415037, 35.380847], [-91.425681, 35.375083], [-91.425038, 35.37141], [-91.422447, 35.369304], [-91.410853, 35.367649], [-91.409406, 35.364576], [-91.411019, 35.360911], [-91.417876, 35.361912], [-91.431599, 35.371613], [-91.43581, 35.371223], [-91.438609, 35.368515], [-91.434994, 35.362818], [-91.424625, 35.36071], [-91.42298, 35.35807], [-91.424612, 35.354074], [-91.42887, 35.350792], [-91.434157, 35.348883], [-91.442257, 35.348598], [-91.444814, 35.346282], [-91.441001, 35.339276], [-91.430784, 35.337937], [-91.426419, 35.335288], [-91.424806, 35.331821], [-91.4282, 35.320574], [-91.435571, 35.313811], [-91.434116, 35.311667], [-91.427966, 35.312174], [-91.427243, 35.310882], [-91.438343, 35.305427], [-91.439027, 35.301831], [-91.437434, 35.296118], [-91.434645, 35.293691], [-91.428692, 35.293141], [-91.420424, 35.298103], [-91.415749, 35.304728], [-91.413122, 35.303913], [-91.413618, 35.296214], [-91.411174, 35.293409], [-91.411842, 35.264835], [-91.400553, 35.264648], [-91.399603, 35.259676], [-91.391562, 35.252082], [-91.385805, 35.251478], [-91.380669, 35.254413], [-91.379237, 35.257752], [-91.379837, 35.265088], [-91.378097, 35.26731], [-91.373478, 35.266977], [-91.371027, 35.262384], [-91.372566, 35.255665], [-91.384777, 35.246592], [-91.388979, 35.236092], [-91.387486, 35.230186], [-91.378981, 35.225303], [-91.378192, 35.22226], [-91.381863, 35.220058], [-91.390819, 35.223604], [-91.394792, 35.221553], [-91.391877, 35.217894], [-91.381752, 35.217228], [-91.379947, 35.21565], [-91.380444, 35.212926], [-91.385495, 35.209397], [-91.390552, 35.202168], [-91.387585, 35.198413], [-91.377639, 35.197075], [-91.378983, 35.189378], [-91.38416, 35.187646], [-91.393677, 35.193155], [-91.395976, 35.197081], [-91.396338, 35.21073], [-91.399259, 35.213987], [-91.40321, 35.214871], [-91.408978, 35.210829], [-91.413063, 35.194276], [-91.41704, 35.19263], [-91.43041, 35.193244], [-91.431446, 35.190781], [-91.426419, 35.183851], [-91.429006, 35.181647], [-91.43445, 35.183352], [-91.435924, 35.181868]]]}}, {"type": "Feature", "properties": {"name": "Lee County", "students": 0}, "geometry": {"type": "Polygon", "coordinates": [[[-90.524166, 34.731388], [-90.509722, 34.747777], [-90.494148, 34.757568], [-90.492499, 34.764722], [-90.492777, 34.772499], [-90.511388, 34.789999], [-90.511111, 34.798288], [-90.521111, 34.801944], [-90.533333, 34.8], [-90.540833, 34.795833], [-90.544167, 34.791667], [-90.547778, 34.783333], [-90.539786, 34.754304], [-90.545556, 34.738889], [-90.558333, 34.739167], [-90.563611, 34.737778], [-90.566667, 34.735], [-90.568611, 34.721388], [-90.571944, 34.712777], [-90.559444, 34.710833], [-90.542499, 34.7], [-90.529562, 34.695834], [-90.516666, 34.695555], [-90.474166, 34.705277], [-90.46618, 34.699115], [-90.463364, 34.691211], [-90.462883, 34.683805], [-90.468237, 34.670806], [-90.4815, 34.658017], [-90.513225, 34.633449], [-90.519439, 34.629918], [-90.529018, 34.627686], [-90.543909, 34.629493], [-90.549298, 34.633612], [-90.553553, 34.639549], [-90.554921, 34.646721], [-90.553035, 34.658439], [-90.539894, 34.678089], [-90.5453, 34.688075], [-90.557855, 34.693862], [-90.570102, 34.693432], [-90.567697, 34.679093], [-90.568407, 34.668878], [-90.583173, 34.651963], [-90.587367, 34.641374], [-91.052011, 34.645717], [-91.049474, 34.734184], [-91.102542, 34.734864], [-91.09921, 34.911635], [-91.04639, 34.911979], [-90.943045, 34.906776], [-90.74746, 34.905188], [-90.604188, 34.906283], [-90.408461, 34.904021], [-90.407946, 34.826559], [-90.438729, 34.825248], [-90.449691, 34.83992], [-90.435583, 34.85625], [-90.429408, 34.866406], [-90.430702, 34.872467], [-90.438569, 34.884606], [-90.45156, 34.890353], [-90.463636, 34.891588], [-90.477606, 34.8848], [-90.484276, 34.875258], [-90.484929, 34.867052], [-90.482944, 34.859332], [-90.462334, 34.833129], [-90.455379, 34.820785], [-90.470374, 34.811554], [-90.476174, 34.800484], [-90.476584, 34.794004], [-90.47042, 34.780896], [-90.451791, 34.754228], [-90.448335, 34.74485], [-90.448423, 34.739117], [-90.455381, 34.732641], [-90.465005, 34.72731], [-90.474999, 34.723888], [-90.491666, 34.721388], [-90.508333, 34.723611], [-90.524166, 34.731388]]]}}, {"type": "Feature", "properties": {"name": "Conway County", "students": 292}, "geometry": {"type": "Polygon", "coordinates": [[[-92.676391, 35.078445], [-92.70621, 35.071998], [-92.716282, 35.074487], [-92.718939, 35.071862], [-93.040561, 35.07688], [-93.033647, 35.083888], [-93.026642, 35.087888], [-93.02531, 35.090931], [-93.027591, 35.099116], [-93.038946, 35.103445], [-93.040814, 35.108183], [-93.034899, 35.111764], [-93.024078, 35.112192], [-93.023322, 35.115302], [-93.01967, 35.11521], [-93.018716, 35.118479], [-93.011862, 35.114395], [-92.997107, 35.116706], [-92.990676, 35.114562], [-92.981318, 35.116838], [-92.978052, 35.120115], [-92.980763, 35.12321], [-92.976613, 35.123555], [-92.975259, 35.125173], [-92.978787, 35.131532], [-92.955692, 35.140408], [-92.946777, 35.151763], [-92.938495, 35.156028], [-92.931236, 35.164018], [-92.924951, 35.167982], [-92.889326, 35.169835], [-92.867039, 35.174257], [-92.855096, 35.173839], [-92.850951, 35.462959], [-92.479558, 35.455553], [-92.484357, 35.281352], [-92.485859, 35.278878], [-92.484841, 35.275632], [-92.487912, 35.27342], [-92.491707, 35.274709], [-92.494024, 35.273668], [-92.499, 35.266959], [-92.493575, 35.26649], [-92.506415, 35.258081], [-92.511208, 35.258556], [-92.514234, 35.257046], [-92.514027, 35.253494], [-92.510796, 35.251879], [-92.510085, 35.249009], [-92.503543, 35.246897], [-92.505586, 35.242324], [-92.503747, 35.241215], [-92.504325, 35.239979], [-92.506189, 35.239454], [-92.508435, 35.241747], [-92.511005, 35.23995], [-92.509583, 35.244568], [-92.51156, 35.245079], [-92.513756, 35.242033], [-92.512424, 35.239074], [-92.515154, 35.233127], [-92.522206, 35.231511], [-92.521653, 35.22756], [-92.52772, 35.230787], [-92.529285, 35.226148], [-92.531479, 35.224737], [-92.529277, 35.219151], [-92.522956, 35.221866], [-92.522295, 35.220133], [-92.525151, 35.217921], [-92.519105, 35.216838], [-92.520665, 35.213916], [-92.523599, 35.215578], [-92.525334, 35.213611], [-92.524451, 35.21085], [-92.527639, 35.209649], [-92.524685, 35.207603], [-92.527127, 35.206056], [-92.524449, 35.204886], [-92.52632, 35.203797], [-92.527049, 35.198239], [-92.529492, 35.196038], [-92.526718, 35.193595], [-92.529123, 35.189892], [-92.523427, 35.189483], [-92.52332, 35.18588], [-92.519177, 35.187285], [-92.519304, 35.184031], [-92.511615, 35.181188], [-92.50592, 35.175935], [-92.499756, 35.17495], [-92.50341, 35.172314], [-92.500467, 35.168654], [-92.503097, 35.167858], [-92.505467, 35.169156], [-92.507252, 35.166867], [-92.505701, 35.164376], [-92.501517, 35.163281], [-92.504132, 35.159711], [-92.504199, 35.147277], [-92.507371, 35.144428], [-92.513169, 35.14373], [-92.507037, 35.141769], [-92.505986, 35.138169], [-92.511944, 35.134658], [-92.515884, 35.129048], [-92.521842, 35.114512], [-92.534297, 35.1149], [-92.544017, 35.125965], [-92.553883, 35.117762], [-92.554443, 35.113418], [-92.564856, 35.11508], [-92.574803, 35.111172], [-92.583061, 35.103186], [-92.59223, 35.090413], [-92.600231, 35.083962], [-92.609894, 35.080228], [-92.628422, 35.076299], [-92.638455, 35.07522], [-92.648274, 35.077305], [-92.647745, 35.082116], [-92.645239, 35.08433], [-92.627292, 35.091893], [-92.620743, 35.0989], [-92.621175, 35.108116], [-92.623978, 35.11164], [-92.631115, 35.115068], [-92.639448, 35.113165], [-92.653377, 35.103795], [-92.666977, 35.086945], [-92.676391, 35.078445]]]}}, {"type": "Feature", "properties": {"name": "Howard County", "students": 0}, "geometry": {"type": "Polygon", "coordinates": [[[-94.256261, 34.269215], [-94.254662, 34.355792], [-93.935435, 34.350233], [-93.937009, 34.263024], [-93.924384, 34.262961], [-93.925851, 34.186534], [-93.820722, 34.183802], [-93.823048, 34.009789], [-93.831577, 33.748236], [-93.956951, 33.750927], [-93.959688, 33.751766], [-93.958402, 33.753209], [-93.959573, 33.755286], [-93.965795, 33.754322], [-93.961759, 33.758242], [-93.963933, 33.761236], [-93.967089, 33.761292], [-93.967031, 33.765093], [-93.968785, 33.765229], [-93.969097, 33.767982], [-93.966195, 33.769021], [-93.968741, 33.76951], [-93.96718, 33.771614], [-93.969453, 33.773213], [-93.962219, 33.774083], [-93.964588, 33.777099], [-93.961044, 33.775632], [-93.959169, 33.777408], [-93.963386, 33.779417], [-93.9604, 33.785972], [-93.962401, 33.787626], [-93.963137, 33.785568], [-93.967936, 33.787469], [-93.966095, 33.789067], [-93.966563, 33.791375], [-93.969498, 33.791071], [-93.969125, 33.793896], [-93.967492, 33.792098], [-93.964606, 33.794023], [-93.964656, 33.796154], [-93.97304, 33.803611], [-93.97137, 33.80674], [-93.975101, 33.807284], [-93.972918, 33.809431], [-93.97544, 33.810368], [-93.978866, 33.816933], [-93.979402, 33.814204], [-93.985341, 33.819034], [-93.984938, 33.82109], [-93.988286, 33.819286], [-93.99183, 33.8252], [-93.991328, 33.827239], [-93.994516, 33.826584], [-93.993361, 33.827749], [-93.995184, 33.828454], [-93.993583, 33.829317], [-93.994141, 33.830802], [-93.998669, 33.830355], [-94.000105, 33.83137], [-93.99886, 33.832742], [-94.001115, 33.832058], [-94.000746, 33.833528], [-94.003047, 33.833512], [-94.001524, 33.835354], [-94.004421, 33.834949], [-94.001428, 33.838072], [-94.004783, 33.838163], [-94.002626, 33.840242], [-94.005015, 33.842362], [-94.005135, 33.840399], [-94.006808, 33.840828], [-94.006535, 33.844785], [-94.008871, 33.845878], [-94.008772, 33.848285], [-94.009961, 33.847482], [-94.019175, 33.850438], [-94.01902, 33.851874], [-94.017496, 33.851214], [-94.01564, 33.853243], [-94.016365, 33.855082], [-94.021827, 33.857356], [-94.021606, 33.862678], [-94.017015, 33.867826], [-94.017793, 33.869885], [-94.020127, 33.869853], [-94.019602, 33.872367], [-94.022338, 33.870834], [-94.02123, 33.872238], [-94.022908, 33.874327], [-94.026787, 33.872914], [-94.026636, 33.874699], [-94.028845, 33.876444], [-94.031069, 33.875521], [-94.032846, 33.877663], [-94.034453, 33.876208], [-94.03678, 33.880036], [-94.038249, 33.878358], [-94.040732, 33.878433], [-94.0421, 33.880597], [-94.048874, 33.882187], [-94.049202, 33.884233], [-94.052943, 33.886082], [-94.051122, 33.886978], [-94.053157, 33.888405], [-94.050747, 33.88812], [-94.050288, 33.889737], [-94.053753, 33.89229], [-94.050881, 33.892711], [-94.051323, 33.893837], [-94.054562, 33.894959], [-94.053766, 33.896646], [-94.055192, 33.896711], [-94.05555, 33.900236], [-94.053783, 33.900468], [-94.054721, 33.901546], [-94.053348, 33.904132], [-94.055517, 33.904768], [-94.056275, 33.909538], [-94.058642, 33.909947], [-94.058522, 33.908262], [-94.060473, 33.908004], [-94.061551, 33.910645], [-94.060398, 33.91264], [-94.062986, 33.912814], [-94.061867, 33.913898], [-94.064897, 33.915338], [-94.070238, 33.927078], [-94.06937, 33.929274], [-94.07105, 33.931339], [-94.068888, 33.93084], [-94.068323, 33.932781], [-94.06477, 33.93317], [-94.068413, 33.934965], [-94.067695, 33.937166], [-94.070266, 33.938725], [-94.069202, 33.939504], [-94.070048, 33.941599], [-94.064856, 33.945465], [-94.067658, 33.948478], [-94.065671, 33.948307], [-94.06508, 33.950256], [-94.066414, 33.950595], [-94.066995, 33.955148], [-94.069584, 33.955677], [-94.066775, 33.959944], [-94.065641, 33.958175], [-94.060338, 33.960916], [-94.061474, 33.961984], [-94.057906, 33.964389], [-94.060664, 33.9659], [-94.057589, 33.968115], [-94.059787, 33.968853], [-94.059673, 33.971584], [-94.061619, 33.970648], [-94.064518, 33.972721], [-94.062812, 33.974327], [-94.068125, 33.979318], [-94.064541, 33.98251], [-94.066304, 33.984272], [-94.066111, 33.989334], [-94.06779, 33.991823], [-94.065946, 33.9948], [-94.069675, 33.995597], [-94.066172, 33.998886], [-94.069932, 33.999871], [-94.07066, 34.002013], [-94.072902, 34.001739], [-94.074096, 34.003871], [-94.072176, 34.004806], [-94.075848, 34.007252], [-94.070499, 34.008165], [-94.070721, 34.010544], [-94.078053, 34.013898], [-94.077622, 34.017799], [-94.079581, 34.016814], [-94.083652, 34.022817], [-94.079371, 34.023889], [-94.082841, 34.024551], [-94.085817, 34.028709], [-94.082854, 34.031544], [-94.087532, 34.034016], [-94.0866, 34.039684], [-94.084016, 34.043633], [-94.085346, 34.045109], [-94.082235, 34.047733], [-94.086847, 34.053336], [-94.086643, 34.057347], [-94.083792, 34.057377], [-94.082553, 34.062297], [-94.07882, 34.063499], [-94.077105, 34.06167], [-94.074026, 34.064005], [-94.073501, 34.068558], [-94.076829, 34.072604], [-94.083759, 34.06948], [-94.086357, 34.073317], [-94.091092, 34.074602], [-94.09543, 34.078546], [-94.093625, 34.081418], [-94.090116, 34.080652], [-94.089786, 34.085295], [-94.086137, 34.089717], [-94.0843, 34.097799], [-94.08161, 34.101839], [-94.090431, 34.1069], [-94.093437, 34.112442], [-94.080433, 34.125793], [-94.091938, 34.132849], [-94.10094, 34.134459], [-94.103562, 34.13638], [-94.100248, 34.139666], [-94.094827, 34.137636], [-94.091484, 34.140371], [-94.093077, 34.142435], [-94.098264, 34.143915], [-94.092141, 34.149372], [-94.090581, 34.155934], [-94.100315, 34.157804], [-94.1029, 34.16001], [-94.101966, 34.161802], [-94.098526, 34.161295], [-94.096405, 34.162803], [-94.099503, 34.16606], [-94.095472, 34.169741], [-94.09482, 34.174823], [-94.097503, 34.177272], [-94.095521, 34.179513], [-94.090935, 34.179988], [-94.089666, 34.186601], [-94.098651, 34.191132], [-94.243788, 34.192479], [-94.243893, 34.269053], [-94.256261, 34.269215]]]}}, {"type": "Feature", "properties": {"name": "Nevada County", "students": 0}, "geometry": {"type": "Polygon", "coordinates": [[[-93.304912, 33.872894], [-93.296692, 33.859702], [-93.298165, 33.855554], [-93.289607, 33.844084], [-93.284385, 33.844177], [-93.279305, 33.841073], [-93.274336, 33.840909], [-93.277183, 33.837811], [-93.276824, 33.835577], [-93.268877, 33.837271], [-93.269107, 33.838655], [-93.266686, 33.83923], [-93.260906, 33.83765], [-93.260509, 33.835911], [-93.265494, 33.835057], [-93.264672, 33.832425], [-93.259996, 33.832035], [-93.257832, 33.82864], [-93.248779, 33.830234], [-93.243716, 33.829408], [-93.240281, 33.824059], [-93.239101, 33.826361], [-93.241436, 33.829181], [-93.237145, 33.829746], [-93.235633, 33.83142], [-93.234141, 33.830427], [-93.2353, 33.827078], [-93.232662, 33.826392], [-93.23181, 33.829341], [-93.229862, 33.829627], [-93.22835, 33.825485], [-93.225265, 33.82739], [-93.226514, 33.830637], [-93.223804, 33.828355], [-93.218936, 33.828756], [-93.217962, 33.827259], [-93.218161, 33.824615], [-93.220298, 33.822977], [-93.21935, 33.821624], [-93.217206, 33.821661], [-93.214683, 33.826267], [-93.213809, 33.82229], [-93.210735, 33.821155], [-93.210006, 33.818714], [-93.208379, 33.819882], [-93.209646, 33.822469], [-93.20821, 33.822873], [-93.204223, 33.820088], [-93.199033, 33.820487], [-93.200487, 33.817261], [-93.194951, 33.818988], [-93.194694, 33.815873], [-93.190507, 33.815094], [-93.19186, 33.812137], [-93.189777, 33.813687], [-93.186804, 33.813119], [-93.188161, 33.81041], [-93.18467, 33.8098], [-93.186305, 33.808484], [-93.18403, 33.807029], [-93.18571, 33.804167], [-93.180216, 33.800455], [-93.174079, 33.804048], [-93.174357, 33.80675], [-93.168771, 33.80676], [-93.167525, 33.804216], [-93.160833, 33.80868], [-93.157062, 33.813617], [-93.155538, 33.809862], [-93.146433, 33.809392], [-93.147066, 33.811976], [-93.149856, 33.811696], [-93.15033, 33.813036], [-93.143752, 33.813561], [-93.142095, 33.815783], [-93.140263, 33.815629], [-93.136912, 33.810442], [-93.133929, 33.809608], [-93.127419, 33.79791], [-93.12859, 33.792763], [-93.115539, 33.78667], [-93.110401, 33.781408], [-93.112705, 33.780084], [-93.112125, 33.779039], [-93.104405, 33.777093], [-93.116328, 33.452922], [-93.221147, 33.455081], [-93.221349, 33.440487], [-93.483931, 33.447368], [-93.471247, 33.825329], [-93.460895, 33.825052], [-93.456665, 33.95682], [-93.454956, 33.956773], [-93.452853, 33.960851], [-93.448558, 33.95791], [-93.444612, 33.95962], [-93.444559, 33.956382], [-93.442969, 33.955602], [-93.440086, 33.956338], [-93.440165, 33.958318], [-93.438879, 33.95857], [-93.433653, 33.9547], [-93.427575, 33.959379], [-93.430017, 33.954874], [-93.426239, 33.955656], [-93.42472, 33.952289], [-93.419638, 33.953953], [-93.419884, 33.952522], [-93.417783, 33.951483], [-93.419943, 33.949781], [-93.418764, 33.948839], [-93.414025, 33.953725], [-93.410618, 33.952462], [-93.410003, 33.954354], [-93.407443, 33.952078], [-93.401556, 33.952867], [-93.399608, 33.951325], [-93.397973, 33.95585], [-93.396205, 33.952659], [-93.394795, 33.954882], [-93.392415, 33.953937], [-93.391652, 33.951361], [-93.39121, 33.954534], [-93.387783, 33.956017], [-93.391039, 33.957019], [-93.390861, 33.958375], [-93.383982, 33.957393], [-93.381069, 33.959318], [-93.380101, 33.956564], [-93.373364, 33.957093], [-93.372843, 33.954604], [-93.370447, 33.953311], [-93.373533, 33.952455], [-93.373216, 33.950869], [-93.367137, 33.952462], [-93.368226, 33.948909], [-93.362437, 33.944982], [-93.358914, 33.946048], [-93.360786, 33.948119], [-93.357815, 33.947635], [-93.356048, 33.945592], [-93.356127, 33.939699], [-93.351096, 33.934045], [-93.346291, 33.934134], [-93.345009, 33.936825], [-93.340088, 33.934718], [-93.339773, 33.93296], [-93.342186, 33.930827], [-93.339536, 33.923581], [-93.336313, 33.920261], [-93.33795, 33.916279], [-93.325176, 33.917882], [-93.320763, 33.914159], [-93.3208, 33.91229], [-93.323532, 33.910342], [-93.322193, 33.907588], [-93.317988, 33.90567], [-93.312572, 33.90672], [-93.310978, 33.905738], [-93.311718, 33.903864], [-93.301405, 33.896973], [-93.298461, 33.891737], [-93.298352, 33.886314], [-93.30761, 33.881973], [-93.304236, 33.878385], [-93.304912, 33.872894]]]}}, {"type": "Feature", "properties": {"name": "Pulaski County", "students": 3627}, "geometry": {"type": "Polygon", "coordinates": [[[-92.755399, 34.853745], [-92.753891, 34.911579], [-92.649646, 34.910173], [-92.648188, 34.939185], [-92.544559, 34.936371], [-92.544203, 34.952897], [-92.526891, 34.950777], [-92.491832, 34.95358], [-92.480337, 34.95153], [-92.471527, 34.944919], [-92.467871, 34.938549], [-92.465813, 34.92467], [-92.451431, 34.906775], [-92.450883, 34.900193], [-92.452959, 34.89065], [-92.464857, 34.871099], [-92.465112, 34.865111], [-92.463233, 34.859483], [-92.455192, 34.851281], [-92.436413, 34.842962], [-92.447233, 34.856981], [-92.44223, 34.869123], [-92.443332, 34.877367], [-92.447456, 34.883858], [-92.446812, 34.890851], [-92.449759, 34.902872], [-92.444414, 34.903833], [-92.443262, 34.906453], [-92.439148, 34.903084], [-92.439803, 34.90589], [-92.438068, 34.906882], [-92.438303, 34.903312], [-92.437094, 34.902799], [-92.436923, 34.90515], [-92.434521, 34.90475], [-92.436504, 34.907725], [-92.434113, 34.906636], [-92.433591, 34.908628], [-92.42924, 34.909454], [-92.428157, 34.911152], [-92.424061, 34.910134], [-92.417772, 34.913291], [-92.418659, 34.915733], [-92.415879, 34.916741], [-92.418328, 34.917856], [-92.417305, 34.91901], [-92.415287, 34.917857], [-92.416886, 34.920526], [-92.414329, 34.921515], [-92.417801, 34.923679], [-92.413051, 34.924814], [-92.415637, 34.928916], [-92.417975, 34.928583], [-92.419073, 34.93155], [-92.229886, 34.927517], [-92.22717, 35.014595], [-92.070806, 35.011561], [-92.078795, 34.721772], [-92.097087, 34.721979], [-92.097422, 34.715697], [-92.092857, 34.713923], [-92.092858, 34.704522], [-92.096364, 34.698889], [-92.098774, 34.66245], [-92.108545, 34.645125], [-92.109895, 34.633702], [-92.109066, 34.622947], [-92.029656, 34.621659], [-92.030254, 34.489539], [-92.245841, 34.493584], [-92.244212, 34.58089], [-92.348692, 34.582289], [-92.346461, 34.625635], [-92.445217, 34.627043], [-92.443286, 34.672041], [-92.500302, 34.673611], [-92.499088, 34.687992], [-92.552015, 34.689333], [-92.549656, 34.761691], [-92.654324, 34.764541], [-92.651248, 34.851682], [-92.755399, 34.853745]]]}}, {"type": "Feature", "properties": {"name": "Grant County", "students": 0}, "geometry": {"type": "Polygon", "coordinates": [[[-92.208042, 34.492809], [-92.212827, 34.230399], [-92.232456, 34.230943], [-92.233303, 34.062367], [-92.336695, 34.059477], [-92.337107, 34.064016], [-92.339931, 34.066222], [-92.341642, 34.064936], [-92.345917, 34.065547], [-92.345117, 34.067469], [-92.347631, 34.070693], [-92.349321, 34.068794], [-92.354137, 34.071698], [-92.354974, 34.070079], [-92.353338, 34.067887], [-92.355477, 34.067166], [-92.374338, 34.075033], [-92.374377, 34.076486], [-92.370363, 34.076931], [-92.373161, 34.079983], [-92.374884, 34.086384], [-92.37888, 34.087375], [-92.37775, 34.089652], [-92.381233, 34.091548], [-92.38379, 34.096513], [-92.385876, 34.093886], [-92.388316, 34.094913], [-92.387971, 34.098943], [-92.390755, 34.102573], [-92.392876, 34.10195], [-92.39391, 34.104261], [-92.396411, 34.103859], [-92.39767, 34.106074], [-92.403082, 34.104377], [-92.405549, 34.108537], [-92.404194, 34.109097], [-92.404212, 34.107577], [-92.400398, 34.109498], [-92.40355, 34.110185], [-92.405887, 34.115691], [-92.40834, 34.113499], [-92.410514, 34.115766], [-92.412161, 34.113012], [-92.420611, 34.120392], [-92.425259, 34.121711], [-92.426955, 34.125411], [-92.427667, 34.124091], [-92.431458, 34.124241], [-92.43142, 34.126446], [-92.435421, 34.125363], [-92.436091, 34.127049], [-92.438907, 34.125434], [-92.442549, 34.126854], [-92.441255, 34.126162], [-92.44207, 34.123458], [-92.446083, 34.125204], [-92.448768, 34.123221], [-92.452642, 34.12803], [-92.458057, 34.126727], [-92.458956, 34.128547], [-92.456268, 34.131237], [-92.456824, 34.13231], [-92.458485, 34.130741], [-92.460792, 34.133112], [-92.464722, 34.133111], [-92.468673, 34.1374], [-92.469475, 34.135947], [-92.467137, 34.133768], [-92.471977, 34.134993], [-92.476224, 34.131695], [-92.475851, 34.135562], [-92.479253, 34.13232], [-92.488243, 34.134551], [-92.488529, 34.132762], [-92.4913, 34.132658], [-92.493624, 34.144252], [-92.678382, 34.149645], [-92.675989, 34.239444], [-92.673303, 34.239405], [-92.668654, 34.414504], [-92.622636, 34.413839], [-92.621032, 34.411109], [-92.621402, 34.415267], [-92.618141, 34.413173], [-92.616536, 34.414593], [-92.617336, 34.417174], [-92.624287, 34.420009], [-92.623377, 34.425394], [-92.615003, 34.43259], [-92.613697, 34.432228], [-92.613377, 34.428604], [-92.601495, 34.438994], [-92.597534, 34.444538], [-92.597181, 34.452617], [-92.589469, 34.455577], [-92.40467, 34.451892], [-92.403372, 34.495707], [-92.386411, 34.495551], [-92.208042, 34.492809]]]}}, {"type": "Feature", "properties": {"name": "Benton County", "students": 1009}, "geometry": {"type": "Polygon", "coordinates": [[[-94.017509, 36.208149], [-94.333639, 36.214689], [-94.336184, 36.142009], [-94.389818, 36.142722], [-94.391125, 36.099396], [-94.552172, 36.102128], [-94.580572, 36.265903], [-94.617857, 36.499532], [-93.866688, 36.4991], [-93.866945, 36.393592], [-93.869062, 36.388574], [-93.866702, 36.386326], [-93.872678, 36.384281], [-93.871255, 36.387406], [-93.873866, 36.389585], [-93.871868, 36.391404], [-93.872375, 36.393438], [-93.882192, 36.394135], [-93.884283, 36.392098], [-93.881317, 36.391459], [-93.878795, 36.388205], [-93.883512, 36.390504], [-93.881169, 36.385123], [-93.886334, 36.382996], [-93.890372, 36.378196], [-93.887078, 36.377855], [-93.889007, 36.374987], [-93.885099, 36.372244], [-93.879774, 36.379144], [-93.878417, 36.377563], [-93.875625, 36.379462], [-93.881471, 36.371488], [-93.880677, 36.368978], [-93.878899, 36.370218], [-93.877727, 36.368343], [-93.874773, 36.373942], [-93.873063, 36.370244], [-93.871673, 36.372469], [-93.868043, 36.372866], [-93.869552, 36.37738], [-93.866958, 36.376575], [-93.867254, 36.357399], [-93.865608, 36.355669], [-93.866961, 36.348579], [-93.864609, 36.344867], [-93.867801, 36.343313], [-93.864683, 36.341867], [-93.866846, 36.340897], [-93.868081, 36.335991], [-93.862297, 36.339421], [-93.860578, 36.337872], [-93.862424, 36.334214], [-93.856056, 36.336829], [-93.852837, 36.334125], [-93.853081, 36.331269], [-93.855095, 36.330891], [-93.85319, 36.329934], [-93.854972, 36.324076], [-93.857102, 36.321435], [-93.858698, 36.3216], [-93.855789, 36.317749], [-93.856194, 36.321874], [-93.854474, 36.3238], [-93.852479, 36.323482], [-93.853595, 36.324698], [-93.851795, 36.329406], [-93.849588, 36.330648], [-93.841998, 36.324995], [-93.843604, 36.321961], [-93.840641, 36.324333], [-93.835423, 36.323595], [-93.835216, 36.322206], [-93.833067, 36.323182], [-93.83272, 36.312943], [-93.827098, 36.31216], [-93.82154, 36.308988], [-93.819736, 36.312383], [-93.814885, 36.312947], [-93.815078, 36.306551], [-93.868987, 36.307363], [-93.869865, 36.234833], [-93.944341, 36.236103], [-93.942577, 36.233822], [-93.943395, 36.231925], [-93.955528, 36.232724], [-93.956929, 36.230203], [-93.957115, 36.22231], [-93.958526, 36.221896], [-93.963055, 36.22296], [-93.967805, 36.227243], [-93.972089, 36.22854], [-93.975728, 36.2237], [-93.973386, 36.208603], [-93.973702, 36.204238], [-93.975108, 36.203704], [-93.977945, 36.204694], [-93.981949, 36.21149], [-93.995272, 36.209704], [-93.998411, 36.211369], [-94.00192, 36.216564], [-94.008776, 36.215277], [-94.01012, 36.219643], [-94.008374, 36.222497], [-93.997363, 36.224054], [-93.997731, 36.22812], [-94.001961, 36.230459], [-94.012173, 36.229006], [-94.025193, 36.222985], [-94.026557, 36.218015], [-94.02557, 36.215805], [-94.02264, 36.214771], [-94.015841, 36.216874], [-94.013727, 36.214944], [-94.013674, 36.212633], [-94.017509, 36.208149]]]}}, {"type": "Feature", "properties": {"name": "Madison County", "students": 0}, "geometry": {"type": "Polygon", "coordinates": [[[-93.951872, 35.833121], [-93.944108, 36.091122], [-93.887891, 36.235129], [-93.869865, 36.234833], [-93.868987, 36.307363], [-93.657269, 36.302835], [-93.654713, 36.298119], [-93.660222, 36.294476], [-93.656687, 36.287134], [-93.657957, 36.285361], [-93.663913, 36.284335], [-93.663305, 36.275592], [-93.652183, 36.276849], [-93.650768, 36.281213], [-93.648236, 36.282745], [-93.643259, 36.277927], [-93.641485, 36.282609], [-93.639773, 36.283222], [-93.636163, 36.279493], [-93.630958, 36.277912], [-93.641674, 36.267315], [-93.636353, 36.267623], [-93.627189, 36.259641], [-93.618299, 36.258939], [-93.620058, 36.201248], [-93.611239, 36.201081], [-93.611684, 36.186555], [-93.584878, 36.185674], [-93.585524, 36.15567], [-93.550751, 36.154985], [-93.551135, 36.126271], [-93.479521, 36.125054], [-93.480274, 36.081554], [-93.44574, 36.080787], [-93.448222, 36.054098], [-93.450788, 35.967497], [-93.468082, 35.967582], [-93.468394, 35.953157], [-93.486232, 35.953355], [-93.48692, 35.924333], [-93.504866, 35.925142], [-93.506, 35.881029], [-93.523646, 35.881514], [-93.526056, 35.823643], [-93.517057, 35.823332], [-93.519185, 35.763487], [-93.910585, 35.774298], [-93.910836, 35.759752], [-93.963054, 35.761005], [-93.960629, 35.83326], [-93.951872, 35.833121]]]}}, {"type": "Feature", "properties": {"name": "Dallas County", "students": 0}, "geometry": {"type": "Polygon", "coordinates": [[[-92.573098, 34.147352], [-92.493624, 34.144252], [-92.4913, 34.132658], [-92.488529, 34.132762], [-92.488243, 34.134551], [-92.479253, 34.13232], [-92.475851, 34.135562], [-92.476224, 34.131695], [-92.471977, 34.134993], [-92.467137, 34.133768], [-92.469475, 34.135947], [-92.468673, 34.1374], [-92.464722, 34.133111], [-92.460792, 34.133112], [-92.458485, 34.130741], [-92.456824, 34.13231], [-92.456268, 34.131237], [-92.458956, 34.128547], [-92.458057, 34.126727], [-92.452642, 34.12803], [-92.448768, 34.123221], [-92.446083, 34.125204], [-92.44207, 34.123458], [-92.441249, 34.126112], [-92.442469, 34.126864], [-92.438907, 34.125434], [-92.436091, 34.127049], [-92.435421, 34.125363], [-92.431296, 34.126417], [-92.431011, 34.124146], [-92.429316, 34.12515], [-92.427667, 34.124091], [-92.427125, 34.125496], [-92.425259, 34.121711], [-92.420611, 34.120392], [-92.4122, 34.113029], [-92.410514, 34.115766], [-92.408498, 34.113507], [-92.405478, 34.115404], [-92.40355, 34.110185], [-92.400398, 34.109498], [-92.404212, 34.107577], [-92.404194, 34.109097], [-92.405549, 34.108537], [-92.403082, 34.104377], [-92.39767, 34.106074], [-92.396411, 34.103859], [-92.39391, 34.104261], [-92.392876, 34.10195], [-92.390619, 34.102477], [-92.387971, 34.098943], [-92.389105, 34.097342], [-92.388177, 34.09478], [-92.386015, 34.093845], [-92.384997, 34.09647], [-92.382785, 34.095732], [-92.381233, 34.091548], [-92.37775, 34.089652], [-92.37888, 34.087375], [-92.374884, 34.086384], [-92.373161, 34.079983], [-92.370368, 34.07703], [-92.372502, 34.075721], [-92.374377, 34.076486], [-92.37416, 34.074894], [-92.355477, 34.067166], [-92.353338, 34.067887], [-92.354974, 34.070079], [-92.354137, 34.071698], [-92.349321, 34.068794], [-92.347631, 34.070693], [-92.345117, 34.067469], [-92.345917, 34.065547], [-92.341642, 34.064936], [-92.339931, 34.066222], [-92.336936, 34.063829], [-92.336695, 34.059477], [-92.471609, 34.057098], [-92.475646, 33.972706], [-92.456093, 33.972546], [-92.457522, 33.969468], [-92.454445, 33.968488], [-92.455925, 33.967405], [-92.453593, 33.967024], [-92.455095, 33.966069], [-92.45191, 33.9641], [-92.452084, 33.961214], [-92.444087, 33.959068], [-92.441195, 33.955548], [-92.443752, 33.956108], [-92.443677, 33.95481], [-92.440992, 33.954574], [-92.443155, 33.952905], [-92.439565, 33.952255], [-92.439534, 33.954219], [-92.438345, 33.954239], [-92.436394, 33.952067], [-92.437581, 33.951602], [-92.436684, 33.950055], [-92.435746, 33.951439], [-92.43371, 33.950043], [-92.436403, 33.9465], [-92.431583, 33.946194], [-92.429878, 33.944133], [-92.430887, 33.943062], [-92.427337, 33.944067], [-92.421325, 33.940414], [-92.419977, 33.934736], [-92.414163, 33.931097], [-92.412795, 33.928695], [-92.414438, 33.927599], [-92.412805, 33.925345], [-92.410055, 33.925609], [-92.410907, 33.924301], [-92.409061, 33.921514], [-92.411235, 33.91939], [-92.409013, 33.917724], [-92.410522, 33.916907], [-92.40055, 33.913409], [-92.398948, 33.908347], [-92.400554, 33.907644], [-92.399077, 33.906799], [-92.400121, 33.905107], [-92.398185, 33.904058], [-92.40058, 33.903205], [-92.398389, 33.901566], [-92.400494, 33.900266], [-92.396682, 33.898647], [-92.396955, 33.895452], [-92.394527, 33.891937], [-92.396185, 33.891143], [-92.393555, 33.889222], [-92.395721, 33.888105], [-92.393466, 33.88698], [-92.395915, 33.886879], [-92.394702, 33.884889], [-92.391822, 33.88429], [-92.392819, 33.882834], [-92.389899, 33.883394], [-92.388499, 33.879111], [-92.385886, 33.878264], [-92.386183, 33.875734], [-92.383473, 33.876338], [-92.380097, 33.867408], [-92.375995, 33.868041], [-92.375226, 33.86461], [-92.371684, 33.86481], [-92.36694, 33.860536], [-92.362686, 33.860067], [-92.363677, 33.857817], [-92.362047, 33.856532], [-92.353348, 33.85311], [-92.353933, 33.850602], [-92.35172, 33.850103], [-92.351436, 33.84858], [-92.353363, 33.848658], [-92.353439, 33.847447], [-92.350309, 33.847558], [-92.34869, 33.845978], [-92.349967, 33.841694], [-92.346007, 33.842406], [-92.341792, 33.840247], [-92.340388, 33.835492], [-92.339072, 33.835586], [-92.340713, 33.833426], [-92.338253, 33.832518], [-92.339739, 33.831498], [-92.337887, 33.83025], [-92.339043, 33.828907], [-92.337319, 33.828472], [-92.340641, 33.824776], [-92.339078, 33.822813], [-92.337433, 33.823172], [-92.339631, 33.817993], [-92.337439, 33.816889], [-92.336424, 33.813741], [-92.337712, 33.813064], [-92.335461, 33.810835], [-92.338867, 33.807172], [-92.337363, 33.805891], [-92.341225, 33.804552], [-92.340445, 33.8015], [-92.338938, 33.802098], [-92.336327, 33.800252], [-92.335605, 33.795421], [-92.334249, 33.795065], [-92.893216, 33.810069], [-92.895092, 33.813153], [-92.899264, 33.815129], [-92.895369, 33.822618], [-92.887837, 33.824201], [-92.893157, 33.831914], [-92.89327, 33.834373], [-92.887477, 33.834281], [-92.878892, 33.837019], [-92.876336, 33.841852], [-92.876551, 33.845571], [-92.88096, 33.847631], [-92.883842, 33.85607], [-92.889201, 33.858712], [-92.892808, 33.856551], [-92.899849, 33.856885], [-92.906012, 33.862901], [-92.90448, 33.865539], [-92.900084, 33.866823], [-92.906471, 33.874699], [-92.906333, 33.877643], [-92.903106, 33.879446], [-92.902807, 33.882349], [-92.912585, 33.893917], [-92.909688, 33.898026], [-92.902445, 33.901084], [-92.896251, 33.901166], [-92.893071, 33.903848], [-92.894963, 33.905775], [-92.909391, 33.909535], [-92.911024, 33.913237], [-92.907019, 33.913613], [-92.9084, 33.917797], [-92.920075, 33.926127], [-92.918591, 33.929119], [-92.912922, 33.930556], [-92.913998, 33.933772], [-92.919326, 33.935985], [-92.920784, 33.931552], [-92.925511, 33.929012], [-92.933738, 33.932357], [-92.934913, 33.938455], [-92.92816, 33.946928], [-92.930364, 33.948728], [-92.93623, 33.94777], [-92.938623, 33.949763], [-92.937181, 33.955082], [-92.940702, 33.960984], [-92.938467, 33.968137], [-92.942786, 33.968658], [-92.946071, 33.966315], [-92.945594, 33.9627], [-92.948343, 33.962275], [-92.950346, 33.963514], [-92.951629, 33.969154], [-92.958771, 33.970361], [-92.961217, 33.973977], [-92.957705, 33.97679], [-92.953515, 33.97724], [-92.949116, 33.986338], [-92.89306, 33.983293], [-92.886136, 34.155699], [-92.80087, 34.15142], [-92.573098, 34.147352]]]}}, {"type": "Feature", "properties": {"name": "Cleveland County", "students": 0}, "geometry": {"type": "Polygon", "coordinates": [[[-92.127711, 34.063721], [-91.953677, 34.064163], [-91.953025, 33.977188], [-91.976442, 33.97727], [-91.97588, 33.704417], [-92.285395, 33.705623], [-92.330918, 33.707745], [-92.333052, 33.711387], [-92.330373, 33.722259], [-92.333363, 33.721963], [-92.331803, 33.72477], [-92.334596, 33.723953], [-92.333476, 33.725556], [-92.336546, 33.727659], [-92.332903, 33.732088], [-92.337694, 33.734121], [-92.337519, 33.735787], [-92.339482, 33.737067], [-92.338061, 33.739906], [-92.342032, 33.743154], [-92.340398, 33.743753], [-92.34161, 33.745858], [-92.339231, 33.747391], [-92.340435, 33.749007], [-92.338329, 33.750107], [-92.339443, 33.752465], [-92.33703, 33.754479], [-92.336448, 33.757426], [-92.33376, 33.758372], [-92.335866, 33.760616], [-92.333009, 33.762225], [-92.334199, 33.764043], [-92.332773, 33.764759], [-92.334281, 33.765858], [-92.333066, 33.768117], [-92.331001, 33.768486], [-92.331749, 33.771016], [-92.32981, 33.77059], [-92.330496, 33.771703], [-92.32815, 33.773165], [-92.329107, 33.775141], [-92.327103, 33.77788], [-92.328891, 33.78058], [-92.331827, 33.781409], [-92.330709, 33.783742], [-92.333529, 33.794515], [-92.335605, 33.795421], [-92.336327, 33.800252], [-92.338938, 33.802098], [-92.340445, 33.8015], [-92.341187, 33.80436], [-92.337363, 33.805891], [-92.338867, 33.807172], [-92.335461, 33.810835], [-92.337712, 33.813064], [-92.336424, 33.813741], [-92.337439, 33.816889], [-92.339631, 33.817993], [-92.337462, 33.823282], [-92.339078, 33.822813], [-92.340632, 33.824648], [-92.337321, 33.828291], [-92.338914, 33.828733], [-92.337887, 33.83025], [-92.339739, 33.831498], [-92.338294, 33.832611], [-92.340725, 33.833471], [-92.339072, 33.835586], [-92.340372, 33.835467], [-92.341792, 33.840247], [-92.343939, 33.841895], [-92.350108, 33.841829], [-92.34869, 33.845978], [-92.350309, 33.847558], [-92.353439, 33.847447], [-92.353363, 33.848658], [-92.351436, 33.84858], [-92.35172, 33.850103], [-92.353933, 33.850602], [-92.353348, 33.85311], [-92.362047, 33.856532], [-92.363677, 33.857817], [-92.362686, 33.860067], [-92.36694, 33.860536], [-92.371684, 33.86481], [-92.375226, 33.86461], [-92.375995, 33.868041], [-92.380097, 33.867408], [-92.383473, 33.876338], [-92.386183, 33.875734], [-92.385886, 33.878264], [-92.388499, 33.879111], [-92.389899, 33.883394], [-92.392819, 33.882834], [-92.391822, 33.88429], [-92.394702, 33.884889], [-92.395915, 33.886879], [-92.393466, 33.88698], [-92.395721, 33.888105], [-92.393555, 33.889222], [-92.396185, 33.891143], [-92.394527, 33.891937], [-92.396955, 33.895452], [-92.396682, 33.898647], [-92.400494, 33.900266], [-92.398389, 33.901566], [-92.40058, 33.903205], [-92.398185, 33.904058], [-92.400121, 33.905107], [-92.399077, 33.906799], [-92.400554, 33.907644], [-92.398948, 33.908347], [-92.40055, 33.913409], [-92.410522, 33.916907], [-92.409013, 33.917724], [-92.411235, 33.91939], [-92.409061, 33.921514], [-92.410907, 33.924301], [-92.410055, 33.925609], [-92.412805, 33.925345], [-92.414438, 33.927599], [-92.41286, 33.928998], [-92.419977, 33.934736], [-92.421791, 33.940888], [-92.425327, 33.941747], [-92.427337, 33.944067], [-92.430887, 33.943062], [-92.429878, 33.944133], [-92.431583, 33.946194], [-92.436403, 33.9465], [-92.43371, 33.950043], [-92.435746, 33.951439], [-92.436684, 33.950055], [-92.437581, 33.951602], [-92.436394, 33.952067], [-92.438345, 33.954239], [-92.439534, 33.954219], [-92.439565, 33.952255], [-92.443155, 33.952905], [-92.440992, 33.954574], [-92.443677, 33.95481], [-92.443752, 33.956108], [-92.441195, 33.955548], [-92.444087, 33.959068], [-92.452084, 33.961214], [-92.45191, 33.9641], [-92.455095, 33.966069], [-92.453593, 33.967024], [-92.455925, 33.967405], [-92.454445, 33.968488], [-92.457522, 33.969468], [-92.456093, 33.972546], [-92.475646, 33.972706], [-92.471609, 34.057098], [-92.127711, 34.063721]]]}}, {"type": "Feature", "properties": {"name": "Crittenden County", "students": 28}, "geometry": {"type": "Polygon", "coordinates": [[[-90.290335, 35.041623], [-90.296968, 35.038175], [-90.300648, 35.027348], [-90.305298, 35.020422], [-90.305097, 35.013787], [-90.309986, 35.007677], [-90.310413, 35.002315], [-90.307824, 34.992904], [-90.301324, 34.981964], [-90.295159, 34.975634], [-90.268314, 34.957383], [-90.24518, 34.947899], [-90.241284, 34.926063], [-90.243208, 34.9091], [-90.250314, 34.898787], [-90.257858, 34.893385], [-90.272726, 34.886381], [-90.290816, 34.883007], [-90.317741, 34.871058], [-90.315052, 34.864059], [-90.305778, 34.861665], [-90.302781, 34.857261], [-90.303929, 34.850635], [-90.309115, 34.845172], [-90.313401, 34.844101], [-90.322415, 34.846116], [-90.331011, 34.851395], [-90.338449, 34.858517], [-90.366905, 34.840333], [-90.389393, 34.830665], [-90.407946, 34.826559], [-90.407717, 35.002536], [-90.402679, 35.0025], [-90.400438, 35.148231], [-90.503031, 35.144215], [-90.502215, 35.178818], [-90.506526, 35.17875], [-90.502392, 35.441647], [-90.140114, 35.436771], [-90.16888, 35.421878], [-90.17061, 35.418282], [-90.170777, 35.40999], [-90.179342, 35.385313], [-90.178458, 35.382144], [-90.165282, 35.373982], [-90.146542, 35.373991], [-90.135676, 35.376696], [-90.143839, 35.388352], [-90.14614, 35.399788], [-90.144367, 35.405375], [-90.141365, 35.40893], [-90.135848, 35.412603], [-90.13034, 35.413822], [-90.113115, 35.410595], [-90.099268, 35.397181], [-90.084191, 35.388703], [-90.080091, 35.384622], [-90.078263, 35.37493], [-90.095356, 35.350686], [-90.109966, 35.304988], [-90.116866, 35.303366], [-90.123574, 35.304445], [-90.138648, 35.299013], [-90.149585, 35.303127], [-90.157325, 35.301492], [-90.164098, 35.29551], [-90.168917, 35.279711], [-90.159723, 35.263988], [-90.148858, 35.254273], [-90.138189, 35.25231], [-90.117346, 35.255796], [-90.108405, 35.255276], [-90.094337, 35.24879], [-90.091092, 35.245004], [-90.086352, 35.238183], [-90.084542, 35.231035], [-90.075451, 35.22018], [-90.075843, 35.213094], [-90.08026, 35.208508], [-90.088795, 35.212199], [-90.096798, 35.194781], [-90.108072, 35.199164], [-90.115905, 35.198742], [-90.117191, 35.188297], [-90.11365, 35.183293], [-90.108138, 35.181571], [-90.106304, 35.175481], [-90.100683, 35.170577], [-90.079554, 35.159708], [-90.068236, 35.15567], [-90.064516, 35.14897], [-90.066747, 35.13805], [-90.075659, 35.128544], [-90.085577, 35.121624], [-90.091906, 35.119459], [-90.105308, 35.119645], [-90.125, 35.128724], [-90.138669, 35.131519], [-90.155988, 35.127624], [-90.1679, 35.121132], [-90.174049, 35.114284], [-90.187787, 35.073218], [-90.182238, 35.071662], [-90.17931, 35.067803], [-90.18265, 35.055598], [-90.180494, 35.055646], [-90.181157, 35.053943], [-90.191217, 35.040213], [-90.206997, 35.025849], [-90.214443, 35.025709], [-90.237834, 35.032296], [-90.251797, 35.03161], [-90.25674, 35.035076], [-90.261703, 35.036226], [-90.265544, 35.040582], [-90.290335, 35.041623]]]}}, {"type": "Feature", "properties": {"name": "Lafayette County", "students": 0}, "geometry": {"type": "Polygon", "coordinates": [[[-93.481748, 33.260065], [-93.490558, 33.018669], [-93.807236, 33.019255], [-93.806311, 33.023756], [-93.808158, 33.027065], [-93.822892, 33.029736], [-93.827751, 33.033225], [-93.825917, 33.036569], [-93.818694, 33.041782], [-93.817523, 33.046351], [-93.818681, 33.049129], [-93.832632, 33.05291], [-93.840491, 33.057137], [-93.836008, 33.071286], [-93.837044, 33.077391], [-93.853517, 33.086011], [-93.864064, 33.096063], [-93.863322, 33.098852], [-93.854137, 33.104207], [-93.856159, 33.113855], [-93.847817, 33.125362], [-93.848489, 33.140619], [-93.845209, 33.145003], [-93.839508, 33.148264], [-93.831421, 33.148094], [-93.823077, 33.138074], [-93.815189, 33.135795], [-93.811993, 33.137687], [-93.811884, 33.150832], [-93.810381, 33.155121], [-93.799771, 33.162501], [-93.792554, 33.162137], [-93.78819, 33.159465], [-93.786063, 33.154707], [-93.785966, 33.146703], [-93.782136, 33.142427], [-93.775341, 33.13945], [-93.773215, 33.14135], [-93.776997, 33.158257], [-93.773949, 33.165215], [-93.771361, 33.166791], [-93.756952, 33.164829], [-93.749676, 33.158043], [-93.741777, 33.154564], [-93.734875, 33.156613], [-93.733864, 33.16217], [-93.737076, 33.166322], [-93.742158, 33.167408], [-93.752946, 33.166374], [-93.756061, 33.167679], [-93.758359, 33.170857], [-93.758245, 33.177958], [-93.755017, 33.180782], [-93.735785, 33.181783], [-93.728029, 33.184285], [-93.725993, 33.188526], [-93.736906, 33.195606], [-93.739635, 33.2015], [-93.734718, 33.208771], [-93.723879, 33.216601], [-93.710346, 33.220452], [-93.700083, 33.226261], [-93.700054, 33.228871], [-93.702409, 33.229513], [-93.722914, 33.222067], [-93.725733, 33.223132], [-93.728803, 33.227072], [-93.726556, 33.234784], [-93.713491, 33.244098], [-93.708263, 33.253727], [-93.709626, 33.259256], [-93.726664, 33.270322], [-93.729564, 33.275547], [-93.728978, 33.28008], [-93.720788, 33.288256], [-93.706309, 33.278267], [-93.689925, 33.27702], [-93.688734, 33.289692], [-93.6865, 33.296502], [-93.686657, 33.304376], [-93.692684, 33.317284], [-93.686473, 33.320923], [-93.671375, 33.3219], [-93.666794, 33.325257], [-93.664913, 33.330008], [-93.668625, 33.334034], [-93.681525, 33.339239], [-93.69158, 33.340581], [-93.705253, 33.339197], [-93.707763, 33.340644], [-93.709507, 33.344639], [-93.708158, 33.353333], [-93.700553, 33.35905], [-93.698226, 33.363883], [-93.697929, 33.370473], [-93.689099, 33.374058], [-93.680356, 33.372368], [-93.673635, 33.37516], [-93.671791, 33.377768], [-93.683832, 33.387628], [-93.687195, 33.388637], [-93.695318, 33.385727], [-93.699462, 33.375786], [-93.703758, 33.37302], [-93.713734, 33.372785], [-93.718421, 33.375084], [-93.723455, 33.382165], [-93.720967, 33.385837], [-93.71661, 33.386746], [-93.704312, 33.384449], [-93.699096, 33.38775], [-93.701381, 33.390857], [-93.715046, 33.397602], [-93.717071, 33.406195], [-93.719662, 33.410207], [-93.731975, 33.419809], [-93.732297, 33.422727], [-93.730237, 33.425019], [-93.715608, 33.430761], [-93.713955, 33.43349], [-93.714304, 33.438464], [-93.717315, 33.440902], [-93.721107, 33.440702], [-93.730583, 33.428993], [-93.736261, 33.427062], [-93.746318, 33.440698], [-93.745544, 33.443761], [-93.742437, 33.445366], [-93.731499, 33.442828], [-93.726356, 33.444656], [-93.726317, 33.448136], [-93.73574, 33.45434], [-93.736969, 33.458898], [-93.731567, 33.470871], [-93.720996, 33.478446], [-93.719951, 33.48203], [-93.483217, 33.476172], [-93.483931, 33.447368], [-93.365571, 33.444422], [-93.368343, 33.439115], [-93.376602, 33.432902], [-93.379602, 33.423143], [-93.387097, 33.412529], [-93.388736, 33.403814], [-93.396429, 33.39896], [-93.395956, 33.392467], [-93.3997, 33.382484], [-93.40164, 33.381079], [-93.40331, 33.375616], [-93.402016, 33.373492], [-93.404642, 33.371831], [-93.406232, 33.367325], [-93.412913, 33.362476], [-93.410507, 33.35186], [-93.412618, 33.350664], [-93.413156, 33.346907], [-93.41611, 33.34403], [-93.417824, 33.335031], [-93.419947, 33.332743], [-93.421549, 33.325559], [-93.424069, 33.323652], [-93.42361, 33.320927], [-93.425741, 33.320697], [-93.42897, 33.315666], [-93.422819, 33.302412], [-93.429264, 33.296334], [-93.428825, 33.295055], [-93.436223, 33.289497], [-93.434826, 33.284815], [-93.435816, 33.283695], [-93.43271, 33.276185], [-93.437051, 33.265265], [-93.439611, 33.263769], [-93.442029, 33.258275], [-93.481748, 33.260065]]]}}, {"type": "Feature", "properties": {"name": "Saline County", "students": 237}, "geometry": {"type": "Polygon", "coordinates": [[[-92.348692, 34.582289], [-92.244212, 34.58089], [-92.245841, 34.493584], [-92.403372, 34.495707], [-92.40467, 34.451892], [-92.589469, 34.455577], [-92.597181, 34.452617], [-92.597534, 34.444538], [-92.601495, 34.438994], [-92.613377, 34.428604], [-92.613697, 34.432228], [-92.615003, 34.43259], [-92.623377, 34.425394], [-92.624287, 34.420009], [-92.617336, 34.417174], [-92.616536, 34.414593], [-92.618141, 34.413173], [-92.621402, 34.415267], [-92.621032, 34.411109], [-92.622636, 34.413839], [-92.686189, 34.414696], [-92.685066, 34.473102], [-92.738821, 34.473932], [-92.738264, 34.503241], [-92.793189, 34.503573], [-92.791498, 34.561985], [-92.808952, 34.562248], [-92.808028, 34.590406], [-92.876916, 34.59117], [-92.875394, 34.635196], [-92.979978, 34.637249], [-92.979054, 34.684886], [-92.969754, 34.684769], [-92.969317, 34.772263], [-93.075178, 34.771892], [-93.074011, 34.858199], [-92.969442, 34.859062], [-92.829814, 34.855347], [-92.828401, 34.852314], [-92.817972, 34.847931], [-92.809044, 34.847128], [-92.802797, 34.851644], [-92.799553, 34.851223], [-92.798278, 34.847195], [-92.795211, 34.846938], [-92.783357, 34.839782], [-92.771387, 34.842516], [-92.767939, 34.839524], [-92.765273, 34.839378], [-92.756285, 34.842635], [-92.752816, 34.840396], [-92.750602, 34.836132], [-92.74561, 34.8346], [-92.74422, 34.83119], [-92.740329, 34.82783], [-92.739732, 34.853599], [-92.651248, 34.851682], [-92.654324, 34.764541], [-92.549656, 34.761691], [-92.552015, 34.689333], [-92.499088, 34.687992], [-92.500302, 34.673611], [-92.443286, 34.672041], [-92.445217, 34.627043], [-92.346461, 34.625635], [-92.348692, 34.582289]]]}}, {"type": "Feature", "properties": {"name": "Chicot County", "students": 0}, "geometry": {"type": "Polygon", "coordinates": [[[-91.460227, 33.25023], [-91.454804, 33.505315], [-91.452564, 33.505217], [-91.451202, 33.507806], [-91.451388, 33.512945], [-91.454386, 33.520054], [-91.453462, 33.563675], [-91.349454, 33.563571], [-91.350751, 33.519343], [-91.34633, 33.51927], [-91.346021, 33.53356], [-91.333091, 33.533533], [-91.333383, 33.526166], [-91.324128, 33.525913], [-91.32464, 33.518679], [-91.245756, 33.51719], [-91.244819, 33.553601], [-91.242613, 33.55369], [-91.242401, 33.561453], [-91.234058, 33.561415], [-91.234506, 33.556983], [-91.232407, 33.551261], [-91.218843, 33.529382], [-91.206914, 33.519451], [-91.185417, 33.507531], [-91.182492, 33.49983], [-91.196756, 33.486892], [-91.207479, 33.46951], [-91.215132, 33.464966], [-91.223773, 33.462477], [-91.231689, 33.456858], [-91.233085, 33.444568], [-91.23554, 33.439242], [-91.216333, 33.434427], [-91.20647, 33.433924], [-91.186637, 33.438712], [-91.177165, 33.443942], [-91.169466, 33.452936], [-91.176048, 33.473048], [-91.177237, 33.48592], [-91.173025, 33.49544], [-91.168918, 33.498213], [-91.163163, 33.497969], [-91.152355, 33.493474], [-91.133047, 33.482214], [-91.124771, 33.473549], [-91.119139, 33.462355], [-91.116936, 33.454025], [-91.118036, 33.447876], [-91.132746, 33.429622], [-91.138069, 33.427231], [-91.145762, 33.427597], [-91.153942, 33.425422], [-91.175296, 33.417128], [-91.184612, 33.419419], [-91.19168, 33.417793], [-91.199597, 33.418195], [-91.206781, 33.412255], [-91.209393, 33.405368], [-91.206477, 33.400143], [-91.189884, 33.389015], [-91.169702, 33.380351], [-91.154098, 33.378782], [-91.143586, 33.379514], [-91.116756, 33.391062], [-91.103989, 33.402047], [-91.096562, 33.412198], [-91.095046, 33.424151], [-91.097557, 33.433422], [-91.095316, 33.44052], [-91.089048, 33.449436], [-91.080433, 33.454689], [-91.071909, 33.455861], [-91.065903, 33.454415], [-91.059577, 33.449996], [-91.058109, 33.446907], [-91.057809, 33.430793], [-91.064444, 33.418462], [-91.078706, 33.403447], [-91.091706, 33.395775], [-91.103174, 33.385578], [-91.120763, 33.363349], [-91.142219, 33.348989], [-91.140941, 33.336075], [-91.143625, 33.328114], [-91.14137, 33.315214], [-91.141376, 33.298822], [-91.125507, 33.280149], [-91.125674, 33.2737], [-91.128058, 33.268563], [-91.117661, 33.261189], [-91.111246, 33.24691], [-91.105787, 33.241526], [-91.101156, 33.238393], [-91.098517, 33.238694], [-91.094655, 33.250457], [-91.090477, 33.256702], [-91.085587, 33.275031], [-91.078045, 33.283627], [-91.066482, 33.287222], [-91.055182, 33.286314], [-91.047544, 33.282151], [-91.043864, 33.275778], [-91.044628, 33.26722], [-91.050506, 33.251235], [-91.055004, 33.245005], [-91.064035, 33.23736], [-91.065629, 33.233158], [-91.069477, 33.232529], [-91.070803, 33.227396], [-91.078419, 33.227255], [-91.079725, 33.223343], [-91.082592, 33.221826], [-91.10026, 33.219428], [-91.082856, 33.1883], [-91.080405, 33.180091], [-91.081044, 33.157825], [-91.086017, 33.136281], [-91.102702, 33.130374], [-91.133941, 33.129128], [-91.150468, 33.130882], [-91.153243, 33.135168], [-91.163111, 33.142186], [-91.183216, 33.141805], [-91.19239, 33.137275], [-91.198809, 33.129834], [-91.201995, 33.123125], [-91.201377, 33.109145], [-91.199453, 33.106377], [-91.181623, 33.098822], [-91.172921, 33.088553], [-91.150217, 33.082129], [-91.124595, 33.064184], [-91.12029, 33.054922], [-91.126064, 33.041502], [-91.125258, 33.038946], [-91.128133, 33.034451], [-91.137249, 33.028791], [-91.149928, 33.026186], [-91.160756, 33.020806], [-91.16618, 33.011315], [-91.165892, 33.004298], [-91.460375, 33.006189], [-91.460227, 33.25023]]]}}, {"type": "Feature", "properties": {"name": "Pope County", "students": 595}, "geometry": {"type": "Polygon", "coordinates": [[[-92.849277, 35.549474], [-92.855096, 35.173839], [-92.868177, 35.174149], [-92.896401, 35.169556], [-92.918176, 35.175891], [-92.938917, 35.176715], [-92.94635, 35.175775], [-92.961068, 35.169736], [-92.978139, 35.172021], [-93.009134, 35.166971], [-93.025591, 35.161465], [-93.029272, 35.157745], [-93.029732, 35.145776], [-93.027497, 35.132218], [-93.030121, 35.126886], [-93.044031, 35.11907], [-93.063898, 35.117982], [-93.085403, 35.127952], [-93.092878, 35.138089], [-93.092028, 35.140324], [-93.083247, 35.143805], [-93.080618, 35.147602], [-93.080211, 35.153084], [-93.084668, 35.162042], [-93.07631, 35.172156], [-93.076924, 35.176915], [-93.079604, 35.18054], [-93.084478, 35.183622], [-93.090327, 35.183657], [-93.097015, 35.18011], [-93.102906, 35.173998], [-93.111503, 35.170867], [-93.118678, 35.171882], [-93.124991, 35.174867], [-93.129948, 35.179203], [-93.136561, 35.189401], [-93.139333, 35.2081], [-93.154002, 35.233138], [-93.182927, 35.261693], [-93.199752, 35.271729], [-93.228125, 35.272588], [-93.240687, 35.276425], [-93.253375, 35.286114], [-93.284675, 35.318705], [-93.298903, 35.327125], [-93.295873, 35.470049], [-93.223821, 35.468685], [-93.221295, 35.599058], [-93.167825, 35.597822], [-93.164451, 35.728873], [-92.809745, 35.722417], [-92.813462, 35.548917], [-92.849277, 35.549474]]]}}, {"type": "Feature", "properties": {"name": "Marion County", "students": 0}, "geometry": {"type": "Polygon", "coordinates": [[[-92.890725, 36.114245], [-92.888748, 36.24643], [-92.889516, 36.318458], [-92.88763, 36.347548], [-92.884897, 36.490854], [-92.880523, 36.487199], [-92.873564, 36.475655], [-92.860736, 36.472642], [-92.854602, 36.464639], [-92.854008, 36.497854], [-92.529129, 36.498526], [-92.529457, 36.458816], [-92.533104, 36.386557], [-92.549548, 36.38692], [-92.551252, 36.381145], [-92.553886, 36.378445], [-92.573813, 36.366918], [-92.59205, 36.35913], [-92.594786, 36.356659], [-92.595083, 36.35406], [-92.592661, 36.350014], [-92.585722, 36.344992], [-92.578215, 36.342318], [-92.550227, 36.349031], [-92.534876, 36.350956], [-92.529976, 36.349058], [-92.527983, 36.344486], [-92.533256, 36.330325], [-92.540192, 36.329474], [-92.552861, 36.336519], [-92.561514, 36.334785], [-92.570497, 36.324073], [-92.575389, 36.309558], [-92.574886, 36.307445], [-92.569158, 36.306005], [-92.55173, 36.313529], [-92.54778, 36.313801], [-92.538447, 36.310206], [-92.524652, 36.300808], [-92.523462, 36.296218], [-92.525038, 36.287694], [-92.528604, 36.282396], [-92.543139, 36.269271], [-92.544476, 36.265835], [-92.54253, 36.262827], [-92.534817, 36.26336], [-92.527567, 36.26783], [-92.521636, 36.268978], [-92.507636, 36.264717], [-92.494154, 36.25631], [-92.476988, 36.25734], [-92.471298, 36.255938], [-92.469062, 36.25171], [-92.475929, 36.241789], [-92.476461, 36.227939], [-92.469761, 36.222126], [-92.460659, 36.220889], [-92.458979, 36.215962], [-92.466351, 36.210515], [-92.472524, 36.20845], [-92.478732, 36.202181], [-92.480417, 36.199417], [-92.479162, 36.193673], [-92.469487, 36.181894], [-92.454009, 36.174215], [-92.441917, 36.164253], [-92.432717, 36.168357], [-92.431941, 36.171784], [-92.425948, 36.17833], [-92.425809, 36.175161], [-92.429637, 36.168915], [-92.428196, 36.163567], [-92.426046, 36.162396], [-92.41282, 36.162587], [-92.407814, 36.1581], [-92.407028, 36.154801], [-92.40869, 36.14937], [-92.426397, 36.149465], [-92.426787, 36.134866], [-92.409142, 36.134675], [-92.411572, 36.062716], [-92.837821, 36.070125], [-92.83691, 36.113795], [-92.890725, 36.114245]]]}}, {"type": "Feature", "properties": {"name": "Prairie County", "students": 0}, "geometry": {"type": "Polygon", "coordinates": [[[-91.585161, 35.025376], [-91.584005, 35.091584], [-91.465269, 35.089457], [-91.468428, 35.086186], [-91.468059, 35.083943], [-91.459759, 35.081482], [-91.452898, 35.072632], [-91.445941, 35.067994], [-91.460299, 35.063323], [-91.470502, 35.067358], [-91.474412, 35.067437], [-91.478955, 35.061054], [-91.475985, 35.056417], [-91.460278, 35.052093], [-91.445773, 35.057034], [-91.439976, 35.061698], [-91.438637, 35.059949], [-91.441689, 35.052226], [-91.363751, 35.051884], [-91.364698, 35.007232], [-91.366638, 35.007268], [-91.368372, 34.900876], [-91.370361, 34.899283], [-91.375758, 34.899484], [-91.3821, 34.904953], [-91.385464, 34.90337], [-91.386756, 34.900186], [-91.383425, 34.89568], [-91.372381, 34.896411], [-91.36705, 34.886971], [-91.360332, 34.880367], [-91.350888, 34.874632], [-91.345373, 34.876963], [-91.34384, 34.875094], [-91.344657, 34.871322], [-91.349635, 34.86814], [-91.355738, 34.867578], [-91.35902, 34.86972], [-91.364713, 34.868195], [-91.3607, 34.86192], [-91.361108, 34.859048], [-91.363393, 34.856942], [-91.361004, 34.853762], [-91.360071, 34.845686], [-91.363915, 34.842546], [-91.372449, 34.842909], [-91.377136, 34.834298], [-91.376032, 34.82883], [-91.370598, 34.824276], [-91.374765, 34.665964], [-91.446983, 34.667531], [-91.447489, 34.653052], [-91.447888, 34.609135], [-91.41226, 34.608582], [-91.412666, 34.593825], [-91.376982, 34.592868], [-91.37782, 34.56348], [-91.594429, 34.56805], [-91.595583, 34.480527], [-91.625129, 34.479639], [-91.67822, 34.481913], [-91.674819, 34.483793], [-91.677857, 34.484046], [-91.67712, 34.486769], [-91.680357, 34.486411], [-91.677978, 34.489919], [-91.68062, 34.489571], [-91.683489, 34.492838], [-91.679339, 34.492408], [-91.681053, 34.499385], [-91.678421, 34.499606], [-91.675755, 34.504029], [-91.679017, 34.50711], [-91.676477, 34.507332], [-91.677635, 34.509033], [-91.674461, 34.511211], [-91.675233, 34.513235], [-91.669032, 34.516475], [-91.669851, 34.519114], [-91.667577, 34.521969], [-91.664983, 34.522308], [-91.6585, 34.528553], [-91.648717, 34.533673], [-91.643052, 34.540354], [-91.638251, 34.542321], [-91.63455, 34.546643], [-91.634418, 34.551245], [-91.632845, 34.552869], [-91.634964, 34.555025], [-91.63341, 34.562075], [-91.637157, 34.564704], [-91.636338, 34.566349], [-91.648328, 34.569824], [-91.65201, 34.566636], [-91.656529, 34.569122], [-91.656105, 34.571426], [-91.658491, 34.573071], [-91.65808, 34.57675], [-91.661962, 34.577355], [-91.665029, 34.579888], [-91.662269, 34.585595], [-91.659496, 34.600289], [-91.652996, 34.602426], [-91.647797, 34.609424], [-91.648262, 34.613005], [-91.642579, 34.615721], [-91.640347, 34.619962], [-91.638474, 34.62572], [-91.640859, 34.633899], [-91.6508, 34.643155], [-91.656104, 34.642771], [-91.661643, 34.645609], [-91.664647, 34.649113], [-91.664002, 34.652567], [-91.667812, 34.654267], [-91.669013, 34.657433], [-91.673878, 34.658074], [-91.67674, 34.660453], [-91.675548, 34.663258], [-91.679244, 34.661639], [-91.680845, 34.663704], [-91.687225, 34.665764], [-91.689063, 34.670235], [-91.699892, 34.669714], [-91.698283, 34.671017], [-91.699743, 34.67318], [-91.700773, 34.672018], [-91.693705, 34.919605], [-91.803703, 34.921524], [-91.802359, 35.040532], [-91.798159, 35.042462], [-91.795946, 35.040901], [-91.79458, 35.042541], [-91.793314, 35.038946], [-91.790568, 35.041128], [-91.789403, 35.039483], [-91.781497, 35.043043], [-91.77791, 35.047111], [-91.771109, 35.047129], [-91.765841, 35.050052], [-91.760931, 35.047954], [-91.744581, 35.047055], [-91.742058, 35.050337], [-91.731519, 35.05137], [-91.73075, 35.054685], [-91.724356, 35.055074], [-91.724324, 35.057034], [-91.722345, 35.056513], [-91.721487, 35.058664], [-91.714662, 35.058393], [-91.710982, 35.061007], [-91.710863, 35.062783], [-91.707919, 35.06248], [-91.705551, 35.060136], [-91.702028, 35.060992], [-91.701285, 35.063031], [-91.697205, 35.061291], [-91.695302, 35.062278], [-91.690472, 35.058979], [-91.686836, 35.059857], [-91.688882, 35.05666], [-91.686407, 35.056853], [-91.687383, 35.055094], [-91.685332, 35.054658], [-91.685659, 35.052876], [-91.682068, 35.053866], [-91.680044, 35.050548], [-91.674993, 35.050717], [-91.672101, 35.054481], [-91.670083, 35.053638], [-91.669227, 35.054721], [-91.66238, 35.054313], [-91.660673, 35.052214], [-91.656125, 35.051583], [-91.654622, 35.048801], [-91.65204, 35.049611], [-91.649917, 35.04579], [-91.648429, 35.046214], [-91.644124, 35.042888], [-91.645784, 35.039545], [-91.639444, 35.026608], [-91.628854, 35.024948], [-91.625167, 35.026556], [-91.623509, 35.024406], [-91.616957, 35.022067], [-91.608378, 35.020638], [-91.603441, 35.026289], [-91.589672, 35.027406], [-91.585161, 35.025376]]]}}, {"type": "Feature", "properties": {"name": "Bradley County", "students": 0}, "geometry": {"type": "Polygon", "coordinates": [[[-92.331423, 33.704635], [-92.330918, 33.707745], [-92.285395, 33.705623], [-91.97588, 33.704417], [-91.976159, 33.529686], [-92.008223, 33.529702], [-92.009542, 33.526027], [-92.008642, 33.522931], [-92.002482, 33.519774], [-92.005357, 33.516507], [-91.99949, 33.515336], [-91.999932, 33.513349], [-92.006333, 33.511235], [-92.00038, 33.508354], [-92.001081, 33.506106], [-91.99901, 33.500387], [-92.008052, 33.494251], [-92.008906, 33.486561], [-92.005512, 33.480049], [-92.002215, 33.479241], [-92.002691, 33.477209], [-92.000545, 33.476694], [-92.000023, 33.473227], [-92.008449, 33.467924], [-92.009346, 33.463691], [-92.015217, 33.456626], [-92.014741, 33.451852], [-92.011722, 33.44635], [-91.998658, 33.44127], [-91.996069, 33.442136], [-91.994695, 33.437819], [-91.992054, 33.436453], [-92.000468, 33.427056], [-91.999132, 33.420633], [-92.002171, 33.416011], [-91.988516, 33.395659], [-91.986871, 33.387246], [-91.975656, 33.385562], [-91.959776, 33.378805], [-91.961232, 33.375674], [-91.969997, 33.36813], [-91.966875, 33.357578], [-91.971631, 33.350025], [-91.978028, 33.346549], [-91.983203, 33.345731], [-91.989347, 33.348277], [-91.986377, 33.342819], [-91.987174, 33.339998], [-91.978167, 33.330551], [-91.975875, 33.326958], [-91.975705, 33.321949], [-91.973279, 33.320474], [-91.97636, 33.316503], [-91.974685, 33.313555], [-91.978199, 33.310799], [-91.975622, 33.306284], [-91.978216, 33.303796], [-91.977149, 33.301949], [-91.982004, 33.298584], [-91.983727, 33.299974], [-91.987005, 33.298662], [-91.988494, 33.300472], [-91.995583, 33.298281], [-91.996076, 33.299309], [-91.992217, 33.301434], [-91.995149, 33.302869], [-91.99363, 33.304051], [-91.994865, 33.304834], [-92.000489, 33.304215], [-92.004232, 33.301722], [-92.00918, 33.296669], [-92.000939, 33.286312], [-92.006316, 33.282233], [-92.007288, 33.285029], [-92.010162, 33.285006], [-92.022501, 33.279034], [-92.023058, 33.275846], [-92.026464, 33.274435], [-92.028227, 33.276074], [-92.027127, 33.279219], [-92.030457, 33.282745], [-92.038694, 33.278326], [-92.041842, 33.278335], [-92.039972, 33.272584], [-92.036759, 33.271557], [-92.036493, 33.267912], [-92.037367, 33.265975], [-92.040146, 33.265755], [-92.041291, 33.267681], [-92.043952, 33.267609], [-92.048152, 33.263365], [-92.048581, 33.261852], [-92.0444, 33.256822], [-92.049197, 33.256404], [-92.052272, 33.252803], [-92.057127, 33.254668], [-92.058293, 33.256018], [-92.057315, 33.257436], [-92.059057, 33.257597], [-92.063948, 33.254826], [-92.064777, 33.249627], [-92.066864, 33.250305], [-92.067905, 33.253036], [-92.070956, 33.25048], [-92.073209, 33.251083], [-92.073787, 33.247432], [-92.070367, 33.2466], [-92.070732, 33.239019], [-92.072781, 33.238191], [-92.074324, 33.241115], [-92.077085, 33.239681], [-92.0781, 33.236999], [-92.081521, 33.237661], [-92.084692, 33.240852], [-92.088706, 33.238584], [-92.090261, 33.235009], [-92.08552, 33.233275], [-92.088205, 33.23143], [-92.08834, 33.226214], [-92.093742, 33.221373], [-92.10323, 33.218371], [-92.104386, 33.218976], [-92.104366, 33.223908], [-92.109498, 33.223258], [-92.11037, 33.2215], [-92.116092, 33.223192], [-92.114926, 33.21887], [-92.117087, 33.216046], [-92.113182, 33.21239], [-92.114542, 33.207496], [-92.118117, 33.20539], [-92.122483, 33.206038], [-92.122994, 33.208408], [-92.128054, 33.209247], [-92.129254, 33.206447], [-92.128385, 33.204466], [-92.133219, 33.201213], [-92.132808, 33.19792], [-92.136139, 33.196272], [-92.135605, 33.191149], [-92.138622, 33.187956], [-92.133851, 33.186458], [-92.131153, 33.189162], [-92.128288, 33.183137], [-92.135075, 33.183702], [-92.129087, 33.180207], [-92.131721, 33.179306], [-92.133655, 33.176285], [-92.130735, 33.173183], [-92.137549, 33.162904], [-92.139135, 33.163786], [-92.147892, 33.161729], [-92.148552, 33.163678], [-92.145007, 33.168041], [-92.150229, 33.170383], [-92.154214, 33.168077], [-92.161545, 33.168422], [-92.159138, 33.16301], [-92.160478, 33.161641], [-92.164484, 33.161309], [-92.172043, 33.16398], [-92.171417, 33.165835], [-92.163949, 33.16989], [-92.162656, 33.172749], [-92.164779, 33.176825], [-92.168676, 33.179144], [-92.167783, 33.184951], [-92.172378, 33.182029], [-92.174461, 33.182428], [-92.172877, 33.189647], [-92.17848, 33.186471], [-92.181774, 33.188094], [-92.179756, 33.193005], [-92.174111, 33.194552], [-92.179365, 33.198459], [-92.17812, 33.206604], [-92.179744, 33.213908], [-92.181993, 33.213409], [-92.187091, 33.204841], [-92.196339, 33.201573], [-92.201984, 33.205082], [-92.209713, 33.201795], [-92.215821, 33.209825], [-92.223021, 33.209713], [-92.224861, 33.214474], [-92.222891, 33.221418], [-92.212426, 33.223261], [-92.210845, 33.225326], [-92.213129, 33.227018], [-92.221826, 33.227284], [-92.234071, 33.233198], [-92.233672, 33.235341], [-92.225582, 33.242417], [-92.224105, 33.251639], [-92.225399, 33.253922], [-92.236809, 33.25857], [-92.238951, 33.257586], [-92.239408, 33.252544], [-92.243918, 33.250159], [-92.250977, 33.252374], [-92.256015, 33.2571], [-92.267814, 33.254801], [-92.268044, 33.263244], [-92.270877, 33.266564], [-92.279434, 33.268356], [-92.2865, 33.263615], [-92.293076, 33.264579], [-92.291147, 33.274429], [-92.293568, 33.27924], [-92.297483, 33.281031], [-92.301299, 33.278262], [-92.302884, 33.272774], [-92.309431, 33.273883], [-92.312646, 33.272844], [-92.308506, 33.266652], [-92.310732, 33.263705], [-92.315611, 33.261655], [-92.325383, 33.26224], [-92.326769, 33.263083], [-92.32494, 33.267056], [-92.327684, 33.272048], [-92.327567, 33.279558], [-92.337036, 33.275597], [-92.345626, 33.281476], [-92.358557, 33.281441], [-92.358182, 33.288479], [-92.351452, 33.293728], [-92.350309, 33.29628], [-92.352031, 33.303058], [-92.358114, 33.307318], [-92.365685, 33.305765], [-92.369736, 33.311158], [-92.378893, 33.315116], [-92.377589, 33.316935], [-92.380147, 33.325496], [-92.380307, 33.332334], [-92.376848, 33.337179], [-92.382298, 33.338675], [-92.381703, 33.346382], [-92.380486, 33.351499], [-92.376569, 33.35613], [-92.378217, 33.358551], [-92.375814, 33.365484], [-92.371872, 33.367197], [-92.376802, 33.373217], [-92.376186, 33.376983], [-92.367834, 33.380673], [-92.36318, 33.378251], [-92.359868, 33.379745], [-92.358789, 33.382525], [-92.360041, 33.384834], [-92.355786, 33.394542], [-92.356001, 33.400929], [-92.35174, 33.404431], [-92.345959, 33.413196], [-92.341428, 33.414553], [-92.340095, 33.420629], [-92.337236, 33.422944], [-92.338841, 33.423833], [-92.340637, 33.430167], [-92.33408, 33.440861], [-92.328071, 33.443535], [-92.328933, 33.445396], [-92.326724, 33.452599], [-92.329674, 33.456412], [-92.320095, 33.468987], [-92.319377, 33.472248], [-92.320714, 33.479625], [-92.322659, 33.481628], [-92.322398, 33.485877], [-92.319406, 33.485822], [-92.31638, 33.488809], [-92.317935, 33.489186], [-92.317528, 33.491142], [-92.313493, 33.492946], [-92.313109, 33.497443], [-92.311049, 33.499869], [-92.316668, 33.511449], [-92.314849, 33.514542], [-92.317125, 33.520779], [-92.320873, 33.521637], [-92.322889, 33.524219], [-92.323808, 33.530358], [-92.321328, 33.532475], [-92.321946, 33.534904], [-92.318966, 33.538276], [-92.318735, 33.541061], [-92.316883, 33.541689], [-92.317056, 33.549974], [-92.314034, 33.551397], [-92.318282, 33.557934], [-92.319181, 33.564485], [-92.325872, 33.571054], [-92.324237, 33.572291], [-92.320829, 33.585037], [-92.325058, 33.591912], [-92.326444, 33.599899], [-92.330515, 33.603079], [-92.328368, 33.604137], [-92.329978, 33.60538], [-92.328161, 33.607214], [-92.32872, 33.616976], [-92.324458, 33.622198], [-92.324226, 33.62733], [-92.321179, 33.630077], [-92.320771, 33.632497], [-92.323487, 33.637289], [-92.322926, 33.641079], [-92.32062, 33.642777], [-92.322663, 33.645309], [-92.320578, 33.647565], [-92.324224, 33.650348], [-92.324825, 33.653132], [-92.323232, 33.654976], [-92.326377, 33.657523], [-92.327077, 33.661479], [-92.326169, 33.668165], [-92.324883, 33.667415], [-92.323545, 33.668767], [-92.323893, 33.673068], [-92.321376, 33.673916], [-92.320386, 33.678572], [-92.322017, 33.679371], [-92.320101, 33.682331], [-92.322595, 33.689065], [-92.328877, 33.694465], [-92.327579, 33.696887], [-92.331423, 33.704635]]]}}, {"type": "Feature", "properties": {"name": "Drew County", "students": 109}, "geometry": {"type": "Polygon", "coordinates": [[[-91.450284, 33.780543], [-91.454386, 33.520054], [-91.451388, 33.512945], [-91.451202, 33.507806], [-91.452564, 33.505217], [-91.454804, 33.505315], [-91.45737, 33.388974], [-91.990179, 33.398292], [-92.000334, 33.411593], [-92.00219, 33.416278], [-91.999132, 33.420633], [-92.000546, 33.426878], [-91.992054, 33.436453], [-91.994695, 33.437819], [-91.996069, 33.442136], [-91.998658, 33.44127], [-92.011722, 33.44635], [-92.014741, 33.451852], [-92.015217, 33.456626], [-92.009346, 33.463691], [-92.008449, 33.467924], [-92.000023, 33.473227], [-92.000545, 33.476694], [-92.002691, 33.477209], [-92.002215, 33.479241], [-92.005512, 33.480049], [-92.008906, 33.486561], [-92.008052, 33.494251], [-91.99901, 33.500387], [-92.001081, 33.506106], [-92.00038, 33.508354], [-92.006333, 33.511235], [-91.999932, 33.513349], [-91.99949, 33.515336], [-92.005357, 33.516507], [-92.002482, 33.519774], [-92.008642, 33.522931], [-92.009542, 33.526027], [-92.008223, 33.529702], [-91.976159, 33.529686], [-91.975866, 33.791726], [-91.663738, 33.792246], [-91.537131, 33.781566], [-91.450284, 33.780543]]]}}, {"type": "Feature", "properties": {"name": "Pike County", "students": 0}, "geometry": {"type": "Polygon", "coordinates": [[[-93.937007, 34.263118], [-93.935435, 34.350233], [-93.831508, 34.347544], [-93.742577, 34.348078], [-93.478485, 34.340839], [-93.480423, 34.253272], [-93.501506, 34.253701], [-93.502208, 34.214106], [-93.489438, 34.211909], [-93.491496, 34.209552], [-93.489849, 34.207697], [-93.487818, 34.209405], [-93.477838, 34.209475], [-93.470947, 34.206882], [-93.467337, 34.207347], [-93.463508, 34.20507], [-93.461694, 34.20581], [-93.458231, 34.212292], [-93.450226, 34.205206], [-93.448376, 34.20742], [-93.44302, 34.20842], [-93.44242, 34.206261], [-93.447606, 34.202923], [-93.449253, 34.198094], [-93.453769, 34.196498], [-93.460373, 34.190354], [-93.44846, 34.180243], [-93.454773, 34.176969], [-93.447305, 34.174121], [-93.454681, 34.173051], [-93.454133, 34.168089], [-93.456413, 34.163192], [-93.453729, 34.153544], [-93.449367, 34.152761], [-93.443687, 34.147037], [-93.44907, 34.146395], [-93.45242, 34.13949], [-93.455532, 34.139954], [-93.457269, 34.143911], [-93.459755, 34.143113], [-93.454812, 34.135985], [-93.457143, 34.130472], [-93.447669, 34.132407], [-93.44387, 34.130096], [-93.45177, 34.126775], [-93.452368, 34.125078], [-93.450468, 34.121972], [-93.441479, 34.120375], [-93.44482, 34.114381], [-93.441733, 34.111612], [-93.444335, 34.107867], [-93.442031, 34.101695], [-93.442544, 34.09252], [-93.440291, 34.085308], [-93.444087, 34.07969], [-93.435069, 34.07049], [-93.435703, 34.063332], [-93.432351, 34.056516], [-93.434827, 34.052705], [-93.434249, 34.049729], [-93.427574, 34.04637], [-93.414097, 34.03564], [-93.408513, 34.025357], [-93.407476, 34.019941], [-93.408918, 34.012854], [-93.403814, 34.01186], [-93.401779, 34.01302], [-93.400316, 34.01147], [-93.400292, 34.009501], [-93.402708, 34.008683], [-93.404849, 34.004629], [-93.393938, 34.002418], [-93.391863, 34.000812], [-93.392287, 33.998004], [-93.388908, 33.997979], [-93.390018, 33.995221], [-93.387755, 33.99452], [-93.385882, 33.995836], [-93.383025, 33.992651], [-93.379113, 33.986515], [-93.381646, 33.982267], [-93.378895, 33.981996], [-93.379865, 33.979307], [-93.378618, 33.976133], [-93.376059, 33.977016], [-93.38115, 33.973718], [-93.37579, 33.971389], [-93.378339, 33.970578], [-93.376316, 33.969138], [-93.376827, 33.964981], [-93.373664, 33.965855], [-93.371762, 33.964453], [-93.372013, 33.96311], [-93.377052, 33.962261], [-93.374288, 33.959749], [-93.370733, 33.96152], [-93.370298, 33.959727], [-93.373926, 33.958398], [-93.373364, 33.957093], [-93.379333, 33.956444], [-93.381069, 33.959318], [-93.383982, 33.957393], [-93.391034, 33.958318], [-93.391039, 33.957019], [-93.387783, 33.956017], [-93.39121, 33.954534], [-93.391652, 33.951361], [-93.392415, 33.953937], [-93.394795, 33.954882], [-93.396205, 33.952659], [-93.397973, 33.95585], [-93.399608, 33.951325], [-93.401556, 33.952867], [-93.407443, 33.952078], [-93.409778, 33.954377], [-93.410618, 33.952462], [-93.413752, 33.953808], [-93.418764, 33.948839], [-93.419943, 33.949781], [-93.417783, 33.951483], [-93.419884, 33.952522], [-93.419638, 33.953953], [-93.42472, 33.952289], [-93.426239, 33.955656], [-93.430017, 33.954874], [-93.427575, 33.959379], [-93.433653, 33.9547], [-93.438879, 33.95857], [-93.440165, 33.958318], [-93.440086, 33.956338], [-93.442969, 33.955602], [-93.444559, 33.956382], [-93.444612, 33.95962], [-93.448558, 33.95791], [-93.452853, 33.960851], [-93.456013, 33.956667], [-93.457997, 33.958156], [-93.456965, 33.961284], [-93.459209, 33.962898], [-93.460832, 33.962756], [-93.459758, 33.960057], [-93.465874, 33.958862], [-93.467199, 33.960512], [-93.466407, 33.963811], [-93.468324, 33.964129], [-93.472756, 33.960666], [-93.475474, 33.9623], [-93.477652, 33.961324], [-93.476774, 33.959468], [-93.479054, 33.957239], [-93.476665, 33.956328], [-93.475994, 33.951789], [-93.4795, 33.955453], [-93.484387, 33.957249], [-93.487083, 33.954622], [-93.490492, 33.95666], [-93.498125, 33.953665], [-93.493843, 33.948747], [-93.496611, 33.947548], [-93.50063, 33.948654], [-93.499487, 33.945511], [-93.504249, 33.94696], [-93.510691, 33.946541], [-93.517746, 33.944025], [-93.523894, 33.944538], [-93.528249, 33.942938], [-93.528268, 33.94853], [-93.531664, 33.954762], [-93.536455, 33.954041], [-93.538407, 33.951236], [-93.545008, 33.950768], [-93.553634, 33.955919], [-93.558237, 33.956092], [-93.562359, 33.958226], [-93.568163, 33.957005], [-93.568827, 33.958234], [-93.566999, 33.959733], [-93.568758, 33.961062], [-93.571044, 33.959537], [-93.572566, 33.961045], [-93.574849, 33.960397], [-93.574611, 33.958491], [-93.576552, 33.959139], [-93.576165, 33.956697], [-93.578914, 33.956601], [-93.578786, 33.958353], [-93.581221, 33.959317], [-93.58688, 33.959116], [-93.587526, 33.963222], [-93.591073, 33.964435], [-93.592037, 33.961721], [-93.597106, 33.963691], [-93.599178, 33.962196], [-93.60113, 33.964896], [-93.60314, 33.961827], [-93.604531, 33.96475], [-93.609458, 33.959443], [-93.616824, 33.959326], [-93.618422, 33.964285], [-93.622526, 33.964752], [-93.62561, 33.969943], [-93.627676, 33.96738], [-93.6301, 33.968195], [-93.628279, 33.969703], [-93.628835, 33.972021], [-93.627127, 33.972445], [-93.627875, 33.973768], [-93.634434, 33.972833], [-93.636978, 33.974519], [-93.640455, 33.974066], [-93.640541, 33.977084], [-93.644236, 33.976612], [-93.646406, 33.978212], [-93.644556, 33.979918], [-93.646713, 33.982944], [-93.649907, 33.981296], [-93.682129, 33.983401], [-93.686275, 33.987456], [-93.692252, 33.989216], [-93.699986, 33.995197], [-93.706016, 33.994357], [-93.714495, 33.995047], [-93.719858, 33.99751], [-93.722377, 33.996667], [-93.730301, 34.001911], [-93.7445, 34.002024], [-93.749844, 34.006872], [-93.823076, 34.008893], [-93.820722, 34.183802], [-93.925834, 34.186517], [-93.924384, 34.262961], [-93.937007, 34.263118]]]}}, {"type": "Feature", "properties": {"name": "Union County", "students": 298}, "geometry": {"type": "Polygon", "coordinates": [[[-92.685137, 33.363525], [-92.682107, 33.360034], [-92.678283, 33.358751], [-92.677618, 33.360063], [-92.672753, 33.356978], [-92.667547, 33.358537], [-92.660534, 33.355819], [-92.656925, 33.357865], [-92.655577, 33.361127], [-92.653762, 33.36127], [-92.654193, 33.364179], [-92.648102, 33.365608], [-92.647858, 33.367516], [-92.645612, 33.368551], [-92.632736, 33.365693], [-92.62961, 33.361535], [-92.623836, 33.359132], [-92.613728, 33.359809], [-92.610323, 33.364529], [-92.606111, 33.3619], [-92.599069, 33.360978], [-92.603284, 33.36467], [-92.59984, 33.366853], [-92.599871, 33.369744], [-92.595741, 33.369697], [-92.597666, 33.372782], [-92.59418, 33.373762], [-92.587073, 33.371478], [-92.5867, 33.369099], [-92.583856, 33.368114], [-92.582697, 33.368353], [-92.583286, 33.370031], [-92.581068, 33.370502], [-92.578853, 33.36714], [-92.57726, 33.367305], [-92.57635, 33.370581], [-92.573589, 33.370211], [-92.573725, 33.368505], [-92.571617, 33.368676], [-92.571176, 33.367222], [-92.568538, 33.368208], [-92.560117, 33.361676], [-92.547399, 33.366359], [-92.546441, 33.359464], [-92.539087, 33.356023], [-92.531821, 33.355619], [-92.535574, 33.348526], [-92.528591, 33.343174], [-92.52915, 33.338485], [-92.526719, 33.332339], [-92.521787, 33.33382], [-92.519255, 33.332003], [-92.519768, 33.329988], [-92.523823, 33.32755], [-92.52675, 33.320659], [-92.524238, 33.316942], [-92.521018, 33.316991], [-92.501164, 33.32771], [-92.497077, 33.326192], [-92.492391, 33.320989], [-92.491324, 33.31674], [-92.488761, 33.315631], [-92.484883, 33.316396], [-92.485789, 33.322241], [-92.480326, 33.327964], [-92.477928, 33.326952], [-92.473154, 33.320375], [-92.471395, 33.314406], [-92.467669, 33.314627], [-92.462063, 33.320246], [-92.460013, 33.32022], [-92.458852, 33.314854], [-92.471047, 33.306474], [-92.4665, 33.303596], [-92.46031, 33.306155], [-92.458493, 33.304013], [-92.472814, 33.296408], [-92.47374, 33.294646], [-92.462374, 33.287342], [-92.45942, 33.282856], [-92.455643, 33.287482], [-92.452892, 33.287416], [-92.445247, 33.280589], [-92.44541, 33.274877], [-92.443447, 33.27354], [-92.433485, 33.277021], [-92.431564, 33.275202], [-92.431386, 33.269468], [-92.420535, 33.273527], [-92.406775, 33.274219], [-92.394786, 33.277478], [-92.380081, 33.278753], [-92.375604, 33.281215], [-92.371408, 33.288009], [-92.361139, 33.291598], [-92.359477, 33.300484], [-92.356915, 33.302002], [-92.350277, 33.298842], [-92.350146, 33.297467], [-92.351452, 33.293728], [-92.358182, 33.288479], [-92.3589, 33.281688], [-92.345626, 33.281476], [-92.337036, 33.275597], [-92.327864, 33.279765], [-92.327566, 33.271521], [-92.32494, 33.267056], [-92.326769, 33.263083], [-92.325383, 33.26224], [-92.315611, 33.261655], [-92.310732, 33.263705], [-92.308506, 33.266652], [-92.312646, 33.272844], [-92.309431, 33.273883], [-92.302884, 33.272774], [-92.301299, 33.278262], [-92.297483, 33.281031], [-92.293568, 33.27924], [-92.291147, 33.274429], [-92.293076, 33.264579], [-92.2865, 33.263615], [-92.279434, 33.268356], [-92.270877, 33.266564], [-92.268044, 33.263244], [-92.267814, 33.254801], [-92.256015, 33.2571], [-92.250977, 33.252374], [-92.243918, 33.250159], [-92.239408, 33.252544], [-92.238951, 33.257586], [-92.236809, 33.25857], [-92.225399, 33.253922], [-92.224105, 33.251639], [-92.225582, 33.242417], [-92.233672, 33.235341], [-92.234071, 33.233198], [-92.221826, 33.227284], [-92.213129, 33.227018], [-92.210845, 33.225326], [-92.212426, 33.223261], [-92.222891, 33.221418], [-92.224792, 33.215754], [-92.22408, 33.21116], [-92.221551, 33.209136], [-92.215821, 33.209825], [-92.209713, 33.201795], [-92.201984, 33.205082], [-92.196339, 33.201573], [-92.187091, 33.204841], [-92.181993, 33.213409], [-92.179474, 33.213669], [-92.17812, 33.206604], [-92.179365, 33.198459], [-92.174111, 33.194552], [-92.179756, 33.193005], [-92.181774, 33.188094], [-92.17848, 33.186471], [-92.172877, 33.189647], [-92.174461, 33.182428], [-92.172378, 33.182029], [-92.167783, 33.184951], [-92.168676, 33.179144], [-92.164779, 33.176825], [-92.162656, 33.172749], [-92.164421, 33.169491], [-92.171692, 33.165587], [-92.17148, 33.163351], [-92.160478, 33.161641], [-92.159138, 33.16301], [-92.161545, 33.168422], [-92.154214, 33.168077], [-92.150229, 33.170383], [-92.145007, 33.168041], [-92.148552, 33.163678], [-92.147496, 33.161505], [-92.138454, 33.163794], [-92.135972, 33.160117], [-92.122124, 33.161776], [-92.11108, 33.158001], [-92.108444, 33.15016], [-92.108469, 33.14523], [-92.110585, 33.143992], [-92.117418, 33.145482], [-92.119457, 33.144396], [-92.113134, 33.13412], [-92.118717, 33.12075], [-92.122378, 33.118366], [-92.127995, 33.119943], [-92.129635, 33.113616], [-92.136757, 33.106755], [-92.137054, 33.101655], [-92.14366, 33.098346], [-92.132669, 33.096997], [-92.135132, 33.088966], [-92.131426, 33.082832], [-92.129141, 33.070122], [-92.118605, 33.072091], [-92.114076, 33.069762], [-92.114154, 33.061935], [-92.108708, 33.052099], [-92.115269, 33.04719], [-92.109811, 33.042326], [-92.108796, 33.032501], [-92.104268, 33.029991], [-92.096885, 33.033907], [-92.082699, 33.031154], [-92.081508, 33.025385], [-92.078538, 33.021595], [-92.078252, 33.016886], [-92.069606, 33.010612], [-92.06893, 33.00799], [-92.988775, 33.017566], [-92.978483, 33.377142], [-92.794247, 33.372582], [-92.793741, 33.37379], [-92.786991, 33.374744], [-92.785303, 33.3769], [-92.782968, 33.375236], [-92.777467, 33.374913], [-92.777563, 33.377088], [-92.774819, 33.377487], [-92.772678, 33.381006], [-92.770941, 33.382042], [-92.76676, 33.381049], [-92.761269, 33.384452], [-92.761881, 33.386486], [-92.757677, 33.387878], [-92.747903, 33.383673], [-92.744153, 33.385251], [-92.739003, 33.385164], [-92.739531, 33.384004], [-92.737215, 33.383456], [-92.732174, 33.38472], [-92.728893, 33.382993], [-92.726381, 33.38442], [-92.725726, 33.382368], [-92.7243, 33.383565], [-92.720238, 33.382324], [-92.720459, 33.380281], [-92.716281, 33.378835], [-92.714815, 33.370456], [-92.709953, 33.370375], [-92.709083, 33.368583], [-92.705748, 33.369141], [-92.70236, 33.366193], [-92.700759, 33.366847], [-92.70143, 33.368071], [-92.698037, 33.36761], [-92.696677, 33.369244], [-92.695742, 33.367402], [-92.693146, 33.368034], [-92.692866, 33.366922], [-92.690052, 33.368631], [-92.687525, 33.366144], [-92.681624, 33.36593], [-92.681983, 33.364353], [-92.685137, 33.363525]]]}}, {"type": "Feature", "properties": {"name": "Sebastian County", "students": 791}, "geometry": {"type": "Polygon", "coordinates": [[[-94.447533, 34.934071], [-94.432229, 35.363296], [-94.433417, 35.365514], [-94.431501, 35.369426], [-94.43345, 35.375361], [-94.432564, 35.384202], [-94.434879, 35.388115], [-94.428403, 35.397896], [-94.423622, 35.410524], [-94.423448, 35.41844], [-94.426474, 35.430725], [-94.42586, 35.436222], [-94.421485, 35.442503], [-94.414653, 35.44722], [-94.400327, 35.450042], [-94.38609, 35.448709], [-94.370045, 35.43632], [-94.347646, 35.423055], [-94.339659, 35.413775], [-94.336962, 35.405223], [-94.338373, 35.398331], [-94.348189, 35.3835], [-94.347397, 35.378419], [-94.343929, 35.372028], [-94.337204, 35.368079], [-94.318303, 35.363119], [-94.291342, 35.346184], [-94.280842, 35.343385], [-94.269393, 35.345307], [-94.259698, 35.353457], [-94.252545, 35.356193], [-94.243914, 35.356558], [-94.228987, 35.353276], [-94.209727, 35.357758], [-94.202215, 35.36111], [-94.181624, 35.375054], [-94.174681, 35.377847], [-94.164612, 35.379185], [-94.145667, 35.37796], [-94.137085, 35.381606], [-94.131606, 35.390131], [-94.133606, 35.403346], [-94.139218, 35.412548], [-94.156658, 35.425275], [-94.161548, 35.433413], [-94.157521, 35.441146], [-94.147327, 35.447777], [-94.138179, 35.450824], [-94.117566, 35.451134], [-94.086492, 35.44287], [-94.074437, 35.444997], [-94.075538, 35.4126], [-94.07693, 35.41251], [-94.08222, 35.214782], [-94.064314, 35.214536], [-94.064779, 35.199877], [-94.047022, 35.199466], [-94.046565, 35.214081], [-94.028872, 35.214176], [-94.031236, 35.140908], [-94.139339, 35.143521], [-94.140463, 35.099674], [-94.158645, 35.099847], [-94.15892, 35.092475], [-94.176861, 35.092941], [-94.177, 35.089252], [-94.181375, 35.089312], [-94.181599, 35.085727], [-94.195145, 35.086122], [-94.195091, 35.078897], [-94.222921, 35.079361], [-94.223192, 35.07216], [-94.227818, 35.072221], [-94.250764, 35.065589], [-94.250852, 35.058171], [-94.228244, 35.057595], [-94.230524, 34.968527], [-94.250239, 34.963938], [-94.255825, 34.959881], [-94.262044, 34.959559], [-94.265163, 34.957392], [-94.281725, 34.956813], [-94.293254, 34.953047], [-94.30862, 34.952975], [-94.324174, 34.955912], [-94.33019, 34.954402], [-94.335051, 34.948886], [-94.344372, 34.946874], [-94.350323, 34.948198], [-94.35301, 34.954245], [-94.361569, 34.961433], [-94.374561, 34.963021], [-94.372701, 34.953886], [-94.374579, 34.947938], [-94.380054, 34.948161], [-94.392173, 34.943542], [-94.400923, 34.947963], [-94.409405, 34.949895], [-94.416321, 34.944325], [-94.422072, 34.935968], [-94.430095, 34.930796], [-94.447533, 34.934071]]]}}, {"type": "Feature", "properties": {"name": "Lawrence County", "students": 0}, "geometry": {"type": "Polygon", "coordinates": [[[-91.065762, 36.141215], [-91.054853, 36.151517], [-90.747519, 36.149112], [-90.748496, 36.146128], [-90.764322, 36.133653], [-90.77065, 36.124996], [-90.771834, 36.108081], [-90.777049, 36.105398], [-90.779409, 36.10232], [-90.780572, 36.10467], [-90.782033, 36.103487], [-90.785252, 36.104138], [-90.786358, 36.101409], [-90.789567, 36.100779], [-90.790652, 36.093236], [-90.794349, 36.091868], [-90.79461, 36.088015], [-90.799226, 36.089315], [-90.800021, 36.086736], [-90.802189, 36.085921], [-90.804922, 36.087813], [-90.80994, 36.08255], [-90.811194, 36.084068], [-90.821998, 36.077895], [-90.823419, 36.073645], [-90.821876, 36.070609], [-90.824639, 36.068187], [-90.825159, 36.055683], [-90.840471, 36.036781], [-90.837953, 36.022174], [-90.845797, 36.011071], [-90.855103, 36.002258], [-90.855452, 35.998251], [-90.853553, 35.995824], [-90.857629, 35.993391], [-90.858322, 35.996149], [-90.860149, 35.995381], [-90.857909, 35.990239], [-90.854408, 35.990461], [-90.84948, 35.987865], [-90.84606, 35.988466], [-90.845165, 35.9867], [-90.847402, 35.983939], [-90.842315, 35.983232], [-90.841113, 35.980009], [-90.842534, 35.977887], [-90.846423, 35.978982], [-90.848814, 35.977804], [-90.847491, 35.975475], [-90.844669, 35.976164], [-90.843737, 35.973842], [-90.852002, 35.97106], [-90.851138, 35.963821], [-90.855135, 35.962189], [-90.854534, 35.95911], [-90.857681, 35.960112], [-90.857971, 35.957858], [-90.860311, 35.95757], [-90.86164, 35.955199], [-90.861073, 35.953807], [-90.858363, 35.954341], [-90.856609, 35.950467], [-90.860954, 35.948515], [-90.862802, 35.949945], [-90.864765, 35.947269], [-90.864415, 35.945592], [-90.860422, 35.94502], [-90.860595, 35.942136], [-90.865936, 35.941204], [-90.862733, 35.938821], [-90.862881, 35.930488], [-90.859099, 35.929233], [-90.861261, 35.927063], [-90.860171, 35.925238], [-90.861528, 35.924094], [-90.872203, 35.924388], [-90.872852, 35.880872], [-91.04693, 35.885516], [-91.13882, 35.890032], [-91.35742, 35.89066], [-91.348624, 36.125486], [-91.348459, 36.157626], [-91.352053, 36.157707], [-91.349834, 36.230967], [-91.332156, 36.230815], [-91.331545, 36.244622], [-91.259376, 36.243445], [-91.25892, 36.25788], [-91.240871, 36.257669], [-91.241915, 36.225696], [-91.239459, 36.228688], [-91.238272, 36.238578], [-91.23467, 36.242082], [-91.227926, 36.235239], [-91.228691, 36.228737], [-91.226834, 36.224505], [-91.223356, 36.225243], [-91.220672, 36.222428], [-91.212989, 36.222427], [-91.20386, 36.218583], [-91.198319, 36.22122], [-91.195101, 36.217884], [-91.195278, 36.212467], [-91.185341, 36.206411], [-91.17521, 36.208068], [-91.171535, 36.204589], [-91.167878, 36.203503], [-91.163307, 36.205802], [-91.161608, 36.205074], [-91.155474, 36.196517], [-91.157461, 36.190143], [-91.144029, 36.180536], [-91.14447, 36.179053], [-91.148141, 36.179018], [-91.148704, 36.176633], [-91.14245, 36.166882], [-91.139841, 36.166021], [-91.136274, 36.16784], [-91.13289, 36.164317], [-91.133133, 36.160784], [-91.126013, 36.160593], [-91.123192, 36.1558], [-91.119916, 36.153783], [-91.115756, 36.155019], [-91.092436, 36.149267], [-91.082943, 36.150963], [-91.082229, 36.147921], [-91.084437, 36.143689], [-91.08395, 36.138688], [-91.086259, 36.132796], [-91.081444, 36.129626], [-91.078729, 36.125405], [-91.071857, 36.126481], [-91.081193, 36.121411], [-91.078663, 36.117897], [-91.073493, 36.114868], [-91.063614, 36.118816], [-91.062433, 36.126663], [-91.065762, 36.141215]]]}}, {"type": "Feature", "properties": {"name": "Poinsett County", "students": 0}, "geometry": {"type": "Polygon", "coordinates": [[[-90.286789, 35.69991], [-90.286926, 35.438439], [-90.493007, 35.441625], [-90.61094, 35.441744], [-90.610796, 35.448796], [-90.716119, 35.449773], [-90.716186, 35.445848], [-90.82382, 35.44575], [-90.931248, 35.441829], [-91.039251, 35.44295], [-91.037012, 35.708419], [-90.85186, 35.705513], [-90.613443, 35.704356], [-90.50058, 35.707268], [-90.394466, 35.701498], [-90.286789, 35.69991]]]}}, {"type": "Feature", "properties": {"name": "Hempstead County", "students": 0}, "geometry": {"type": "Polygon", "coordinates": [[[-93.45664, 33.956229], [-93.460895, 33.825052], [-93.471247, 33.825329], [-93.483217, 33.476172], [-93.719951, 33.48203], [-93.734451, 33.493574], [-93.740689, 33.505179], [-93.748925, 33.512416], [-93.748991, 33.516031], [-93.741722, 33.52845], [-93.743372, 33.532494], [-93.747352, 33.534486], [-93.761475, 33.522092], [-93.764641, 33.515311], [-93.762801, 33.510963], [-93.755334, 33.505385], [-93.755974, 33.502196], [-93.76056, 33.498976], [-93.772261, 33.498643], [-93.773621, 33.509891], [-93.780323, 33.520879], [-93.777396, 33.524957], [-93.76962, 33.526859], [-93.768981, 33.532131], [-93.77113, 33.533176], [-93.777714, 33.529058], [-93.785104, 33.52792], [-93.795091, 33.531529], [-93.797605, 33.535625], [-93.795674, 33.540841], [-93.783113, 33.548221], [-93.781792, 33.552524], [-93.783688, 33.555967], [-93.786164, 33.557329], [-93.788811, 33.55607], [-93.798205, 33.541958], [-93.805431, 33.541706], [-93.809222, 33.544871], [-93.80981, 33.547491], [-93.8003, 33.558814], [-93.800404, 33.564106], [-93.805505, 33.567998], [-93.819602, 33.568312], [-93.827213, 33.571996], [-93.827429, 33.576091], [-93.816064, 33.587924], [-93.812569, 33.597483], [-93.813195, 33.605999], [-93.817622, 33.612902], [-93.82214, 33.613443], [-93.831929, 33.606793], [-93.835288, 33.608275], [-93.840118, 33.616772], [-93.84332, 33.618093], [-93.847705, 33.618029], [-93.851727, 33.61385], [-93.855921, 33.614804], [-93.861239, 33.618524], [-93.860356, 33.625684], [-93.864045, 33.630656], [-93.875228, 33.634185], [-93.877878, 33.632592], [-93.879397, 33.628566], [-93.884252, 33.627323], [-93.886409, 33.62868], [-93.891218, 33.637909], [-93.894778, 33.639692], [-93.905437, 33.636434], [-93.910481, 33.628565], [-93.915455, 33.628933], [-93.916376, 33.630831], [-93.911847, 33.640023], [-93.904657, 33.642576], [-93.901728, 33.648221], [-93.903502, 33.651724], [-93.914925, 33.658195], [-93.913542, 33.663468], [-93.919315, 33.665338], [-93.924056, 33.663273], [-93.931276, 33.662953], [-93.932546, 33.660777], [-93.929825, 33.656822], [-93.930451, 33.654626], [-93.937776, 33.647994], [-93.940529, 33.647684], [-93.944019, 33.65024], [-93.946701, 33.660356], [-93.963431, 33.667422], [-93.967402, 33.674082], [-93.967595, 33.677049], [-93.963138, 33.682566], [-93.963353, 33.687379], [-93.960598, 33.692481], [-93.961225, 33.69584], [-93.966354, 33.700083], [-93.966739, 33.704122], [-93.963245, 33.706796], [-93.955129, 33.704869], [-93.951192, 33.7074], [-93.956127, 33.713243], [-93.951254, 33.720879], [-93.953571, 33.727583], [-93.956842, 33.728787], [-93.959504, 33.72729], [-93.957756, 33.721606], [-93.958907, 33.713376], [-93.961452, 33.711803], [-93.964724, 33.714156], [-93.965023, 33.71916], [-93.96937, 33.727846], [-93.967849, 33.731929], [-93.96285, 33.735033], [-93.964063, 33.737192], [-93.96754, 33.736214], [-93.968717, 33.737389], [-93.969675, 33.739666], [-93.968198, 33.741399], [-93.964589, 33.740909], [-93.961708, 33.738393], [-93.95923, 33.739194], [-93.958799, 33.734401], [-93.956091, 33.73878], [-93.952717, 33.738826], [-93.955271, 33.742391], [-93.954503, 33.748295], [-93.957218, 33.748757], [-93.956951, 33.750927], [-93.831577, 33.748236], [-93.823076, 34.008893], [-93.749844, 34.006872], [-93.7445, 34.002024], [-93.730301, 34.001911], [-93.722377, 33.996667], [-93.719858, 33.99751], [-93.714495, 33.995047], [-93.706016, 33.994357], [-93.699986, 33.995197], [-93.692252, 33.989216], [-93.686275, 33.987456], [-93.682129, 33.983401], [-93.649907, 33.981296], [-93.646713, 33.982944], [-93.644556, 33.979918], [-93.646406, 33.978212], [-93.644236, 33.976612], [-93.640541, 33.977084], [-93.640455, 33.974066], [-93.636978, 33.974519], [-93.634434, 33.972833], [-93.627875, 33.973768], [-93.627127, 33.972445], [-93.628835, 33.972021], [-93.628279, 33.969703], [-93.6301, 33.968195], [-93.627676, 33.96738], [-93.62561, 33.969943], [-93.622526, 33.964752], [-93.618422, 33.964285], [-93.616824, 33.959326], [-93.609458, 33.959443], [-93.604531, 33.96475], [-93.60314, 33.961827], [-93.60113, 33.964896], [-93.599178, 33.962196], [-93.597106, 33.963691], [-93.592037, 33.961721], [-93.591073, 33.964435], [-93.587526, 33.963222], [-93.58688, 33.959116], [-93.581221, 33.959317], [-93.578786, 33.958353], [-93.578914, 33.956601], [-93.576165, 33.956697], [-93.576552, 33.959139], [-93.574611, 33.958491], [-93.574849, 33.960397], [-93.572566, 33.961045], [-93.571044, 33.959537], [-93.568758, 33.961062], [-93.566999, 33.959733], [-93.568827, 33.958234], [-93.568163, 33.957005], [-93.562359, 33.958226], [-93.558237, 33.956092], [-93.553634, 33.955919], [-93.545008, 33.950768], [-93.538407, 33.951236], [-93.536455, 33.954041], [-93.531664, 33.954762], [-93.528268, 33.94853], [-93.528249, 33.942938], [-93.523894, 33.944538], [-93.517746, 33.944025], [-93.510691, 33.946541], [-93.504249, 33.94696], [-93.499487, 33.945511], [-93.50063, 33.948654], [-93.496611, 33.947548], [-93.493843, 33.948747], [-93.498125, 33.953665], [-93.490492, 33.95666], [-93.487083, 33.954622], [-93.484387, 33.957249], [-93.4795, 33.955453], [-93.475994, 33.951789], [-93.476665, 33.956328], [-93.479054, 33.957239], [-93.476917, 33.959102], [-93.47719, 33.961733], [-93.472756, 33.960666], [-93.467056, 33.964165], [-93.467033, 33.959871], [-93.464352, 33.958772], [-93.459636, 33.960148], [-93.460832, 33.962756], [-93.459423, 33.963001], [-93.456452, 33.96012], [-93.457997, 33.958156], [-93.45664, 33.956229]]]}}]}