{"type": "FeatureCollection", "features": [{"type": "Feature", "properties": {"zip": "85225", "total": 1911, "q1": 452, "q2": 485, "q3": 489, "q4": 485, "pop": 11703, "acsPriv": 1452, "seats": 965}, "geometry": {"type": "Polygon", "coordinates": [[[-111.8591, 33.3208], [-111.8566, 33.3249], [-111.8574, 33.3278], [-111.8591, 33.3278], [-111.8591, 33.3351], [-111.8538, 33.3351], [-111.8531, 33.3381], [-111.859, 33.3381], [-111.8591, 33.3571], [-111.8418, 33.357], [-111.8418, 33.3613], [-111.833, 33.3613], [-111.8331, 33.3388], [-111.8242, 33.3389], [-111.8241, 33.328], [-111.8069, 33.3281], [-111.8069, 33.3137], [-111.79, 33.3143], [-111.7896, 33.2919], [-111.8026, 33.2918], [-111.8026, 33.2889], [-111.8069, 33.2881], [-111.807, 33.2918], [-111.8417, 33.2916], [-111.8416, 33.2874], [-111.8427, 33.2874], [-111.8502, 33.2873], [-111.8503, 33.2916], [-111.8547, 33.2915], [-111.8545, 33.2873], [-111.8587, 33.2874], [-111.8589, 33.2915], [-111.8561, 33.292], [-111.8564, 33.2941], [-111.8589, 33.2952], [-111.8589, 33.3004], [-111.8576, 33.3004], [-111.857, 33.3042], [-111.8575, 33.306], [-111.8591, 33.306], [-111.8591, 33.3097], [-111.8569, 33.3107], [-111.8591, 33.3106], [-111.8577, 33.3142], [-111.8591, 33.315], [-111.8591, 33.3208]]]}}, {"type": "Feature", "properties": {"zip": "85266", "total": 794, "q1": 187, "q2": 199, "q3": 207, "q4": 201, "pop": 1253, "acsPriv": 417, "seats": 74}, "geometry": {"type": "Polygon", "coordinates": [[[-111.977, 33.7172], [-111.9781, 33.7411], [-111.9542, 33.7411], [-111.9542, 33.7376], [-111.9509, 33.7375], [-111.9488, 33.7412], [-111.9347, 33.7412], [-111.9346, 33.7484], [-111.939, 33.7484], [-111.939, 33.7546], [-111.939, 33.7557], [-111.9346, 33.7557], [-111.9347, 33.7884], [-111.9455, 33.7884], [-111.9455, 33.792], [-111.9477, 33.792], [-111.9476, 33.7848], [-111.9565, 33.7836], [-111.9607, 33.7847], [-111.9608, 33.7992], [-111.9281, 33.7993], [-111.9271, 33.8066], [-111.9187, 33.807], [-111.9108, 33.8066], [-111.9158, 33.8056], [-111.9114, 33.8044], [-111.9136, 33.8021], [-111.9129, 33.8014], [-111.9104, 33.8034], [-111.9106, 33.8068], [-111.9087, 33.8072], [-111.9086, 33.8138], [-111.8912, 33.8138], [-111.8906, 33.7267], [-111.9522, 33.7265], [-111.9553, 33.7236], [-111.9598, 33.7142], [-111.96, 33.6987], [-111.9687, 33.6987], [-111.97, 33.7056], [-111.977, 33.7172]]]}}, {"type": "Feature", "properties": {"zip": "85085", "total": 2001, "q1": 474, "q2": 494, "q3": 516, "q4": 517, "pop": 5597, "acsPriv": 867, "seats": 729}, "geometry": {"type": "Polygon", "coordinates": [[[-112.1352, 33.7982], [-112.0998, 33.7984], [-112.0915, 33.8013], [-112.0838, 33.799], [-112.0191, 33.7991], [-112.0025, 33.7803], [-112.0132, 33.7745], [-112.015, 33.7709], [-112.0197, 33.7703], [-112.0242, 33.762], [-112.0164, 33.7585], [-112.0128, 33.7514], [-112.0204, 33.7452], [-112.0264, 33.7264], [-112.048, 33.7264], [-112.0471, 33.7102], [-112.0537, 33.7098], [-112.0602, 33.7042], [-112.0657, 33.7038], [-112.0658, 33.7097], [-112.0677, 33.7121], [-112.0818, 33.713], [-112.0768, 33.7081], [-112.0777, 33.7061], [-112.0825, 33.7054], [-112.0832, 33.6983], [-112.1, 33.6983], [-112.1, 33.702], [-112.1019, 33.702], [-112.1026, 33.6986], [-112.108, 33.7005], [-112.1146, 33.6999], [-112.1352, 33.7982]]]}}, {"type": "Feature", "properties": {"zip": "85204", "total": 1765, "q1": 417, "q2": 433, "q3": 455, "q4": 460, "pop": 11627, "acsPriv": 1468, "seats": 733}, "geometry": {"type": "Polygon", "coordinates": [[[-111.8249, 33.3797], [-111.823, 33.3832], [-111.8229, 33.3915], [-111.8208, 33.3915], [-111.8208, 33.3933], [-111.8229, 33.3933], [-111.823, 33.4027], [-111.8197, 33.4025], [-111.822, 33.4034], [-111.821, 33.4065], [-111.823, 33.4065], [-111.8229, 33.4151], [-111.8171, 33.4151], [-111.8166, 33.4133], [-111.8141, 33.4151], [-111.7997, 33.4153], [-111.7968, 33.4135], [-111.7951, 33.4135], [-111.7944, 33.4153], [-111.7841, 33.4154], [-111.7798, 33.4112], [-111.7794, 33.4154], [-111.7711, 33.4155], [-111.7711, 33.4099], [-111.7668, 33.4099], [-111.7667, 33.4143], [-111.7625, 33.4143], [-111.7625, 33.4118], [-111.7493, 33.4124], [-111.7467, 33.4083], [-111.7538, 33.4082], [-111.7538, 33.401], [-111.7511, 33.401], [-111.7505, 33.3974], [-111.7508, 33.3937], [-111.7538, 33.3937], [-111.7538, 33.3918], [-111.7518, 33.3918], [-111.7532, 33.3901], [-111.7518, 33.3886], [-111.7473, 33.3886], [-111.7473, 33.3864], [-111.7539, 33.3863], [-111.754, 33.3792], [-111.8249, 33.3797]]]}}, {"type": "Feature", "properties": {"zip": "85310", "total": 1169, "q1": 267, "q2": 295, "q3": 304, "q4": 303, "pop": 3667, "acsPriv": 619, "seats": 171}, "geometry": {"type": "Polygon", "coordinates": [[[-112.2204, 33.6817], [-112.2203, 33.6963], [-112.2031, 33.6963], [-112.2033, 33.7123], [-112.1437, 33.7128], [-112.1439, 33.7144], [-112.1421, 33.715], [-112.135, 33.7147], [-112.1348, 33.6838], [-112.1422, 33.6831], [-112.1416, 33.6844], [-112.1533, 33.6778], [-112.1512, 33.6753], [-112.1514, 33.6696], [-112.1693, 33.6685], [-112.1697, 33.6978], [-112.1793, 33.6974], [-112.188, 33.6906], [-112.1867, 33.683], [-112.1918, 33.6816], [-112.1945, 33.6827], [-112.2204, 33.6817]]]}}, {"type": "Feature", "properties": {"zip": "85257", "total": 525, "q1": 124, "q2": 132, "q3": 134, "q4": 135, "pop": 2329, "acsPriv": 132, "seats": 270}, "geometry": {"type": "Polygon", "coordinates": [[[-111.961, 33.4727], [-111.9609, 33.48], [-111.9522, 33.4789], [-111.9428, 33.4802], [-111.9386, 33.4729], [-111.939, 33.4765], [-111.9348, 33.4766], [-111.9348, 33.4795], [-111.9331, 33.4803], [-111.914, 33.4804], [-111.9139, 33.4792], [-111.9089, 33.4804], [-111.9089, 33.4786], [-111.9069, 33.4787], [-111.9068, 33.4804], [-111.8918, 33.4804], [-111.8918, 33.4658], [-111.8883, 33.4659], [-111.8911, 33.4368], [-111.9096, 33.4368], [-111.9093, 33.4513], [-111.9265, 33.4512], [-111.9263, 33.4585], [-111.9394, 33.4583], [-111.9391, 33.4653], [-111.9436, 33.4656], [-111.9435, 33.4729], [-111.961, 33.4727]]]}}, {"type": "Feature", "properties": {"zip": "85032", "total": 1941, "q1": 465, "q2": 486, "q3": 498, "q4": 492, "pop": 10056, "acsPriv": 1126, "seats": 1079}, "geometry": {"type": "Polygon", "coordinates": [[[-112.0361, 33.6514], [-112.0326, 33.6514], [-112.033, 33.655], [-111.9774, 33.6552], [-111.9774, 33.6424], [-111.9753, 33.6413], [-111.9776, 33.6406], [-111.9747, 33.6406], [-111.9751, 33.6389], [-111.9778, 33.638], [-111.9778, 33.6274], [-111.9752, 33.6275], [-111.9778, 33.6261], [-111.9779, 33.6137], [-111.9752, 33.6137], [-111.9753, 33.6115], [-111.9779, 33.6116], [-111.9779, 33.605], [-111.9757, 33.6035], [-111.9758, 33.5973], [-111.9781, 33.5979], [-111.9778, 33.5955], [-111.9835, 33.5946], [-111.9932, 33.5973], [-112.024, 33.5968], [-112.024, 33.5936], [-112.0272, 33.5935], [-112.0272, 33.5968], [-112.0305, 33.5967], [-112.0305, 33.605], [-112.0253, 33.6095], [-112.0253, 33.6114], [-112.0226, 33.6114], [-112.0245, 33.6127], [-112.0231, 33.6154], [-112.0243, 33.617], [-112.0259, 33.6164], [-112.0263, 33.6187], [-112.031, 33.6187], [-112.0306, 33.6204], [-112.032, 33.6204], [-112.032, 33.6263], [-112.0307, 33.6263], [-112.0308, 33.6432], [-112.033, 33.6432], [-112.0336, 33.646], [-112.033, 33.6478], [-112.0309, 33.6478], [-112.0309, 33.6496], [-112.0356, 33.6495], [-112.0361, 33.6514]]]}}, {"type": "Feature", "properties": {"zip": "85023", "total": 1168, "q1": 271, "q2": 297, "q3": 300, "q4": 300, "pop": 5729, "acsPriv": 727, "seats": 5}, "geometry": {"type": "Polygon", "coordinates": [[[-112.1165, 33.6109], [-112.1143, 33.6547], [-112.111, 33.6547], [-112.1109, 33.6534], [-112.1024, 33.6538], [-112.1024, 33.6525], [-112.0997, 33.6525], [-112.0998, 33.6547], [-112.0742, 33.6547], [-112.0742, 33.6436], [-112.0785, 33.6438], [-112.0742, 33.642], [-112.0743, 33.6349], [-112.0759, 33.6341], [-112.0742, 33.633], [-112.075, 33.6257], [-112.0719, 33.6148], [-112.0741, 33.6148], [-112.0745, 33.6076], [-112.0895, 33.6077], [-112.0969, 33.6111], [-112.1165, 33.6109]]]}}, {"type": "Feature", "properties": {"zip": "85041", "total": 2156, "q1": 492, "q2": 548, "q3": 571, "q4": 545, "pop": 13362, "acsPriv": 1085, "seats": 297}, "geometry": {"type": "Polygon", "coordinates": [[[-112.1684, 33.4077], [-112.1421, 33.4065], [-112.1431, 33.4157], [-112.1348, 33.4184], [-112.1339, 33.4109], [-112.0995, 33.4106], [-112.0997, 33.4184], [-112.0909, 33.4183], [-112.0905, 33.4067], [-112.0851, 33.4067], [-112.0851, 33.4139], [-112.082, 33.414], [-112.0822, 33.4182], [-112.0733, 33.4199], [-112.0734, 33.4088], [-112.0765, 33.408], [-112.0765, 33.4067], [-112.0733, 33.4067], [-112.0733, 33.404], [-112.0748, 33.4031], [-112.0748, 33.4002], [-112.0733, 33.4004], [-112.0739, 33.3922], [-112.0755, 33.3923], [-112.0733, 33.3886], [-112.0732, 33.3759], [-112.0748, 33.3759], [-112.0757, 33.3721], [-112.0732, 33.3578], [-112.0758, 33.356], [-112.0789, 33.356], [-112.0789, 33.3577], [-112.0825, 33.3577], [-112.0825, 33.3559], [-112.0919, 33.3558], [-112.0921, 33.3486], [-112.1005, 33.3486], [-112.1005, 33.345], [-112.1172, 33.345], [-112.1177, 33.3486], [-112.116, 33.3491], [-112.1159, 33.3522], [-112.1175, 33.3523], [-112.1176, 33.3541], [-112.1165, 33.3777], [-112.1338, 33.3777], [-112.1338, 33.3848], [-112.1381, 33.384], [-112.1381, 33.3803], [-112.1399, 33.3777], [-112.151, 33.3776], [-112.1509, 33.394], [-112.1511, 33.3922], [-112.1535, 33.3922], [-112.153, 33.3987], [-112.1681, 33.3957], [-112.1684, 33.4077]]]}}, {"type": "Feature", "properties": {"zip": "85050", "total": 2010, "q1": 480, "q2": 498, "q3": 523, "q4": 509, "pop": 6179, "acsPriv": 778, "seats": 0}, "geometry": {"type": "Polygon", "coordinates": [[[-112.0312, 33.6855], [-112.0257, 33.6994], [-112.0084, 33.7265], [-111.9775, 33.7266], [-111.9766, 33.716], [-111.9701, 33.7059], [-111.9687, 33.6996], [-111.9701, 33.6935], [-111.9768, 33.6818], [-111.9771, 33.6805], [-111.9735, 33.6795], [-111.9774, 33.6729], [-111.9676, 33.6713], [-111.9698, 33.6678], [-111.9634, 33.6635], [-111.9683, 33.6535], [-111.9774, 33.6563], [-111.9774, 33.6552], [-112.0309, 33.655], [-112.0309, 33.6605], [-112.0266, 33.6606], [-112.0266, 33.6623], [-112.0308, 33.6623], [-112.0302, 33.665], [-112.0266, 33.6669], [-112.0301, 33.6668], [-112.031, 33.6768], [-112.0138, 33.6757], [-112.0298, 33.6794], [-112.0311, 33.6808], [-112.0312, 33.6855]]]}}, {"type": "Feature", "properties": {"zip": "85054", "total": 274, "q1": 64, "q2": 66, "q3": 71, "q4": 73, "pop": 786, "acsPriv": 185, "seats": 0}, "geometry": {"type": "Polygon", "coordinates": [[[-111.9774, 33.6735], [-111.9735, 33.6795], [-111.9771, 33.6805], [-111.9766, 33.6822], [-111.9701, 33.6935], [-111.9687, 33.6987], [-111.9256, 33.6987], [-111.9256, 33.645], [-111.9345, 33.6459], [-111.937, 33.6475], [-111.9386, 33.6446], [-111.9433, 33.6459], [-111.9403, 33.6559], [-111.9489, 33.6593], [-111.9552, 33.6484], [-111.9683, 33.6535], [-111.9634, 33.6636], [-111.9698, 33.6678], [-111.9676, 33.6713], [-111.9774, 33.6735]]]}}, {"type": "Feature", "properties": {"zip": "85044", "total": 1672, "q1": 405, "q2": 425, "q3": 426, "q4": 416, "pop": 5182, "acsPriv": 678, "seats": 305}, "geometry": {"type": "Polygon", "coordinates": [[[-112.0491, 33.3196], [-112.0488, 33.356], [-112.0402, 33.356], [-112.0402, 33.363], [-112.0318, 33.3634], [-112.0315, 33.3667], [-112.0245, 33.3652], [-112.0231, 33.3676], [-112.0144, 33.3677], [-112.0144, 33.3707], [-111.9969, 33.3708], [-111.997, 33.3635], [-111.9762, 33.3636], [-111.9761, 33.3709], [-111.9843, 33.3709], [-111.9842, 33.3745], [-111.9875, 33.3763], [-111.9688, 33.3772], [-111.9698, 33.3598], [-111.972, 33.3491], [-111.9732, 33.3491], [-111.9724, 33.3053], [-111.976, 33.3053], [-111.9761, 33.309], [-111.9804, 33.3089], [-111.9803, 33.3053], [-111.989, 33.3052], [-111.9891, 33.3071], [-111.9931, 33.3065], [-111.9932, 33.3077], [-111.9965, 33.307], [-111.9959, 33.3052], [-111.9975, 33.3065], [-111.9999, 33.3052], [-112.0105, 33.3053], [-112.0116, 33.3098], [-112.016, 33.3105], [-112.0141, 33.3116], [-112.0156, 33.3164], [-112.013, 33.317], [-112.015, 33.3185], [-112.0146, 33.3223], [-112.0163, 33.3233], [-112.0318, 33.3233], [-112.0318, 33.3197], [-112.0491, 33.3196]]]}}, {"type": "Feature", "properties": {"zip": "85259", "total": 1111, "q1": 262, "q2": 274, "q3": 286, "q4": 289, "pop": 2869, "acsPriv": 397, "seats": 0}, "geometry": {"type": "Polygon", "coordinates": [[[-111.8584, 33.6115], [-111.8394, 33.6115], [-111.8394, 33.6132], [-111.8322, 33.6162], [-111.8298, 33.6191], [-111.8252, 33.6303], [-111.8226, 33.6319], [-111.8224, 33.638], [-111.8204, 33.6398], [-111.8372, 33.6396], [-111.8372, 33.6443], [-111.8126, 33.6443], [-111.8045, 33.6409], [-111.8009, 33.6432], [-111.797, 33.6529], [-111.7874, 33.6534], [-111.7873, 33.6114], [-111.7702, 33.6114], [-111.7701, 33.6056], [-111.7692, 33.6068], [-111.764, 33.6052], [-111.761, 33.5996], [-111.7621, 33.5981], [-111.7612, 33.5899], [-111.7701, 33.5897], [-111.7701, 33.5679], [-111.8492, 33.568], [-111.8459, 33.5684], [-111.847, 33.5736], [-111.846, 33.5752], [-111.848, 33.5753], [-111.848, 33.5825], [-111.8565, 33.5825], [-111.8566, 33.6043], [-111.8541, 33.6044], [-111.8584, 33.6115]]]}}, {"type": "Feature", "properties": {"zip": "85264", "total": 32, "q1": 8, "q2": 8, "q3": 8, "q4": 8, "pop": 368, "acsPriv": 16, "seats": 33}, "geometry": {"type": "Polygon", "coordinates": [[[-111.7215, 33.5508], [-111.7164, 33.5613], [-111.7082, 33.5662], [-111.7055, 33.5938], [-111.6888, 33.7089], [-111.6588, 33.7127], [-111.6546, 33.7134], [-111.6537, 33.7151], [-111.6548, 33.7285], [-111.6531, 33.7355], [-111.6579, 33.7388], [-111.6625, 33.7488], [-111.6742, 33.7561], [-111.6676, 33.768], [-111.6637, 33.7718], [-111.6631, 33.7755], [-111.6535, 33.7793], [-111.6518, 33.7818], [-111.6518, 33.7837], [-111.6575, 33.7872], [-111.6631, 33.786], [-111.6636, 33.7899], [-111.6606, 33.7909], [-111.6604, 33.7942], [-111.667, 33.8019], [-111.6677, 33.8055], [-111.6627, 33.8079], [-111.656, 33.8045], [-111.6489, 33.8066], [-111.633, 33.8182], [-111.6306, 33.817], [-111.6314, 33.8128], [-111.631, 33.8126], [-111.626, 33.814], [-111.6262, 33.8162], [-111.6212, 33.8136], [-111.6187, 33.8165], [-111.614, 33.8172], [-111.614, 33.8195], [-111.6047, 33.8228], [-111.6023, 33.8271], [-111.5931, 33.8349], [-111.5796, 33.8436], [-111.5793, 33.8463], [-111.5762, 33.847], [-111.575, 33.85], [-111.573, 33.8491], [-111.5675, 33.8542], [-111.5658, 33.8532], [-111.5641, 33.8581], [-111.5664, 33.861], [-111.5601, 33.8637], [-111.5512, 33.8643], [-111.5488, 33.871], [-111.5458, 33.8706], [-111.5462, 33.8727], [-111.5435, 33.8727], [-111.5442, 33.8745], [-111.5411, 33.8749], [-111.5384, 33.8802], [-111.5306, 33.8833], [-111.5298, 33.8862], [-111.5236, 33.8889], [-111.521, 33.8929], [-111.5045, 33.8983], [-111.4509, 33.9315], [-111.4493, 33.9294], [-111.4515, 33.9239], [-111.4495, 33.9202], [-111.4433, 33.9174], [-111.4373, 33.9163], [-111.4306, 33.924], [-111.4259, 33.9261], [-111.4051, 33.9192], [-111.4086, 33.912], [-111.408, 33.9053], [-111.4116, 33.9037], [-111.4137, 33.8987], [-111.4114, 33.8916], [-111.4133, 33.8887], [-111.4128, 33.8859], [-111.4112, 33.8836], [-111.4081, 33.8839], [-111.4055, 33.8821], [-111.4057, 33.8795], [-111.396, 33.8769], [-111.3976, 33.875], [-111.3961, 33.8728], [-111.3963, 33.8686], [-111.3875, 33.863], [-111.3869, 33.8608], [-111.3923, 33.8548], [-111.3918, 33.853], [-111.3959, 33.8446], [-111.3955, 33.8409], [-111.3901, 33.8377], [-111.3925, 33.8359], [-111.3836, 33.8336], [-111.3786, 33.8296], [-111.378, 33.8274], [-111.3726, 33.8243], [-111.3715, 33.8188], [-111.3842, 33.8165], [-111.3851, 33.8103], [-111.3883, 33.8054], [-111.3879, 33.8032], [-111.3785, 33.7937], [-111.3828, 33.7881], [-111.3812, 33.7852], [-111.3855, 33.7832], [-111.3894, 33.7767], [-111.3866, 33.7732], [-111.3894, 33.7708], [-111.3871, 33.7632], [-111.3833, 33.7628], [-111.3822, 33.761], [-111.3868, 33.75], [-111.3811, 33.7477], [-111.3766, 33.7496], [-111.373, 33.7493], [-111.3721, 33.7452], [-111.3563, 33.7388], [-111.3548, 33.7332], [-111.3519, 33.7335], [-111.3523, 33.7323], [-111.3443, 33.7274], [-111.3436, 33.7248], [-111.3364, 33.7204], [-111.3386, 33.7159], [-111.337, 33.709], [-111.3383, 33.7027], [-111.3362, 33.7008], [-111.3314, 33.6883], [-111.326, 33.6844], [-111.3149, 33.6814], [-111.3092, 33.6739], [-111.3042, 33.6714], [-111.2995, 33.6638], [-111.2872, 33.6586], [-111.2862, 33.6566], [-111.2872, 33.652], [-111.2823, 33.6465], [-111.2798, 33.6459], [-111.2802, 33.6445], [-111.2761, 33.639], [-111.2736, 33.6384], [-111.2693, 33.6292], [-111.2628, 33.6232], [-111.2557, 33.6211], [-111.2502, 33.6245], [-111.2467, 33.6215], [-111.2384, 33.6184], [-111.2374, 33.6154], [-111.2309, 33.6126], [-111.2319, 33.6095], [-111.2272, 33.6069], [-111.2242, 33.6031], [-111.2208, 33.6021], [-111.2215, 33.6002], [-111.2196, 33.5994], [-111.2219, 33.5992], [-111.223, 33.5974], [-111.2211, 33.5961], [-111.2232, 33.594], [-111.2236, 33.5964], [-111.2284, 33.5942], [-111.2287, 33.5927], [-111.2325, 33.5929], [-111.2303, 33.5885], [-111.2359, 33.5856], [-111.2322, 33.5837], [-111.2376, 33.5825], [-111.2376, 33.5804], [-111.2508, 33.5817], [-111.2507, 33.5784], [-111.2516, 33.5795], [-111.2527, 33.577], [-111.2572, 33.5757], [-111.2562, 33.5729], [-111.2599, 33.5744], [-111.2614, 33.5727], [-111.2626, 33.5739], [-111.2657, 33.5727], [-111.2672, 33.5744], [-111.2687, 33.5732], [-111.2687, 33.5754], [-111.2705, 33.5765], [-111.2715, 33.5748], [-111.2729, 33.5764], [-111.2755, 33.575], [-111.2807, 33.5771], [-111.2804, 33.5787], [-111.2828, 33.5809], [-111.2885, 33.5828], [-111.2924, 33.5818], [-111.2942, 33.5835], [-111.2926, 33.5849], [-111.2948, 33.5875], [-111.2956, 33.5852], [-111.3021, 33.5844], [-111.3071, 33.5912], [-111.3091, 33.5891], [-111.3099, 33.5902], [-111.3109, 33.5889], [-111.3173, 33.5903], [-111.3188, 33.5883], [-111.32, 33.5905], [-111.3218, 33.5874], [-111.3275, 33.5865], [-111.3403, 33.5918], [-111.3473, 33.5893], [-111.3492, 33.586], [-111.357, 33.5842], [-111.3579, 33.5817], [-111.3539, 33.58], [-111.3532, 33.5778], [-111.3551, 33.5761], [-111.3594, 33.5765], [-111.3624, 33.5732], [-111.3667, 33.574], [-111.3687, 33.5782], [-111.372, 33.5746], [-111.3757, 33.5742], [-111.3784, 33.5776], [-111.3842, 33.5799], [-111.3857, 33.5775], [-111.3891, 33.5778], [-111.3956, 33.5673], [-111.3998, 33.5654], [-111.4002, 33.5616], [-111.3969, 33.5617], [-111.4004, 33.5608], [-111.4023, 33.5586], [-111.4014, 33.558], [-111.4057, 33.5572], [-111.4082, 33.5534], [-111.4116, 33.5519], [-111.4136, 33.5535], [-111.4138, 33.5583], [-111.4218, 33.5591], [-111.4226, 33.5568], [-111.4211, 33.5565], [-111.4238, 33.5541], [-111.4304, 33.5519], [-111.4321, 33.5443], [-111.4301, 33.5439], [-111.4291, 33.5412], [-111.4172, 33.5358], [-111.4153, 33.5365], [-111.4098, 33.5354], [-111.4153, 33.5357], [-111.4151, 33.5334], [-111.4226, 33.5361], [-111.4244, 33.5333], [-111.4274, 33.5373], [-111.4311, 33.5366], [-111.4345, 33.5386], [-111.4435, 33.5389], [-111.4442, 33.54], [-111.4418, 33.5409], [-111.4421, 33.5421], [-111.4436, 33.5427], [-111.4438, 33.5433], [-111.4416, 33.5435], [-111.4421, 33.545], [-111.4386, 33.5474], [-111.4386, 33.5492], [-111.4487, 33.5569], [-111.46, 33.5552], [-111.4616, 33.5567], [-111.461, 33.561], [-111.4643, 33.5641], [-111.4728, 33.5588], [-111.4783, 33.5574], [-111.4818, 33.5585], [-111.4828, 33.5611], [-111.4816, 33.5685], [-111.4841, 33.5719], [-111.4815, 33.5733], [-111.4948, 33.5808], [-111.4946, 33.5786], [-111.4962, 33.5808], [-111.496, 33.5787], [-111.4973, 33.5792], [-111.4969, 33.5759], [-111.4952, 33.575], [-111.4977, 33.5709], [-111.5, 33.5689], [-111.4991, 33.5716], [-111.503, 33.5686], [-111.4967, 33.5613], [-111.5034, 33.5575], [-111.5087, 33.5571], [-111.514, 33.5611], [-111.5124, 33.563], [-111.5168, 33.5656], [-111.5175, 33.5687], [-111.513, 33.5725], [-111.5332, 33.576], [-111.5371, 33.575], [-111.5383, 33.5724], [-111.542, 33.5751], [-111.5441, 33.572], [-111.5442, 33.5661], [-111.5396, 33.5611], [-111.54, 33.5584], [-111.5482, 33.5539], [-111.5573, 33.5515], [-111.5754, 33.5542], [-111.5751, 33.5569], [-111.5814, 33.558], [-111.5886, 33.555], [-111.5932, 33.5492], [-111.6033, 33.5489], [-111.6059, 33.5514], [-111.6065, 33.557], [-111.6097, 33.56], [-111.6135, 33.5607], [-111.6205, 33.5577], [-111.6225, 33.5548], [-111.6347, 33.5554], [-111.6461, 33.549], [-111.6514, 33.5502], [-111.662, 33.5475], [-111.6664, 33.5447], [-111.6689, 33.5451], [-111.672, 33.5411], [-111.6715, 33.5316], [-111.6728, 33.5274], [-111.6758, 33.5209], [-111.6804, 33.5168], [-111.6858, 33.5166], [-111.6878, 33.517], [-111.6878, 33.5191], [-111.6932, 33.5191], [-111.6932, 33.5174], [-111.6957, 33.5167], [-111.7215, 33.5508]]]}}, {"type": "Feature", "properties": {"zip": "86544", "total": 4, "q1": 1, "q2": 1, "q3": 1, "q4": 1, "pop": 230, "acsPriv": 0, "seats": 0}, "geometry": {"type": "Polygon", "coordinates": [[[-109.297, 36.6203], [-109.2957, 36.6239], [-109.2897, 36.6207], [-109.2831, 36.6202], [-109.2746, 36.6125], [-109.2707, 36.6171], [-109.2667, 36.6322], [-109.2701, 36.6316], [-109.2752, 36.6354], [-109.2737, 36.6414], [-109.2759, 36.6484], [-109.2679, 36.6557], [-109.2639, 36.656], [-109.2619, 36.6589], [-109.2555, 36.6577], [-109.2532, 36.6538], [-109.2523, 36.6552], [-109.2484, 36.6538], [-109.2432, 36.6588], [-109.2286, 36.6622], [-109.2312, 36.6622], [-109.2311, 36.665], [-109.2365, 36.6668], [-109.2363, 36.6686], [-109.2419, 36.6738], [-109.2435, 36.6737], [-109.2432, 36.6794], [-109.2453, 36.6792], [-109.2482, 36.6848], [-109.2486, 36.688], [-109.2463, 36.6923], [-109.2482, 36.6944], [-109.2464, 36.7012], [-109.2449, 36.7047], [-109.2413, 36.7075], [-109.2406, 36.7242], [-109.2364, 36.7292], [-109.2253, 36.7355], [-109.2165, 36.7461], [-109.2092, 36.75], [-109.2059, 36.7536], [-109.2042, 36.7589], [-109.1928, 36.7715], [-109.1847, 36.7733], [-109.1787, 36.7715], [-109.1802, 36.7689], [-109.1848, 36.7697], [-109.1921, 36.765], [-109.1873, 36.764], [-109.1786, 36.7672], [-109.1693, 36.7756], [-109.1501, 36.7753], [-109.1357, 36.7666], [-109.1286, 36.7596], [-109.1278, 36.7568], [-109.1239, 36.7546], [-109.124, 36.7512], [-109.1061, 36.7596], [-109.1055, 36.7618], [-109.104, 36.7609], [-109.0786, 36.7734], [-109.0775, 36.7717], [-109.0763, 36.7745], [-109.0715, 36.7768], [-109.0569, 36.7572], [-109.055, 36.7562], [-109.056, 36.7594], [-109.0527, 36.7609], [-109.0454, 36.759], [-109.0465, 36.2504], [-109.0479, 36.2521], [-109.0557, 36.2513], [-109.0606, 36.2532], [-109.0703, 36.262], [-109.0625, 36.2604], [-109.0556, 36.2615], [-109.0547, 36.2635], [-109.0588, 36.2669], [-109.0568, 36.269], [-109.0484, 36.2664], [-109.054, 36.2741], [-109.0611, 36.2752], [-109.0696, 36.2852], [-109.0756, 36.2849], [-109.0742, 36.2904], [-109.0772, 36.2935], [-109.0768, 36.2963], [-109.0734, 36.2981], [-109.0699, 36.2976], [-109.0726, 36.3026], [-109.0702, 36.3048], [-109.0707, 36.3075], [-109.0676, 36.3063], [-109.0639, 36.3077], [-109.0695, 36.3106], [-109.0708, 36.3176], [-109.074, 36.3197], [-109.0791, 36.3198], [-109.0801, 36.3156], [-109.0777, 36.3142], [-109.075, 36.3149], [-109.0767, 36.3128], [-109.0809, 36.3118], [-109.083, 36.3148], [-109.0855, 36.3149], [-109.0848, 36.3215], [-109.091, 36.3214], [-109.0918, 36.3235], [-109.111, 36.3197], [-109.1171, 36.3201], [-109.1223, 36.3225], [-109.1179, 36.3282], [-109.1181, 36.331], [-109.1146, 36.3344], [-109.113, 36.3402], [-109.114, 36.3421], [-109.1102, 36.345], [-109.1111, 36.3487], [-109.1092, 36.3551], [-109.1059, 36.3586], [-109.1042, 36.3663], [-109.1012, 36.3687], [-109.1006, 36.3713], [-109.1031, 36.3808], [-109.1082, 36.3844], [-109.1105, 36.3917], [-109.1022, 36.4142], [-109.1033, 36.418], [-109.1024, 36.4215], [-109.1075, 36.4284], [-109.1075, 36.4339], [-109.104, 36.4428], [-109.1057, 36.4513], [-109.1078, 36.4538], [-109.107, 36.4556], [-109.1096, 36.4549], [-109.1113, 36.4522], [-109.1127, 36.4527], [-109.1083, 36.4589], [-109.1047, 36.4594], [-109.1026, 36.4737], [-109.1208, 36.4784], [-109.1298, 36.472], [-109.1417, 36.4695], [-109.1483, 36.4662], [-109.1547, 36.468], [-109.1632, 36.4742], [-109.1683, 36.4739], [-109.1783, 36.4689], [-109.1856, 36.4687], [-109.1882, 36.4701], [-109.1969, 36.4675], [-109.1972, 36.4752], [-109.1955, 36.4811], [-109.1991, 36.4822], [-109.1955, 36.4832], [-109.1962, 36.4875], [-109.1919, 36.4927], [-109.1967, 36.494], [-109.2002, 36.4919], [-109.2051, 36.4973], [-109.2059, 36.5013], [-109.2028, 36.5031], [-109.2009, 36.5062], [-109.204, 36.5037], [-109.2069, 36.504], [-109.2244, 36.4964], [-109.2343, 36.4982], [-109.2369, 36.5027], [-109.2454, 36.5101], [-109.2413, 36.511], [-109.2389, 36.5145], [-109.2416, 36.5117], [-109.2461, 36.5116], [-109.2483, 36.5141], [-109.2483, 36.5126], [-109.2527, 36.5108], [-109.2552, 36.5137], [-109.254, 36.5157], [-109.2588, 36.5186], [-109.2572, 36.5238], [-109.2598, 36.5227], [-109.2609, 36.5237], [-109.2603, 36.5271], [-109.2634, 36.5277], [-109.2633, 36.5293], [-109.2573, 36.5309], [-109.2534, 36.5342], [-109.2572, 36.5371], [-109.2529, 36.5383], [-109.252, 36.5423], [-109.2586, 36.5396], [-109.2629, 36.5401], [-109.2639, 36.542], [-109.2663, 36.5415], [-109.2658, 36.5442], [-109.262, 36.5451], [-109.2686, 36.5465], [-109.2681, 36.5487], [-109.2698, 36.5513], [-109.2735, 36.5526], [-109.2729, 36.5549], [-109.2766, 36.5549], [-109.2796, 36.5491], [-109.2819, 36.5521], [-109.2863, 36.5538], [-109.2882, 36.5524], [-109.2899, 36.5542], [-109.2909, 36.5613], [-109.2872, 36.5676], [-109.2782, 36.5717], [-109.2772, 36.5801], [-109.2736, 36.5805], [-109.2761, 36.5843], [-109.2741, 36.5855], [-109.2767, 36.5868], [-109.2746, 36.5905], [-109.275, 36.5936], [-109.2709, 36.6009], [-109.2762, 36.6061], [-109.2954, 36.6158], [-109.297, 36.6203]]]}}, {"type": "Feature", "properties": {"zip": "85941", "total": 386, "q1": 97, "q2": 97, "q3": 97, "q4": 95, "pop": 2701, "acsPriv": 119, "seats": 93}, "geometry": {"type": "Polygon", "coordinates": [[[-110.353, 34.0], [-110.071, 34.0], [-110.0719, 34.0016], [-110.0697, 34.003], [-110.0682, 34.007], [-110.0708, 34.0236], [-110.0687, 34.0295], [-110.064, 34.0315], [-110.0513, 34.0447], [-110.0404, 34.0494], [-110.0347, 34.0497], [-110.0248, 34.0555], [-110.0206, 34.0608], [-110.0208, 34.0672], [-110.0224, 34.0695], [-110.021, 34.0748], [-110.0187, 34.0776], [-110.011, 34.0809], [-110.0101, 34.0843], [-110.0079, 34.0844], [-110.008, 34.0824], [-110.0069, 34.0831], [-110.0045, 34.0895], [-109.999, 34.0906], [-109.9913, 34.086], [-109.9834, 34.0876], [-109.9755, 34.0842], [-109.9596, 34.0845], [-109.9522, 34.0864], [-109.938, 34.0812], [-109.9373, 34.0772], [-109.9336, 34.0724], [-109.9283, 34.0525], [-109.9217, 34.0454], [-109.9214, 34.0376], [-109.9165, 34.0323], [-109.9105, 34.0289], [-109.9078, 34.0301], [-109.9064, 34.0334], [-109.9027, 34.0334], [-109.9019, 34.0364], [-109.9007, 34.035], [-109.896, 34.0352], [-109.8902, 34.028], [-109.8857, 34.0291], [-109.8834, 34.0273], [-109.8765, 34.0266], [-109.8692, 34.0304], [-109.8617, 34.0372], [-109.8622, 34.0401], [-109.8593, 34.0405], [-109.8593, 33.7777], [-109.8918, 33.7778], [-109.8916, 33.6662], [-109.9, 33.6758], [-109.9039, 33.683], [-109.9194, 33.6944], [-109.9258, 33.7015], [-109.954, 33.7195], [-109.9565, 33.7296], [-109.956, 33.7344], [-109.9599, 33.7386], [-109.9599, 33.7443], [-109.959, 33.7497], [-109.9498, 33.7615], [-109.9511, 33.7634], [-109.9566, 33.7643], [-109.9588, 33.7677], [-109.9563, 33.7714], [-109.9535, 33.7685], [-109.9519, 33.7691], [-109.9539, 33.7753], [-109.9524, 33.7783], [-109.9501, 33.7784], [-109.9554, 33.7807], [-109.9609, 33.7905], [-109.9632, 33.7899], [-109.9628, 33.7929], [-109.9572, 33.7905], [-109.9577, 33.794], [-109.9604, 33.7951], [-109.9714, 33.7943], [-109.9732, 33.7955], [-109.9751, 33.7933], [-109.9796, 33.7938], [-109.9785, 33.799], [-109.9824, 33.7972], [-109.9966, 33.7976], [-110.0007, 33.7912], [-110.0007, 33.7838], [-110.0147, 33.7757], [-110.0227, 33.7683], [-110.0287, 33.7674], [-110.0349, 33.7686], [-110.0381, 33.7645], [-110.0451, 33.763], [-110.0526, 33.7636], [-110.0597, 33.756], [-110.0641, 33.757], [-110.0717, 33.7545], [-110.0765, 33.7575], [-110.079, 33.7562], [-110.0826, 33.7575], [-110.0872, 33.7514], [-110.0919, 33.7518], [-110.0953, 33.748], [-110.0984, 33.749], [-110.1044, 33.7456], [-110.1105, 33.7381], [-110.1158, 33.7394], [-110.1193, 33.7354], [-110.1252, 33.7369], [-110.1292, 33.7353], [-110.1341, 33.7368], [-110.1353, 33.739], [-110.139, 33.7379], [-110.1428, 33.7391], [-110.1453, 33.7421], [-110.152, 33.7372], [-110.1595, 33.7389], [-110.1646, 33.7318], [-110.1684, 33.7309], [-110.1678, 33.727], [-110.2315, 33.727], [-110.2303, 33.7305], [-110.2249, 33.7288], [-110.2297, 33.7347], [-110.2257, 33.7388], [-110.2318, 33.7409], [-110.236, 33.7487], [-110.2424, 33.7516], [-110.2429, 33.7533], [-110.2398, 33.7527], [-110.2365, 33.7543], [-110.2386, 33.7565], [-110.2478, 33.7566], [-110.2487, 33.7554], [-110.2473, 33.7529], [-110.2508, 33.7496], [-110.2494, 33.747], [-110.2511, 33.7456], [-110.2564, 33.746], [-110.2601, 33.7499], [-110.2697, 33.7547], [-110.2736, 33.7613], [-110.2818, 33.768], [-110.2836, 33.7673], [-110.2834, 33.7639], [-110.2896, 33.7655], [-110.2923, 33.7724], [-110.2907, 33.7793], [-110.2993, 33.774], [-110.3061, 33.7755], [-110.3067, 33.7795], [-110.3149, 33.7843], [-110.3184, 33.782], [-110.3207, 33.7835], [-110.3268, 33.7837], [-110.3273, 33.7838], [-110.328, 33.7843], [-110.3306, 33.7873], [-110.3325, 33.791], [-110.3267, 33.784], [-110.3252, 33.7879], [-110.3175, 33.7944], [-110.3133, 33.793], [-110.3081, 33.7958], [-110.3091, 33.7955], [-110.308, 33.797], [-110.3131, 33.7985], [-110.3135, 33.8004], [-110.3037, 33.8024], [-110.3016, 33.8047], [-110.302, 33.8067], [-110.2979, 33.8076], [-110.3033, 33.8092], [-110.3048, 33.8133], [-110.3024, 33.8163], [-110.3036, 33.8184], [-110.3009, 33.8198], [-110.2951, 33.8193], [-110.2908, 33.8221], [-110.2904, 33.8234], [-110.2937, 33.8257], [-110.2882, 33.8308], [-110.2886, 33.8363], [-110.2909, 33.8404], [-110.2846, 33.8442], [-110.2907, 33.8449], [-110.2902, 33.8586], [-110.2877, 33.8595], [-110.2822, 33.8581], [-110.2851, 33.8627], [-110.2887, 33.8642], [-110.2858, 33.867], [-110.283, 33.8646], [-110.282, 33.8717], [-110.2886, 33.8759], [-110.2892, 33.8792], [-110.288, 33.8804], [-110.2832, 33.8781], [-110.2789, 33.8795], [-110.2791, 33.8818], [-110.2814, 33.8804], [-110.2836, 33.8811], [-110.2803, 33.8836], [-110.2816, 33.8876], [-110.2767, 33.8909], [-110.28, 33.8952], [-110.2849, 33.8981], [-110.2767, 33.8987], [-110.2768, 33.9031], [-110.2724, 33.9057], [-110.269, 33.9038], [-110.2713, 33.9116], [-110.2659, 33.9123], [-110.2614, 33.91], [-110.2599, 33.9134], [-110.2651, 33.9134], [-110.2688, 33.9159], [-110.2722, 33.9154], [-110.2711, 33.9206], [-110.2765, 33.9219], [-110.2732, 33.9297], [-110.2787, 33.932], [-110.2793, 33.9337], [-110.2681, 33.9352], [-110.2647, 33.9391], [-110.2675, 33.9462], [-110.2714, 33.9484], [-110.2684, 33.9493], [-110.2701, 33.9534], [-110.2659, 33.9545], [-110.2726, 33.9614], [-110.2724, 33.9644], [-110.2784, 33.9719], [-110.2792, 33.9795], [-110.2828, 33.9786], [-110.2808, 33.9848], [-110.2831, 33.9821], [-110.3049, 33.9824], [-110.3112, 33.985], [-110.3117, 33.9884], [-110.3102, 33.9903], [-110.32, 33.9897], [-110.3275, 33.9945], [-110.341, 33.9939], [-110.3498, 33.9972], [-110.353, 34.0]]]}}, {"type": "Feature", "properties": {"zip": "85530", "total": 107, "q1": 26, "q2": 27, "q3": 27, "q4": 27, "pop": 479, "acsPriv": 7, "seats": 7}, "geometry": {"type": "Polygon", "coordinates": [[[-110.4494, 32.9882], [-110.449, 33.1945], [-110.4464, 33.1898], [-110.4369, 33.1877], [-110.4356, 33.1892], [-110.4326, 33.1877], [-110.4297, 33.191], [-110.4206, 33.1936], [-110.4196, 33.1911], [-110.4159, 33.1925], [-110.4086, 33.192], [-110.4059, 33.1975], [-110.4026, 33.1962], [-110.4005, 33.1984], [-110.4031, 33.2015], [-110.3985, 33.2139], [-110.3989, 33.2204], [-110.3939, 33.2246], [-110.3908, 33.2248], [-110.3782, 33.2167], [-110.3701, 33.2189], [-110.3619, 33.2181], [-110.3509, 33.2131], [-110.3335, 33.2143], [-110.3157, 33.2041], [-110.3111, 33.2065], [-110.3109, 33.2115], [-110.3018, 33.2117], [-110.2937, 33.2072], [-110.2775, 33.2024], [-110.2732, 33.2031], [-110.2692, 33.2071], [-110.2612, 33.2109], [-110.2553, 33.2108], [-110.2392, 33.2055], [-110.2233, 33.1897], [-110.2198, 33.1917], [-110.2155, 33.1889], [-110.2098, 33.1918], [-110.1936, 33.1949], [-110.1842, 33.1944], [-110.1806, 33.1927], [-110.1781, 33.1995], [-110.1711, 33.2088], [-110.169, 33.2153], [-110.1617, 33.2277], [-110.1465, 33.2406], [-110.1432, 33.2411], [-110.1372, 33.2474], [-110.1321, 33.2492], [-110.13, 33.2543], [-110.1259, 33.2545], [-110.1239, 33.258], [-110.1176, 33.2597], [-110.1062, 33.2594], [-110.1024, 33.2618], [-110.0895, 33.2776], [-110.088, 33.283], [-110.0891, 33.2847], [-110.0859, 33.287], [-110.0872, 33.2906], [-110.0842, 33.2893], [-110.0801, 33.2941], [-110.0792, 33.2865], [-110.0803, 33.2802], [-110.0825, 33.2789], [-110.0824, 33.2751], [-110.0809, 33.2744], [-110.0819, 33.272], [-110.0784, 33.2675], [-110.0764, 33.2686], [-110.0746, 33.2674], [-110.0715, 33.2634], [-110.0721, 33.2609], [-110.0679, 33.2583], [-110.0668, 33.2546], [-110.0621, 33.252], [-110.0568, 33.2444], [-110.0563, 33.0413], [-110.0573, 33.0359], [-110.0548, 32.8751], [-110.093, 32.8956], [-110.1367, 32.9584], [-110.1909, 32.9717], [-110.2304, 32.9895], [-110.2815, 32.9888], [-110.3132, 32.9977], [-110.3717, 33.0066], [-110.3951, 33.0066], [-110.4076, 32.9953], [-110.4174, 32.9813], [-110.4361, 32.9813], [-110.4494, 32.9882]]]}}, {"type": "Feature", "properties": {"zip": "85296", "total": 3330, "q1": 801, "q2": 831, "q3": 860, "q4": 838, "pop": 11229, "acsPriv": 1153, "seats": 105}, "geometry": {"type": "MultiPolygon", "coordinates": [[[[-111.7212, 33.3214], [-111.7177, 33.3214], [-111.7177, 33.3193], [-111.7212, 33.3193], [-111.7212, 33.3214]]], [[[-111.7968, 33.3284], [-111.7952, 33.3317], [-111.7899, 33.3349], [-111.7898, 33.3389], [-111.792, 33.3395], [-111.7912, 33.3428], [-111.7897, 33.3428], [-111.7896, 33.35], [-111.7686, 33.3501], [-111.7686, 33.3447], [-111.7672, 33.3445], [-111.7644, 33.3447], [-111.7643, 33.3501], [-111.6874, 33.3506], [-111.6873, 33.3433], [-111.6958, 33.3433], [-111.6958, 33.3422], [-111.6956, 33.336], [-111.6872, 33.3361], [-111.6869, 33.3217], [-111.7169, 33.3214], [-111.7198, 33.3251], [-111.7212, 33.325], [-111.7212, 33.3214], [-111.7818, 33.321], [-111.7828, 33.3192], [-111.786, 33.3191], [-111.786, 33.321], [-111.7898, 33.3209], [-111.79, 33.3282], [-111.7968, 33.3284]]]]}}, {"type": "Feature", "properties": {"zip": "85532", "total": 7, "q1": 1, "q2": 2, "q3": 2, "q4": 2, "pop": 36, "acsPriv": 0, "seats": 0}, "geometry": {"type": "Polygon", "coordinates": [[[-110.8524, 33.4087], [-110.8408, 33.4122], [-110.8408, 33.4094], [-110.8386, 33.4093], [-110.8386, 33.4049], [-110.8476, 33.4093], [-110.847, 33.4021], [-110.8492, 33.4015], [-110.8496, 33.4065], [-110.8514, 33.4065], [-110.8524, 33.4087]]]}}, {"type": "Feature", "properties": {"zip": "85378", "total": 232, "q1": 52, "q2": 58, "q3": 62, "q4": 60, "pop": 1619, "acsPriv": 220, "seats": 0}, "geometry": {"type": "Polygon", "coordinates": [[[-112.3568, 33.6448], [-112.3555, 33.6459], [-112.342, 33.6434], [-112.3394, 33.6387], [-112.3247, 33.6387], [-112.3248, 33.65], [-112.3163, 33.6503], [-112.3161, 33.6613], [-112.3121, 33.6677], [-112.3078, 33.6677], [-112.3078, 33.6523], [-112.2985, 33.6525], [-112.2985, 33.6452], [-112.301, 33.6452], [-112.3026, 33.6307], [-112.3248, 33.6308], [-112.3248, 33.6235], [-112.3304, 33.6236], [-112.3568, 33.6448]]]}}, {"type": "Feature", "properties": {"zip": "85051", "total": 940, "q1": 212, "q2": 244, "q3": 244, "q4": 240, "pop": 6980, "acsPriv": 754, "seats": 331}, "geometry": {"type": "Polygon", "coordinates": [[[-112.1514, 33.5362], [-112.1517, 33.5819], [-112.1298, 33.582], [-112.1298, 33.5806], [-112.1255, 33.5806], [-112.1242, 33.5788], [-112.1201, 33.5819], [-112.1168, 33.582], [-112.1171, 33.5668], [-112.1124, 33.5557], [-112.1122, 33.5386], [-112.1147, 33.5368], [-112.1169, 33.5386], [-112.1472, 33.5385], [-112.1471, 33.5362], [-112.1514, 33.5362]]]}}, {"type": "Feature", "properties": {"zip": "85029", "total": 1153, "q1": 265, "q2": 291, "q3": 301, "q4": 296, "pop": 7502, "acsPriv": 542, "seats": 259}, "geometry": {"type": "Polygon", "coordinates": [[[-112.1515, 33.5819], [-112.1512, 33.6107], [-112.133, 33.6108], [-112.1334, 33.6089], [-112.1295, 33.6073], [-112.1295, 33.6108], [-112.1226, 33.6108], [-112.1226, 33.6074], [-112.1209, 33.6074], [-112.1196, 33.6108], [-112.0969, 33.6111], [-112.0895, 33.6077], [-112.0745, 33.6076], [-112.0743, 33.6035], [-112.0709, 33.6005], [-112.0685, 33.6053], [-112.0651, 33.6053], [-112.0664, 33.5926], [-112.0634, 33.5864], [-112.0645, 33.5832], [-112.0821, 33.5821], [-112.0825, 33.5804], [-112.0869, 33.5822], [-112.1039, 33.582], [-112.1039, 33.5798], [-112.1081, 33.5801], [-112.1081, 33.582], [-112.1201, 33.5819], [-112.1242, 33.5788], [-112.1255, 33.5806], [-112.1298, 33.5806], [-112.1298, 33.582], [-112.1515, 33.5819]]]}}, {"type": "Feature", "properties": {"zip": "85008", "total": 838, "q1": 187, "q2": 211, "q3": 226, "q4": 214, "pop": 10465, "acsPriv": 388, "seats": 470}, "geometry": {"type": "Polygon", "coordinates": [[[-112.0315, 33.4748], [-112.0302, 33.4794], [-112.0269, 33.4803], [-112.0237, 33.4804], [-112.0237, 33.4786], [-112.0216, 33.4786], [-112.0216, 33.4804], [-112.0151, 33.4805], [-112.0151, 33.4786], [-112.0129, 33.4787], [-112.0129, 33.4805], [-111.9955, 33.4804], [-111.9955, 33.4791], [-111.9914, 33.479], [-111.9913, 33.4804], [-111.987, 33.4803], [-111.987, 33.4783], [-111.9846, 33.4783], [-111.9849, 33.4802], [-111.9812, 33.479], [-111.978, 33.4801], [-111.978, 33.4783], [-111.9754, 33.4783], [-111.9754, 33.48], [-111.9746, 33.4783], [-111.9718, 33.4782], [-111.9712, 33.4801], [-111.9685, 33.4785], [-111.9632, 33.4789], [-111.961, 33.4782], [-111.961, 33.4727], [-111.9435, 33.4729], [-111.9436, 33.4656], [-111.9391, 33.4653], [-111.9433, 33.4549], [-111.9401, 33.4499], [-111.9415, 33.4474], [-111.9509, 33.4473], [-111.952, 33.4485], [-111.9542, 33.4445], [-111.9562, 33.4488], [-111.9611, 33.4489], [-111.9612, 33.4453], [-111.969, 33.4463], [-111.9691, 33.4509], [-111.9855, 33.4512], [-111.9871, 33.4483], [-111.9904, 33.4483], [-111.9951, 33.4513], [-111.9954, 33.4482], [-112.0111, 33.4482], [-112.0111, 33.4513], [-112.0129, 33.4513], [-112.0129, 33.4482], [-112.0172, 33.4483], [-112.0172, 33.4513], [-112.0215, 33.4513], [-112.0216, 33.4493], [-112.0278, 33.4493], [-112.0278, 33.4513], [-112.0302, 33.4514], [-112.0315, 33.4748]]]}}, {"type": "Feature", "properties": {"zip": "86506", "total": 9, "q1": 3, "q2": 2, "q3": 2, "q4": 2, "pop": 218, "acsPriv": 9, "seats": 0}, "geometry": {"type": "Polygon", "coordinates": [[[-109.478, 35.3814], [-109.4617, 35.3904], [-109.4522, 35.3889], [-109.4432, 35.383], [-109.4422, 35.3805], [-109.4337, 35.379], [-109.4302, 35.3875], [-109.4247, 35.392], [-109.4275, 35.3961], [-109.4191, 35.397], [-109.4181, 35.3868], [-109.4098, 35.3792], [-109.4026, 35.3774], [-109.3936, 35.3779], [-109.3865, 35.3994], [-109.3838, 35.4135], [-109.3808, 35.4181], [-109.3989, 35.4291], [-109.413, 35.4346], [-109.4283, 35.4305], [-109.4276, 35.4327], [-109.4206, 35.4349], [-109.412, 35.4434], [-109.4008, 35.45], [-109.4127, 35.4472], [-109.4159, 35.449], [-109.4195, 35.4468], [-109.4258, 35.4497], [-109.4296, 35.4487], [-109.4322, 35.4544], [-109.4346, 35.4538], [-109.4337, 35.4561], [-109.4233, 35.4617], [-109.4167, 35.4688], [-109.4118, 35.4685], [-109.408, 35.4708], [-109.4065, 35.4694], [-109.4041, 35.4711], [-109.3972, 35.4702], [-109.3896, 35.4727], [-109.3873, 35.4718], [-109.364, 35.481], [-109.3553, 35.482], [-109.3507, 35.4866], [-109.3506, 35.4918], [-109.3431, 35.5015], [-109.3391, 35.5041], [-109.3365, 35.51], [-109.3313, 35.5151], [-109.3136, 35.5235], [-109.2998, 35.4966], [-109.2944, 35.4818], [-109.2845, 35.469], [-109.2824, 35.4724], [-109.2786, 35.4717], [-109.2781, 35.4789], [-109.2733, 35.4849], [-109.2689, 35.4867], [-109.2647, 35.4933], [-109.2524, 35.4887], [-109.2533, 35.4962], [-109.2521, 35.5026], [-109.2492, 35.5032], [-109.2417, 35.4998], [-109.2356, 35.4933], [-109.2287, 35.4834], [-109.229, 35.4794], [-109.2269, 35.4783], [-109.2143, 35.477], [-109.2149, 35.479], [-109.1977, 35.4757], [-109.172, 35.4668], [-109.1675, 35.4617], [-109.1572, 35.4617], [-109.1527, 35.465], [-109.148, 35.4602], [-109.1453, 35.4609], [-109.1383, 35.4565], [-109.1258, 35.455], [-109.116, 35.4339], [-109.1253, 35.4216], [-109.1434, 35.4086], [-109.1764, 35.3933], [-109.1705, 35.374], [-109.1618, 35.3764], [-109.1585, 35.3757], [-109.1426, 35.3835], [-109.1371, 35.3789], [-109.1401, 35.3697], [-109.1374, 35.3658], [-109.1394, 35.3616], [-109.1364, 35.353], [-109.1302, 35.3582], [-109.1294, 35.3568], [-109.1332, 35.3495], [-109.1314, 35.3461], [-109.1331, 35.3345], [-109.1303, 35.3298], [-109.1288, 35.3228], [-109.1213, 35.3138], [-109.1012, 35.3228], [-109.0999, 35.3197], [-109.1017, 35.3138], [-109.1073, 35.3112], [-109.106, 35.3101], [-109.1059, 35.3036], [-109.0959, 35.3093], [-109.0718, 35.3292], [-109.0726, 35.3267], [-109.0711, 35.3231], [-109.061, 35.3195], [-109.056, 35.3154], [-109.0573, 35.3139], [-109.0714, 35.3125], [-109.0888, 35.2958], [-109.0973, 35.2906], [-109.0922, 35.2894], [-109.0896, 35.2857], [-109.0913, 35.2862], [-109.0913, 35.2836], [-109.0963, 35.281], [-109.0939, 35.274], [-109.0996, 35.273], [-109.0999, 35.2692], [-109.0974, 35.2674], [-109.1054, 35.2636], [-109.1124, 35.2538], [-109.1204, 35.2508], [-109.1192, 35.2496], [-109.1231, 35.2423], [-109.1189, 35.2356], [-109.123, 35.2296], [-109.1214, 35.2289], [-109.1189, 35.2141], [-109.1195, 35.2062], [-109.1175, 35.197], [-109.119, 35.1907], [-109.1154, 35.1811], [-109.1273, 35.176], [-109.1322, 35.1767], [-109.1349, 35.1795], [-109.1416, 35.1793], [-109.1536, 35.1735], [-109.1622, 35.1717], [-109.157, 35.1853], [-109.1599, 35.1935], [-109.1575, 35.1996], [-109.1588, 35.2022], [-109.1581, 35.2071], [-109.1646, 35.2116], [-109.1732, 35.2111], [-109.1808, 35.2155], [-109.1966, 35.2008], [-109.1986, 35.195], [-109.1972, 35.1927], [-109.1991, 35.1906], [-109.2081, 35.193], [-109.2123, 35.196], [-109.2256, 35.1982], [-109.2589, 35.1977], [-109.2812, 35.2086], [-109.2998, 35.2135], [-109.274, 35.238], [-109.2694, 35.244], [-109.27, 35.2475], [-109.2676, 35.2517], [-109.2703, 35.2532], [-109.277, 35.2521], [-109.2817, 35.2429], [-109.2859, 35.2449], [-109.2729, 35.2572], [-109.2759, 35.2589], [-109.2912, 35.2465], [-109.2969, 35.2487], [-109.297, 35.2505], [-109.302, 35.2551], [-109.3016, 35.257], [-109.3074, 35.2625], [-109.3067, 35.2651], [-109.3088, 35.2696], [-109.3077, 35.2743], [-109.3091, 35.2743], [-109.3136, 35.2807], [-109.3103, 35.2859], [-109.3157, 35.2898], [-109.3191, 35.2965], [-109.3194, 35.3046], [-109.3179, 35.3084], [-109.3253, 35.3041], [-109.3335, 35.2908], [-109.3441, 35.2862], [-109.3523, 35.2904], [-109.3645, 35.2929], [-109.3749, 35.2851], [-109.38, 35.2859], [-109.3836, 35.2836], [-109.3874, 35.2837], [-109.4023, 35.2983], [-109.3946, 35.2992], [-109.4069, 35.3052], [-109.4207, 35.3221], [-109.4236, 35.3218], [-109.4216, 35.3257], [-109.4263, 35.3288], [-109.4202, 35.3351], [-109.4242, 35.3407], [-109.4244, 35.3443], [-109.4287, 35.3522], [-109.4319, 35.3502], [-109.4373, 35.3525], [-109.4471, 35.3492], [-109.4548, 35.3488], [-109.4635, 35.3586], [-109.471, 35.3644], [-109.4726, 35.3744], [-109.4704, 35.3803], [-109.476, 35.38], [-109.478, 35.3814]]]}}, {"type": "Feature", "properties": {"zip": "86045", "total": 48, "q1": 9, "q2": 11, "q3": 14, "q4": 14, "pop": 2184, "acsPriv": 22, "seats": 0}, "geometry": {"type": "Polygon", "coordinates": [[[-111.4512, 36.2234], [-111.4467, 36.2255], [-111.445, 36.2293], [-111.4393, 36.2303], [-111.4381, 36.2329], [-111.4341, 36.234], [-111.4302, 36.2481], [-111.4317, 36.2504], [-111.4269, 36.2525], [-111.4264, 36.2546], [-111.4229, 36.2571], [-111.448, 36.2889], [-111.4476, 36.2951], [-111.445, 36.3007], [-111.4393, 36.3019], [-111.4376, 36.3055], [-111.4353, 36.3056], [-111.4341, 36.3095], [-111.424, 36.3164], [-111.4055, 36.342], [-111.3585, 36.3719], [-111.3421, 36.3882], [-111.3344, 36.3914], [-111.3144, 36.4074], [-111.3125, 36.3982], [-111.3045, 36.3987], [-111.2963, 36.402], [-111.2895, 36.3997], [-111.2767, 36.405], [-111.2705, 36.3997], [-111.2681, 36.3939], [-111.2647, 36.3909], [-111.2688, 36.3878], [-111.2744, 36.3797], [-111.2724, 36.375], [-111.2738, 36.3749], [-111.2724, 36.3719], [-111.2734, 36.3675], [-111.2689, 36.3609], [-111.2686, 36.3452], [-111.2641, 36.3463], [-111.2587, 36.336], [-111.2512, 36.3502], [-111.2544, 36.3533], [-111.2537, 36.3595], [-111.2501, 36.3584], [-111.2446, 36.3533], [-111.243, 36.3481], [-111.2337, 36.3416], [-111.2257, 36.333], [-111.2233, 36.3323], [-111.2231, 36.3294], [-111.2309, 36.3252], [-111.2092, 36.3269], [-111.1916, 36.3261], [-111.1769, 36.3225], [-111.172, 36.3253], [-111.1595, 36.3219], [-111.1448, 36.3226], [-111.1394, 36.3302], [-111.1314, 36.3315], [-111.1307, 36.3566], [-111.1196, 36.3657], [-111.0994, 36.3306], [-111.0879, 36.3386], [-111.0719, 36.3417], [-111.0706, 36.3443], [-111.0675, 36.3455], [-111.0632, 36.3432], [-111.0467, 36.3454], [-111.0418, 36.3438], [-111.0352, 36.337], [-111.037, 36.331], [-111.0274, 36.318], [-111.028, 36.3137], [-111.0245, 36.304], [-111.0312, 36.3048], [-111.0428, 36.2903], [-111.0381, 36.2884], [-111.0315, 36.2801], [-111.0228, 36.2789], [-111.0245, 36.2634], [-111.0007, 36.2522], [-111.0007, 36.1415], [-110.9786, 36.142], [-110.9521, 36.1324], [-110.906, 36.1191], [-110.8816, 36.1297], [-110.8756, 36.1286], [-110.8772, 36.1331], [-110.8926, 36.1487], [-110.888, 36.157], [-110.8799, 36.1549], [-110.8767, 36.1576], [-110.8746, 36.1556], [-110.8713, 36.1564], [-110.8736, 36.1575], [-110.8723, 36.1579], [-110.8683, 36.1549], [-110.8631, 36.1578], [-110.8604, 36.1574], [-110.8608, 36.1556], [-110.859, 36.1557], [-110.859, 36.1573], [-110.8515, 36.1584], [-110.8483, 36.1557], [-110.8474, 36.1572], [-110.8436, 36.1574], [-110.8424, 36.1553], [-110.8355, 36.1593], [-110.8333, 36.1584], [-110.8335, 36.1556], [-110.8285, 36.1565], [-110.82, 36.1524], [-110.7991, 36.1525], [-110.7972, 36.1532], [-110.7962, 36.1563], [-110.7893, 36.1608], [-110.7821, 36.1581], [-110.7735, 36.1581], [-110.7685, 36.1556], [-110.7572, 36.1605], [-110.7551, 36.1649], [-110.7507, 36.1659], [-110.7507, 36.0127], [-110.7608, 36.0095], [-110.7645, 36.0099], [-110.7726, 36.0131], [-110.775, 36.0152], [-110.7745, 36.0172], [-110.7769, 36.016], [-110.7843, 36.0206], [-110.7992, 36.0162], [-110.8018, 36.0179], [-110.806, 36.0265], [-110.8122, 36.0283], [-110.8212, 36.0165], [-110.8233, 36.004], [-110.8245, 36.0055], [-110.8245, 35.9958], [-110.83, 35.9944], [-110.8314, 35.9914], [-110.8377, 35.9933], [-110.8385, 35.9916], [-110.8464, 35.9916], [-110.84, 35.9851], [-110.849, 35.9708], [-111.1388, 35.9011], [-111.1464, 35.9073], [-111.1509, 35.9057], [-111.1554, 35.9086], [-111.1569, 35.907], [-111.1658, 35.9102], [-111.1503, 35.916], [-111.1486, 35.9256], [-111.1411, 35.9268], [-111.1337, 35.9247], [-111.1124, 35.9365], [-111.1092, 35.9425], [-111.1104, 35.9485], [-111.107, 35.9534], [-111.1123, 35.9561], [-111.1133, 35.9607], [-111.1127, 35.9686], [-111.1091, 35.972], [-111.1164, 35.975], [-111.1297, 35.9729], [-111.139, 35.9695], [-111.139, 36.0233], [-111.1516, 36.0269], [-111.1407, 36.0308], [-111.1301, 36.0503], [-111.1272, 36.0542], [-111.1214, 36.0567], [-111.1262, 36.0569], [-111.1283, 36.0546], [-111.1407, 36.0632], [-111.1526, 36.0651], [-111.1563, 36.0651], [-111.1692, 36.0594], [-111.1727, 36.0607], [-111.1821, 36.0598], [-111.1832, 36.0652], [-111.2297, 36.0111], [-111.2454, 36.0016], [-111.2509, 36.0007], [-111.2476, 36.0046], [-111.245, 36.0049], [-111.2497, 36.0052], [-111.251, 36.0029], [-111.2525, 36.0046], [-111.2499, 36.0065], [-111.2498, 36.0091], [-111.2563, 36.0111], [-111.2614, 36.0079], [-111.2645, 36.0083], [-111.2626, 36.0123], [-111.2609, 36.0126], [-111.2645, 36.0159], [-111.2636, 36.019], [-111.2614, 36.0203], [-111.2597, 36.0184], [-111.2551, 36.0208], [-111.256, 36.0238], [-111.2584, 36.0238], [-111.2591, 36.0253], [-111.258, 36.0269], [-111.259, 36.0278], [-111.2556, 36.0307], [-111.2572, 36.0334], [-111.2589, 36.031], [-111.2613, 36.0313], [-111.2615, 36.0284], [-111.2653, 36.0263], [-111.2688, 36.0266], [-111.2684, 36.0312], [-111.2713, 36.0333], [-111.2731, 36.0327], [-111.2738, 36.037], [-111.2782, 36.0372], [-111.2756, 36.041], [-111.2773, 36.0462], [-111.2792, 36.0473], [-111.2787, 36.0501], [-111.2802, 36.0508], [-111.2817, 36.0495], [-111.2827, 36.0535], [-111.2839, 36.0529], [-111.2853, 36.0546], [-111.29, 36.0534], [-111.2923, 36.0507], [-111.2951, 36.0515], [-111.2926, 36.0589], [-111.2894, 36.0632], [-111.2946, 36.0765], [-111.2882, 36.0817], [-111.2869, 36.0848], [-111.2882, 36.0865], [-111.2828, 36.0901], [-111.279, 36.0898], [-111.2786, 36.0931], [-111.2921, 36.0934], [-111.2956, 36.0921], [-111.291, 36.097], [-111.2925, 36.1023], [-111.3147, 36.1006], [-111.3282, 36.0857], [-111.3364, 36.0795], [-111.3406, 36.0776], [-111.3442, 36.0782], [-111.3428, 36.0754], [-111.3494, 36.0741], [-111.3489, 36.0719], [-111.3606, 36.0695], [-111.359, 36.0685], [-111.3593, 36.066], [-111.3633, 36.0654], [-111.3644, 36.0618], [-111.3683, 36.0615], [-111.367, 36.0599], [-111.369, 36.0575], [-111.3681, 36.0549], [-111.3716, 36.0534], [-111.3723, 36.0491], [-111.3766, 36.048], [-111.3747, 36.047], [-111.379, 36.0395], [-111.3821, 36.0389], [-111.3799, 36.0367], [-111.3818, 36.0365], [-111.3807, 36.0318], [-111.3839, 36.0326], [-111.3849, 36.0305], [-111.3867, 36.0326], [-111.392, 36.0274], [-111.3938, 36.0298], [-111.397, 36.0233], [-111.398, 36.035], [-111.3929, 36.0691], [-111.4081, 36.0719], [-111.4218, 36.0713], [-111.4313, 36.0732], [-111.4465, 36.1903], [-111.4496, 36.1937], [-111.4458, 36.1958], [-111.446, 36.2025], [-111.4496, 36.2085], [-111.4512, 36.2234]]]}}, {"type": "Feature", "properties": {"zip": "86401", "total": 1173, "q1": 271, "q2": 291, "q3": 305, "q4": 306, "pop": 4712, "acsPriv": 717, "seats": 268}, "geometry": {"type": "Polygon", "coordinates": [[[-114.1471, 34.9452], [-114.1154, 35.113], [-114.1095, 35.1259], [-114.0929, 35.1498], [-114.0855, 35.1565], [-114.0759, 35.1618], [-114.0741, 35.1646], [-114.0755, 35.1733], [-114.0739, 35.1784], [-114.08, 35.1785], [-114.08, 35.1854], [-114.0948, 35.1854], [-114.0947, 35.2144], [-114.0764, 35.2142], [-114.0763, 35.1999], [-114.0661, 35.1999], [-114.0624, 35.2035], [-114.0598, 35.1999], [-114.0582, 35.1999], [-114.0582, 35.2048], [-114.06, 35.2076], [-114.0524, 35.2128], [-114.0354, 35.2174], [-114.015, 35.2177], [-114.0038, 35.2246], [-113.9925, 35.2364], [-113.9937, 35.2374], [-113.992, 35.2394], [-113.9898, 35.2387], [-113.9656, 35.2645], [-113.9722, 35.2687], [-113.9661, 35.2751], [-113.9938, 35.2757], [-113.9938, 35.2831], [-114.0067, 35.283], [-114.0113, 35.2864], [-114.0115, 35.2976], [-113.9762, 35.3263], [-113.9586, 35.3264], [-113.958, 35.3288], [-113.945, 35.3294], [-113.9408, 35.3335], [-113.9269, 35.3644], [-113.9162, 35.3755], [-113.9119, 35.3768], [-113.9062, 35.3867], [-113.9059, 35.4458], [-113.9086, 35.4471], [-113.9229, 35.4474], [-113.9229, 35.4574], [-113.9319, 35.4572], [-113.932, 35.4481], [-113.9761, 35.4558], [-113.9761, 35.4718], [-114.0029, 35.4645], [-114.0068, 35.4655], [-114.0149, 35.4723], [-114.0161, 35.4716], [-114.0161, 35.4932], [-113.9229, 35.4934], [-113.9229, 35.5025], [-113.8881, 35.5025], [-113.8725, 35.4959], [-113.8659, 35.4958], [-113.8674, 35.4972], [-113.8674, 35.5025], [-113.848, 35.5026], [-113.8479, 35.5093], [-113.8589, 35.5252], [-113.8489, 35.5297], [-113.8422, 35.5314], [-113.8305, 35.5314], [-113.8302, 35.5327], [-113.8275, 35.5315], [-113.8213, 35.5132], [-113.7851, 35.478], [-113.7814, 35.4769], [-113.7815, 35.4719], [-113.7725, 35.4571], [-113.7779, 35.4572], [-113.7771, 35.4427], [-113.786, 35.4426], [-113.7793, 35.4281], [-113.7906, 35.4282], [-113.7921, 35.416], [-113.8011, 35.4186], [-113.8109, 35.4183], [-113.8169, 35.4165], [-113.8176, 35.411], [-113.8172, 35.245], [-113.8169, 35.2393], [-113.8087, 35.2337], [-113.8104, 35.232], [-113.7956, 35.2361], [-113.765, 35.2393], [-113.7575, 35.2439], [-113.7024, 35.2555], [-113.6813, 35.257], [-113.6783, 35.2558], [-113.6514, 35.2584], [-113.6403, 35.226], [-113.5672, 35.2515], [-113.5672, 35.2503], [-113.5497, 35.2503], [-113.5489, 35.2549], [-113.5507, 35.2549], [-113.5507, 35.2571], [-113.5451, 35.2683], [-113.5332, 35.2697], [-113.5159, 35.2755], [-113.4882, 35.2712], [-113.4911, 35.2826], [-113.483, 35.2855], [-113.482, 35.2972], [-113.4776, 35.2998], [-113.4733, 35.3], [-113.4603, 35.3069], [-113.4554, 35.3173], [-113.4542, 35.3243], [-113.4522, 35.3256], [-113.4494, 35.324], [-113.4381, 35.3242], [-113.4332, 35.3108], [-113.4311, 35.3093], [-113.4288, 35.3108], [-113.4205, 35.3048], [-113.4138, 35.3036], [-113.4119, 35.3056], [-113.4009, 35.308], [-113.3895, 35.3045], [-113.3832, 35.3057], [-113.3756, 35.3044], [-113.367, 35.3107], [-113.3681, 35.3123], [-113.3671, 35.3195], [-113.3651, 35.3272], [-113.3629, 35.3292], [-113.3591, 35.3287], [-113.3511, 35.3188], [-113.3359, 35.3258], [-113.3329, 35.3256], [-113.333, 34.8541], [-113.3391, 34.8518], [-113.3436, 34.8469], [-113.3547, 34.8413], [-113.356, 34.8414], [-113.3557, 34.8431], [-113.358, 34.8425], [-113.3637, 34.838], [-113.399, 34.8454], [-113.4063, 34.8518], [-113.4115, 34.8526], [-113.4126, 34.8547], [-113.4106, 34.8583], [-113.4225, 34.864], [-113.4284, 34.8743], [-113.4421, 34.8821], [-113.4566, 34.8795], [-113.4789, 34.8823], [-113.4876, 34.8926], [-113.4883, 34.8975], [-113.4985, 34.9113], [-113.5096, 34.9176], [-113.5171, 34.9176], [-113.5218, 34.9148], [-113.5396, 34.9121], [-113.5632, 34.9149], [-113.5658, 34.9137], [-113.5674, 34.9103], [-113.5729, 34.9111], [-113.5805, 34.9093], [-113.5857, 34.9057], [-113.6019, 34.9017], [-113.6082, 34.8976], [-113.6169, 34.8989], [-113.6164, 34.8911], [-113.6132, 34.8882], [-113.603, 34.8851], [-113.6, 34.8801], [-113.6008, 34.8766], [-113.606, 34.8721], [-113.624, 34.8622], [-113.6275, 34.8586], [-113.6215, 34.848], [-113.621, 34.8414], [-113.6183, 34.8376], [-113.6186, 34.8335], [-113.6113, 34.8211], [-113.6127, 34.81], [-113.6103, 34.7985], [-113.6246, 34.7987], [-113.6259, 34.8056], [-113.6283, 34.8061], [-113.655, 34.8053], [-113.6861, 34.8091], [-113.6879, 34.808], [-113.6894, 34.8117], [-113.6981, 34.8125], [-113.7308, 34.8232], [-113.7382, 34.8211], [-113.7435, 34.8244], [-113.7522, 34.8235], [-113.7525, 34.8219], [-113.7566, 34.8205], [-113.7623, 34.8204], [-113.7612, 34.8183], [-113.7623, 34.8174], [-113.7665, 34.8196], [-113.7701, 34.8188], [-113.775, 34.8228], [-113.7841, 34.8225], [-113.7879, 34.8263], [-113.7906, 34.8255], [-113.7925, 34.8269], [-113.7946, 34.8317], [-113.7958, 34.8379], [-113.7946, 34.8414], [-113.7971, 34.8466], [-113.7943, 34.8468], [-113.7942, 34.8475], [-113.7986, 34.8485], [-113.8023, 34.8473], [-113.8047, 34.848], [-113.8049, 34.8496], [-113.8087, 34.8496], [-113.8076, 34.8522], [-113.8103, 34.8523], [-113.8129, 34.855], [-113.8132, 34.9786], [-113.9102, 34.9787], [-113.9099, 34.9862], [-113.9063, 34.9899], [-113.9173, 34.9971], [-113.9235, 34.9971], [-113.9263, 35.0044], [-113.9282, 35.0057], [-113.9276, 35.0071], [-113.935, 35.0087], [-113.9356, 35.0116], [-113.9431, 35.0165], [-113.9432, 35.0183], [-113.9492, 35.0166], [-113.9499, 35.0131], [-113.9559, 35.0057], [-113.9587, 35.0051], [-113.9623, 35.0071], [-113.9656, 35.0051], [-113.9681, 35.0004], [-113.9817, 34.9915], [-113.9806, 34.9884], [-113.9887, 34.9855], [-113.9916, 34.9786], [-114.0213, 34.9784], [-114.0213, 34.9754], [-114.0237, 34.9733], [-114.0473, 34.9604], [-114.0525, 34.9548], [-114.0557, 34.9544], [-114.0665, 34.9595], [-114.0752, 34.9572], [-114.09, 34.9564], [-114.1143, 34.9645], [-114.1242, 34.9609], [-114.1397, 34.9455], [-114.1429, 34.9465], [-114.1471, 34.9452]]]}}, {"type": "Feature", "properties": {"zip": "85138", "total": 2994, "q1": 662, "q2": 735, "q3": 783, "q4": 814, "pop": 11235, "acsPriv": 1137, "seats": 0}, "geometry": {"type": "Polygon", "coordinates": [[[-112.0494, 32.8865], [-112.0477, 32.9639], [-112.0479, 33.0474], [-112.049, 33.0507], [-112.0378, 33.05], [-112.0483, 33.0565], [-112.048, 33.0641], [-112.0364, 33.0871], [-111.9961, 33.0877], [-111.9956, 33.1176], [-111.9701, 33.1174], [-111.9698, 33.1103], [-111.9571, 33.1033], [-111.9442, 33.1034], [-111.9442, 33.1178], [-111.9183, 33.1177], [-111.9183, 33.0877], [-111.9101, 33.0877], [-111.9235, 33.0797], [-111.9356, 33.0657], [-111.9155, 33.0656], [-111.885, 33.048], [-111.8927, 33.042], [-111.8928, 33.0294], [-111.8994, 33.0293], [-111.903, 33.0126], [-111.9111, 33.0137], [-111.9134, 33.0137], [-111.9121, 33.0134], [-111.9122, 32.9734], [-111.9546, 32.9992], [-111.9966, 32.9993], [-111.9977, 32.8793], [-112.032, 32.8793], [-112.0329, 32.8638], [-112.0446, 32.8715], [-112.0471, 32.8758], [-112.0493, 32.8751], [-112.0479, 32.8827], [-112.048, 32.8865], [-112.0494, 32.8865]]]}}, {"type": "Feature", "properties": {"zip": "86409", "total": 1261, "q1": 276, "q2": 310, "q3": 335, "q4": 340, "pop": 4077, "acsPriv": 906, "seats": 0}, "geometry": {"type": "Polygon", "coordinates": [[[-114.2057, 35.3228], [-114.1812, 35.3466], [-114.1898, 35.3604], [-114.1854, 35.3604], [-114.1924, 35.3657], [-114.186, 35.3837], [-114.1922, 35.3875], [-114.1909, 35.3943], [-114.1931, 35.3962], [-114.1906, 35.3985], [-114.1858, 35.4098], [-114.1804, 35.4106], [-114.1763, 35.4079], [-114.1683, 35.4075], [-114.1636, 35.4042], [-114.1672, 35.4038], [-114.1654, 35.4011], [-114.1618, 35.3992], [-114.1559, 35.4006], [-114.1544, 35.4043], [-114.1513, 35.4066], [-114.1538, 35.4094], [-114.158, 35.4101], [-114.1574, 35.412], [-114.1548, 35.4109], [-114.1503, 35.414], [-114.1519, 35.4139], [-114.1503, 35.4156], [-114.154, 35.4203], [-114.1521, 35.4226], [-114.1527, 35.4244], [-114.1575, 35.4314], [-114.1549, 35.4336], [-114.1593, 35.4381], [-114.161, 35.4421], [-114.1597, 35.4427], [-114.1658, 35.4468], [-114.1699, 35.4517], [-114.1695, 35.4537], [-114.1544, 35.4586], [-114.1435, 35.4543], [-114.1364, 35.4539], [-114.1333, 35.4611], [-114.1302, 35.4633], [-114.1277, 35.4683], [-114.1209, 35.4706], [-114.1186, 35.4767], [-114.1178, 35.4759], [-114.109, 35.481], [-114.0944, 35.4821], [-114.0909, 35.4809], [-114.0678, 35.5017], [-114.0633, 35.5078], [-114.0964, 35.544], [-114.0974, 35.5815], [-114.1122, 35.6086], [-114.114, 35.6147], [-114.1145, 35.6573], [-114.1184, 35.678], [-114.1196, 35.7079], [-114.0661, 35.7185], [-113.9808, 35.7012], [-113.9696, 35.6817], [-113.9535, 35.6619], [-113.9292, 35.6359], [-113.9009, 35.5889], [-113.8479, 35.5093], [-113.8481, 35.5025], [-113.8674, 35.5025], [-113.8674, 35.4972], [-113.8659, 35.4958], [-113.8725, 35.4959], [-113.8881, 35.5025], [-113.9229, 35.5025], [-113.9229, 35.4934], [-114.0161, 35.4932], [-114.0161, 35.4716], [-114.0149, 35.4723], [-114.0068, 35.4655], [-114.0029, 35.4645], [-113.9761, 35.4718], [-113.9761, 35.4558], [-113.932, 35.4481], [-113.9319, 35.4572], [-113.9229, 35.4574], [-113.9229, 35.4474], [-113.9086, 35.4471], [-113.9059, 35.4458], [-113.9069, 35.3838], [-113.9119, 35.3768], [-113.9162, 35.3755], [-113.9269, 35.3644], [-113.9408, 35.3334], [-113.9474, 35.3285], [-113.958, 35.3288], [-113.9586, 35.3264], [-113.9762, 35.3263], [-114.0115, 35.2976], [-114.0114, 35.2866], [-114.0103, 35.2854], [-114.0067, 35.283], [-113.9938, 35.2831], [-113.9938, 35.2757], [-113.9668, 35.2754], [-113.9722, 35.2687], [-113.9656, 35.2645], [-113.9898, 35.2387], [-113.992, 35.2394], [-113.9937, 35.2374], [-113.9925, 35.2364], [-114.0038, 35.2246], [-114.0051, 35.2248], [-114.0108, 35.2192], [-114.021, 35.2172], [-114.0354, 35.2174], [-114.0459, 35.2152], [-114.055, 35.2115], [-114.06, 35.2076], [-114.0582, 35.2048], [-114.0582, 35.1999], [-114.0598, 35.1999], [-114.0624, 35.2035], [-114.0661, 35.1999], [-114.0763, 35.1999], [-114.0764, 35.2142], [-114.0947, 35.2144], [-114.0947, 35.206], [-114.1127, 35.213], [-114.1108, 35.2179], [-114.1105, 35.2321], [-114.104, 35.2473], [-114.1016, 35.2633], [-114.1024, 35.2679], [-114.1126, 35.2755], [-114.1123, 35.2845], [-114.1054, 35.288], [-114.1017, 35.2941], [-114.1079, 35.2985], [-114.1091, 35.3056], [-114.1075, 35.3093], [-114.112, 35.3161], [-114.1192, 35.3124], [-114.1198, 35.3082], [-114.1225, 35.3098], [-114.1261, 35.309], [-114.1286, 35.312], [-114.1361, 35.3084], [-114.1382, 35.3055], [-114.1413, 35.3045], [-114.1474, 35.3057], [-114.1596, 35.3002], [-114.167, 35.2958], [-114.1646, 35.2876], [-114.1754, 35.2811], [-114.2057, 35.3228]]]}}, {"type": "Feature", "properties": {"zip": "86429", "total": 102, "q1": 21, "q2": 26, "q3": 29, "q4": 26, "pop": 684, "acsPriv": 74, "seats": 0}, "geometry": {"type": "Polygon", "coordinates": [[[-114.6789, 35.5014], [-114.6717, 35.503], [-114.6259, 35.5027], [-114.607, 35.4976], [-114.5791, 35.4971], [-114.5705, 35.4921], [-114.5592, 35.4933], [-114.556, 35.4957], [-114.5394, 35.5011], [-114.5224, 35.5018], [-114.5095, 35.4919], [-114.5079, 35.4861], [-114.5045, 35.4859], [-114.5042, 35.4822], [-114.5082, 35.4741], [-114.5083, 35.4692], [-114.5035, 35.4651], [-114.5032, 35.4563], [-114.5008, 35.451], [-114.494, 35.4525], [-114.4829, 35.4475], [-114.4752, 35.4402], [-114.4699, 35.4389], [-114.4551, 35.4241], [-114.4551, 35.4201], [-114.4481, 35.4123], [-114.444, 35.4118], [-114.4385, 35.4018], [-114.4382, 35.3822], [-114.4348, 35.3689], [-114.4289, 35.3637], [-114.423, 35.3541], [-114.4261, 35.3462], [-114.4236, 35.3326], [-114.4187, 35.3283], [-114.4084, 35.3283], [-114.4083, 35.3146], [-114.4115, 35.3146], [-114.4064, 35.303], [-114.4077, 35.3012], [-114.406, 35.2967], [-114.4063, 35.2915], [-114.404, 35.2889], [-114.4053, 35.2867], [-114.4045, 35.2827], [-114.3989, 35.2703], [-114.3998, 35.2689], [-114.394, 35.2621], [-114.3939, 35.2595], [-114.3902, 35.2563], [-114.3969, 35.2516], [-114.3992, 35.2526], [-114.4029, 35.251], [-114.404, 35.2462], [-114.3969, 35.2477], [-114.3952, 35.2335], [-114.3891, 35.232], [-114.3871, 35.2286], [-114.3883, 35.2272], [-114.3871, 35.2222], [-114.4031, 35.2085], [-114.4048, 35.1971], [-114.4077, 35.1945], [-114.4056, 35.1882], [-114.4037, 35.187], [-114.4043, 35.1857], [-114.4122, 35.1799], [-114.4429, 35.1847], [-114.4426, 35.1832], [-114.4458, 35.1823], [-114.4465, 35.1798], [-114.4437, 35.1753], [-114.4417, 35.1746], [-114.4394, 35.1766], [-114.4364, 35.1767], [-114.4304, 35.1729], [-114.4286, 35.1633], [-114.4221, 35.156], [-114.4242, 35.155], [-114.4284, 35.1473], [-114.4207, 35.1443], [-114.4196, 35.1422], [-114.411, 35.1398], [-114.4135, 35.137], [-114.4191, 35.1221], [-114.4135, 35.1205], [-114.4032, 35.1101], [-114.4003, 35.1025], [-114.404, 35.0952], [-114.3931, 35.0928], [-114.3953, 35.0868], [-114.3934, 35.0824], [-114.4087, 35.0741], [-114.4172, 35.0742], [-114.4206, 35.0722], [-114.4134, 35.0628], [-114.4086, 35.0609], [-114.4059, 35.0579], [-114.4192, 35.0611], [-114.4247, 35.0529], [-114.4473, 35.0396], [-114.5033, 35.0397], [-114.5229, 35.0924], [-114.5266, 35.0968], [-114.5264, 35.1005], [-114.5451, 35.107], [-114.5451, 35.1414], [-114.563, 35.147], [-114.5675, 35.1466], [-114.5682, 35.1423], [-114.5736, 35.1424], [-114.5692, 35.1649], [-114.5693, 35.1834], [-114.5721, 35.2008], [-114.575, 35.2067], [-114.5795, 35.2089], [-114.5803, 35.2201], [-114.5835, 35.2303], [-114.5828, 35.2387], [-114.5861, 35.2489], [-114.5866, 35.2624], [-114.5963, 35.2919], [-114.5972, 35.3032], [-114.5952, 35.3242], [-114.5998, 35.3411], [-114.6062, 35.3597], [-114.6177, 35.3801], [-114.6209, 35.3969], [-114.6257, 35.408], [-114.6528, 35.4308], [-114.6543, 35.4369], [-114.6629, 35.4464], [-114.6642, 35.4558], [-114.6672, 35.4604], [-114.6657, 35.4669], [-114.6736, 35.4758], [-114.6719, 35.4821], [-114.6768, 35.4898], [-114.6763, 35.4931], [-114.6789, 35.5014]]]}}, {"type": "Feature", "properties": {"zip": "86431", "total": 2, "q1": 0, "q2": 0, "q3": 1, "q4": 1, "pop": 0, "acsPriv": 0, "seats": 0}, "geometry": {"type": "Polygon", "coordinates": [[[-114.3619, 35.4107], [-114.3598, 35.419], [-114.3518, 35.419], [-114.3518, 35.4261], [-114.3597, 35.422], [-114.3597, 35.4552], [-114.355, 35.4551], [-114.3552, 35.448], [-114.343, 35.448], [-114.3431, 35.4552], [-114.334, 35.4552], [-114.3341, 35.4479], [-114.3165, 35.448], [-114.3164, 35.4543], [-114.2893, 35.422], [-114.2768, 35.4208], [-114.3237, 35.4877], [-114.3066, 35.4889], [-114.2931, 35.4939], [-114.2834, 35.4953], [-114.2803, 35.4944], [-114.282, 35.4893], [-114.2805, 35.4867], [-114.2724, 35.4898], [-114.2621, 35.4906], [-114.26, 35.4937], [-114.2457, 35.4915], [-114.2333, 35.4811], [-114.2173, 35.4876], [-114.2135, 35.4869], [-114.2031, 35.489], [-114.187, 35.4859], [-114.1823, 35.4883], [-114.1772, 35.4831], [-114.18, 35.4836], [-114.1818, 35.4778], [-114.1782, 35.4695], [-114.1795, 35.4677], [-114.1784, 35.4645], [-114.18, 35.4627], [-114.1784, 35.4611], [-114.1795, 35.4604], [-114.1778, 35.458], [-114.1716, 35.4572], [-114.1686, 35.4553], [-114.1699, 35.4517], [-114.1658, 35.4468], [-114.1597, 35.4427], [-114.161, 35.4421], [-114.1593, 35.4381], [-114.1549, 35.4336], [-114.1575, 35.4314], [-114.1521, 35.4228], [-114.1539, 35.4202], [-114.1503, 35.4155], [-114.1519, 35.414], [-114.1504, 35.4139], [-114.1547, 35.4109], [-114.1575, 35.412], [-114.1578, 35.4094], [-114.1538, 35.4094], [-114.1513, 35.4066], [-114.1544, 35.4043], [-114.1559, 35.4006], [-114.1605, 35.3993], [-114.1654, 35.4011], [-114.1672, 35.4038], [-114.1637, 35.4043], [-114.169, 35.4078], [-114.1763, 35.4079], [-114.1821, 35.4106], [-114.1856, 35.4099], [-114.1875, 35.4072], [-114.1906, 35.3985], [-114.1931, 35.3962], [-114.1909, 35.3943], [-114.1922, 35.3875], [-114.186, 35.3837], [-114.1924, 35.3657], [-114.1854, 35.3604], [-114.1898, 35.3604], [-114.1812, 35.3466], [-114.2057, 35.3228], [-114.2228, 35.346], [-114.2473, 35.3458], [-114.2536, 35.3355], [-114.2534, 35.3606], [-114.2497, 35.3606], [-114.2497, 35.3642], [-114.2539, 35.3642], [-114.2539, 35.3677], [-114.2398, 35.3678], [-114.2398, 35.3606], [-114.2365, 35.3606], [-114.2354, 35.3635], [-114.2443, 35.3758], [-114.2621, 35.3728], [-114.2564, 35.3825], [-114.2518, 35.3862], [-114.2722, 35.4144], [-114.301, 35.4018], [-114.3178, 35.3973], [-114.332, 35.3969], [-114.3386, 35.3941], [-114.3423, 35.3902], [-114.3476, 35.3905], [-114.3566, 35.3871], [-114.3569, 35.392], [-114.3597, 35.3961], [-114.3574, 35.4066], [-114.3619, 35.4107]]]}}, {"type": "Feature", "properties": {"zip": "85928", "total": 38, "q1": 10, "q2": 10, "q3": 9, "q4": 9, "pop": 9, "acsPriv": 0, "seats": 0}, "geometry": {"type": "Polygon", "coordinates": [[[-110.7507, 34.2647], [-110.7507, 34.3225], [-110.7441, 34.3247], [-110.7426, 34.3296], [-110.7373, 34.3349], [-110.7323, 34.3369], [-110.7329, 34.3378], [-110.7068, 34.3467], [-110.6978, 34.3541], [-110.6924, 34.3623], [-110.6712, 34.383], [-110.6709, 34.3968], [-110.6641, 34.4085], [-110.6678, 34.4118], [-110.669, 34.4175], [-110.6662, 34.4167], [-110.669, 34.4202], [-110.6786, 34.4117], [-110.6791, 34.4066], [-110.6823, 34.4048], [-110.708, 34.4071], [-110.7117, 34.4104], [-110.7117, 34.4122], [-110.7058, 34.4144], [-110.6977, 34.4126], [-110.6936, 34.4139], [-110.6852, 34.4267], [-110.6745, 34.4313], [-110.67, 34.4353], [-110.666, 34.4357], [-110.6706, 34.4405], [-110.6544, 34.4551], [-110.6513, 34.4562], [-110.6495, 34.4593], [-110.6473, 34.4607], [-110.6434, 34.458], [-110.6325, 34.4608], [-110.6348, 34.4621], [-110.6331, 34.4638], [-110.6203, 34.4709], [-110.6155, 34.4794], [-110.6059, 34.4855], [-110.6076, 34.4875], [-110.6042, 34.4925], [-110.6039, 34.498], [-110.5995, 34.5017], [-110.5828, 34.5261], [-110.577, 34.5306], [-110.5774, 34.535], [-110.5759, 34.5374], [-110.5741, 34.5358], [-110.5675, 34.5469], [-110.5539, 34.5557], [-110.5527, 34.561], [-110.5489, 34.5655], [-110.5496, 34.5677], [-110.5742, 34.5675], [-110.5744, 34.5967], [-110.6127, 34.5965], [-110.6144, 34.6115], [-110.6992, 34.6113], [-110.6986, 34.6399], [-110.6345, 34.6897], [-110.6032, 34.7052], [-110.6023, 34.7073], [-110.5982, 34.7093], [-110.5969, 34.7128], [-110.5954, 34.7114], [-110.5786, 34.7226], [-110.5733, 34.7293], [-110.5785, 34.7342], [-110.5719, 34.7402], [-110.5616, 34.74], [-110.5543, 34.7448], [-110.5463, 34.7537], [-110.5394, 34.7467], [-110.5387, 34.7416], [-110.5055, 34.7421], [-110.5055, 34.7504], [-110.4875, 34.7494], [-110.4868, 34.7572], [-110.4865, 34.7009], [-110.4958, 34.6954], [-110.495, 34.6905], [-110.4997, 34.6877], [-110.503, 34.6878], [-110.5044, 34.6759], [-110.5073, 34.6718], [-110.5195, 34.6807], [-110.5154, 34.6742], [-110.5113, 34.6609], [-110.5054, 34.6513], [-110.5039, 34.6526], [-110.5045, 34.662], [-110.5017, 34.6695], [-110.4938, 34.6659], [-110.4791, 34.6666], [-110.4722, 34.6649], [-110.4425, 34.6637], [-110.4337, 34.674], [-110.4309, 34.6747], [-110.4338, 34.6644], [-110.4334, 34.6569], [-110.4311, 34.6502], [-110.4286, 34.6493], [-110.4346, 34.6437], [-110.4348, 34.6375], [-110.4366, 34.6339], [-110.4193, 34.6307], [-110.4176, 34.6291], [-110.4133, 34.6294], [-110.4113, 34.6268], [-110.4086, 34.6264], [-110.4117, 34.6233], [-110.4078, 34.6223], [-110.3966, 34.6219], [-110.3938, 34.6246], [-110.3883, 34.6243], [-110.3845, 34.6269], [-110.3818, 34.6258], [-110.3812, 34.6226], [-110.3792, 34.6213], [-110.3781, 34.6229], [-110.3785, 34.5774], [-110.3763, 34.5776], [-110.3776, 34.5691], [-110.3751, 34.5564], [-110.3436, 34.5552], [-110.3437, 34.5486], [-110.3395, 34.5324], [-110.3342, 34.5262], [-110.3302, 34.5244], [-110.325, 34.5245], [-110.3248, 34.5137], [-110.3227, 34.5103], [-110.3133, 34.5047], [-110.3101, 34.5016], [-110.3102, 34.4996], [-110.2483, 34.497], [-110.2478, 34.4851], [-110.3016, 34.4821], [-110.3232, 34.4831], [-110.3233, 34.4965], [-110.3408, 34.4964], [-110.3409, 34.5118], [-110.3786, 34.5125], [-110.3786, 34.5318], [-110.3878, 34.5389], [-110.3876, 34.5409], [-110.3933, 34.5432], [-110.3982, 34.5401], [-110.4204, 34.5402], [-110.4287, 34.5247], [-110.4508, 34.5046], [-110.4578, 34.4907], [-110.4766, 34.4643], [-110.4719, 34.4624], [-110.4617, 34.4538], [-110.4564, 34.4528], [-110.4581, 34.4514], [-110.4578, 34.447], [-110.4613, 34.444], [-110.4623, 34.4397], [-110.4653, 34.4412], [-110.4753, 34.4386], [-110.4807, 34.4332], [-110.4826, 34.4151], [-110.4865, 34.4095], [-110.451, 34.4015], [-110.4645, 34.3839], [-110.4712, 34.3797], [-110.4867, 34.3817], [-110.5156, 34.3933], [-110.5168, 34.3977], [-110.5154, 34.406], [-110.5124, 34.407], [-110.5147, 34.4129], [-110.5104, 34.415], [-110.5185, 34.4168], [-110.507, 34.4245], [-110.5048, 34.4296], [-110.4951, 34.4413], [-110.4954, 34.4458], [-110.5011, 34.4497], [-110.5023, 34.4573], [-110.5017, 34.46], [-110.4999, 34.4607], [-110.5095, 34.4611], [-110.5149, 34.467], [-110.5148, 34.4746], [-110.5346, 34.4696], [-110.542, 34.4585], [-110.5504, 34.4513], [-110.5548, 34.4441], [-110.5615, 34.4401], [-110.5644, 34.4346], [-110.5673, 34.4325], [-110.5669, 34.4302], [-110.5746, 34.4295], [-110.5868, 34.4329], [-110.5878, 34.4319], [-110.59, 34.433], [-110.5905, 34.4357], [-110.5926, 34.4332], [-110.5916, 34.4317], [-110.5965, 34.4297], [-110.5956, 34.4255], [-110.5984, 34.4208], [-110.5984, 34.4157], [-110.5959, 34.4113], [-110.5947, 34.4122], [-110.5957, 34.4109], [-110.5937, 34.4064], [-110.5875, 34.4064], [-110.586, 34.4037], [-110.5872, 34.4018], [-110.5882, 34.4035], [-110.5922, 34.4034], [-110.5941, 34.3976], [-110.5984, 34.3925], [-110.5931, 34.3863], [-110.5953, 34.3786], [-110.5961, 34.3679], [-110.5885, 34.3686], [-110.5855, 34.371], [-110.5844, 34.3587], [-110.5788, 34.3501], [-110.5801, 34.3461], [-110.5786, 34.3372], [-110.5854, 34.33], [-110.591, 34.3298], [-110.5951, 34.3278], [-110.6029, 34.3199], [-110.5927, 34.3181], [-110.5967, 34.3084], [-110.6021, 34.305], [-110.6015, 34.2981], [-110.6083, 34.3015], [-110.6201, 34.2943], [-110.6271, 34.2954], [-110.626, 34.2913], [-110.627, 34.2882], [-110.6362, 34.288], [-110.6393, 34.2846], [-110.6408, 34.2686], [-110.6442, 34.2692], [-110.6443, 34.2663], [-110.6495, 34.266], [-110.6591, 34.2742], [-110.672, 34.2773], [-110.6978, 34.27], [-110.7066, 34.2709], [-110.7111, 34.2682], [-110.7174, 34.2698], [-110.7303, 34.2666], [-110.739, 34.2707], [-110.7507, 34.2647]]]}}, {"type": "Feature", "properties": {"zip": "85705", "total": 590, "q1": 136, "q2": 142, "q3": 158, "q4": 154, "pop": 7102, "acsPriv": 665, "seats": 82}, "geometry": {"type": "Polygon", "coordinates": [[[-111.0441, 32.3158], [-111.0402, 32.3119], [-111.031, 32.3103], [-111.0213, 32.3053], [-111.012, 32.3029], [-110.9918, 32.2928], [-110.9819, 32.2951], [-110.9702, 32.2897], [-110.9611, 32.289], [-110.9611, 32.2854], [-110.9632, 32.2854], [-110.9631, 32.283], [-110.9611, 32.283], [-110.9625, 32.2806], [-110.9611, 32.2794], [-110.9615, 32.2721], [-110.9635, 32.2721], [-110.9635, 32.2702], [-110.961, 32.2702], [-110.9623, 32.2642], [-110.961, 32.2631], [-110.9618, 32.2317], [-110.9595, 32.225], [-110.961, 32.225], [-110.9614, 32.2225], [-110.9658, 32.223], [-110.9717, 32.2264], [-110.9717, 32.2277], [-110.9777, 32.2299], [-110.9801, 32.2292], [-110.9795, 32.2282], [-110.9822, 32.2294], [-110.9859, 32.2409], [-110.9932, 32.2504], [-110.9967, 32.2505], [-111.0003, 32.2566], [-111.0085, 32.2576], [-111.0092, 32.2629], [-111.0136, 32.2672], [-111.0166, 32.2743], [-111.0271, 32.2782], [-111.0293, 32.2852], [-111.0312, 32.2882], [-111.0358, 32.2908], [-111.0373, 32.2942], [-111.0283, 32.2942], [-111.0416, 32.3103], [-111.0441, 32.3158]]]}}, {"type": "Feature", "properties": {"zip": "85364", "total": 2613, "q1": 624, "q2": 649, "q3": 667, "q4": 673, "pop": 13582, "acsPriv": 1021, "seats": 1018}, "geometry": {"type": "Polygon", "coordinates": [[[-114.7468, 32.669], [-114.7445, 32.6785], [-114.7312, 32.6966], [-114.7298, 32.7047], [-114.7221, 32.7137], [-114.7145, 32.7304], [-114.7019, 32.7455], [-114.6882, 32.7375], [-114.6174, 32.7283], [-114.6157, 32.7285], [-114.6151, 32.7345], [-114.5818, 32.7349], [-114.5817, 32.7423], [-114.5645, 32.7423], [-114.5644, 32.7496], [-114.5392, 32.7498], [-114.5391, 32.7569], [-114.5271, 32.7571], [-114.5269, 32.75], [-114.529, 32.742], [-114.5337, 32.734], [-114.5404, 32.7267], [-114.5512, 32.7204], [-114.5592, 32.7195], [-114.5733, 32.7207], [-114.5896, 32.7246], [-114.5991, 32.721], [-114.599, 32.717], [-114.6075, 32.7169], [-114.6094, 32.7178], [-114.6138, 32.726], [-114.6154, 32.726], [-114.6113, 32.7102], [-114.6141, 32.7101], [-114.6131, 32.7011], [-114.616, 32.701], [-114.6139, 32.6962], [-114.616, 32.6963], [-114.6146, 32.6919], [-114.616, 32.6902], [-114.6134, 32.69], [-114.6139, 32.6876], [-114.616, 32.6876], [-114.6164, 32.6694], [-114.6219, 32.6698], [-114.6235, 32.6682], [-114.6274, 32.6694], [-114.633, 32.6675], [-114.633, 32.6694], [-114.6846, 32.6693], [-114.6845, 32.6545], [-114.6932, 32.6546], [-114.6932, 32.6692], [-114.6974, 32.6692], [-114.6975, 32.662], [-114.6999, 32.6618], [-114.7106, 32.6699], [-114.7148, 32.6691], [-114.7148, 32.6546], [-114.7363, 32.6546], [-114.7364, 32.6691], [-114.7468, 32.669]]]}}, {"type": "Feature", "properties": {"zip": "85614", "total": 273, "q1": 59, "q2": 66, "q3": 73, "q4": 75, "pop": 1205, "acsPriv": 176, "seats": 0}, "geometry": {"type": "Polygon", "coordinates": [[[-111.0801, 31.9056], [-111.0692, 31.9149], [-111.0594, 31.917], [-111.0601, 31.9267], [-111.0505, 31.9263], [-111.0346, 31.9329], [-111.0179, 31.9359], [-111.0036, 31.9359], [-111.0034, 31.8995], [-110.9974, 31.8996], [-110.9948, 31.9013], [-110.9948, 31.9071], [-110.9858, 31.907], [-110.9866, 31.9408], [-110.9822, 31.9433], [-110.9789, 31.943], [-110.9785, 31.9251], [-110.9739, 31.9251], [-110.9728, 31.9154], [-110.9618, 31.9228], [-110.9615, 31.9213], [-110.9668, 31.9089], [-110.9709, 31.9052], [-110.9754, 31.8963], [-110.9751, 31.8875], [-110.9783, 31.8799], [-110.9787, 31.8746], [-110.9817, 31.8701], [-110.9822, 31.8641], [-110.972, 31.8612], [-110.965, 31.861], [-110.9561, 31.8564], [-110.9497, 31.8724], [-110.9481, 31.8724], [-110.9482, 31.8774], [-110.9442, 31.8777], [-110.9516, 31.8773], [-110.9688, 31.8854], [-110.9609, 31.9065], [-110.9523, 31.9064], [-110.944, 31.9135], [-110.9267, 31.9135], [-110.9265, 31.8992], [-110.9194, 31.8992], [-110.858, 31.8455], [-110.858, 31.8183], [-110.827, 31.8183], [-110.8099, 31.8029], [-110.8119, 31.8022], [-110.8103, 31.7985], [-110.8067, 31.7976], [-110.8071, 31.7317], [-110.8558, 31.7317], [-110.8558, 31.7267], [-110.8724, 31.7267], [-110.8726, 31.6976], [-110.8836, 31.6975], [-110.8847, 31.7002], [-110.8886, 31.7012], [-110.9006, 31.6985], [-110.9083, 31.695], [-110.9179, 31.6939], [-110.929, 31.696], [-110.9395, 31.6931], [-110.9463, 31.698], [-110.9523, 31.7104], [-110.9508, 31.7139], [-110.9494, 31.7091], [-110.9471, 31.7119], [-110.9428, 31.7214], [-110.9451, 31.7245], [-110.9432, 31.7267], [-110.9938, 31.7265], [-110.9939, 31.7478], [-110.989, 31.7538], [-110.9846, 31.7549], [-110.9798, 31.7539], [-110.9748, 31.7498], [-110.9659, 31.7598], [-110.9649, 31.7682], [-110.9693, 31.7775], [-110.9662, 31.7818], [-110.9672, 31.7837], [-110.9792, 31.7919], [-110.9832, 31.7927], [-110.9864, 31.7977], [-110.9883, 31.7977], [-110.987, 31.8004], [-110.9921, 31.8032], [-110.9917, 31.8073], [-110.9971, 31.8062], [-110.9983, 31.8034], [-111.0, 31.8054], [-111.0135, 31.8044], [-111.0025, 31.826], [-110.9973, 31.8412], [-110.9949, 31.849], [-110.9959, 31.8515], [-110.9981, 31.8519], [-110.996, 31.8539], [-110.9966, 31.8551], [-110.9993, 31.8524], [-111.0048, 31.8552], [-111.0123, 31.8559], [-111.0281, 31.8701], [-111.056, 31.8701], [-111.0598, 31.8736], [-111.0643, 31.8831], [-111.0793, 31.8944], [-111.0801, 31.9056]]]}}, {"type": "Feature", "properties": {"zip": "85743", "total": 1521, "q1": 351, "q2": 384, "q3": 397, "q4": 389, "pop": 5543, "acsPriv": 528, "seats": 177}, "geometry": {"type": "Polygon", "coordinates": [[[-111.2913, 32.3425], [-111.2912, 32.3571], [-111.2795, 32.3571], [-111.2795, 32.3613], [-111.2699, 32.3607], [-111.2702, 32.3641], [-111.2683, 32.3637], [-111.266, 32.366], [-111.2338, 32.3662], [-111.2338, 32.3735], [-111.2423, 32.3734], [-111.2425, 32.3868], [-111.251, 32.3952], [-111.2476, 32.3965], [-111.2432, 32.4023], [-111.234, 32.4025], [-111.2338, 32.3807], [-111.2016, 32.3808], [-111.1966, 32.3795], [-111.1906, 32.3832], [-111.1856, 32.3809], [-111.1588, 32.3809], [-111.14, 32.3745], [-111.1388, 32.3791], [-111.1443, 32.3955], [-111.1563, 32.3954], [-111.1503, 32.4018], [-111.1433, 32.4031], [-111.1347, 32.3992], [-111.1309, 32.4011], [-111.1209, 32.3929], [-111.1051, 32.374], [-111.0897, 32.3589], [-111.0534, 32.326], [-111.0283, 32.2942], [-111.0305, 32.2942], [-111.0424, 32.3088], [-111.046, 32.3087], [-111.0461, 32.3051], [-111.0504, 32.3051], [-111.0504, 32.3039], [-111.0527, 32.3087], [-111.0798, 32.3087], [-111.0799, 32.3049], [-111.0834, 32.3087], [-111.0884, 32.3087], [-111.0884, 32.3051], [-111.0969, 32.3051], [-111.0969, 32.3], [-111.1003, 32.3004], [-111.1011, 32.296], [-111.1018, 32.2977], [-111.1054, 32.2977], [-111.1054, 32.2943], [-111.1225, 32.2942], [-111.1224, 32.2725], [-111.1139, 32.2724], [-111.1139, 32.2651], [-111.1011, 32.2644], [-111.1011, 32.2616], [-111.1054, 32.2616], [-111.1054, 32.258], [-111.0969, 32.258], [-111.0969, 32.2507], [-111.167, 32.2508], [-111.1669, 32.2482], [-111.1844, 32.2485], [-111.1804, 32.2462], [-111.1682, 32.2475], [-111.1473, 32.234], [-111.1404, 32.2271], [-111.1466, 32.2207], [-111.1666, 32.2207], [-111.1667, 32.2047], [-111.218, 32.2045], [-111.2181, 32.2265], [-111.2352, 32.2264], [-111.2351, 32.2193], [-111.2787, 32.2193], [-111.2786, 32.2914], [-111.2683, 32.2918], [-111.2795, 32.3167], [-111.2814, 32.3234], [-111.2807, 32.3309], [-111.284, 32.3371], [-111.2871, 32.3371], [-111.2871, 32.3425], [-111.2913, 32.3425]]]}}, {"type": "Feature", "properties": {"zip": "85755", "total": 986, "q1": 232, "q2": 246, "q3": 262, "q4": 246, "pop": 2377, "acsPriv": 522, "seats": 0}, "geometry": {"type": "Polygon", "coordinates": [[[-111.0342, 32.4601], [-111.0295, 32.4612], [-111.0297, 32.5113], [-110.9278, 32.5107], [-110.9279, 32.5062], [-110.9315, 32.4977], [-110.9305, 32.4911], [-110.9329, 32.4863], [-110.9342, 32.4671], [-110.9356, 32.4672], [-110.9356, 32.46], [-110.9324, 32.46], [-110.9339, 32.4549], [-110.932, 32.454], [-110.9298, 32.4571], [-110.9336, 32.4498], [-110.9339, 32.4314], [-110.9347, 32.4269], [-110.9396, 32.4271], [-110.9408, 32.4232], [-110.9464, 32.4257], [-110.9468, 32.4272], [-110.9642, 32.4241], [-111.016, 32.4238], [-111.0167, 32.4274], [-111.0209, 32.4275], [-111.0209, 32.4238], [-111.0299, 32.4238], [-111.0294, 32.4516], [-111.028, 32.4537], [-111.0332, 32.453], [-111.0342, 32.4601]], [[-110.94, 32.4426], [-110.9374, 32.4407], [-110.9339, 32.4403], [-110.9339, 32.4435], [-110.94, 32.4426]]]}}, {"type": "Feature", "properties": {"zip": "85132", "total": 1778, "q1": 398, "q2": 437, "q3": 464, "q4": 479, "pop": 4854, "acsPriv": 1179, "seats": 33}, "geometry": {"type": "Polygon", "coordinates": [[[-111.5166, 33.1183], [-111.4736, 33.1176], [-111.4741, 33.1484], [-111.4303, 33.1765], [-111.4284, 33.1764], [-111.4218, 33.1608], [-111.4185, 33.1571], [-111.4192, 33.1545], [-111.4105, 33.1337], [-111.4049, 33.1328], [-111.405, 33.1183], [-111.3894, 33.1183], [-111.4073, 33.0965], [-111.4151, 33.0893], [-111.3942, 33.0788], [-111.388, 33.0802], [-111.3873, 33.0782], [-111.3749, 33.0783], [-111.3747, 33.0793], [-111.3663, 33.0751], [-111.3618, 33.076], [-111.3617, 33.0818], [-111.3535, 33.0824], [-111.3534, 33.0895], [-111.3406, 33.0894], [-111.3405, 33.0861], [-111.3367, 33.0862], [-111.3363, 33.0893], [-111.3192, 33.0896], [-111.319, 33.0997], [-111.3209, 33.1036], [-111.3148, 33.1038], [-111.3149, 33.1074], [-111.3073, 33.1183], [-111.2635, 33.1188], [-111.2715, 33.1115], [-111.2735, 33.104], [-111.2502, 33.103], [-111.2356, 33.0963], [-111.2219, 33.0938], [-111.2076, 33.0878], [-111.1994, 33.089], [-111.1952, 33.0939], [-111.1894, 33.0963], [-111.1825, 33.0946], [-111.1816, 33.0871], [-111.1849, 33.0843], [-111.1835, 33.0765], [-111.1651, 33.061], [-111.1554, 33.0499], [-111.1533, 33.0443], [-111.1579, 33.0384], [-111.1584, 33.0334], [-111.1057, 33.0435], [-111.0969, 33.0381], [-111.0978, 33.0356], [-111.0955, 33.0338], [-111.0899, 33.0327], [-111.0833, 33.0278], [-111.0249, 33.0203], [-111.0175, 33.0114], [-111.015, 33.0105], [-111.0148, 33.0074], [-111.0119, 33.0038], [-111.0116, 33.0002], [-111.0142, 32.9952], [-111.0135, 32.9904], [-111.0072, 32.9901], [-110.9891, 32.9746], [-110.9868, 32.9747], [-110.9818, 32.9623], [-110.9781, 32.9575], [-110.9727, 32.9546], [-110.9693, 32.9428], [-110.9703, 32.9403], [-110.9687, 32.9385], [-110.9688, 32.9349], [-110.9591, 32.9309], [-110.959, 32.9252], [-110.9449, 32.9175], [-110.9449, 32.8875], [-110.9216, 32.8997], [-110.9178, 32.8966], [-110.9141, 32.8903], [-110.9063, 32.8865], [-110.904, 32.8831], [-110.9044, 32.8808], [-110.8928, 32.8642], [-110.9164, 32.8466], [-110.9177, 32.8421], [-110.9228, 32.8397], [-110.9277, 32.8398], [-110.9325, 32.8355], [-110.9273, 32.8248], [-110.9239, 32.8227], [-110.9198, 32.823], [-110.9167, 32.8201], [-110.9141, 32.8077], [-110.917, 32.8001], [-110.9199, 32.7999], [-110.9262, 32.7917], [-110.9228, 32.7823], [-110.922, 32.7728], [-110.9189, 32.7681], [-110.9188, 32.7648], [-110.903, 32.7548], [-110.8976, 32.7458], [-110.8953, 32.7329], [-110.8879, 32.7218], [-110.8889, 32.7188], [-110.8944, 32.7154], [-110.8948, 32.7106], [-110.9034, 32.7103], [-110.9158, 32.7033], [-110.9223, 32.7018], [-110.9247, 32.7028], [-110.927, 32.6945], [-110.96, 32.7071], [-110.9608, 32.7096], [-110.9656, 32.7121], [-110.9726, 32.7115], [-111.0228, 32.7365], [-111.0323, 32.731], [-111.0433, 32.7214], [-111.0541, 32.7171], [-111.0834, 32.6959], [-111.0776, 32.6896], [-111.0791, 32.689], [-111.0868, 32.695], [-111.0966, 32.7058], [-111.1296, 32.7471], [-111.1585, 32.7706], [-111.1758, 32.7931], [-111.2279, 32.8475], [-111.3265, 32.7643], [-111.3274, 32.761], [-111.3294, 32.761], [-111.3373, 32.7523], [-111.3371, 32.7478], [-111.34, 32.7379], [-111.3459, 32.7517], [-111.3498, 32.7525], [-111.3533, 32.7585], [-111.3551, 32.758], [-111.3566, 32.7601], [-111.3625, 32.7621], [-111.3615, 32.792], [-111.356, 32.7972], [-111.3566, 32.8006], [-111.3549, 32.8041], [-111.349, 32.8085], [-111.348, 32.8123], [-111.3506, 32.815], [-111.3454, 32.8258], [-111.3336, 32.825], [-111.3341, 32.8389], [-111.3321, 32.8462], [-111.3351, 32.8563], [-111.3392, 32.8622], [-111.339, 32.8781], [-111.4121, 32.8918], [-111.4128, 32.9079], [-111.4149, 32.9086], [-111.415, 32.9438], [-111.4318, 32.9441], [-111.427, 32.9545], [-111.416, 32.9702], [-111.4215, 32.9732], [-111.4214, 32.9767], [-111.4116, 32.9875], [-111.4048, 32.99], [-111.4042, 32.9954], [-111.4026, 32.9954], [-111.4014, 32.998], [-111.4054, 33.0029], [-111.4089, 33.0053], [-111.4214, 33.0067], [-111.422, 33.0101], [-111.4557, 33.0031], [-111.4557, 33.017], [-111.4775, 33.017], [-111.4788, 33.0186], [-111.4863, 33.0175], [-111.4931, 33.0137], [-111.4991, 33.0163], [-111.5075, 33.0132], [-111.5118, 33.0181], [-111.5141, 33.0181], [-111.5159, 33.0161], [-111.5166, 33.1183]]]}}, {"type": "Feature", "properties": {"zip": "85736", "total": 183, "q1": 36, "q2": 40, "q3": 53, "q4": 54, "pop": 671, "acsPriv": 40, "seats": 0}, "geometry": {"type": "Polygon", "coordinates": [[[-111.6053, 31.894], [-111.5817, 31.8948], [-111.5812, 31.9237], [-111.5503, 31.9226], [-111.549, 31.9213], [-111.546, 31.9246], [-111.5404, 31.9266], [-111.5416, 31.9284], [-111.5408, 31.9302], [-111.5288, 31.9312], [-111.5259, 31.9361], [-111.5169, 31.9399], [-111.5083, 31.9507], [-111.4888, 31.9646], [-111.4828, 31.9611], [-111.4749, 31.9629], [-111.4672, 31.962], [-111.4554, 31.9637], [-111.4264, 31.9716], [-111.4126, 31.9784], [-111.3905, 31.9829], [-111.3897, 32.0012], [-111.4023, 32.0142], [-111.4022, 32.0408], [-111.3825, 32.0439], [-111.3793, 32.0483], [-111.3784, 32.0641], [-111.3658, 32.0668], [-111.3457, 32.0757], [-111.3388, 32.0756], [-111.3464, 32.0643], [-111.3502, 32.0551], [-111.3443, 32.0526], [-111.3371, 32.0529], [-111.3332, 32.05], [-111.3316, 32.0455], [-111.316, 32.0687], [-111.3135, 32.0767], [-111.2907, 32.0857], [-111.2905, 32.0818], [-111.265, 32.0718], [-111.2658, 32.0957], [-111.2176, 32.1148], [-111.2165, 32.0004], [-111.2147, 31.9984], [-111.2246, 31.9958], [-111.2248, 31.9941], [-111.2234, 31.9929], [-111.2132, 31.993], [-111.2163, 31.99], [-111.2152, 31.7839], [-111.2258, 31.7839], [-111.2261, 31.7775], [-111.2277, 31.7756], [-111.233, 31.7767], [-111.2453, 31.7755], [-111.2566, 31.7687], [-111.2663, 31.766], [-111.2647, 31.7262], [-111.33, 31.7249], [-111.328, 31.7199], [-111.3202, 31.714], [-111.3164, 31.7081], [-111.3102, 31.7068], [-111.3025, 31.7022], [-111.3045, 31.6933], [-111.3096, 31.6888], [-111.3098, 31.6831], [-111.3133, 31.6852], [-111.3208, 31.684], [-111.3231, 31.6847], [-111.3246, 31.6873], [-111.3304, 31.6856], [-111.3327, 31.6894], [-111.3355, 31.6906], [-111.3408, 31.6892], [-111.3464, 31.6903], [-111.35, 31.6949], [-111.3529, 31.6957], [-111.3734, 31.693], [-111.378, 31.6896], [-111.3772, 31.6855], [-111.3787, 31.681], [-111.3894, 31.6766], [-111.3916, 31.6774], [-111.3922, 31.6815], [-111.4097, 31.6922], [-111.4162, 31.691], [-111.4171, 31.6924], [-111.4261, 31.6891], [-111.4309, 31.6906], [-111.4325, 31.6886], [-111.4393, 31.6876], [-111.442, 31.6944], [-111.4351, 31.7249], [-111.4384, 31.7221], [-111.4695, 31.7147], [-111.4771, 31.7173], [-111.4878, 31.718], [-111.4877, 31.7315], [-111.48, 31.753], [-111.4727, 31.7638], [-111.5057, 31.7519], [-111.5257, 31.7556], [-111.5332, 31.7604], [-111.538, 31.7613], [-111.5395, 31.7642], [-111.5499, 31.7678], [-111.5501, 31.7695], [-111.595, 31.7695], [-111.5958, 31.7711], [-111.5888, 31.775], [-111.5875, 31.7895], [-111.5804, 31.7946], [-111.5806, 31.7996], [-111.5837, 31.8031], [-111.583, 31.8117], [-111.5765, 31.8227], [-111.5756, 31.8264], [-111.5769, 31.8298], [-111.574, 31.8321], [-111.5766, 31.8359], [-111.5758, 31.8388], [-111.5718, 31.8422], [-111.5738, 31.8488], [-111.5806, 31.8557], [-111.5831, 31.8609], [-111.5858, 31.8609], [-111.5958, 31.8672], [-111.5994, 31.8711], [-111.5972, 31.8762], [-111.5982, 31.8797], [-111.5951, 31.8822], [-111.5947, 31.8856], [-111.6053, 31.894]]]}}, {"type": "Feature", "properties": {"zip": "85342", "total": 155, "q1": 34, "q2": 35, "q3": 41, "q4": 45, "pop": 229, "acsPriv": 31, "seats": 0}, "geometry": {"type": "Polygon", "coordinates": [[[-112.7076, 33.804], [-112.7074, 33.8984], [-112.703, 33.8984], [-112.7031, 33.9129], [-112.6852, 33.9272], [-112.685, 33.9852], [-112.6939, 33.9875], [-112.6646, 34.0019], [-112.6579, 34.0103], [-112.6414, 34.016], [-112.633, 34.0289], [-112.6209, 34.0386], [-112.6128, 34.0424], [-112.5959, 34.0394], [-112.5932, 34.0415], [-112.5875, 34.0417], [-112.5836, 34.0467], [-112.5788, 34.0455], [-112.576, 34.0469], [-112.5738, 34.0457], [-112.5654, 34.0478], [-112.5628, 34.0466], [-112.562, 34.0478], [-112.5564, 34.0464], [-112.5568, 34.0486], [-112.5525, 34.0453], [-112.5435, 34.0459], [-112.5439, 34.0502], [-112.5374, 34.0509], [-112.5333, 34.0477], [-112.5296, 34.0482], [-112.5256, 34.0453], [-112.5204, 34.0471], [-112.5163, 34.0466], [-112.5163, 34.0316], [-112.512, 34.0298], [-112.5087, 34.0254], [-112.4966, 34.0207], [-112.4878, 34.0132], [-112.4766, 34.0145], [-112.4664, 34.0092], [-112.4483, 34.0169], [-112.4433, 34.0167], [-112.4411, 34.0145], [-112.4379, 34.0149], [-112.4391, 34.0183], [-112.437, 34.0201], [-112.4371, 34.0243], [-112.4311, 34.0233], [-112.4263, 34.0256], [-112.4284, 34.034], [-112.4278, 34.0375], [-112.4349, 34.0435], [-112.4349, 34.0524], [-112.431, 34.0626], [-112.4329, 34.0644], [-112.4288, 34.0718], [-112.427, 34.0734], [-112.4236, 34.0733], [-112.4214, 34.0759], [-112.4188, 34.0881], [-112.42, 34.0913], [-112.4287, 34.0905], [-112.4256, 34.1003], [-112.427, 34.1054], [-112.4316, 34.1039], [-112.4385, 34.1096], [-112.44, 34.1129], [-112.439, 34.114], [-112.4419, 34.1146], [-112.4387, 34.1182], [-112.4387, 34.1207], [-112.429, 34.1223], [-112.4281, 34.1244], [-112.4299, 34.1262], [-112.4297, 34.1285], [-112.4328, 34.1297], [-112.4308, 34.1319], [-112.4339, 34.1338], [-112.4366, 34.1392], [-112.4357, 34.1417], [-112.43, 34.1445], [-112.4276, 34.1516], [-112.4252, 34.1533], [-112.4217, 34.1531], [-112.421, 34.1575], [-112.4122, 34.1574], [-112.4122, 34.1283], [-112.3828, 34.1282], [-112.3801, 34.1325], [-112.3738, 34.1314], [-112.3741, 34.1295], [-112.3716, 34.1282], [-112.2957, 34.1285], [-112.2959, 34.1256], [-112.2921, 34.1226], [-112.2911, 34.1196], [-112.2842, 34.1154], [-112.2851, 34.1141], [-112.2836, 34.1142], [-112.2839, 34.1121], [-112.2754, 34.1123], [-112.2695, 34.1107], [-112.2656, 34.107], [-112.2653, 34.1046], [-112.2616, 34.1035], [-112.2635, 34.1005], [-112.2672, 34.0986], [-112.2654, 34.0943], [-112.2673, 34.0899], [-112.2656, 34.0848], [-112.2678, 34.0811], [-112.2656, 34.0797], [-112.2659, 34.0771], [-112.2698, 34.0731], [-112.269, 34.0704], [-112.2709, 34.0693], [-112.2691, 34.0649], [-112.2706, 34.0606], [-112.2688, 34.0596], [-112.2693, 34.057], [-112.2626, 34.0511], [-112.2567, 34.0524], [-112.2542, 34.0511], [-112.2531, 34.0526], [-112.2479, 34.0515], [-112.2465, 34.047], [-112.2436, 34.0472], [-112.2418, 34.0455], [-112.2426, 34.0434], [-112.2322, 34.0382], [-112.2313, 34.0329], [-112.2265, 34.0262], [-112.2229, 34.0248], [-112.2266, 34.0221], [-112.2241, 34.0203], [-112.2251, 34.0165], [-112.2233, 34.0147], [-112.2251, 34.0112], [-112.2233, 34.0092], [-112.2253, 34.0071], [-112.2218, 34.0062], [-112.2183, 34.0008], [-112.2157, 33.9996], [-112.2174, 33.9978], [-112.2174, 33.9935], [-112.2132, 33.9909], [-112.2137, 33.986], [-112.275, 33.9858], [-112.2706, 33.9768], [-112.2717, 33.975], [-112.271, 33.9693], [-112.2799, 33.9671], [-112.2837, 33.9568], [-112.3076, 33.9571], [-112.3076, 33.9553], [-112.3251, 33.9551], [-112.3248, 33.9406], [-112.3431, 33.941], [-112.3419, 33.899], [-112.4279, 33.9207], [-112.428, 33.8982], [-112.4296, 33.8982], [-112.4296, 33.8545], [-112.4529, 33.8546], [-112.4462, 33.8481], [-112.4464, 33.8331], [-112.4482, 33.8328], [-112.4452, 33.8264], [-112.4455, 33.8189], [-112.444, 33.817], [-112.4479, 33.8101], [-112.4477, 33.8079], [-112.4458, 33.8027], [-112.4464, 33.7985], [-112.4392, 33.7822], [-112.5162, 33.7822], [-112.5162, 33.8112], [-112.5249, 33.8114], [-112.5336, 33.8112], [-112.5335, 33.7964], [-112.5508, 33.7965], [-112.5511, 33.7822], [-112.6323, 33.7822], [-112.6323, 33.8299], [-112.625, 33.8522], [-112.6469, 33.8483], [-112.6516, 33.851], [-112.6566, 33.8507], [-112.6613, 33.8524], [-112.6606, 33.836], [-112.663, 33.8308], [-112.6629, 33.8272], [-112.6662, 33.8213], [-112.6718, 33.8201], [-112.6683, 33.8119], [-112.664, 33.8112], [-112.664, 33.7931], [-112.6596, 33.7931], [-112.6596, 33.7858], [-112.664, 33.7858], [-112.664, 33.7822], [-112.6797, 33.7823], [-112.6765, 33.7895], [-112.6747, 33.7895], [-112.6747, 33.7946], [-112.6788, 33.8041], [-112.7076, 33.804]]]}}, {"type": "Feature", "properties": {"zip": "85192", "total": 12, "q1": 2, "q2": 2, "q3": 3, "q4": 5, "pop": 196, "acsPriv": 0, "seats": 18}, "geometry": {"type": "Polygon", "coordinates": [[[-110.9447, 33.2473], [-110.9314, 33.2487], [-110.9208, 33.2533], [-110.9154, 33.2533], [-110.9038, 33.2584], [-110.8995, 33.2563], [-110.8911, 33.2571], [-110.8822, 33.2638], [-110.8739, 33.2639], [-110.8649, 33.2685], [-110.8661, 33.2635], [-110.8594, 33.2594], [-110.8603, 33.2576], [-110.8528, 33.2583], [-110.8498, 33.2558], [-110.847, 33.2593], [-110.8468, 33.258], [-110.8439, 33.259], [-110.8438, 33.2571], [-110.8417, 33.2581], [-110.8408, 33.2563], [-110.839, 33.2584], [-110.8367, 33.2558], [-110.8393, 33.2515], [-110.8362, 33.2496], [-110.8318, 33.2416], [-110.8321, 33.2436], [-110.8282, 33.2453], [-110.8275, 33.2425], [-110.8248, 33.2401], [-110.8148, 33.2367], [-110.8153, 33.2356], [-110.8121, 33.2338], [-110.8097, 33.2401], [-110.8086, 33.238], [-110.8106, 33.2364], [-110.81, 33.2317], [-110.7984, 33.236], [-110.7893, 33.2257], [-110.8033, 33.2035], [-110.8056, 33.1908], [-110.8087, 33.1883], [-110.8116, 33.1812], [-110.8109, 33.1748], [-110.8054, 33.1672], [-110.8044, 33.1596], [-110.8055, 33.1536], [-110.8001, 33.1467], [-110.787, 33.1363], [-110.7865, 33.1234], [-110.7766, 33.1272], [-110.7639, 33.1222], [-110.753, 33.121], [-110.7437, 33.1159], [-110.7315, 33.1001], [-110.7164, 33.0932], [-110.7062, 33.1032], [-110.7062, 33.0837], [-110.7116, 33.0816], [-110.7127, 33.078], [-110.7178, 33.0758], [-110.7211, 33.0762], [-110.7214, 33.073], [-110.7257, 33.0696], [-110.716, 33.0506], [-110.7165, 33.0409], [-110.722, 33.0432], [-110.7251, 33.0419], [-110.7291, 33.0355], [-110.7276, 33.0329], [-110.7282, 33.0295], [-110.7317, 33.0249], [-110.738, 33.0223], [-110.7388, 33.0195], [-110.745, 33.0175], [-110.745, 33.0136], [-110.7468, 33.0107], [-110.7513, 33.0107], [-110.7543, 33.0064], [-110.7634, 33.0052], [-110.7648, 33.0035], [-110.7644, 32.9875], [-110.7664, 32.9854], [-110.7696, 32.985], [-110.7696, 32.9823], [-110.7681, 32.9776], [-110.7635, 32.9727], [-110.7548, 32.9755], [-110.74, 32.9756], [-110.7325, 32.983], [-110.7226, 32.9838], [-110.7122, 32.9869], [-110.7084, 32.991], [-110.7036, 32.9927], [-110.7021, 32.991], [-110.6962, 32.9905], [-110.6906, 32.9863], [-110.6894, 32.9799], [-110.6858, 32.9774], [-110.6743, 32.9731], [-110.666, 32.9753], [-110.6578, 32.9717], [-110.6553, 32.9678], [-110.6519, 32.9667], [-110.6532, 32.9682], [-110.6483, 32.9717], [-110.6404, 32.9721], [-110.6289, 32.9666], [-110.6272, 32.9669], [-110.6253, 32.9698], [-110.625, 32.9685], [-110.6221, 32.9687], [-110.6202, 32.9705], [-110.613, 32.9693], [-110.6072, 32.9646], [-110.6076, 32.9613], [-110.6035, 32.9565], [-110.5982, 32.9553], [-110.5846, 32.9472], [-110.5823, 32.9425], [-110.5788, 32.9434], [-110.5731, 32.9394], [-110.5222, 32.9536], [-110.5007, 32.9786], [-110.4933, 32.9846], [-110.4856, 32.9846], [-110.4611, 32.9944], [-110.4494, 32.9902], [-110.4485, 32.7712], [-110.6714, 32.7724], [-110.6752, 32.7775], [-110.6762, 32.7843], [-110.6836, 32.7875], [-110.6831, 32.7946], [-110.6886, 32.8057], [-110.6973, 32.8073], [-110.7027, 32.8184], [-110.7086, 32.8244], [-110.7091, 32.8284], [-110.7206, 32.8372], [-110.7294, 32.8561], [-110.729, 32.8678], [-110.7334, 32.8796], [-110.7292, 32.8898], [-110.7326, 32.8977], [-110.7323, 32.9089], [-110.746, 32.9268], [-110.7483, 32.9335], [-110.7574, 32.9419], [-110.7724, 32.9665], [-110.7875, 32.9805], [-110.788, 32.9844], [-110.7748, 32.9847], [-110.7745, 33.0104], [-110.7881, 33.0104], [-110.7919, 33.0055], [-110.7957, 33.0053], [-110.9447, 33.2473]]]}}, {"type": "Feature", "properties": {"zip": "85610", "total": 40, "q1": 9, "q2": 9, "q3": 11, "q4": 11, "pop": 74, "acsPriv": 37, "seats": 0}, "geometry": {"type": "Polygon", "coordinates": [[[-110.0288, 31.8022], [-110.0177, 31.817], [-110.0173, 31.8229], [-110.0135, 31.8326], [-110.0004, 31.8493], [-109.9925, 31.8507], [-109.9788, 31.85], [-109.9674, 31.8544], [-109.963, 31.8579], [-109.9533, 31.8605], [-109.9554, 31.8751], [-109.9524, 31.8714], [-109.9487, 31.8707], [-109.9378, 31.873], [-109.9389, 31.8175], [-109.9132, 31.8178], [-109.8852, 31.785], [-109.882, 31.7874], [-109.8799, 31.7934], [-109.8673, 31.8027], [-109.8638, 31.8098], [-109.8627, 31.802], [-109.8575, 31.7977], [-109.8456, 31.8001], [-109.8297, 31.7993], [-109.8301, 31.8022], [-109.8274, 31.8049], [-109.823, 31.8057], [-109.8197, 31.8039], [-109.8149, 31.8057], [-109.8123, 31.7972], [-109.813, 31.791], [-109.8087, 31.7805], [-109.8085, 31.7757], [-109.8106, 31.775], [-109.8084, 31.7709], [-109.8113, 31.7686], [-109.807, 31.7613], [-109.8005, 31.7588], [-109.7615, 31.7587], [-109.7574, 31.7886], [-109.738, 31.7903], [-109.7384, 31.8619], [-109.6952, 31.8619], [-109.6952, 31.8474], [-109.6611, 31.8486], [-109.6611, 31.8474], [-109.6569, 31.8474], [-109.6568, 31.8402], [-109.6403, 31.8398], [-109.6386, 31.8187], [-109.5603, 31.8185], [-109.5568, 31.8161], [-109.554, 31.7873], [-109.5315, 31.7882], [-109.5251, 31.7947], [-109.5134, 31.8015], [-109.5085, 31.809], [-109.4915, 31.8177], [-109.4594, 31.8173], [-109.4427, 31.8094], [-109.4429, 31.8027], [-109.4262, 31.8028], [-109.4258, 31.8172], [-109.3256, 31.8176], [-109.3258, 31.7999], [-109.327, 31.7979], [-109.3256, 31.7967], [-109.3253, 31.729], [-109.3117, 31.729], [-109.3253, 31.7258], [-109.3251, 31.657], [-109.3322, 31.6656], [-109.345, 31.6759], [-109.3629, 31.703], [-109.3677, 31.6887], [-109.3629, 31.6825], [-109.3449, 31.6736], [-109.3442, 31.6681], [-109.3468, 31.665], [-109.3502, 31.6639], [-109.3492, 31.6604], [-109.355, 31.662], [-109.3599, 31.6558], [-109.363, 31.6548], [-109.3668, 31.6493], [-109.3697, 31.6478], [-109.3837, 31.648], [-109.4092, 31.6441], [-109.4199, 31.6493], [-109.4241, 31.6491], [-109.4338, 31.6463], [-109.4374, 31.6436], [-109.4365, 31.6473], [-109.445, 31.6519], [-109.4489, 31.6562], [-109.4547, 31.6552], [-109.4606, 31.6477], [-109.4669, 31.646], [-109.4731, 31.6465], [-109.4739, 31.6257], [-109.4797, 31.6152], [-109.4813, 31.6062], [-109.4881, 31.6], [-109.4896, 31.5951], [-109.5088, 31.5917], [-109.5091, 31.5889], [-109.5132, 31.5878], [-109.5139, 31.5837], [-109.519, 31.5856], [-109.5245, 31.5807], [-109.5266, 31.5755], [-109.5364, 31.5696], [-109.5436, 31.5672], [-109.5445, 31.5652], [-109.5462, 31.5678], [-109.5448, 31.5671], [-109.5439, 31.5834], [-109.5438, 31.6425], [-109.7047, 31.6418], [-109.7055, 31.6859], [-109.7728, 31.6861], [-109.7735, 31.6416], [-109.8525, 31.6412], [-109.8527, 31.604], [-109.8589, 31.6091], [-109.8826, 31.62], [-109.8903, 31.6198], [-109.8981, 31.6224], [-109.9076, 31.6311], [-109.9099, 31.6371], [-109.9243, 31.6566], [-109.9569, 31.6574], [-109.9668, 31.6736], [-109.9818, 31.7371], [-110.0288, 31.8022]]]}}, {"type": "Feature", "properties": {"zip": "86046", "total": 270, "q1": 64, "q2": 65, "q3": 69, "q4": 72, "pop": 1042, "acsPriv": 212, "seats": 0}, "geometry": {"type": "Polygon", "coordinates": [[[-112.456, 35.6163], [-112.4525, 35.6225], [-112.4428, 35.634], [-112.4417, 35.6429], [-112.435, 35.6482], [-112.4099, 35.6788], [-112.3904, 35.6974], [-112.3906, 35.7028], [-112.3848, 35.705], [-112.3795, 35.6989], [-112.3515, 35.682], [-112.3511, 35.6784], [-112.347, 35.6751], [-112.3447, 35.6782], [-112.3406, 35.676], [-112.3291, 35.6776], [-112.3261, 35.6803], [-112.3206, 35.6804], [-112.3139, 35.6881], [-112.3094, 35.6791], [-112.2944, 35.6734], [-112.2956, 35.6689], [-112.3069, 35.6626], [-112.2837, 35.6501], [-112.27, 35.6535], [-112.2631, 35.6529], [-112.2592, 35.6548], [-112.2595, 35.659], [-112.2626, 35.6601], [-112.2626, 35.6615], [-112.2562, 35.669], [-112.256, 35.6718], [-112.2248, 35.6675], [-112.2215, 35.6637], [-112.2048, 35.655], [-112.2014, 35.6548], [-112.1999, 35.6518], [-112.2031, 35.6622], [-112.2274, 35.6811], [-112.2448, 35.7055], [-112.2507, 35.7266], [-112.2582, 35.7373], [-112.2664, 35.7431], [-112.2655, 35.7514], [-112.1306, 35.7655], [-112.1295, 35.7742], [-112.1265, 35.7773], [-112.1214, 35.7794], [-112.1148, 35.7794], [-112.1147, 35.7887], [-112.1202, 35.7935], [-112.1306, 35.7982], [-112.131, 35.8036], [-112.1146, 35.8036], [-112.1143, 35.843], [-112.1002, 35.8444], [-112.0927, 35.8511], [-112.087, 35.8392], [-112.0818, 35.8357], [-112.0755, 35.826], [-112.0712, 35.8234], [-112.0621, 35.8093], [-112.047, 35.7951], [-112.0424, 35.7859], [-112.044, 35.7846], [-112.0421, 35.7852], [-112.0319, 35.7683], [-112.0253, 35.7653], [-112.018, 35.7701], [-112.0135, 35.7707], [-112.0109, 35.7741], [-112.0081, 35.7749], [-112.0069, 35.7734], [-112.0025, 35.7733], [-111.9858, 35.7759], [-111.9845, 35.7788], [-111.9808, 35.7805], [-111.9692, 35.7803], [-111.9681, 35.778], [-111.9701, 35.7762], [-111.9701, 35.7736], [-111.9685, 35.7715], [-111.9694, 35.7751], [-111.9682, 35.7772], [-111.9563, 35.7793], [-111.9504, 35.7826], [-111.9217, 35.7876], [-111.9041, 35.7881], [-111.904, 35.858], [-111.8944, 35.8478], [-111.8901, 35.8518], [-111.8927, 35.8579], [-111.8921, 35.8648], [-111.8864, 35.862], [-111.8817, 35.8503], [-111.8783, 35.8547], [-111.8754, 35.8557], [-111.8709, 35.8627], [-111.8701, 35.8688], [-111.865, 35.8753], [-111.8656, 35.8835], [-111.8712, 35.8882], [-111.8731, 35.8917], [-111.8725, 35.8941], [-111.8638, 35.8909], [-111.8578, 35.8845], [-111.8539, 35.8743], [-111.8489, 35.8716], [-111.8467, 35.8673], [-111.8433, 35.8663], [-111.8422, 35.8626], [-111.8374, 35.8585], [-111.8375, 35.8425], [-111.8413, 35.8391], [-111.8454, 35.8385], [-111.8411, 35.8357], [-111.8359, 35.8231], [-111.8366, 35.8148], [-111.8291, 35.8057], [-111.8275, 35.8062], [-111.8243, 35.803], [-111.8201, 35.8043], [-111.8176, 35.7993], [-111.8191, 35.7976], [-111.8179, 35.7947], [-111.8185, 35.7878], [-111.815, 35.7818], [-111.8097, 35.7799], [-111.8072, 35.7772], [-111.8123, 35.7724], [-111.8201, 35.7684], [-111.8225, 35.761], [-111.8291, 35.7618], [-111.8337, 35.7568], [-111.8469, 35.7644], [-111.8543, 35.7719], [-111.8572, 35.7719], [-111.8634, 35.7778], [-111.8807, 35.7876], [-111.88, 35.7841], [-111.8812, 35.7818], [-111.8781, 35.7776], [-111.8784, 35.7712], [-111.8795, 35.7671], [-111.8888, 35.7694], [-111.8925, 35.7643], [-111.8936, 35.7584], [-111.8912, 35.753], [-111.8935, 35.7427], [-111.8926, 35.739], [-111.9058, 35.7356], [-111.9186, 35.7277], [-111.9256, 35.6814], [-111.9287, 35.6802], [-111.9414, 35.6638], [-111.95, 35.6425], [-111.9386, 35.6204], [-111.9373, 35.6093], [-111.9331, 35.6078], [-111.9286, 35.6033], [-111.9514, 35.5967], [-111.9512, 35.5955], [-111.9666, 35.59], [-112.0223, 35.5769], [-112.044, 35.569], [-112.063, 35.5646], [-112.1135, 35.547], [-112.1171, 35.5429], [-112.12, 35.5445], [-112.1245, 35.5428], [-112.1202, 35.539], [-112.1187, 35.5395], [-112.1186, 35.5376], [-112.1124, 35.5369], [-112.1092, 35.5347], [-112.1039, 35.5244], [-112.0994, 35.5221], [-112.0797, 35.5269], [-112.0677, 35.5259], [-112.066, 35.5245], [-112.0678, 35.5124], [-112.07, 35.5105], [-112.0742, 35.5103], [-112.0789, 35.5064], [-112.0872, 35.4919], [-112.0854, 35.4832], [-112.0802, 35.4821], [-112.0821, 35.4785], [-112.0783, 35.4679], [-112.069, 35.4663], [-112.0835, 35.4615], [-112.1127, 35.4568], [-112.1109, 35.4534], [-112.107, 35.453], [-112.1067, 35.4506], [-112.0985, 35.451], [-112.0955, 35.4483], [-112.0922, 35.4479], [-112.0871, 35.4384], [-112.0869, 35.4344], [-112.0665, 35.4302], [-112.0542, 35.4196], [-112.053, 35.4104], [-112.0507, 35.4064], [-112.0551, 35.4064], [-112.0482, 35.402], [-112.0482, 35.3998], [-112.0494, 35.3934], [-112.0563, 35.3885], [-112.0459, 35.3863], [-112.0452, 35.3678], [-112.0422, 35.3652], [-112.0527, 35.3584], [-112.0598, 35.3577], [-112.0519, 35.3545], [-112.0502, 35.352], [-112.0511, 35.3426], [-112.038, 35.3289], [-112.0406, 35.3233], [-112.0195, 35.3234], [-112.018, 35.3221], [-112.0172, 35.3167], [-112.0192, 35.3133], [-112.0189, 35.3096], [-112.0123, 35.3059], [-112.0124, 35.2983], [-112.0091, 35.2971], [-112.0057, 35.2885], [-112.0007, 35.2857], [-111.9969, 35.2798], [-111.991, 35.2783], [-111.992, 35.2745], [-111.9962, 35.2733], [-111.9983, 35.2708], [-112.0036, 35.2604], [-112.0311, 35.264], [-112.0306, 35.2603], [-111.9791, 35.2479], [-111.9789, 35.2435], [-111.9929, 35.2438], [-111.9965, 35.2418], [-111.9988, 35.2424], [-111.9989, 35.2398], [-112.0024, 35.2368], [-112.023, 35.236], [-112.0303, 35.2443], [-112.0296, 35.2404], [-112.0255, 35.236], [-112.0275, 35.2348], [-112.0348, 35.2341], [-112.0454, 35.2292], [-112.0499, 35.226], [-112.0495, 35.2234], [-112.0529, 35.2215], [-112.0662, 35.2184], [-112.0744, 35.2196], [-112.0568, 35.2011], [-112.044, 35.1948], [-112.04, 35.1885], [-112.0346, 35.1854], [-112.0329, 35.1823], [-112.0395, 35.1653], [-112.0519, 35.1699], [-112.0733, 35.1718], [-112.0797, 35.1703], [-112.08, 35.1743], [-112.0902, 35.173], [-112.1017, 35.1754], [-112.1079, 35.1736], [-112.113, 35.1764], [-112.1181, 35.1742], [-112.1195, 35.1697], [-112.1193, 35.1679], [-112.1159, 35.1671], [-112.1054, 35.1587], [-112.1066, 35.1557], [-112.1112, 35.152], [-112.1115, 35.1469], [-112.1232, 35.1468], [-112.1245, 35.1481], [-112.1245, 35.1468], [-112.1364, 35.1466], [-112.1487, 35.1422], [-112.1443, 35.1356], [-112.1458, 35.1301], [-112.1442, 35.1219], [-112.1491, 35.12], [-112.1488, 35.1151], [-112.1506, 35.1126], [-112.1484, 35.11], [-112.1501, 35.105], [-112.1459, 35.1046], [-112.142, 35.0988], [-112.1472, 35.0961], [-112.144, 35.0943], [-112.1498, 35.0905], [-112.1503, 35.0851], [-112.16, 35.0808], [-112.1617, 35.0763], [-112.1677, 35.0698], [-112.1674, 35.0647], [-112.1587, 35.0622], [-112.1543, 35.0554], [-112.1547, 35.0509], [-112.1534, 35.0509], [-112.1599, 35.0464], [-112.1664, 35.0461], [-112.1702, 35.0413], [-112.1686, 35.0403], [-112.1718, 35.0292], [-112.1797, 35.0256], [-112.1833, 35.0214], [-112.1923, 35.0204], [-112.1935, 35.0177], [-112.1918, 35.0165], [-112.1917, 35.0129], [-112.193, 35.0112], [-112.1975, 35.0101], [-112.2031, 35.0132], [-112.208, 35.0138], [-112.2197, 35.0041], [-112.2206, 35.0003], [-112.2182, 35.0008], [-112.214, 34.9987], [-112.2096, 34.9931], [-112.2069, 34.992], [-112.2093, 34.9926], [-112.2037, 34.9827], [-112.205, 34.974], [-112.3345, 34.973], [-112.3358, 35.1482], [-112.4423, 35.1492], [-112.4427, 35.2181], [-112.4304, 35.2146], [-112.4107, 35.2132], [-112.3961, 35.2167], [-112.3874, 35.2157], [-112.371, 35.2169], [-112.3558, 35.2149], [-112.354, 35.27], [-112.3576, 35.2737], [-112.3651, 35.2738], [-112.3819, 35.2798], [-112.3966, 35.2807], [-112.4007, 35.277], [-112.403, 35.2798], [-112.3993, 35.2804], [-112.3986, 35.2827], [-112.3962, 35.2823], [-112.3949, 35.2851], [-112.3912, 35.2866], [-112.3945, 35.2928], [-112.3895, 35.2919], [-112.3888, 35.2969], [-112.3854, 35.2981], [-112.3883, 35.3015], [-112.3852, 35.3064], [-112.3895, 35.3124], [-112.3734, 35.3111], [-112.3605, 35.3136], [-112.354, 35.3167], [-112.3554, 35.3138], [-112.3517, 35.3135], [-112.3442, 35.3091], [-112.3313, 35.308], [-112.3268, 35.3101], [-112.3147, 35.3096], [-112.3015, 35.3015], [-112.2936, 35.2987], [-112.2827, 35.2986], [-112.2772, 35.3003], [-112.2662, 35.2992], [-112.2613, 35.3007], [-112.2588, 35.3119], [-112.2602, 35.313], [-112.2735, 35.3118], [-112.2742, 35.3211], [-112.2722, 35.3294], [-112.2733, 35.3376], [-112.284, 35.3444], [-112.2494, 35.377], [-112.2464, 35.3754], [-112.2343, 35.3783], [-112.2259, 35.3773], [-112.2253, 35.384], [-112.2278, 35.3973], [-112.2076, 35.4163], [-112.205, 35.4114], [-112.1976, 35.4089], [-112.1959, 35.4061], [-112.1867, 35.4051], [-112.1831, 35.4027], [-112.1799, 35.4077], [-112.1802, 35.4099], [-112.1782, 35.4099], [-112.1756, 35.4132], [-112.1762, 35.4179], [-112.1789, 35.4197], [-112.1807, 35.418], [-112.1863, 35.4202], [-112.1863, 35.4227], [-112.192, 35.4279], [-112.1946, 35.4278], [-112.2022, 35.4213], [-112.1949, 35.4281], [-112.196, 35.4291], [-112.2115, 35.427], [-112.2393, 35.4305], [-112.2454, 35.4297], [-112.2742, 35.4323], [-112.2756, 35.4375], [-112.2844, 35.4536], [-112.2934, 35.4606], [-112.2972, 35.4684], [-112.2964, 35.4735], [-112.2997, 35.4776], [-112.3006, 35.4847], [-112.3229, 35.5012], [-112.3285, 35.5082], [-112.3355, 35.5126], [-112.3392, 35.5202], [-112.3549, 35.5329], [-112.3643, 35.5381], [-112.3654, 35.5569], [-112.3674, 35.5657], [-112.3667, 35.5797], [-112.3774, 35.5819], [-112.3874, 35.5871], [-112.3901, 35.5917], [-112.4126, 35.5911], [-112.4182, 35.5927], [-112.4189, 35.5915], [-112.4229, 35.5949], [-112.4282, 35.6032], [-112.4367, 35.6053], [-112.4414, 35.6103], [-112.4494, 35.6146], [-112.4534, 35.6202], [-112.456, 35.6163]]]}}, {"type": "Feature", "properties": {"zip": "85355", "total": 1177, "q1": 273, "q2": 293, "q3": 300, "q4": 311, "pop": 2358, "acsPriv": 315, "seats": 0}, "geometry": {"type": "Polygon", "coordinates": [[[-112.5135, 33.5515], [-112.5135, 33.5853], [-112.5112, 33.5926], [-112.5134, 33.6021], [-112.5133, 33.6388], [-112.4973, 33.6387], [-112.4964, 33.6333], [-112.5011, 33.6306], [-112.4948, 33.6297], [-112.4787, 33.6358], [-112.4787, 33.6384], [-112.455, 33.6385], [-112.4586, 33.6363], [-112.4578, 33.6322], [-112.4594, 33.6284], [-112.4573, 33.617], [-112.4592, 33.6129], [-112.4593, 33.6074], [-112.4699, 33.5907], [-112.4701, 33.5807], [-112.359, 33.5802], [-112.3589, 33.5578], [-112.3466, 33.5512], [-112.4269, 33.5517], [-112.4268, 33.5082], [-112.4439, 33.5082], [-112.4442, 33.5227], [-112.4613, 33.5226], [-112.4613, 33.5176], [-112.4613, 33.5372], [-112.4698, 33.5371], [-112.4701, 33.5516], [-112.5135, 33.5515]]]}}, {"type": "Feature", "properties": {"zip": "85730", "total": 992, "q1": 223, "q2": 249, "q3": 266, "q4": 254, "pop": 5965, "acsPriv": 809, "seats": 0}, "geometry": {"type": "Polygon", "coordinates": [[[-110.8579, 32.1811], [-110.8579, 32.1928], [-110.855, 32.1928], [-110.8543, 32.1943], [-110.8532, 32.192], [-110.8415, 32.195], [-110.8376, 32.192], [-110.8281, 32.1919], [-110.8269, 32.1936], [-110.8239, 32.1934], [-110.8239, 32.1919], [-110.7626, 32.1912], [-110.7523, 32.1943], [-110.7478, 32.1918], [-110.738, 32.1918], [-110.7381, 32.2209], [-110.721, 32.2209], [-110.7209, 32.2355], [-110.6524, 32.2351], [-110.6529, 32.1624], [-110.7457, 32.1627], [-110.7457, 32.1669], [-110.7466, 32.1672], [-110.7465, 32.1627], [-110.7557, 32.1628], [-110.7552, 32.1545], [-110.7683, 32.1628], [-110.8409, 32.1628], [-110.8409, 32.1774], [-110.8559, 32.1775], [-110.8559, 32.1811], [-110.8579, 32.1811]]]}}, {"type": "Feature", "properties": {"zip": "85363", "total": 292, "q1": 60, "q2": 72, "q3": 80, "q4": 80, "pop": 1192, "acsPriv": 188, "seats": 195}, "geometry": {"type": "Polygon", "coordinates": [[[-112.3115, 33.5654], [-112.3115, 33.5866], [-112.307, 33.5945], [-112.3046, 33.6068], [-112.2987, 33.6052], [-112.2987, 33.58], [-112.3029, 33.5794], [-112.3031, 33.5755], [-112.3002, 33.5655], [-112.3115, 33.5654]]]}}, {"type": "Feature", "properties": {"zip": "86015", "total": 124, "q1": 27, "q2": 29, "q3": 35, "q4": 33, "pop": 185, "acsPriv": 33, "seats": 0}, "geometry": {"type": "Polygon", "coordinates": [[[-111.8733, 35.2356], [-111.8722, 35.2378], [-111.8641, 35.2371], [-111.8641, 35.248], [-111.8609, 35.2475], [-111.861, 35.2556], [-111.8462, 35.2493], [-111.841, 35.25], [-111.8335, 35.2479], [-111.8146, 35.2464], [-111.7733, 35.2274], [-111.7717, 35.2313], [-111.7745, 35.2349], [-111.7726, 35.2378], [-111.7667, 35.2361], [-111.7519, 35.2398], [-111.7493, 35.2421], [-111.7457, 35.2387], [-111.7442, 35.2292], [-111.7478, 35.226], [-111.7495, 35.2151], [-111.7558, 35.2009], [-111.7669, 35.2042], [-111.7722, 35.2102], [-111.7718, 35.19], [-111.7727, 35.1899], [-111.772, 35.1918], [-111.7802, 35.1941], [-111.7764, 35.1976], [-111.7775, 35.2023], [-111.7846, 35.2035], [-111.7888, 35.199], [-111.7915, 35.1999], [-111.7931, 35.2051], [-111.8077, 35.2114], [-111.8077, 35.2004], [-111.8144, 35.2022], [-111.8144, 35.1963], [-111.8158, 35.1969], [-111.8159, 35.2004], [-111.82, 35.1976], [-111.8248, 35.2009], [-111.8248, 35.2064], [-111.8335, 35.2084], [-111.8357, 35.2103], [-111.8352, 35.2133], [-111.8395, 35.2003], [-111.8498, 35.2005], [-111.8516, 35.203], [-111.8468, 35.2067], [-111.8481, 35.2071], [-111.848, 35.2123], [-111.8574, 35.2151], [-111.8589, 35.2127], [-111.8551, 35.2214], [-111.8594, 35.2233], [-111.8642, 35.2223], [-111.8722, 35.2305], [-111.8733, 35.2356]]]}}, {"type": "Feature", "properties": {"zip": "85926", "total": 40, "q1": 11, "q2": 10, "q3": 10, "q4": 9, "pop": 182, "acsPriv": 0, "seats": 0}, "geometry": {"type": "Polygon", "coordinates": [[[-110.0007, 33.747], [-110.0007, 33.7912], [-109.9966, 33.7976], [-109.9824, 33.7972], [-109.9785, 33.799], [-109.9796, 33.7938], [-109.9747, 33.7933], [-109.9729, 33.7955], [-109.9714, 33.7943], [-109.9604, 33.7951], [-109.9577, 33.794], [-109.9572, 33.7905], [-109.9628, 33.7929], [-109.9632, 33.7899], [-109.9609, 33.7905], [-109.9554, 33.7807], [-109.9501, 33.7784], [-109.9524, 33.7783], [-109.9539, 33.7753], [-109.9519, 33.7691], [-109.9535, 33.7685], [-109.9563, 33.7714], [-109.9588, 33.7676], [-109.9567, 33.7644], [-109.951, 33.7634], [-109.9498, 33.7613], [-109.9539, 33.7596], [-109.9579, 33.7602], [-109.959, 33.7568], [-109.962, 33.7544], [-109.9702, 33.7525], [-109.9717, 33.759], [-109.9743, 33.7603], [-109.9795, 33.7595], [-109.9892, 33.7557], [-109.9941, 33.7505], [-109.9989, 33.7492], [-110.0007, 33.747]]]}}, {"type": "Feature", "properties": {"zip": "85233", "total": 1653, "q1": 385, "q2": 416, "q3": 432, "q4": 420, "pop": 6549, "acsPriv": 505, "seats": 233}, "geometry": {"type": "Polygon", "coordinates": [[[-111.8423, 33.3762], [-111.8411, 33.3788], [-111.7884, 33.379], [-111.7901, 33.3737], [-111.7916, 33.3732], [-111.7916, 33.3717], [-111.79, 33.3717], [-111.7899, 33.368], [-111.7922, 33.3681], [-111.7921, 33.3653], [-111.7898, 33.3644], [-111.7897, 33.3572], [-111.7917, 33.3572], [-111.7917, 33.356], [-111.7897, 33.3549], [-111.7896, 33.3516], [-111.7913, 33.3516], [-111.7896, 33.3506], [-111.7897, 33.3428], [-111.7912, 33.3428], [-111.792, 33.3395], [-111.7898, 33.3389], [-111.7899, 33.3349], [-111.7952, 33.3317], [-111.7969, 33.3283], [-111.79, 33.3282], [-111.7898, 33.3137], [-111.8069, 33.3137], [-111.8069, 33.3281], [-111.8241, 33.328], [-111.8242, 33.3389], [-111.8331, 33.3388], [-111.833, 33.3613], [-111.8418, 33.3613], [-111.8423, 33.3762]]]}}, {"type": "Feature", "properties": {"zip": "85382", "total": 1504, "q1": 339, "q2": 368, "q3": 396, "q4": 401, "pop": 6173, "acsPriv": 496, "seats": 226}, "geometry": {"type": "Polygon", "coordinates": [[[-112.29, 33.668], [-112.2898, 33.6818], [-112.2224, 33.6817], [-112.2269, 33.6717], [-112.2356, 33.6599], [-112.2366, 33.6527], [-112.2377, 33.6527], [-112.2377, 33.6421], [-112.2401, 33.6384], [-112.2376, 33.64], [-112.2376, 33.638], [-112.2029, 33.6375], [-112.2025, 33.6269], [-112.2085, 33.625], [-112.2112, 33.6269], [-112.2114, 33.6248], [-112.2149, 33.6278], [-112.2117, 33.6247], [-112.2348, 33.6246], [-112.2395, 33.6204], [-112.2403, 33.6246], [-112.2548, 33.6243], [-112.255, 33.638], [-112.2594, 33.638], [-112.2593, 33.6526], [-112.2724, 33.6526], [-112.2725, 33.6671], [-112.29, 33.668]]]}}, {"type": "Feature", "properties": {"zip": "85201", "total": 1223, "q1": 273, "q2": 313, "q3": 326, "q4": 311, "pop": 8123, "acsPriv": 734, "seats": 230}, "geometry": {"type": "Polygon", "coordinates": [[[-111.8912, 33.4299], [-111.8911, 33.4368], [-111.8736, 33.4372], [-111.8611, 33.4477], [-111.8563, 33.4483], [-111.8564, 33.4513], [-111.8488, 33.4519], [-111.8405, 33.4607], [-111.8368, 33.4606], [-111.8355, 33.4588], [-111.8355, 33.4625], [-111.8287, 33.4626], [-111.8264, 33.4665], [-111.8264, 33.4698], [-111.8221, 33.4698], [-111.8223, 33.4644], [-111.8207, 33.4644], [-111.8218, 33.4628], [-111.8202, 33.4601], [-111.8224, 33.4601], [-111.8226, 33.4378], [-111.8169, 33.4397], [-111.8171, 33.4413], [-111.8165, 33.4421], [-111.8161, 33.4368], [-111.8226, 33.4368], [-111.8228, 33.4267], [-111.8208, 33.426], [-111.8228, 33.426], [-111.823, 33.4142], [-111.8263, 33.4151], [-111.8263, 33.4129], [-111.8328, 33.4129], [-111.8328, 33.4151], [-111.8376, 33.4141], [-111.8442, 33.4151], [-111.8442, 33.4133], [-111.8545, 33.4131], [-111.8546, 33.4149], [-111.8566, 33.4149], [-111.8566, 33.4113], [-111.8828, 33.4112], [-111.8832, 33.4125], [-111.8871, 33.4125], [-111.8772, 33.4221], [-111.883, 33.4221], [-111.8828, 33.4294], [-111.8912, 33.4299]]]}}, {"type": "Feature", "properties": {"zip": "85297", "total": 2716, "q1": 624, "q2": 682, "q3": 704, "q4": 706, "pop": 10089, "acsPriv": 1421, "seats": 0}, "geometry": {"type": "Polygon", "coordinates": [[[-111.7896, 33.2738], [-111.7897, 33.286], [-111.7853, 33.2882], [-111.7855, 33.292], [-111.7641, 33.2921], [-111.7601, 33.2942], [-111.758, 33.2914], [-111.7463, 33.2938], [-111.7422, 33.2923], [-111.7006, 33.2926], [-111.6985, 33.2917], [-111.7003, 33.2902], [-111.6986, 33.2888], [-111.6863, 33.2885], [-111.6858, 33.2628], [-111.6862, 33.2665], [-111.6957, 33.2641], [-111.7311, 33.2632], [-111.7311, 33.2611], [-111.7336, 33.2611], [-111.7336, 33.2632], [-111.7379, 33.2631], [-111.7379, 33.2704], [-111.7527, 33.2705], [-111.7553, 33.2705], [-111.7554, 33.2631], [-111.7816, 33.263], [-111.7794, 33.2702], [-111.7749, 33.2739], [-111.7896, 33.2738]]]}}, {"type": "Feature", "properties": {"zip": "85295", "total": 3078, "q1": 727, "q2": 768, "q3": 801, "q4": 782, "pop": 13244, "acsPriv": 1235, "seats": 389}, "geometry": {"type": "Polygon", "coordinates": [[[-111.7897, 33.286], [-111.7898, 33.3209], [-111.786, 33.321], [-111.786, 33.3191], [-111.784, 33.3191], [-111.7818, 33.321], [-111.7212, 33.3214], [-111.721, 33.3192], [-111.7177, 33.3193], [-111.7177, 33.3214], [-111.6869, 33.3217], [-111.6868, 33.3117], [-111.6891, 33.3052], [-111.6867, 33.3011], [-111.6864, 33.2885], [-111.6938, 33.2894], [-111.6953, 33.2879], [-111.6975, 33.2897], [-111.6986, 33.2888], [-111.7003, 33.2902], [-111.6985, 33.2917], [-111.7014, 33.2926], [-111.7422, 33.2923], [-111.7463, 33.2938], [-111.758, 33.2914], [-111.7601, 33.2942], [-111.7641, 33.2921], [-111.7855, 33.292], [-111.7853, 33.2882], [-111.7897, 33.286]]]}}, {"type": "Feature", "properties": {"zip": "85043", "total": 651, "q1": 145, "q2": 162, "q3": 176, "q4": 168, "pop": 9764, "acsPriv": 553, "seats": 0}, "geometry": {"type": "Polygon", "coordinates": [[[-112.2455, 33.4076], [-112.2379, 33.4084], [-112.2383, 33.4408], [-112.234, 33.4408], [-112.2336, 33.4439], [-112.2213, 33.4444], [-112.2213, 33.4517], [-112.2384, 33.4518], [-112.2382, 33.4653], [-112.2292, 33.4655], [-112.2296, 33.4627], [-112.1776, 33.4627], [-112.1777, 33.466], [-112.167, 33.466], [-112.166, 33.4646], [-112.16, 33.466], [-112.1604, 33.4626], [-112.1519, 33.4621], [-112.1521, 33.4138], [-112.1691, 33.4102], [-112.1692, 33.4115], [-112.1731, 33.4114], [-112.1811, 33.408], [-112.192, 33.4082], [-112.1923, 33.4003], [-112.2127, 33.4013], [-112.2127, 33.3975], [-112.2201, 33.3964], [-112.22, 33.3918], [-112.2369, 33.3919], [-112.2369, 33.399], [-112.2393, 33.3991], [-112.2393, 33.4027], [-112.2455, 33.4027], [-112.2455, 33.4076]]]}}, {"type": "Feature", "properties": {"zip": "85254", "total": 3399, "q1": 811, "q2": 852, "q3": 879, "q4": 857, "pop": 6175, "acsPriv": 1260, "seats": 698}, "geometry": {"type": "Polygon", "coordinates": [[[-111.9783, 33.5975], [-111.9758, 33.5973], [-111.9757, 33.6035], [-111.9779, 33.605], [-111.9779, 33.6116], [-111.9753, 33.6115], [-111.9752, 33.6129], [-111.9779, 33.6137], [-111.9778, 33.6261], [-111.9752, 33.6268], [-111.9778, 33.6274], [-111.9778, 33.638], [-111.9751, 33.6389], [-111.9747, 33.6406], [-111.9776, 33.6406], [-111.9753, 33.6413], [-111.9774, 33.6424], [-111.9774, 33.6563], [-111.9597, 33.6508], [-111.9385, 33.6404], [-111.9166, 33.6363], [-111.9168, 33.633], [-111.922, 33.633], [-111.9224, 33.6264], [-111.9257, 33.6258], [-111.9221, 33.6257], [-111.9223, 33.6218], [-111.9245, 33.6192], [-111.9245, 33.6127], [-111.9232, 33.6112], [-111.9259, 33.6112], [-111.926, 33.604], [-111.9221, 33.604], [-111.9233, 33.6012], [-111.926, 33.6007], [-111.926, 33.5894], [-111.9216, 33.5894], [-111.9217, 33.5821], [-111.926, 33.5822], [-111.926, 33.5803], [-111.9281, 33.5803], [-111.9281, 33.5822], [-111.939, 33.5809], [-111.939, 33.5821], [-111.9649, 33.5827], [-111.9642, 33.579], [-111.9653, 33.579], [-111.9685, 33.5827], [-111.9779, 33.5827], [-111.9783, 33.5975]]]}}, {"type": "Feature", "properties": {"zip": "85251", "total": 1155, "q1": 267, "q2": 286, "q3": 297, "q4": 305, "pop": 2714, "acsPriv": 433, "seats": 319}, "geometry": {"type": "Polygon", "coordinates": [[[-111.9578, 33.4796], [-111.949, 33.4826], [-111.9499, 33.4875], [-111.952, 33.4875], [-111.952, 33.5026], [-111.9481, 33.5064], [-111.9433, 33.5067], [-111.9433, 33.5084], [-111.9259, 33.5096], [-111.8918, 33.5089], [-111.8918, 33.5021], [-111.8876, 33.502], [-111.8877, 33.4875], [-111.8899, 33.4804], [-111.9068, 33.4804], [-111.9069, 33.4787], [-111.9089, 33.4786], [-111.9089, 33.4804], [-111.9139, 33.4792], [-111.914, 33.4804], [-111.9331, 33.4803], [-111.9348, 33.4795], [-111.9348, 33.4766], [-111.939, 33.4765], [-111.9386, 33.4729], [-111.9428, 33.4802], [-111.9497, 33.4801], [-111.9497, 33.4789], [-111.9578, 33.4796]], [[-111.9098, 33.5089], [-111.9105, 33.5061], [-111.9098, 33.5061], [-111.9098, 33.5089]]]}}, {"type": "Feature", "properties": {"zip": "85323", "total": 1471, "q1": 336, "q2": 364, "q3": 388, "q4": 383, "pop": 9650, "acsPriv": 841, "seats": 0}, "geometry": {"type": "Polygon", "coordinates": [[[-112.3635, 33.3888], [-112.3573, 33.392], [-112.3579, 33.4247], [-112.3499, 33.4289], [-112.3579, 33.4251], [-112.3583, 33.4353], [-112.354, 33.4353], [-112.3539, 33.4426], [-112.3498, 33.4426], [-112.3498, 33.4462], [-112.354, 33.4462], [-112.3539, 33.4498], [-112.3411, 33.4499], [-112.341, 33.4577], [-112.3172, 33.4576], [-112.2954, 33.461], [-112.2725, 33.4614], [-112.2725, 33.4502], [-112.2898, 33.4499], [-112.2897, 33.4321], [-112.2938, 33.4355], [-112.3023, 33.4355], [-112.3023, 33.4289], [-112.2897, 33.4282], [-112.2896, 33.421], [-112.3237, 33.4205], [-112.323, 33.3845], [-112.319, 33.3845], [-112.3188, 33.3809], [-112.3065, 33.3808], [-112.3071, 33.3791], [-112.3061, 33.3806], [-112.3062, 33.3626], [-112.3407, 33.3628], [-112.3408, 33.37], [-112.332, 33.37], [-112.3319, 33.3739], [-112.3234, 33.3739], [-112.3228, 33.3775], [-112.3572, 33.3777], [-112.3572, 33.386], [-112.3635, 33.3888]]]}}, {"type": "Feature", "properties": {"zip": "85383", "total": 5392, "q1": 1264, "q2": 1334, "q3": 1395, "q4": 1399, "pop": 16780, "acsPriv": 2420, "seats": 295}, "geometry": {"type": "Polygon", "coordinates": [[[-112.4529, 33.8546], [-112.4296, 33.8545], [-112.4296, 33.8982], [-112.428, 33.8982], [-112.4279, 33.9207], [-112.2762, 33.8825], [-112.2776, 33.8886], [-112.2767, 33.8921], [-112.2645, 33.8991], [-112.2211, 33.8993], [-112.221, 33.8612], [-112.2493, 33.8269], [-112.2358, 33.8268], [-112.242, 33.8049], [-112.2388, 33.8025], [-112.2266, 33.7979], [-112.206, 33.7978], [-112.2063, 33.7764], [-112.2032, 33.7744], [-112.2038, 33.7712], [-112.2016, 33.7675], [-112.2036, 33.7511], [-112.2031, 33.6963], [-112.2203, 33.6963], [-112.2204, 33.6816], [-112.2898, 33.6818], [-112.2897, 33.6962], [-112.2914, 33.6962], [-112.2927, 33.7003], [-112.2898, 33.7045], [-112.29, 33.7107], [-112.2942, 33.7107], [-112.2944, 33.7133], [-112.3033, 33.7136], [-112.3108, 33.7136], [-112.3159, 33.7024], [-112.3209, 33.6989], [-112.3528, 33.6984], [-112.3599, 33.6967], [-112.3602, 33.7531], [-112.387, 33.7531], [-112.3867, 33.7615], [-112.398, 33.7719], [-112.3948, 33.7821], [-112.4392, 33.7822], [-112.4464, 33.7985], [-112.4458, 33.8027], [-112.4477, 33.8079], [-112.4479, 33.8101], [-112.444, 33.817], [-112.4455, 33.8189], [-112.4452, 33.8264], [-112.4482, 33.8328], [-112.4464, 33.8331], [-112.4462, 33.8481], [-112.4529, 33.8546]]]}}, {"type": "Feature", "properties": {"zip": "85373", "total": 656, "q1": 150, "q2": 166, "q3": 174, "q4": 166, "pop": 1897, "acsPriv": 242, "seats": 0}, "geometry": {"type": "Polygon", "coordinates": [[[-112.3342, 33.6822], [-112.3338, 33.6934], [-112.3321, 33.6935], [-112.3323, 33.6954], [-112.3339, 33.6948], [-112.334, 33.6983], [-112.3234, 33.6984], [-112.318, 33.7004], [-112.3108, 33.7136], [-112.2944, 33.7133], [-112.2942, 33.7107], [-112.29, 33.7107], [-112.2898, 33.7045], [-112.2927, 33.7005], [-112.2914, 33.6962], [-112.2897, 33.6962], [-112.29, 33.6672], [-112.2725, 33.6671], [-112.2724, 33.6526], [-112.2593, 33.6526], [-112.2594, 33.638], [-112.3015, 33.6383], [-112.301, 33.6452], [-112.2985, 33.6452], [-112.2985, 33.6525], [-112.3078, 33.6523], [-112.3078, 33.6677], [-112.3121, 33.6677], [-112.3158, 33.6618], [-112.3163, 33.6503], [-112.3248, 33.65], [-112.3252, 33.6822], [-112.3342, 33.6822]]]}}, {"type": "Feature", "properties": {"zip": "86039", "total": 2, "q1": 1, "q2": 1, "q3": 0, "q4": 0, "pop": 84, "acsPriv": 0, "seats": 0}, "geometry": {"type": "Polygon", "coordinates": [[[-110.7507, 35.8335], [-110.7453, 35.8317], [-110.7202, 35.8334], [-110.7006, 35.8401], [-110.6869, 35.8467], [-110.669, 35.8488], [-110.6658, 35.8505], [-110.6675, 35.855], [-110.6649, 35.8648], [-110.6663, 35.8678], [-110.6627, 35.8717], [-110.6637, 35.8746], [-110.66, 35.8794], [-110.6595, 35.8894], [-110.6458, 35.8882], [-110.6427, 35.8894], [-110.6393, 35.8957], [-110.6304, 35.9004], [-110.623, 35.9014], [-110.6196, 35.8991], [-110.6137, 35.8991], [-110.6209, 35.9055], [-110.6189, 35.9064], [-110.6214, 35.9094], [-110.6196, 35.9105], [-110.6304, 35.9229], [-110.6293, 35.9246], [-110.6327, 35.9327], [-110.637, 35.9337], [-110.6386, 35.937], [-110.6437, 35.934], [-110.6418, 35.9396], [-110.648, 35.9359], [-110.6478, 35.9412], [-110.6503, 35.9476], [-110.6482, 35.9512], [-110.6489, 35.966], [-110.6226, 35.9821], [-110.6148, 35.9834], [-110.6046, 35.9885], [-110.5985, 35.9894], [-110.5943, 35.9846], [-110.5849, 35.9911], [-110.5648, 35.989], [-110.5681, 35.998], [-110.5628, 35.998], [-110.5585, 36.0022], [-110.5618, 36.0049], [-110.5649, 36.0034], [-110.5652, 36.0056], [-110.5675, 36.0061], [-110.5705, 36.0123], [-110.5699, 36.0162], [-110.5738, 36.0198], [-110.5609, 36.0327], [-110.5623, 36.0347], [-110.5609, 36.0365], [-110.5621, 36.0392], [-110.5603, 36.0415], [-110.6167, 36.0414], [-110.6166, 36.0996], [-110.6102, 36.1052], [-110.6149, 36.1127], [-110.612, 36.1144], [-110.6181, 36.118], [-110.6216, 36.1273], [-110.6181, 36.1301], [-110.6188, 36.1354], [-110.6161, 36.1378], [-110.6025, 36.1314], [-110.6086, 36.1529], [-110.604, 36.1677], [-110.5846, 36.1658], [-110.5802, 36.1683], [-110.5785, 36.1708], [-110.5821, 36.1769], [-110.5773, 36.1808], [-110.578, 36.1914], [-110.5614, 36.189], [-110.5543, 36.1844], [-110.5473, 36.1841], [-110.5428, 36.1858], [-110.5388, 36.1837], [-110.5374, 36.1805], [-110.5379, 36.1843], [-110.5241, 36.1901], [-110.5154, 36.1974], [-110.5143, 36.1931], [-110.5126, 36.1929], [-110.5119, 36.1857], [-110.5085, 36.1825], [-110.5063, 36.1726], [-110.5036, 36.1726], [-110.5007, 36.1686], [-110.4938, 36.1676], [-110.4852, 36.1746], [-110.4723, 36.179], [-110.4689, 36.1823], [-110.461, 36.1831], [-110.458, 36.1858], [-110.4606, 36.1896], [-110.454, 36.1901], [-110.4467, 36.193], [-110.4486, 36.2049], [-110.4469, 36.2055], [-110.4471, 36.2121], [-110.4549, 36.2188], [-110.4613, 36.2196], [-110.4577, 36.2231], [-110.4596, 36.2275], [-110.4544, 36.2336], [-110.4457, 36.2377], [-110.439, 36.232], [-110.4338, 36.2411], [-110.4305, 36.2411], [-110.4342, 36.2133], [-110.4315, 36.2048], [-110.4249, 36.2018], [-110.4199, 36.2017], [-110.4184, 36.1994], [-110.4104, 36.197], [-110.4054, 36.1929], [-110.3675, 36.1886], [-110.357, 36.1806], [-110.3523, 36.1735], [-110.3512, 36.1671], [-110.3456, 36.1598], [-110.3496, 36.1531], [-110.3529, 36.153], [-110.3625, 36.1475], [-110.3682, 36.1476], [-110.3736, 36.1374], [-110.3848, 36.1338], [-110.3862, 36.1303], [-110.398, 36.1249], [-110.3999, 36.1206], [-110.403, 36.1182], [-110.4057, 36.1183], [-110.4092, 36.115], [-110.4008, 36.1047], [-110.3926, 36.1044], [-110.3846, 36.1006], [-110.3941, 36.0953], [-110.3912, 36.0926], [-110.4018, 36.09], [-110.4055, 36.0844], [-110.404, 36.0753], [-110.3943, 36.0699], [-110.4255, 36.0699], [-110.425, 36.0992], [-110.4439, 36.0996], [-110.465, 36.0994], [-110.4642, 36.0927], [-110.4667, 36.0867], [-110.4648, 36.0793], [-110.4674, 36.0732], [-110.4698, 36.0706], [-110.4871, 36.0704], [-110.4758, 36.0384], [-110.4781, 36.0397], [-110.4795, 36.0385], [-110.4815, 36.0336], [-110.4865, 36.0292], [-110.4865, 36.0216], [-110.4901, 36.0189], [-110.4893, 36.0143], [-110.4902, 36.0117], [-110.4923, 36.0109], [-110.4923, 36.0088], [-110.4992, 36.0035], [-110.4988, 36.002], [-110.5015, 35.9993], [-110.5005, 35.9977], [-110.504, 35.994], [-110.5061, 35.9926], [-110.5068, 35.9938], [-110.511, 35.9906], [-110.5061, 35.9844], [-110.5096, 35.9832], [-110.512, 35.9854], [-110.5178, 35.9815], [-110.517, 35.9756], [-110.5186, 35.9741], [-110.5117, 35.9727], [-110.5112, 35.9703], [-110.5141, 35.9681], [-110.5216, 35.9698], [-110.5293, 35.9664], [-110.5217, 35.9575], [-110.5122, 35.9603], [-110.5096, 35.9579], [-110.5017, 35.9599], [-110.4996, 35.9594], [-110.499, 35.9571], [-110.4906, 35.9551], [-110.4884, 35.9478], [-110.4921, 35.9457], [-110.4903, 35.9429], [-110.4899, 35.936], [-110.4798, 35.9229], [-110.4851, 35.9228], [-110.4904, 35.9251], [-110.5, 35.9238], [-110.5177, 35.9017], [-110.517, 35.8979], [-110.5148, 35.8976], [-110.521, 35.8926], [-110.5151, 35.8895], [-110.5145, 35.8866], [-110.5328, 35.8808], [-110.5317, 35.8787], [-110.5252, 35.8781], [-110.5239, 35.8752], [-110.5326, 35.87], [-110.5304, 35.8665], [-110.5324, 35.8631], [-110.5318, 35.8601], [-110.536, 35.8594], [-110.5378, 35.8553], [-110.5397, 35.8565], [-110.5382, 35.8593], [-110.5392, 35.8625], [-110.5536, 35.8726], [-110.593, 35.8732], [-110.5988, 35.8722], [-110.6001, 35.8685], [-110.6043, 35.8684], [-110.6057, 35.8634], [-110.6102, 35.8608], [-110.6094, 35.8593], [-110.6111, 35.8591], [-110.6114, 35.8556], [-110.6143, 35.8544], [-110.6125, 35.8511], [-110.6205, 35.8428], [-110.6188, 35.8387], [-110.6233, 35.8341], [-110.6254, 35.8278], [-110.632, 35.8202], [-110.6397, 35.8165], [-110.6444, 35.8067], [-110.6539, 35.7953], [-110.6557, 35.7907], [-110.6561, 35.7823], [-110.6638, 35.769], [-110.6608, 35.767], [-110.6606, 35.7649], [-110.6636, 35.7631], [-110.6637, 35.7587], [-110.6716, 35.7434], [-110.676, 35.7424], [-110.6743, 35.7405], [-110.6771, 35.7362], [-110.6762, 35.733], [-110.6799, 35.7294], [-110.6785, 35.7279], [-110.6825, 35.7265], [-110.6806, 35.7247], [-110.6822, 35.7234], [-110.6839, 35.7244], [-110.6833, 35.7205], [-110.6848, 35.7203], [-110.6842, 35.7184], [-110.6882, 35.7139], [-110.6884, 35.7114], [-110.6871, 35.7117], [-110.6935, 35.7049], [-110.6945, 35.7009], [-110.6953, 35.7021], [-110.6961, 35.6997], [-110.7015, 35.697], [-110.7037, 35.6923], [-110.7024, 35.6921], [-110.7051, 35.6912], [-110.7038, 35.6904], [-110.7068, 35.691], [-110.7062, 35.6895], [-110.7085, 35.6888], [-110.7082, 35.6876], [-110.7094, 35.6882], [-110.7121, 35.6845], [-110.723, 35.6778], [-110.7251, 35.6698], [-110.7322, 35.662], [-110.7353, 35.6542], [-110.7501, 35.6393], [-110.7507, 35.8335]]]}}, {"type": "Feature", "properties": {"zip": "85042", "total": 2196, "q1": 530, "q2": 541, "q3": 562, "q4": 563, "pop": 7825, "acsPriv": 891, "seats": 1076}, "geometry": {"type": "Polygon", "coordinates": [[[-112.1005, 33.3486], [-112.0921, 33.3486], [-112.0919, 33.3558], [-112.0825, 33.3559], [-112.0825, 33.3577], [-112.0789, 33.3577], [-112.0789, 33.356], [-112.0758, 33.356], [-112.0732, 33.3578], [-112.0757, 33.3721], [-112.0748, 33.3759], [-112.0732, 33.3759], [-112.0733, 33.3886], [-112.0755, 33.3923], [-112.0701, 33.3922], [-112.0695, 33.3907], [-112.0674, 33.3909], [-112.0674, 33.3923], [-112.0647, 33.3923], [-112.0647, 33.3909], [-112.0168, 33.3938], [-112.0125, 33.3926], [-112.0106, 33.3889], [-112.0063, 33.3889], [-112.0041, 33.3926], [-111.9955, 33.3927], [-111.9955, 33.396], [-111.9949, 33.3944], [-111.9928, 33.3944], [-111.9935, 33.3927], [-111.9784, 33.3936], [-111.9784, 33.3766], [-111.9871, 33.3764], [-111.9875, 33.3752], [-111.9842, 33.3745], [-111.9843, 33.3709], [-111.9761, 33.3709], [-111.9762, 33.3636], [-111.997, 33.3635], [-111.9969, 33.3708], [-112.0144, 33.3707], [-112.0144, 33.3677], [-112.0231, 33.3676], [-112.0245, 33.3652], [-112.0315, 33.3667], [-112.0318, 33.3634], [-112.0402, 33.363], [-112.0402, 33.356], [-112.0488, 33.356], [-112.0491, 33.3196], [-112.0836, 33.3197], [-112.0836, 33.3051], [-112.1004, 33.3051], [-112.1005, 33.3486]]]}}, {"type": "Feature", "properties": {"zip": "85045", "total": 403, "q1": 100, "q2": 101, "q3": 102, "q4": 100, "pop": 1386, "acsPriv": 125, "seats": 0}, "geometry": {"type": "Polygon", "coordinates": [[[-112.1479, 33.3046], [-112.0836, 33.3051], [-112.0836, 33.3197], [-112.0766, 33.3148], [-112.0764, 33.312], [-112.0728, 33.3135], [-112.0689, 33.3089], [-112.0702, 33.3067], [-112.072, 33.308], [-112.0719, 33.3063], [-112.0767, 33.305], [-112.0759, 33.3042], [-112.0803, 33.2997], [-112.0835, 33.2905], [-112.1338, 33.2903], [-112.1479, 33.3046]]]}}, {"type": "Feature", "properties": {"zip": "86033", "total": 21, "q1": 4, "q2": 6, "q3": 6, "q4": 5, "pop": 1755, "acsPriv": 25, "seats": 0}, "geometry": {"type": "Polygon", "coordinates": [[[-110.6212, 36.4044], [-110.6159, 36.4088], [-110.6186, 36.4151], [-110.6157, 36.4169], [-110.6169, 36.4186], [-110.6152, 36.4272], [-110.6113, 36.4296], [-110.6085, 36.4339], [-110.6129, 36.4397], [-110.6117, 36.4427], [-110.6126, 36.4468], [-110.6097, 36.4502], [-110.6044, 36.4637], [-110.6, 36.4655], [-110.5952, 36.4714], [-110.5864, 36.4775], [-110.5848, 36.4818], [-110.5779, 36.4872], [-110.5618, 36.4917], [-110.5537, 36.5029], [-110.5472, 36.5078], [-110.5362, 36.5092], [-110.5291, 36.5145], [-110.5223, 36.5258], [-110.5178, 36.5303], [-110.5073, 36.5361], [-110.5011, 36.5427], [-110.4897, 36.5479], [-110.4994, 36.5448], [-110.5029, 36.5471], [-110.5035, 36.5538], [-110.5018, 36.5605], [-110.5029, 36.5641], [-110.5005, 36.5686], [-110.4928, 36.576], [-110.4906, 36.5845], [-110.4958, 36.5916], [-110.4972, 36.6013], [-110.5017, 36.6074], [-110.5007, 36.6133], [-110.509, 36.6234], [-110.5113, 36.6402], [-110.5097, 36.6441], [-110.5004, 36.649], [-110.4967, 36.6473], [-110.4961, 36.6383], [-110.491, 36.6337], [-110.4929, 36.6422], [-110.4919, 36.6452], [-110.4892, 36.6491], [-110.4847, 36.6493], [-110.4844, 36.6438], [-110.486, 36.6404], [-110.4821, 36.6403], [-110.4815, 36.6539], [-110.4792, 36.6527], [-110.4768, 36.6457], [-110.4718, 36.6431], [-110.4653, 36.6441], [-110.4724, 36.6481], [-110.4637, 36.6471], [-110.4598, 36.6504], [-110.4597, 36.6532], [-110.462, 36.6548], [-110.4835, 36.6591], [-110.4883, 36.6616], [-110.4925, 36.6603], [-110.4964, 36.655], [-110.498, 36.6549], [-110.499, 36.6572], [-110.497, 36.6637], [-110.4979, 36.6659], [-110.5053, 36.6573], [-110.5077, 36.6572], [-110.5062, 36.663], [-110.5131, 36.6617], [-110.5122, 36.6653], [-110.5198, 36.6672], [-110.5058, 36.6756], [-110.5209, 36.6723], [-110.5216, 36.6875], [-110.5244, 36.688], [-110.5225, 36.6894], [-110.5217, 36.6937], [-110.5322, 36.6931], [-110.5306, 36.6973], [-110.5378, 36.6968], [-110.5471, 36.6932], [-110.5509, 36.6936], [-110.5446, 36.7018], [-110.5338, 36.7031], [-110.535, 36.709], [-110.5407, 36.7138], [-110.5404, 36.7172], [-110.5499, 36.7154], [-110.5515, 36.7166], [-110.5485, 36.7179], [-110.5545, 36.7215], [-110.5555, 36.7258], [-110.5635, 36.7246], [-110.5668, 36.7274], [-110.5778, 36.73], [-110.5801, 36.7328], [-110.5798, 36.7359], [-110.5785, 36.7369], [-110.5756, 36.7342], [-110.5744, 36.7377], [-110.582, 36.7408], [-110.585, 36.7438], [-110.5832, 36.7468], [-110.5743, 36.75], [-110.5648, 36.7501], [-110.5634, 36.7486], [-110.5647, 36.7447], [-110.558, 36.7467], [-110.5615, 36.7387], [-110.5557, 36.7394], [-110.5549, 36.7345], [-110.5517, 36.737], [-110.5487, 36.7444], [-110.5465, 36.7447], [-110.5445, 36.7406], [-110.5479, 36.7317], [-110.5485, 36.7248], [-110.5471, 36.7238], [-110.5433, 36.725], [-110.5426, 36.7262], [-110.5449, 36.7305], [-110.5429, 36.7362], [-110.5442, 36.751], [-110.5363, 36.752], [-110.5342, 36.7549], [-110.5409, 36.7546], [-110.542, 36.758], [-110.544, 36.759], [-110.5485, 36.7574], [-110.5481, 36.7603], [-110.55, 36.7608], [-110.5491, 36.7623], [-110.5502, 36.7628], [-110.5484, 36.7636], [-110.5489, 36.7648], [-110.5551, 36.7653], [-110.5511, 36.7682], [-110.5548, 36.7706], [-110.556, 36.7786], [-110.5539, 36.7792], [-110.554, 36.7822], [-110.5523, 36.7824], [-110.5519, 36.7782], [-110.5503, 36.7791], [-110.5497, 36.7759], [-110.5455, 36.7786], [-110.5471, 36.7727], [-110.5436, 36.7682], [-110.5428, 36.7627], [-110.538, 36.764], [-110.5349, 36.7605], [-110.5343, 36.7627], [-110.5368, 36.7668], [-110.5352, 36.767], [-110.5354, 36.7697], [-110.5328, 36.7684], [-110.5335, 36.7708], [-110.5316, 36.7713], [-110.5357, 36.7741], [-110.5359, 36.7783], [-110.5386, 36.7799], [-110.5366, 36.7807], [-110.5391, 36.7901], [-110.5369, 36.7873], [-110.5348, 36.7877], [-110.5315, 36.7834], [-110.5289, 36.774], [-110.5274, 36.7739], [-110.5265, 36.7767], [-110.5232, 36.7792], [-110.5231, 36.7821], [-110.5207, 36.7818], [-110.5192, 36.7838], [-110.5218, 36.789], [-110.52, 36.7893], [-110.5216, 36.7939], [-110.5196, 36.7949], [-110.5198, 36.8021], [-110.5172, 36.8021], [-110.5152, 36.7921], [-110.5096, 36.7992], [-110.5038, 36.8115], [-110.4956, 36.8164], [-110.4959, 36.8187], [-110.4991, 36.8215], [-110.4983, 36.8258], [-110.4908, 36.8304], [-110.4893, 36.8326], [-110.4899, 36.836], [-110.4849, 36.8394], [-110.4852, 36.8441], [-110.4918, 36.8461], [-110.4919, 36.8477], [-110.4889, 36.8486], [-110.4782, 36.8452], [-110.4725, 36.8467], [-110.4674, 36.8564], [-110.4647, 36.8569], [-110.463, 36.8591], [-110.4685, 36.8665], [-110.4641, 36.8705], [-110.4633, 36.8746], [-110.4689, 36.8745], [-110.4643, 36.8779], [-110.459, 36.8771], [-110.4443, 36.8807], [-110.4376, 36.8878], [-110.4357, 36.8953], [-110.4358, 36.9082], [-110.4535, 36.9222], [-110.4486, 36.927], [-110.4431, 36.9243], [-110.4417, 36.9255], [-110.4411, 36.9301], [-110.437, 36.9336], [-110.4346, 36.9387], [-110.4329, 36.9372], [-110.4325, 36.9472], [-110.4402, 36.9554], [-110.4369, 36.961], [-110.4389, 36.9629], [-110.4404, 36.9686], [-110.4577, 36.9773], [-110.4611, 36.9826], [-110.4572, 36.9889], [-110.4602, 36.9918], [-110.4665, 36.9943], [-110.4673, 36.9977], [-110.2759, 36.998], [-110.2754, 36.9923], [-110.256, 36.9864], [-110.2442, 36.9758], [-110.2399, 36.9753], [-110.2379, 36.9769], [-110.2258, 36.9746], [-110.2231, 36.9704], [-110.2185, 36.9786], [-110.1902, 36.9776], [-110.1828, 36.9829], [-110.2046, 36.953], [-110.1933, 36.9486], [-110.1856, 36.948], [-110.1805, 36.9449], [-110.1754, 36.9397], [-110.1648, 36.9215], [-110.1573, 36.9425], [-110.1428, 36.9684], [-110.1453, 36.9733], [-110.1471, 36.9861], [-110.1532, 36.9892], [-110.158, 36.9983], [-110.0007, 36.9983], [-110.0007, 36.7788], [-109.982, 36.7823], [-109.9618, 36.7609], [-109.9635, 36.7569], [-109.9579, 36.7562], [-109.9562, 36.7297], [-109.9523, 36.7255], [-109.9515, 36.7167], [-109.9322, 36.7358], [-109.9329, 36.7235], [-109.9204, 36.7251], [-109.9205, 36.7171], [-109.9262, 36.7047], [-109.9451, 36.6913], [-109.9543, 36.6781], [-109.9641, 36.6708], [-109.9734, 36.6592], [-109.9637, 36.659], [-109.9635, 36.6514], [-109.965, 36.6499], [-109.9525, 36.6469], [-109.9579, 36.6465], [-109.9661, 36.6403], [-109.9731, 36.6376], [-109.9843, 36.638], [-109.9886, 36.6328], [-109.9958, 36.6316], [-110.0007, 36.6277], [-110.0007, 36.6039], [-109.99, 36.6132], [-109.9901, 36.5921], [-109.9836, 36.5887], [-109.9659, 36.589], [-109.9692, 36.5805], [-109.9772, 36.5733], [-109.98, 36.5655], [-109.9883, 36.5536], [-109.9876, 36.55], [-109.981, 36.5398], [-109.984, 36.5301], [-109.9754, 36.5351], [-109.9533, 36.5593], [-109.9537, 36.5607], [-109.9496, 36.562], [-109.9312, 36.5581], [-109.9127, 36.559], [-109.9034, 36.5507], [-109.8791, 36.5586], [-109.8816, 36.543], [-109.8656, 36.555], [-109.8667, 36.5446], [-109.865, 36.543], [-109.865, 36.5401], [-109.873, 36.5208], [-109.8714, 36.5179], [-109.8668, 36.5152], [-109.8677, 36.5026], [-109.8711, 36.4908], [-109.8771, 36.481], [-109.8957, 36.4893], [-109.904, 36.4904], [-109.9111, 36.4964], [-109.9192, 36.5003], [-109.9413, 36.4958], [-109.9922, 36.5001], [-110.0007, 36.5065], [-110.0007, 36.4593], [-110.0165, 36.4526], [-110.0176, 36.4488], [-110.0269, 36.4357], [-110.0296, 36.4356], [-110.0397, 36.4434], [-110.0438, 36.4437], [-110.0497, 36.4475], [-110.0561, 36.4475], [-110.0671, 36.4519], [-110.0834, 36.4632], [-110.0928, 36.4719], [-110.1069, 36.4686], [-110.1169, 36.4604], [-110.1415, 36.4492], [-110.1596, 36.4351], [-110.1746, 36.4403], [-110.1819, 36.4253], [-110.1915, 36.426], [-110.1919, 36.4341], [-110.1934, 36.4368], [-110.1992, 36.44], [-110.1951, 36.4344], [-110.1981, 36.4279], [-110.2123, 36.4284], [-110.2251, 36.4342], [-110.2204, 36.4286], [-110.2219, 36.4274], [-110.2253, 36.43], [-110.2264, 36.435], [-110.2331, 36.4392], [-110.24, 36.437], [-110.2509, 36.4319], [-110.2557, 36.4279], [-110.2519, 36.4253], [-110.2536, 36.42], [-110.2573, 36.417], [-110.2598, 36.417], [-110.2625, 36.4137], [-110.2656, 36.4146], [-110.2642, 36.4182], [-110.2673, 36.4194], [-110.2669, 36.4216], [-110.2788, 36.4219], [-110.282, 36.4241], [-110.2821, 36.4261], [-110.2855, 36.4273], [-110.2973, 36.416], [-110.2985, 36.4104], [-110.2964, 36.4038], [-110.2979, 36.4018], [-110.3069, 36.4013], [-110.3063, 36.4045], [-110.3096, 36.4063], [-110.3078, 36.412], [-110.3128, 36.4121], [-110.3243, 36.3904], [-110.3229, 36.3839], [-110.3322, 36.375], [-110.3312, 36.3725], [-110.3208, 36.3833], [-110.3129, 36.3622], [-110.3124, 36.3541], [-110.3096, 36.348], [-110.3063, 36.3484], [-110.3045, 36.3465], [-110.3019, 36.3369], [-110.3093, 36.3286], [-110.3231, 36.3238], [-110.3249, 36.317], [-110.3325, 36.3108], [-110.3408, 36.2983], [-110.4417, 36.2985], [-110.4361, 36.3065], [-110.4329, 36.3075], [-110.4313, 36.3128], [-110.428, 36.3119], [-110.4237, 36.3141], [-110.4171, 36.3142], [-110.4161, 36.3158], [-110.414, 36.3155], [-110.4108, 36.3205], [-110.4043, 36.3214], [-110.4022, 36.3241], [-110.4018, 36.3287], [-110.4041, 36.3333], [-110.4093, 36.3363], [-110.4032, 36.342], [-110.4121, 36.3447], [-110.4146, 36.3478], [-110.4071, 36.3512], [-110.4022, 36.3612], [-110.3979, 36.3661], [-110.3998, 36.3695], [-110.4043, 36.3703], [-110.4049, 36.3733], [-110.4026, 36.377], [-110.3982, 36.3787], [-110.3982, 36.3829], [-110.4021, 36.3845], [-110.4108, 36.3812], [-110.4057, 36.392], [-110.4063, 36.3945], [-110.4026, 36.3985], [-110.4033, 36.4014], [-110.4165, 36.4], [-110.4301, 36.4029], [-110.4564, 36.4141], [-110.4918, 36.3927], [-110.5029, 36.3881], [-110.507, 36.3901], [-110.5205, 36.4033], [-110.5529, 36.3965], [-110.5773, 36.375], [-110.6143, 36.3744], [-110.6144, 36.379], [-110.6108, 36.3811], [-110.6108, 36.3873], [-110.6163, 36.3907], [-110.6136, 36.3964], [-110.6179, 36.3974], [-110.6212, 36.4044]]]}}, {"type": "Feature", "properties": {"zip": "86504", "total": 254, "q1": 61, "q2": 64, "q3": 65, "q4": 64, "pop": 1081, "acsPriv": 22, "seats": 0}, "geometry": {"type": "Polygon", "coordinates": [[[-109.302, 35.8557], [-109.2636, 35.8899], [-109.2644, 35.8921], [-109.2566, 35.897], [-109.2544, 35.8969], [-109.251, 35.9009], [-109.2486, 35.9057], [-109.2489, 35.9096], [-109.2396, 35.9212], [-109.2407, 35.9268], [-109.2373, 35.9283], [-109.234, 35.9352], [-109.2307, 35.9377], [-109.2327, 35.943], [-109.2297, 35.9488], [-109.2303, 35.9519], [-109.2263, 35.9537], [-109.2222, 35.9597], [-109.2231, 35.965], [-109.221, 35.9668], [-109.2233, 35.9694], [-109.2217, 35.9698], [-109.2242, 35.973], [-109.2235, 35.9744], [-109.2175, 35.9741], [-109.2147, 35.9766], [-109.2123, 35.9731], [-109.2063, 35.9713], [-109.2012, 35.9728], [-109.1935, 35.9781], [-109.1896, 35.9774], [-109.1852, 35.9743], [-109.1763, 35.972], [-109.1709, 35.9604], [-109.1665, 35.9675], [-109.1663, 35.9752], [-109.1371, 36.0018], [-109.1243, 36.0122], [-109.1234, 36.0114], [-109.1201, 36.0159], [-109.1099, 36.0164], [-109.0985, 36.0026], [-109.0912, 35.989], [-109.0898, 35.9907], [-109.0723, 35.997], [-109.0651, 36.0044], [-109.056, 36.0086], [-109.0461, 36.0103], [-109.0465, 35.8246], [-109.0354, 35.831], [-109.0301, 35.8297], [-109.0377, 35.8098], [-109.0363, 35.7808], [-109.0396, 35.781], [-109.0402, 35.7787], [-109.0466, 35.7772], [-109.0463, 35.7346], [-109.0352, 35.7332], [-109.0315, 35.7301], [-109.0376, 35.7232], [-109.0417, 35.7229], [-109.063, 35.7086], [-109.0675, 35.7081], [-109.079, 35.6942], [-109.0867, 35.6971], [-109.0895, 35.7035], [-109.1004, 35.7088], [-109.1039, 35.7079], [-109.107, 35.7099], [-109.1156, 35.7099], [-109.116, 35.712], [-109.119, 35.714], [-109.1309, 35.717], [-109.1505, 35.7157], [-109.1547, 35.7168], [-109.1566, 35.7202], [-109.1543, 35.7218], [-109.1425, 35.7188], [-109.1333, 35.7265], [-109.1415, 35.724], [-109.1454, 35.7267], [-109.1672, 35.7271], [-109.1655, 35.731], [-109.1576, 35.733], [-109.1552, 35.7426], [-109.1588, 35.7499], [-109.1586, 35.7573], [-109.1602, 35.7601], [-109.1523, 35.7671], [-109.1699, 35.7631], [-109.1793, 35.7699], [-109.1964, 35.7712], [-109.1974, 35.777], [-109.1952, 35.798], [-109.2096, 35.7982], [-109.2161, 35.795], [-109.2278, 35.7925], [-109.2283, 35.7946], [-109.2321, 35.797], [-109.2411, 35.8001], [-109.2423, 35.8059], [-109.2582, 35.7985], [-109.2666, 35.7926], [-109.264, 35.7991], [-109.2637, 35.8049], [-109.2568, 35.81], [-109.2569, 35.8118], [-109.2537, 35.8149], [-109.2609, 35.8121], [-109.2627, 35.8138], [-109.2691, 35.8097], [-109.2726, 35.8174], [-109.2808, 35.815], [-109.2807, 35.8366], [-109.2972, 35.8366], [-109.2941, 35.8444], [-109.2849, 35.8446], [-109.2794, 35.8516], [-109.2792, 35.8561], [-109.293, 35.856], [-109.2976, 35.8496], [-109.2994, 35.8502], [-109.2995, 35.8545], [-109.302, 35.8557]]]}}, {"type": "Feature", "properties": {"zip": "86514", "total": 3, "q1": 0, "q2": 1, "q3": 1, "q4": 1, "pop": 519, "acsPriv": 21, "seats": 50}, "geometry": {"type": "Polygon", "coordinates": [[[-109.7643, 36.9686], [-109.7583, 36.9762], [-109.7612, 36.9831], [-109.7574, 36.9903], [-109.7551, 36.9902], [-109.7462, 36.9983], [-109.3557, 36.9993], [-109.3538, 37.0047], [-109.3379, 37.0144], [-109.3466, 37.0117], [-109.3495, 37.0169], [-109.355, 37.0197], [-109.3581, 37.0235], [-109.3311, 37.0297], [-109.3306, 37.0362], [-109.3465, 37.0516], [-109.3315, 37.0546], [-109.3301, 37.0604], [-109.3425, 37.0637], [-109.3307, 37.071], [-109.3272, 37.0759], [-109.299, 37.0685], [-109.2956, 37.0744], [-109.2849, 37.0756], [-109.2812, 37.0854], [-109.2732, 37.0835], [-109.2723, 37.0805], [-109.267, 37.0796], [-109.2642, 37.0834], [-109.2601, 37.0783], [-109.2543, 37.0808], [-109.2466, 37.0772], [-109.2391, 37.0807], [-109.2308, 37.0771], [-109.222, 37.0764], [-109.2172, 37.08], [-109.2167, 37.0886], [-109.2113, 37.0992], [-109.2111, 37.1081], [-109.2087, 37.1119], [-109.1956, 37.1145], [-109.1835, 37.1128], [-109.1792, 37.1173], [-109.1779, 37.121], [-109.1696, 37.1238], [-109.1594, 37.1209], [-109.159, 37.1182], [-109.1607, 37.1163], [-109.1537, 37.1199], [-109.1504, 37.1248], [-109.1458, 37.1274], [-109.1466, 37.1287], [-109.1385, 37.1328], [-109.1385, 37.135], [-109.1341, 37.1375], [-109.1313, 37.1442], [-109.1314, 37.1496], [-109.135, 37.1521], [-109.134, 37.1547], [-109.1364, 37.16], [-109.1286, 37.1599], [-109.1224, 37.1567], [-109.1178, 37.151], [-109.1176, 37.1449], [-109.1146, 37.1388], [-109.1137, 37.1322], [-109.1054, 37.1291], [-109.0954, 37.1211], [-109.0951, 37.118], [-109.1054, 37.109], [-109.1071, 37.1015], [-109.0974, 37.0966], [-109.0927, 37.0916], [-109.0924, 37.0891], [-109.0859, 37.0861], [-109.0837, 37.0832], [-109.0841, 37.0803], [-109.0942, 37.068], [-109.0943, 37.0629], [-109.0853, 37.0555], [-109.0739, 37.0537], [-109.0704, 37.0496], [-109.0643, 37.0477], [-109.0628, 37.0448], [-109.064, 37.0425], [-109.05, 37.0315], [-109.0452, 37.018], [-109.0452, 36.999], [-109.0051, 36.9989], [-109.0039, 36.9965], [-108.9978, 36.9981], [-108.9889, 36.9967], [-108.9812, 36.9924], [-108.9802, 36.9899], [-108.9802, 36.9838], [-108.9854, 36.9814], [-108.9934, 36.9695], [-108.9949, 36.968], [-108.9989, 36.9658], [-109.0002, 36.9621], [-108.9977, 36.9547], [-108.9976, 36.9502], [-108.9942, 36.944], [-108.99, 36.9415], [-108.9844, 36.9419], [-108.9811, 36.941], [-108.9902, 36.9413], [-108.9941, 36.9435], [-108.9965, 36.9468], [-108.9983, 36.9513], [-109.0006, 36.9622], [-108.9991, 36.9662], [-108.9937, 36.9695], [-109.0088, 36.9716], [-109.0282, 36.9696], [-109.036, 36.968], [-109.0387, 36.9611], [-109.0452, 36.9588], [-109.0454, 36.759], [-109.0527, 36.7609], [-109.056, 36.7594], [-109.055, 36.7562], [-109.0569, 36.7572], [-109.0715, 36.7768], [-109.0763, 36.7745], [-109.0775, 36.7717], [-109.0786, 36.7734], [-109.104, 36.7609], [-109.1055, 36.7618], [-109.1061, 36.7596], [-109.124, 36.7512], [-109.1239, 36.7546], [-109.1278, 36.7568], [-109.1286, 36.7596], [-109.1357, 36.7666], [-109.1501, 36.7753], [-109.1693, 36.7756], [-109.1786, 36.7672], [-109.1873, 36.764], [-109.1921, 36.765], [-109.1848, 36.7697], [-109.1802, 36.7689], [-109.1787, 36.7715], [-109.1847, 36.7733], [-109.1912, 36.7721], [-109.1976, 36.767], [-109.2092, 36.75], [-109.2165, 36.7461], [-109.2253, 36.7355], [-109.2364, 36.7292], [-109.2406, 36.7242], [-109.2413, 36.7075], [-109.2449, 36.7047], [-109.2477, 36.6938], [-109.2515, 36.6912], [-109.2665, 36.6834], [-109.2754, 36.6841], [-109.281, 36.6813], [-109.2958, 36.6787], [-109.3028, 36.6817], [-109.3087, 36.691], [-109.3112, 36.6876], [-109.3094, 36.6791], [-109.3127, 36.6774], [-109.3155, 36.6841], [-109.3184, 36.6842], [-109.3193, 36.7013], [-109.3286, 36.7051], [-109.3296, 36.7045], [-109.3276, 36.6975], [-109.3285, 36.6926], [-109.3224, 36.6777], [-109.3268, 36.6812], [-109.3291, 36.678], [-109.3331, 36.6789], [-109.3442, 36.677], [-109.3505, 36.6736], [-109.3596, 36.6624], [-109.3645, 36.6682], [-109.3637, 36.6721], [-109.3658, 36.6773], [-109.3695, 36.6784], [-109.3666, 36.6931], [-109.3735, 36.6821], [-109.3794, 36.6836], [-109.3821, 36.6909], [-109.3888, 36.6915], [-109.389, 36.7033], [-109.3966, 36.701], [-109.3984, 36.7055], [-109.4025, 36.709], [-109.4032, 36.7121], [-109.4082, 36.7126], [-109.4119, 36.7206], [-109.4108, 36.7369], [-109.4166, 36.7383], [-109.4183, 36.7494], [-109.426, 36.7462], [-109.4282, 36.7463], [-109.4308, 36.7492], [-109.4361, 36.7471], [-109.4438, 36.757], [-109.4486, 36.7545], [-109.4558, 36.7566], [-109.4595, 36.7506], [-109.459, 36.7473], [-109.4607, 36.7445], [-109.461, 36.7553], [-109.4547, 36.762], [-109.4523, 36.7695], [-109.4447, 36.7758], [-109.4474, 36.7771], [-109.4465, 36.7828], [-109.4493, 36.7904], [-109.4479, 36.7957], [-109.4532, 36.7976], [-109.4555, 36.7965], [-109.4627, 36.7983], [-109.4673, 36.8028], [-109.4748, 36.8044], [-109.4757, 36.8108], [-109.4725, 36.8185], [-109.4777, 36.8248], [-109.4881, 36.823], [-109.4925, 36.8253], [-109.5088, 36.8053], [-109.5183, 36.8032], [-109.5396, 36.7884], [-109.5408, 36.7989], [-109.5475, 36.8059], [-109.5468, 36.8425], [-109.5427, 36.8431], [-109.5351, 36.8472], [-109.5323, 36.8548], [-109.5334, 36.86], [-109.6176, 36.8498], [-109.6419, 36.8396], [-109.6374, 36.8542], [-109.6577, 36.8685], [-109.6641, 36.8704], [-109.6631, 36.8724], [-109.6783, 36.8858], [-109.6767, 36.8736], [-109.678, 36.8699], [-109.6882, 36.8596], [-109.6932, 36.8488], [-109.6953, 36.8509], [-109.7021, 36.8491], [-109.7024, 36.8551], [-109.7051, 36.8586], [-109.7091, 36.859], [-109.6966, 36.8726], [-109.6951, 36.8878], [-109.6904, 36.8879], [-109.6953, 36.8912], [-109.6938, 36.8964], [-109.6952, 36.9377], [-109.7131, 36.9451], [-109.7221, 36.9459], [-109.7308, 36.9498], [-109.7326, 36.9489], [-109.743, 36.9519], [-109.7531, 36.958], [-109.7571, 36.9643], [-109.7643, 36.9686]]]}}, {"type": "Feature", "properties": {"zip": "86047", "total": 300, "q1": 61, "q2": 74, "q3": 82, "q4": 83, "pop": 2769, "acsPriv": 202, "seats": 52}, "geometry": {"type": "Polygon", "coordinates": [[[-111.1946, 35.1454], [-111.1908, 35.1525], [-111.18, 35.1566], [-111.0069, 35.1566], [-111.007, 35.1592], [-111.0032, 35.1641], [-111.0005, 35.1634], [-110.9837, 35.1685], [-110.9755, 35.1743], [-110.9849, 35.1818], [-110.9684, 35.1887], [-110.9758, 35.1914], [-110.9943, 35.1913], [-110.997, 35.1948], [-110.9952, 35.2022], [-110.9981, 35.2033], [-110.999, 35.2077], [-110.9941, 35.2182], [-110.9955, 35.2229], [-110.9908, 35.2236], [-110.9782, 35.2351], [-110.9743, 35.2361], [-110.9686, 35.2405], [-110.9612, 35.2428], [-110.9607, 35.2442], [-110.9634, 35.2452], [-110.9811, 35.2448], [-110.9805, 35.2527], [-110.9745, 35.2643], [-110.9717, 35.2659], [-110.9802, 35.2777], [-110.9777, 35.2771], [-110.9724, 35.2801], [-110.9612, 35.2809], [-110.96, 35.2818], [-110.9622, 35.2818], [-110.9622, 35.2839], [-110.9402, 35.282], [-110.9293, 35.2834], [-110.9241, 35.287], [-110.9176, 35.2868], [-110.9151, 35.2801], [-110.9265, 35.2738], [-110.9276, 35.2717], [-110.9221, 35.2723], [-110.9198, 35.2758], [-110.9152, 35.2745], [-110.9176, 35.2699], [-110.9155, 35.2692], [-110.9133, 35.2706], [-110.9082, 35.263], [-110.9054, 35.2628], [-110.9039, 35.2654], [-110.9052, 35.2735], [-110.9042, 35.2762], [-110.9061, 35.2745], [-110.908, 35.2758], [-110.9041, 35.2778], [-110.9042, 35.2818], [-110.9009, 35.2777], [-110.8851, 35.276], [-110.8841, 35.2752], [-110.8864, 35.2743], [-110.8837, 35.273], [-110.882, 35.2742], [-110.8778, 35.2737], [-110.8692, 35.2721], [-110.8688, 35.2705], [-110.8651, 35.2729], [-110.8637, 35.2709], [-110.861, 35.2711], [-110.8615, 35.269], [-110.8657, 35.2662], [-110.8637, 35.2659], [-110.8633, 35.2643], [-110.8664, 35.2599], [-110.8725, 35.2625], [-110.8682, 35.259], [-110.8611, 35.2593], [-110.8592, 35.2612], [-110.8598, 35.2624], [-110.8579, 35.26], [-110.854, 35.2596], [-110.8536, 35.261], [-110.8513, 35.2604], [-110.851, 35.2622], [-110.8472, 35.2601], [-110.8465, 35.2577], [-110.8437, 35.2589], [-110.8412, 35.2556], [-110.8353, 35.2539], [-110.8321, 35.2582], [-110.844, 35.3072], [-110.9273, 35.3097], [-110.9483, 35.3068], [-110.9348, 35.3284], [-110.933, 35.3363], [-110.9404, 35.3422], [-110.9454, 35.3532], [-110.9496, 35.3561], [-110.9431, 35.3611], [-110.9715, 35.3853], [-110.9597, 35.3958], [-110.9536, 35.3985], [-110.9505, 35.3979], [-110.9427, 35.4061], [-110.9398, 35.4069], [-110.9367, 35.4028], [-110.924, 35.4137], [-110.9198, 35.4145], [-110.9112, 35.4227], [-110.9066, 35.405], [-110.8986, 35.4064], [-110.9004, 35.3976], [-110.8923, 35.3869], [-110.8924, 35.3796], [-110.8941, 35.3757], [-110.8878, 35.3492], [-110.8668, 35.3611], [-110.8645, 35.3669], [-110.8655, 35.3842], [-110.8501, 35.4251], [-110.8504, 35.4236], [-110.8452, 35.4272], [-110.8487, 35.4282], [-110.8483, 35.4294], [-110.8534, 35.4328], [-110.8597, 35.4323], [-110.866, 35.4383], [-110.8776, 35.4439], [-110.8706, 35.445], [-110.8684, 35.4482], [-110.8664, 35.4479], [-110.8482, 35.4358], [-110.8475, 35.4512], [-110.8387, 35.4572], [-110.8342, 35.4719], [-110.8284, 35.4781], [-110.826, 35.4851], [-110.8079, 35.504], [-110.8019, 35.5034], [-110.8008, 35.5052], [-110.7908, 35.5081], [-110.7811, 35.5159], [-110.7715, 35.5143], [-110.765, 35.5084], [-110.7507, 35.5171], [-110.7507, 35.5], [-110.7231, 35.5], [-110.7231, 35.5199], [-110.2505, 35.5187], [-110.2501, 35.514], [-110.2376, 35.5195], [-110.2225, 35.5202], [-110.2077, 35.5141], [-110.2012, 35.5086], [-110.1781, 35.5066], [-110.1641, 35.494], [-110.1705, 35.4955], [-110.1839, 35.492], [-110.1902, 35.4952], [-110.1919, 35.4906], [-110.1896, 35.4852], [-110.1918, 35.4836], [-110.1934, 35.479], [-110.1944, 35.4732], [-110.1932, 35.4713], [-110.2006, 35.4729], [-110.2083, 35.4698], [-110.2112, 35.4763], [-110.2145, 35.4771], [-110.2242, 35.4751], [-110.2254, 35.4721], [-110.2286, 35.4707], [-110.2288, 35.4715], [-110.2202, 35.4785], [-110.2127, 35.4885], [-110.24, 35.4849], [-110.2631, 35.4845], [-110.2669, 35.4686], [-110.2647, 35.4549], [-110.2699, 35.446], [-110.2508, 35.4377], [-110.2476, 35.4323], [-110.2421, 35.4148], [-110.2357, 35.4055], [-110.2311, 35.3922], [-110.2284, 35.4031], [-110.229, 35.425], [-110.2252, 35.426], [-110.2269, 35.4305], [-110.21, 35.4355], [-110.1984, 35.4337], [-110.1937, 35.4287], [-110.1893, 35.435], [-110.1867, 35.4337], [-110.1795, 35.4371], [-110.1751, 35.4366], [-110.1723, 35.4337], [-110.1644, 35.4322], [-110.1618, 35.4337], [-110.1645, 35.4474], [-110.1589, 35.4466], [-110.1486, 35.4422], [-110.1411, 35.4369], [-110.1454, 35.4227], [-110.1484, 35.4199], [-110.1502, 35.4139], [-110.1502, 35.4113], [-110.1461, 35.405], [-110.1411, 35.4012], [-110.1482, 35.3983], [-110.1489, 35.3958], [-110.1544, 35.3903], [-110.1582, 35.3883], [-110.1602, 35.389], [-110.1645, 35.3851], [-110.1651, 35.381], [-110.2068, 35.3798], [-110.2056, 35.3755], [-110.2155, 35.3698], [-110.2202, 35.3638], [-110.2244, 35.3657], [-110.2404, 35.3592], [-110.238, 35.3533], [-110.224, 35.36], [-110.2203, 35.3579], [-110.2145, 35.3514], [-110.2142, 35.3461], [-110.2156, 35.3439], [-110.1912, 35.344], [-110.1912, 35.3047], [-110.1832, 35.3028], [-110.1769, 35.2922], [-110.1751, 35.2771], [-110.177, 35.2717], [-110.1858, 35.2651], [-110.1863, 35.2613], [-110.205, 35.2462], [-110.2064, 35.2374], [-110.2103, 35.2293], [-110.2096, 35.2266], [-110.2049, 35.2225], [-110.205, 35.2203], [-110.2361, 35.2059], [-110.2387, 35.2021], [-110.257, 35.189], [-110.2641, 35.1804], [-110.2762, 35.1707], [-110.2763, 35.1972], [-110.2702, 35.2111], [-110.2739, 35.2136], [-110.2795, 35.2254], [-110.2969, 35.2263], [-110.2959, 35.2201], [-110.288, 35.21], [-110.2972, 35.2127], [-110.3057, 35.2229], [-110.3143, 35.2256], [-110.3173, 35.2235], [-110.3168, 35.2205], [-110.3179, 35.2212], [-110.3211, 35.2181], [-110.3285, 35.2169], [-110.3334, 35.2128], [-110.3402, 35.2167], [-110.3527, 35.2181], [-110.3579, 35.2159], [-110.3633, 35.2185], [-110.3651, 35.2167], [-110.3685, 35.2177], [-110.3679, 35.17], [-110.4445, 35.17], [-110.4463, 35.1682], [-110.4442, 35.1634], [-110.4467, 35.1604], [-110.4458, 35.1592], [-110.4477, 35.1549], [-110.4514, 35.1541], [-110.4526, 35.151], [-110.4502, 35.1437], [-110.453, 35.1385], [-110.4514, 35.1373], [-110.4521, 35.134], [-110.4506, 35.1323], [-110.4542, 35.1286], [-110.4555, 35.1244], [-110.4576, 35.1239], [-110.4563, 35.1219], [-110.4604, 35.1166], [-110.4649, 35.1154], [-110.4681, 35.1093], [-110.4787, 35.1062], [-110.479, 35.1031], [-110.4854, 35.1001], [-110.4919, 35.0998], [-110.4961, 35.0953], [-110.4932, 35.0898], [-110.4951, 35.0875], [-110.495, 35.085], [-110.4923, 35.0804], [-110.4957, 35.0746], [-110.4924, 35.0721], [-110.491, 35.0665], [-110.4998, 35.0543], [-110.5012, 35.0463], [-110.4993, 35.042], [-110.5034, 35.0386], [-110.5028, 35.0372], [-110.5068, 35.0308], [-110.5162, 35.0285], [-110.5249, 35.0298], [-110.5285, 35.0283], [-110.5324, 35.0328], [-110.5347, 35.032], [-110.5341, 35.0296], [-110.5362, 35.0271], [-110.5412, 35.0287], [-110.543, 35.0258], [-110.5501, 35.0254], [-110.5541, 35.0224], [-110.5573, 35.0242], [-110.5644, 35.0209], [-110.5656, 35.0165], [-110.5692, 35.017], [-110.57, 35.0139], [-110.5782, 35.0112], [-110.5844, 35.0144], [-110.5848, 35.0124], [-110.5882, 35.0108], [-110.5896, 35.0118], [-110.5976, 35.0057], [-110.6098, 35.0044], [-110.5221, 34.9749], [-110.4499, 34.9705], [-110.4501, 34.9598], [-110.4682, 34.9586], [-110.4793, 34.961], [-110.4862, 34.9578], [-110.4875, 34.7494], [-110.5055, 34.7504], [-110.5055, 34.7421], [-110.5387, 34.7416], [-110.5394, 34.7467], [-110.5463, 34.7537], [-110.5543, 34.7448], [-110.5616, 34.74], [-110.5719, 34.7402], [-110.5785, 34.7342], [-110.5733, 34.7293], [-110.5786, 34.7226], [-110.5954, 34.7114], [-110.5969, 34.7128], [-110.5982, 34.7093], [-110.6023, 34.7073], [-110.6032, 34.7052], [-110.6345, 34.6897], [-110.6986, 34.6399], [-110.6986, 34.637], [-110.7507, 34.6367], [-110.7507, 34.7171], [-110.7495, 34.718], [-110.7507, 34.7182], [-110.7507, 34.9569], [-110.8007, 34.9293], [-110.8196, 34.9477], [-110.8239, 34.9485], [-110.8317, 34.956], [-110.8406, 34.9596], [-110.8419, 34.9633], [-110.8575, 34.978], [-110.8578, 34.983], [-110.8617, 34.9896], [-110.8742, 34.9898], [-110.891, 34.9827], [-110.8957, 34.9784], [-110.9053, 34.9752], [-110.9352, 34.9752], [-110.9458, 34.9794], [-110.9589, 34.979], [-110.9832, 34.9829], [-110.989, 34.9821], [-110.9926, 34.9842], [-111.0061, 34.9859], [-111.0198, 34.9947], [-111.0336, 35.0092], [-111.0365, 35.0183], [-111.0278, 35.0206], [-111.0359, 35.0274], [-111.0356, 35.0305], [-111.0313, 35.0362], [-111.0345, 35.0412], [-111.0336, 35.054], [-111.065, 35.0721], [-111.0712, 35.0713], [-111.1107, 35.0881], [-111.1181, 35.0857], [-111.1312, 35.0894], [-111.1405, 35.0868], [-111.1426, 35.082], [-111.1529, 35.0706], [-111.1606, 35.0684], [-111.1656, 35.0784], [-111.1651, 35.0856], [-111.1671, 35.0962], [-111.1765, 35.1026], [-111.1825, 35.1089], [-111.1842, 35.1185], [-111.1821, 35.125], [-111.1851, 35.1268], [-111.1837, 35.1292], [-111.1896, 35.1314], [-111.1878, 35.1312], [-111.1915, 35.1352], [-111.1946, 35.1454]]]}}, {"type": "Feature", "properties": {"zip": "85121", "total": 16, "q1": 4, "q2": 4, "q3": 4, "q4": 4, "pop": 573, "acsPriv": 0, "seats": 0}, "geometry": {"type": "Polygon", "coordinates": [[[-112.0172, 33.1239], [-112.0073, 33.1438], [-112.0081, 33.1654], [-111.9955, 33.1983], [-111.9954, 33.2047], [-111.9091, 33.2047], [-111.8946, 33.1858], [-111.8928, 33.1858], [-111.8928, 33.1903], [-111.8409, 33.1904], [-111.8409, 33.1206], [-111.842, 33.1178], [-111.8237, 33.0939], [-111.8238, 33.0682], [-111.8441, 33.0668], [-111.8629, 33.0617], [-111.876, 33.0562], [-111.885, 33.048], [-111.9155, 33.0656], [-111.9356, 33.0657], [-111.9235, 33.0797], [-111.9101, 33.0877], [-111.9183, 33.0877], [-111.9183, 33.1177], [-111.9442, 33.1178], [-111.9442, 33.1034], [-111.9571, 33.1033], [-111.9698, 33.1103], [-111.9701, 33.1174], [-112.0005, 33.1178], [-112.0172, 33.1239]]]}}, {"type": "Feature", "properties": {"zip": "85929", "total": 474, "q1": 107, "q2": 113, "q3": 126, "q4": 128, "pop": 1104, "acsPriv": 159, "seats": 0}, "geometry": {"type": "MultiPolygon", "coordinates": [[[[-110.0332, 34.1986], [-110.0328, 34.2], [-110.0311, 34.1995], [-110.0332, 34.1986]]], [[[-110.0395, 34.1973], [-110.0314, 34.1982], [-110.0302, 34.2036], [-110.0246, 34.2036], [-110.0246, 34.1982], [-110.0202, 34.198], [-110.0201, 34.1946], [-110.0058, 34.1952], [-109.999, 34.1897], [-110.0016, 34.1816], [-109.9999, 34.1789], [-109.9949, 34.177], [-109.9881, 34.1796], [-109.9864, 34.1786], [-109.9866, 34.1769], [-109.9794, 34.1769], [-109.9826, 34.1754], [-109.9839, 34.1718], [-109.9723, 34.1711], [-109.9723, 34.1731], [-109.9769, 34.1733], [-109.9768, 34.1809], [-109.9721, 34.1816], [-109.9735, 34.1884], [-109.9936, 34.1985], [-109.9446, 34.1988], [-109.9451, 34.2275], [-109.849, 34.2276], [-109.849, 34.223], [-109.8635, 34.2153], [-109.8777, 34.2099], [-109.8956, 34.2055], [-109.8953, 34.2013], [-109.8913, 34.1999], [-109.8947, 34.1931], [-109.8951, 34.1806], [-109.8977, 34.1768], [-109.8934, 34.1714], [-109.9028, 34.1749], [-109.9032, 34.1819], [-109.9084, 34.1855], [-109.914, 34.1836], [-109.9241, 34.1879], [-109.9328, 34.1808], [-109.9368, 34.1816], [-109.9353, 34.1825], [-109.9368, 34.1893], [-109.9436, 34.1853], [-109.9514, 34.1865], [-109.9634, 34.183], [-109.9596, 34.1822], [-109.9568, 34.1841], [-109.9533, 34.1851], [-109.9514, 34.1831], [-109.9569, 34.1837], [-109.961, 34.172], [-109.9559, 34.169], [-109.9548, 34.1475], [-109.9502, 34.1475], [-109.9501, 34.1403], [-109.9459, 34.1403], [-109.9494, 34.1363], [-109.9534, 34.1404], [-109.9622, 34.14], [-109.9593, 34.1381], [-109.9553, 34.1288], [-109.9484, 34.1252], [-109.9503, 34.1223], [-109.9546, 34.1224], [-109.9558, 34.1259], [-109.9587, 34.1258], [-109.9589, 34.1233], [-109.9616, 34.124], [-109.9621, 34.1221], [-109.964, 34.1221], [-109.9642, 34.1177], [-109.9684, 34.1174], [-109.9684, 34.114], [-109.9631, 34.1121], [-109.9667, 34.1091], [-109.9694, 34.1097], [-109.9656, 34.1025], [-109.9604, 34.0969], [-109.9535, 34.096], [-109.944, 34.0883], [-109.9482, 34.0853], [-109.9533, 34.0864], [-109.9596, 34.0845], [-109.9759, 34.0843], [-109.9811, 34.0873], [-109.9913, 34.086], [-109.9988, 34.0906], [-110.0083, 34.0898], [-110.0127, 34.0921], [-110.0125, 34.0947], [-110.0171, 34.1006], [-110.0175, 34.1034], [-110.0168, 34.1071], [-110.0114, 34.1133], [-110.0123, 34.1188], [-110.0079, 34.124], [-110.0037, 34.1259], [-110.0012, 34.1303], [-109.9983, 34.1307], [-109.9948, 34.134], [-109.9861, 34.1353], [-109.9822, 34.1395], [-109.9956, 34.1436], [-110.002, 34.142], [-110.0075, 34.1465], [-110.0115, 34.1467], [-110.0125, 34.1494], [-110.0107, 34.1516], [-110.0145, 34.1559], [-110.0141, 34.1595], [-110.0106, 34.161], [-110.0108, 34.165], [-110.0138, 34.165], [-110.0182, 34.1677], [-110.0159, 34.1746], [-110.0243, 34.1823], [-110.0248, 34.1844], [-110.0314, 34.1874], [-110.034, 34.1904], [-110.0332, 34.1935], [-110.0363, 34.1966], [-110.0395, 34.1973]]]]}}, {"type": "Feature", "properties": {"zip": "86440", "total": 99, "q1": 17, "q2": 24, "q3": 27, "q4": 31, "pop": 1051, "acsPriv": 71, "seats": 0}, "geometry": {"type": "Polygon", "coordinates": [[[-114.6382, 35.0221], [-114.6347, 35.0337], [-114.6258, 35.0458], [-114.6175, 35.0517], [-114.6156, 35.0499], [-114.6159, 35.0481], [-114.6073, 35.0458], [-114.6072, 34.9895], [-114.598, 34.9892], [-114.598, 34.9824], [-114.6074, 34.9823], [-114.6076, 34.9678], [-114.559, 34.9682], [-114.5408, 34.9734], [-114.5409, 34.9824], [-114.5277, 34.9825], [-114.5276, 34.9766], [-114.4831, 34.986], [-114.4274, 34.8377], [-114.4315, 34.8377], [-114.4319, 34.8355], [-114.4367, 34.8353], [-114.4388, 34.8336], [-114.4432, 34.8345], [-114.4452, 34.8299], [-114.4529, 34.8267], [-114.4611, 34.8195], [-114.466, 34.8194], [-114.4659, 34.8115], [-114.4709, 34.808], [-114.5003, 34.8081], [-114.5003, 34.8153], [-114.5037, 34.8187], [-114.5048, 34.8228], [-114.5079, 34.8249], [-114.5098, 34.8309], [-114.5119, 34.8324], [-114.5146, 34.8312], [-114.5179, 34.8366], [-114.5198, 34.8368], [-114.5144, 34.8234], [-114.5136, 34.8152], [-114.5185, 34.8098], [-114.5236, 34.8106], [-114.5253, 34.8069], [-114.5305, 34.8034], [-114.5309, 34.7999], [-114.5297, 34.7994], [-114.5387, 34.7937], [-114.5292, 34.7992], [-114.5257, 34.8029], [-114.5183, 34.8033], [-114.5146, 34.8003], [-114.5052, 34.7629], [-114.5001, 34.758], [-114.5003, 34.7518], [-114.4922, 34.7403], [-114.483, 34.7391], [-114.4812, 34.7347], [-114.4774, 34.7323], [-114.478, 34.723], [-114.4795, 34.7229], [-114.4789, 34.7212], [-114.4805, 34.7192], [-114.483, 34.7205], [-114.4855, 34.7187], [-114.4922, 34.7268], [-114.5149, 34.7366], [-114.5285, 34.7508], [-114.5524, 34.7673], [-114.5595, 34.776], [-114.5638, 34.7856], [-114.571, 34.7943], [-114.5765, 34.8153], [-114.5868, 34.8357], [-114.6007, 34.8474], [-114.6219, 34.8582], [-114.6331, 34.87], [-114.6352, 34.875], [-114.6367, 34.8891], [-114.6309, 34.9073], [-114.6333, 34.9246], [-114.6298, 34.943], [-114.635, 34.9589], [-114.6352, 34.9651], [-114.6299, 34.9808], [-114.6292, 34.989], [-114.6302, 34.9946], [-114.6367, 35.0089], [-114.6382, 35.0221]]]}}, {"type": "Feature", "properties": {"zip": "85208", "total": 1027, "q1": 232, "q2": 250, "q3": 266, "q4": 279, "pop": 5465, "acsPriv": 591, "seats": 28}, "geometry": {"type": "Polygon", "coordinates": [[[-111.6847, 33.3963], [-111.6845, 33.4116], [-111.6804, 33.4107], [-111.6817, 33.4134], [-111.6782, 33.4134], [-111.6782, 33.4154], [-111.6674, 33.4152], [-111.6675, 33.4103], [-111.6637, 33.411], [-111.6643, 33.4152], [-111.6501, 33.4152], [-111.6501, 33.4079], [-111.6484, 33.4078], [-111.6484, 33.413], [-111.6468, 33.413], [-111.6468, 33.4108], [-111.6436, 33.4113], [-111.642, 33.4151], [-111.6408, 33.4151], [-111.6417, 33.4078], [-111.6405, 33.4078], [-111.637, 33.4151], [-111.6327, 33.4151], [-111.6321, 33.4115], [-111.6317, 33.4151], [-111.624, 33.4151], [-111.6229, 33.4134], [-111.6197, 33.4133], [-111.6196, 33.4114], [-111.6154, 33.4114], [-111.6153, 33.4151], [-111.5904, 33.4151], [-111.5904, 33.4114], [-111.598, 33.4115], [-111.598, 33.4078], [-111.5807, 33.4078], [-111.5811, 33.4009], [-111.5827, 33.402], [-111.5839, 33.4009], [-111.5851, 33.4031], [-111.585, 33.3969], [-111.5806, 33.3969], [-111.5807, 33.3867], [-111.598, 33.3867], [-111.598, 33.3933], [-111.6093, 33.3933], [-111.6109, 33.4013], [-111.6154, 33.4012], [-111.6154, 33.3933], [-111.6462, 33.3934], [-111.6417, 33.3988], [-111.6501, 33.3988], [-111.6501, 33.3934], [-111.6762, 33.3933], [-111.682, 33.394], [-111.6847, 33.3963]], [[-111.6275, 33.4094], [-111.6264, 33.41], [-111.6264, 33.4111], [-111.6275, 33.4111], [-111.6275, 33.4094]], [[-111.6275, 33.4141], [-111.6263, 33.412], [-111.6266, 33.4142], [-111.6275, 33.4141]]]}}, {"type": "Feature", "properties": {"zip": "85329", "total": 44, "q1": 10, "q2": 12, "q3": 12, "q4": 10, "pop": 569, "acsPriv": 0, "seats": 0}, "geometry": {"type": "Polygon", "coordinates": [[[-112.3023, 33.4289], [-112.3023, 33.4355], [-112.2923, 33.4349], [-112.2897, 33.4321], [-112.2897, 33.4282], [-112.3023, 33.4289]]]}}, {"type": "Feature", "properties": {"zip": "85304", "total": 1020, "q1": 237, "q2": 251, "q3": 267, "q4": 265, "pop": 4645, "acsPriv": 557, "seats": 0}, "geometry": {"type": "Polygon", "coordinates": [[[-112.2065, 33.5826], [-112.2065, 33.5865], [-112.2029, 33.5865], [-112.2026, 33.6106], [-112.1901, 33.6107], [-112.1859, 33.6059], [-112.1859, 33.6089], [-112.1833, 33.6088], [-112.1833, 33.6108], [-112.1711, 33.6089], [-112.1711, 33.6107], [-112.1642, 33.6107], [-112.1634, 33.6054], [-112.1556, 33.6054], [-112.1546, 33.6071], [-112.1513, 33.6071], [-112.1515, 33.5819], [-112.1558, 33.5837], [-112.1558, 33.5819], [-112.1662, 33.5819], [-112.1662, 33.5841], [-112.1688, 33.5848], [-112.1731, 33.5841], [-112.1731, 33.5819], [-112.2005, 33.5817], [-112.2005, 33.5838], [-112.2028, 33.5839], [-112.2029, 33.5817], [-112.2029, 33.5843], [-112.2065, 33.5826]]]}}, {"type": "Feature", "properties": {"zip": "86016", "total": 8, "q1": 2, "q2": 2, "q3": 2, "q4": 2, "pop": 3, "acsPriv": 0, "seats": 0}, "geometry": {"type": "Polygon", "coordinates": [[[-111.7467, 35.7454], [-111.6932, 35.7461], [-111.6935, 35.8252], [-111.7092, 35.8253], [-111.7093, 35.8312], [-111.7114, 35.8343], [-111.7112, 35.8445], [-111.6921, 35.8491], [-111.6875, 35.8475], [-111.685, 35.8396], [-111.6741, 35.838], [-111.6719, 35.8336], [-111.6716, 35.827], [-111.6639, 35.8203], [-111.6657, 35.8137], [-111.6445, 35.8156], [-111.6383, 35.8125], [-111.6342, 35.8127], [-111.6338, 35.8096], [-111.6317, 35.8094], [-111.6205, 35.7901], [-111.6126, 35.7932], [-111.6095, 35.7916], [-111.6092, 35.7877], [-111.6069, 35.787], [-111.5944, 35.7879], [-111.5791, 35.7861], [-111.5776, 35.7823], [-111.5706, 35.7764], [-111.5607, 35.7751], [-111.5596, 35.7715], [-111.5538, 35.7726], [-111.5555, 35.7707], [-111.5547, 35.766], [-111.5412, 35.7654], [-111.5399, 35.7636], [-111.5195, 35.7728], [-111.52, 35.7753], [-111.5142, 35.7754], [-111.5112, 35.7728], [-111.5037, 35.7759], [-111.5026, 35.7715], [-111.5046, 35.7685], [-111.4912, 35.7645], [-111.493, 35.7615], [-111.4911, 35.7599], [-111.4923, 35.7573], [-111.5196, 35.7575], [-111.5366, 35.7525], [-111.5368, 35.6988], [-111.5544, 35.6989], [-111.5546, 35.6645], [-111.5601, 35.6663], [-111.5772, 35.6552], [-111.5782, 35.6663], [-111.582, 35.6744], [-111.5798, 35.6835], [-111.5942, 35.6894], [-111.607, 35.6919], [-111.5969, 35.6973], [-111.6138, 35.7081], [-111.6127, 35.7096], [-111.6151, 35.7145], [-111.6087, 35.7206], [-111.6002, 35.7241], [-111.613, 35.729], [-111.7328, 35.6721], [-111.7465, 35.6721], [-111.7467, 35.7454]]]}}, {"type": "Feature", "properties": {"zip": "86432", "total": 24, "q1": 7, "q2": 7, "q3": 5, "q4": 5, "pop": 97, "acsPriv": 0, "seats": 0}, "geometry": {"type": "Polygon", "coordinates": [[[-114.0506, 37.0002], [-113.2745, 37.0], [-113.272, 36.9914], [-113.2575, 36.979], [-113.2584, 36.9764], [-113.2471, 36.9682], [-113.2386, 36.9556], [-113.2376, 36.9461], [-113.2399, 36.9129], [-113.2377, 36.9062], [-113.2261, 36.8931], [-113.2259, 36.8828], [-113.2165, 36.8816], [-113.2252, 36.8797], [-113.2293, 36.877], [-113.2299, 36.8718], [-113.2283, 36.8679], [-113.2302, 36.8672], [-113.2243, 36.8616], [-113.2237, 36.8576], [-113.2279, 36.8363], [-113.2327, 36.8266], [-113.244, 36.8209], [-113.2482, 36.8159], [-113.2484, 36.8193], [-113.2674, 36.8251], [-113.2711, 36.8363], [-113.2764, 36.8342], [-113.2836, 36.8272], [-113.2845, 36.8244], [-113.2829, 36.8233], [-113.2824, 36.8173], [-113.2855, 36.8141], [-113.2847, 36.8085], [-113.2887, 36.8039], [-113.2944, 36.8011], [-113.2955, 36.7967], [-113.2908, 36.779], [-113.2933, 36.7687], [-113.2907, 36.7608], [-113.2925, 36.7542], [-113.3077, 36.7356], [-113.3149, 36.73], [-113.3254, 36.7253], [-113.338, 36.7232], [-113.3412, 36.7258], [-113.3452, 36.7251], [-113.3516, 36.7446], [-113.3504, 36.7574], [-113.3673, 36.763], [-113.3798, 36.7721], [-113.3861, 36.781], [-113.3927, 36.7861], [-113.3947, 36.8014], [-113.3899, 36.8125], [-113.3989, 36.8157], [-113.3991, 36.8175], [-113.4103, 36.805], [-113.4213, 36.7875], [-113.4281, 36.7856], [-113.4369, 36.7753], [-113.4417, 36.7754], [-113.4495, 36.7809], [-113.4542, 36.7791], [-113.4597, 36.7804], [-113.4626, 36.7767], [-113.4611, 36.7696], [-113.4629, 36.7709], [-113.4649, 36.7689], [-113.4691, 36.7695], [-113.4728, 36.7674], [-113.4786, 36.7738], [-113.477, 36.7779], [-113.4781, 36.7793], [-113.4796, 36.7786], [-113.4793, 36.7825], [-113.4807, 36.784], [-113.4785, 36.7873], [-113.4831, 36.7934], [-113.4852, 36.7909], [-113.4939, 36.7874], [-113.4943, 36.7836], [-113.5102, 36.7813], [-113.5165, 36.7826], [-113.5224, 36.7779], [-113.5292, 36.7781], [-113.5317, 36.7736], [-113.5278, 36.7707], [-113.5279, 36.7684], [-113.5361, 36.7676], [-113.5391, 36.7643], [-113.5499, 36.7641], [-113.549, 36.7511], [-113.5465, 36.7477], [-113.5494, 36.7457], [-113.5634, 36.7449], [-113.568, 36.7399], [-113.5885, 36.731], [-113.5982, 36.7314], [-113.6078, 36.7354], [-113.6157, 36.741], [-113.6256, 36.7451], [-113.6388, 36.7547], [-113.6439, 36.7532], [-113.6508, 36.7538], [-113.6563, 36.7554], [-113.6592, 36.7589], [-113.6622, 36.7598], [-113.6656, 36.757], [-113.6705, 36.7576], [-113.6898, 36.7531], [-113.6977, 36.7426], [-113.7026, 36.7388], [-113.7047, 36.7342], [-113.7045, 36.7288], [-113.7065, 36.7262], [-113.7141, 36.7235], [-113.7193, 36.7244], [-113.7287, 36.7306], [-113.7344, 36.7274], [-113.7385, 36.7277], [-113.7412, 36.7179], [-113.7358, 36.7115], [-113.736, 36.7078], [-113.7375, 36.7028], [-113.746, 36.6909], [-113.7485, 36.6817], [-113.7521, 36.677], [-113.7504, 36.6758], [-113.75, 36.672], [-113.7433, 36.6711], [-113.7567, 36.663], [-113.7641, 36.6604], [-113.7641, 36.6582], [-113.7775, 36.6472], [-113.784, 36.6363], [-113.7856, 36.621], [-113.7879, 36.6177], [-113.7847, 36.6112], [-113.7864, 36.6052], [-113.7843, 36.597], [-113.7826, 36.5954], [-113.7845, 36.5937], [-113.7845, 36.5799], [-113.7805, 36.5694], [-113.7827, 36.5586], [-113.7911, 36.5377], [-113.7965, 36.5395], [-113.803, 36.5366], [-113.8187, 36.534], [-113.8327, 36.5292], [-113.8386, 36.5267], [-113.8481, 36.5189], [-113.8557, 36.5181], [-113.8597, 36.5145], [-113.863, 36.5149], [-113.8716, 36.5096], [-113.8795, 36.5021], [-113.8808, 36.4971], [-113.8751, 36.4751], [-113.8958, 36.4493], [-113.8992, 36.4338], [-113.9057, 36.425], [-113.9097, 36.4125], [-113.9245, 36.4043], [-113.9298, 36.4034], [-113.9335, 36.3977], [-113.9417, 36.3901], [-113.9428, 36.385], [-113.9523, 36.3822], [-113.9525, 36.385], [-113.9567, 36.3857], [-113.9728, 36.3773], [-113.974, 36.3728], [-113.9758, 36.373], [-113.978, 36.368], [-113.9913, 36.3513], [-113.9976, 36.3466], [-114.0013, 36.347], [-114.0045, 36.3451], [-114.0104, 36.3481], [-114.0188, 36.3554], [-114.0241, 36.3632], [-114.0252, 36.3625], [-114.0315, 36.3693], [-114.0436, 36.3718], [-114.0431, 36.4697], [-114.0448, 36.4913], [-114.0499, 36.7095], [-114.0506, 37.0002]]]}}, {"type": "Feature", "properties": {"zip": "86003", "total": 4, "q1": 1, "q2": 1, "q3": 1, "q4": 1, "pop": 27, "acsPriv": 0, "seats": 0}, "geometry": {"type": "Polygon", "coordinates": [[[-111.2436, 35.1711], [-111.2419, 35.3013], [-111.2428, 35.3182], [-111.2377, 35.3176], [-111.2089, 35.3053], [-111.1788, 35.3003], [-111.1555, 35.3069], [-111.1525, 35.3047], [-111.152, 35.3002], [-111.1552, 35.2963], [-111.1548, 35.2943], [-111.148, 35.2892], [-111.1367, 35.2867], [-111.1408, 35.2829], [-111.1401, 35.2776], [-111.1421, 35.2716], [-111.1387, 35.2702], [-111.1384, 35.2674], [-111.1484, 35.2628], [-111.1583, 35.2624], [-111.1603, 35.2576], [-111.1661, 35.2559], [-111.1741, 35.2546], [-111.1834, 35.2555], [-111.1841, 35.2539], [-111.1777, 35.2491], [-111.1823, 35.2452], [-111.1881, 35.2414], [-111.1936, 35.2405], [-111.1954, 35.236], [-111.2109, 35.2278], [-111.212, 35.225], [-111.233, 35.2175], [-111.242, 35.2113], [-111.2391, 35.2105], [-111.2373, 35.2078], [-111.2027, 35.2062], [-111.2115, 35.1993], [-111.2205, 35.1985], [-111.2187, 35.1951], [-111.2199, 35.1908], [-111.1897, 35.1895], [-111.1804, 35.1877], [-111.1519, 35.1726], [-111.1482, 35.1624], [-111.157, 35.1561], [-111.2058, 35.1566], [-111.2067, 35.1653], [-111.2193, 35.1626], [-111.2204, 35.165], [-111.224, 35.1655], [-111.2264, 35.176], [-111.2299, 35.1773], [-111.2386, 35.1756], [-111.243, 35.1742], [-111.2436, 35.1711]]]}}, {"type": "Feature", "properties": {"zip": "86426", "total": 369, "q1": 83, "q2": 91, "q3": 100, "q4": 95, "pop": 1693, "acsPriv": 318, "seats": 0}, "geometry": {"type": "Polygon", "coordinates": [[[-114.6074, 34.9823], [-114.598, 34.9824], [-114.598, 34.9892], [-114.6072, 34.9895], [-114.6067, 35.0406], [-114.5803, 35.0406], [-114.5804, 35.0443], [-114.5625, 35.0441], [-114.5621, 35.0525], [-114.56, 35.0541], [-114.5624, 35.0547], [-114.5618, 35.0562], [-114.5573, 35.0601], [-114.5471, 35.0644], [-114.5451, 35.067], [-114.5134, 35.0669], [-114.4831, 34.986], [-114.5276, 34.9766], [-114.5277, 34.9825], [-114.5409, 34.9824], [-114.5408, 34.9734], [-114.5623, 34.9679], [-114.6076, 34.9678], [-114.6074, 34.9823]]]}}, {"type": "Feature", "properties": {"zip": "86403", "total": 566, "q1": 131, "q2": 141, "q3": 150, "q4": 144, "pop": 2119, "acsPriv": 68, "seats": 130}, "geometry": {"type": "Polygon", "coordinates": [[[-114.3874, 34.4605], [-114.3817, 34.476], [-114.383, 34.4889], [-114.3806, 34.501], [-114.3612, 34.5014], [-114.3608, 34.497], [-114.3579, 34.4972], [-114.3559, 34.4986], [-114.3567, 34.5064], [-114.351, 34.5061], [-114.348, 34.5093], [-114.348, 34.5076], [-114.3444, 34.5077], [-114.3444, 34.5105], [-114.3387, 34.5128], [-114.3247, 34.5131], [-114.3245, 34.5112], [-114.3212, 34.5113], [-114.3226, 34.5076], [-114.3213, 34.5062], [-114.3187, 34.5039], [-114.3156, 34.5039], [-114.3184, 34.5029], [-114.3178, 34.4992], [-114.3143, 34.5003], [-114.3156, 34.4979], [-114.3107, 34.4961], [-114.3113, 34.4944], [-114.3067, 34.4941], [-114.3051, 34.4955], [-114.3015, 34.4944], [-114.2975, 34.4961], [-114.2983, 34.494], [-114.2939, 34.4938], [-114.2923, 34.4908], [-114.2966, 34.4881], [-114.2995, 34.483], [-114.3047, 34.4798], [-114.3043, 34.4787], [-114.3229, 34.469], [-114.3237, 34.4668], [-114.325, 34.4679], [-114.3247, 34.4664], [-114.3307, 34.4631], [-114.3345, 34.463], [-114.3285, 34.4561], [-114.3215, 34.4528], [-114.3107, 34.4524], [-114.2976, 34.4546], [-114.3011, 34.4536], [-114.2974, 34.4524], [-114.301, 34.4465], [-114.3043, 34.4466], [-114.3115, 34.4411], [-114.3182, 34.4389], [-114.3267, 34.4379], [-114.333, 34.4481], [-114.3396, 34.4514], [-114.3744, 34.4471], [-114.383, 34.454], [-114.3874, 34.4605]]]}}, {"type": "Feature", "properties": {"zip": "86040", "total": 170, "q1": 37, "q2": 41, "q3": 46, "q4": 46, "pop": 2460, "acsPriv": 409, "seats": 15}, "geometry": {"type": "Polygon", "coordinates": [[[-111.6688, 36.6109], [-111.6649, 36.6228], [-111.6683, 36.6232], [-111.6677, 36.6364], [-111.6597, 36.6363], [-111.6593, 36.6315], [-111.6531, 36.6303], [-111.65, 36.6348], [-111.635, 36.6345], [-111.6298, 36.6386], [-111.6327, 36.6431], [-111.6334, 36.6476], [-111.632, 36.6577], [-111.6342, 36.6819], [-111.6328, 36.6904], [-111.6372, 36.6965], [-111.6369, 36.6987], [-111.6306, 36.7047], [-111.6254, 36.7049], [-111.6214, 36.7071], [-111.6213, 36.7097], [-111.6186, 36.7116], [-111.6182, 36.7162], [-111.6157, 36.7166], [-111.6127, 36.7241], [-111.6131, 36.727], [-111.6112, 36.728], [-111.6081, 36.7349], [-111.6091, 36.7405], [-111.6049, 36.7526], [-111.594, 36.7651], [-111.594, 36.7756], [-111.5927, 36.777], [-111.5935, 36.7902], [-111.5901, 36.8011], [-111.5899, 36.8125], [-111.5877, 36.8199], [-111.5898, 36.8285], [-111.5872, 36.8302], [-111.5855, 36.8292], [-111.5848, 36.8358], [-111.5807, 36.8359], [-111.58, 36.8377], [-111.575, 36.8397], [-111.5727, 36.8389], [-111.5756, 36.8342], [-111.5715, 36.8323], [-111.5722, 36.8287], [-111.5682, 36.8284], [-111.568, 36.83], [-111.5653, 36.8311], [-111.5655, 36.8359], [-111.5632, 36.8364], [-111.5624, 36.8384], [-111.5591, 36.8391], [-111.5592, 36.8373], [-111.5572, 36.8363], [-111.5561, 36.8363], [-111.5579, 36.8375], [-111.5572, 36.8443], [-111.5512, 36.8424], [-111.5434, 36.8462], [-111.5443, 36.8506], [-111.5588, 36.8615], [-111.5662, 36.8696], [-111.5664, 36.8741], [-111.5534, 36.8734], [-111.5414, 36.8788], [-111.5353, 36.8797], [-111.521, 36.8768], [-111.515, 36.8786], [-111.514, 36.8812], [-111.5152, 36.8828], [-111.5281, 36.8852], [-111.5296, 36.8862], [-111.5295, 36.8889], [-111.5248, 36.8924], [-111.5229, 36.9006], [-111.5018, 36.9026], [-111.4996, 36.9071], [-111.5007, 36.9167], [-111.4954, 36.9181], [-111.4949, 36.9253], [-111.4921, 36.9284], [-111.506, 36.9272], [-111.5475, 36.9479], [-111.5474, 36.9758], [-111.5851, 36.9758], [-111.5851, 36.9791], [-111.5926, 36.9742], [-111.5913, 36.9725], [-111.5921, 36.9699], [-111.622, 36.9846], [-111.622, 37.0015], [-111.4115, 37.0015], [-111.4113, 37.0002], [-111.4066, 37.0], [-111.407, 36.9973], [-111.3998, 36.9931], [-111.3998, 36.9895], [-111.3951, 36.983], [-111.3944, 36.9857], [-111.3935, 36.9814], [-111.3918, 36.9841], [-111.3881, 36.9805], [-111.3848, 36.9825], [-111.3848, 36.9841], [-111.3754, 36.9826], [-111.3732, 36.9803], [-111.3734, 36.9763], [-111.366, 36.9711], [-111.3648, 36.9727], [-111.3647, 36.9704], [-111.3598, 36.9685], [-111.3601, 36.9639], [-111.3584, 36.9619], [-111.3539, 36.9627], [-111.3512, 36.9587], [-111.3454, 36.9587], [-111.3431, 36.9533], [-111.3377, 36.9537], [-111.3344, 36.9559], [-111.3308, 36.9541], [-111.3294, 36.9512], [-111.3256, 36.951], [-111.3257, 36.947], [-111.3281, 36.9451], [-111.3273, 36.9424], [-111.316, 36.9382], [-111.3196, 36.9299], [-111.3187, 36.9265], [-111.3081, 36.9159], [-111.3017, 36.9131], [-111.2794, 36.9129], [-111.2786, 36.9108], [-111.2827, 36.9027], [-111.282, 36.8989], [-111.2716, 36.8952], [-111.2642, 36.8943], [-111.2634, 36.8919], [-111.2587, 36.8889], [-111.2546, 36.8898], [-111.2507, 36.8869], [-111.2495, 36.8891], [-111.2478, 36.8898], [-111.2499, 36.8876], [-111.2491, 36.8849], [-111.2455, 36.8846], [-111.246, 36.8819], [-111.2376, 36.8811], [-111.2387, 36.8796], [-111.2375, 36.8773], [-111.2336, 36.8789], [-111.2305, 36.8728], [-111.2272, 36.8721], [-111.2289, 36.8692], [-111.225, 36.8677], [-111.2247, 36.8643], [-111.2192, 36.8631], [-111.2169, 36.8595], [-111.2109, 36.8569], [-111.2127, 36.8487], [-111.2203, 36.8372], [-111.2158, 36.8339], [-111.2171, 36.8319], [-111.2159, 36.8305], [-111.2175, 36.8292], [-111.2156, 36.8249], [-111.218, 36.8232], [-111.2149, 36.8231], [-111.2177, 36.8208], [-111.2178, 36.8141], [-111.2138, 36.8128], [-111.2109, 36.8081], [-111.2015, 36.8068], [-111.2024, 36.8053], [-111.1992, 36.8042], [-111.1981, 36.8011], [-111.1921, 36.7989], [-111.1871, 36.7892], [-111.1839, 36.7876], [-111.184, 36.7862], [-111.1817, 36.7866], [-111.1747, 36.7827], [-111.173, 36.7794], [-111.1696, 36.7795], [-111.1668, 36.7768], [-111.1641, 36.7765], [-111.161, 36.7685], [-111.1578, 36.7673], [-111.1573, 36.7641], [-111.1564, 36.7654], [-111.1537, 36.764], [-111.1531, 36.7612], [-111.1547, 36.7603], [-111.153, 36.7568], [-111.1543, 36.7556], [-111.1535, 36.753], [-111.1506, 36.7514], [-111.151, 36.7467], [-111.1429, 36.7398], [-111.1454, 36.7347], [-111.1402, 36.7314], [-111.1321, 36.7224], [-111.1222, 36.7176], [-111.1223, 36.7154], [-111.1251, 36.716], [-111.147, 36.7256], [-111.1425, 36.7172], [-111.1407, 36.7004], [-111.1378, 36.6955], [-111.1372, 36.687], [-111.134, 36.6814], [-111.1384, 36.6786], [-111.1383, 36.6764], [-111.1443, 36.6701], [-111.1543, 36.6683], [-111.1557, 36.6651], [-111.1607, 36.6645], [-111.1637, 36.658], [-111.1674, 36.6555], [-111.1729, 36.6475], [-111.1751, 36.641], [-111.1739, 36.6306], [-111.1769, 36.6285], [-111.1759, 36.6232], [-111.1778, 36.6183], [-111.1843, 36.614], [-111.1829, 36.61], [-111.1874, 36.5962], [-111.195, 36.585], [-111.177, 36.5825], [-111.173, 36.5792], [-111.1663, 36.5688], [-111.1605, 36.5656], [-111.154, 36.5652], [-111.1362, 36.571], [-111.131, 36.571], [-111.1216, 36.5622], [-111.1209, 36.5589], [-111.1568, 36.559], [-111.1555, 36.557], [-111.1568, 36.5505], [-111.155, 36.5402], [-111.1726, 36.532], [-111.1838, 36.5331], [-111.1922, 36.5292], [-111.1963, 36.531], [-111.214, 36.5296], [-111.2317, 36.537], [-111.2393, 36.5306], [-111.2544, 36.5288], [-111.2545, 36.5242], [-111.2513, 36.5204], [-111.25, 36.5158], [-111.245, 36.513], [-111.2443, 36.5104], [-111.2475, 36.5009], [-111.2574, 36.4943], [-111.252, 36.4899], [-111.2494, 36.4912], [-111.2394, 36.4885], [-111.2532, 36.4807], [-111.229, 36.461], [-111.2248, 36.4633], [-111.2259, 36.4651], [-111.2166, 36.4717], [-111.2188, 36.4766], [-111.2163, 36.482], [-111.2108, 36.4788], [-111.1987, 36.4777], [-111.1982, 36.4732], [-111.2029, 36.4657], [-111.2062, 36.4557], [-111.2021, 36.4553], [-111.1817, 36.4645], [-111.1666, 36.4597], [-111.1644, 36.4602], [-111.1592, 36.4626], [-111.1594, 36.4688], [-111.1496, 36.4682], [-111.1427, 36.4719], [-111.1331, 36.4738], [-111.1279, 36.4773], [-111.1193, 36.4736], [-111.1186, 36.4716], [-111.1208, 36.4694], [-111.1175, 36.4649], [-111.1175, 36.4625], [-111.1436, 36.4495], [-111.1498, 36.4406], [-111.1625, 36.4315], [-111.1655, 36.427], [-111.1672, 36.4183], [-111.1649, 36.4032], [-111.1553, 36.3911], [-111.1529, 36.3841], [-111.1502, 36.3813], [-111.1472, 36.3606], [-111.1351, 36.3471], [-111.1314, 36.3315], [-111.1394, 36.3302], [-111.1448, 36.3226], [-111.1554, 36.3217], [-111.172, 36.3253], [-111.1769, 36.3225], [-111.193, 36.3262], [-111.2173, 36.327], [-111.2309, 36.3252], [-111.2231, 36.3294], [-111.2233, 36.3323], [-111.2257, 36.333], [-111.2337, 36.3416], [-111.243, 36.3481], [-111.2458, 36.3547], [-111.2537, 36.3595], [-111.2544, 36.3533], [-111.2512, 36.3502], [-111.2587, 36.336], [-111.2641, 36.3463], [-111.2686, 36.3452], [-111.2689, 36.3609], [-111.2734, 36.3675], [-111.2724, 36.3719], [-111.2738, 36.3749], [-111.2724, 36.375], [-111.2744, 36.3797], [-111.2688, 36.3878], [-111.2647, 36.3909], [-111.2681, 36.3939], [-111.2705, 36.3997], [-111.2767, 36.405], [-111.2895, 36.3997], [-111.2963, 36.402], [-111.3045, 36.3987], [-111.3125, 36.3982], [-111.3144, 36.4074], [-111.3344, 36.3914], [-111.3421, 36.3882], [-111.3585, 36.3719], [-111.4055, 36.342], [-111.424, 36.3164], [-111.4341, 36.3095], [-111.4353, 36.3056], [-111.4376, 36.3055], [-111.4393, 36.3019], [-111.4446, 36.3004], [-111.4385, 36.3224], [-111.4396, 36.4122], [-111.4481, 36.42], [-111.448, 36.427], [-111.4521, 36.4333], [-111.4584, 36.436], [-111.4605, 36.4599], [-111.4613, 36.4622], [-111.4614, 36.461], [-111.4636, 36.4623], [-111.4668, 36.4591], [-111.4703, 36.4593], [-111.4715, 36.4626], [-111.4868, 36.456], [-111.4909, 36.4612], [-111.4965, 36.4436], [-111.5023, 36.4405], [-111.5047, 36.4426], [-111.5064, 36.4403], [-111.5056, 36.4302], [-111.5137, 36.4175], [-111.5165, 36.4086], [-111.5214, 36.4179], [-111.5228, 36.4161], [-111.5237, 36.4208], [-111.5313, 36.4342], [-111.5406, 36.4434], [-111.5409, 36.448], [-111.5369, 36.4588], [-111.5379, 36.4655], [-111.5421, 36.4702], [-111.5492, 36.4671], [-111.5531, 36.4696], [-111.5655, 36.5026], [-111.5761, 36.5178], [-111.5752, 36.5244], [-111.5799, 36.5257], [-111.583, 36.5302], [-111.5902, 36.5344], [-111.5921, 36.5427], [-111.5932, 36.542], [-111.5956, 36.5449], [-111.6005, 36.5467], [-111.6043, 36.5515], [-111.6119, 36.5566], [-111.6161, 36.5628], [-111.6179, 36.5665], [-111.6171, 36.5729], [-111.6124, 36.5774], [-111.6245, 36.5727], [-111.6324, 36.5668], [-111.633, 36.5647], [-111.6367, 36.5632], [-111.6433, 36.5757], [-111.6567, 36.5951], [-111.6546, 36.6154], [-111.6591, 36.6151], [-111.6599, 36.6064], [-111.6583, 36.6055], [-111.6673, 36.6069], [-111.6688, 36.6109]]]}}, {"type": "Feature", "properties": {"zip": "86515", "total": 289, "q1": 66, "q2": 69, "q3": 77, "q4": 77, "pop": 553, "acsPriv": 1, "seats": 0}, "geometry": {"type": "Polygon", "coordinates": [[[-109.0965, 35.674], [-109.0948, 35.6984], [-109.0819, 35.6963], [-109.079, 35.6942], [-109.0675, 35.7081], [-109.063, 35.7086], [-109.0417, 35.7229], [-109.0376, 35.7232], [-109.0315, 35.73], [-109.0352, 35.7332], [-109.0463, 35.7346], [-109.0466, 35.7772], [-109.0402, 35.7787], [-109.0396, 35.781], [-109.0363, 35.7808], [-109.038, 35.8005], [-109.0375, 35.8108], [-109.0302, 35.8295], [-109.0228, 35.8408], [-109.0199, 35.8407], [-109.0177, 35.8388], [-109.008, 35.8414], [-109.0046, 35.8445], [-108.9948, 35.8477], [-108.9871, 35.8425], [-108.9818, 35.8429], [-108.9584, 35.8288], [-108.9599, 35.8258], [-108.9576, 35.8202], [-108.9602, 35.8061], [-108.9593, 35.7886], [-108.9481, 35.779], [-108.9395, 35.7653], [-108.9282, 35.7552], [-108.9197, 35.7388], [-108.9197, 35.7341], [-108.9166, 35.731], [-108.9191, 35.7217], [-108.9177, 35.7204], [-108.9207, 35.7155], [-108.9193, 35.711], [-108.9319, 35.7039], [-108.9346, 35.7001], [-108.9345, 35.6954], [-108.9458, 35.683], [-108.9453, 35.6786], [-108.9474, 35.6768], [-108.9487, 35.6716], [-108.9589, 35.6602], [-108.8805, 35.6596], [-108.8805, 35.6556], [-108.877, 35.6577], [-108.8767, 35.6496], [-108.8715, 35.6386], [-108.8809, 35.6387], [-108.8809, 35.6356], [-108.8995, 35.6329], [-108.9003, 35.5948], [-108.919, 35.5949], [-108.9189, 35.5808], [-108.9352, 35.5807], [-108.947, 35.576], [-108.9523, 35.5758], [-108.9599, 35.5802], [-108.9555, 35.5799], [-108.955, 35.6237], [-109.0265, 35.624], [-109.0266, 35.6098], [-109.0463, 35.61], [-109.0463, 35.6073], [-109.0526, 35.609], [-109.0612, 35.6143], [-109.061, 35.6175], [-109.0717, 35.6182], [-109.0769, 35.6164], [-109.0818, 35.6167], [-109.0827, 35.6187], [-109.0743, 35.6293], [-109.0768, 35.6403], [-109.075, 35.6426], [-109.0784, 35.644], [-109.0752, 35.6544], [-109.0677, 35.6535], [-109.0679, 35.6553], [-109.064, 35.6594], [-109.0647, 35.6621], [-109.0892, 35.6573], [-109.0933, 35.6677], [-109.0923, 35.6686], [-109.0937, 35.6687], [-109.0965, 35.674]]]}}, {"type": "Feature", "properties": {"zip": "86444", "total": 15, "q1": 3, "q2": 4, "q3": 4, "q4": 4, "pop": 151, "acsPriv": 0, "seats": 0}, "geometry": {"type": "Polygon", "coordinates": [[[-114.3237, 35.7908], [-114.3147, 35.8087], [-114.2977, 35.8123], [-114.2874, 35.8174], [-114.2902, 35.8206], [-114.2921, 35.8332], [-114.3, 35.8358], [-114.3032, 35.8423], [-114.2962, 35.8578], [-114.2983, 35.861], [-114.2977, 35.8642], [-114.2996, 35.8666], [-114.3001, 35.8649], [-114.3027, 35.8667], [-114.3044, 35.8661], [-114.3061, 35.871], [-114.3089, 35.8724], [-114.3089, 35.8756], [-114.3058, 35.8758], [-114.3055, 35.8799], [-114.3011, 35.879], [-114.2959, 35.8864], [-114.2924, 35.8941], [-114.2928, 35.899], [-114.2909, 35.8988], [-114.2829, 35.9116], [-114.2738, 35.9208], [-114.2732, 35.9289], [-114.2694, 35.9363], [-114.2666, 35.9368], [-114.2614, 35.9275], [-114.2528, 35.9231], [-114.2473, 35.9166], [-114.2418, 35.9163], [-114.2318, 35.9109], [-114.1922, 35.9129], [-114.1814, 35.918], [-114.1715, 35.925], [-114.174, 35.9303], [-114.1738, 35.9367], [-114.1763, 35.9444], [-114.1813, 35.9517], [-114.1854, 35.9731], [-114.1891, 35.9789], [-114.1873, 35.9863], [-114.1825, 35.9889], [-114.1892, 35.9997], [-114.1842, 36.0026], [-114.1717, 36.0026], [-114.1619, 36.0093], [-114.1609, 36.0112], [-114.1658, 36.0134], [-114.167, 36.016], [-114.1631, 36.0266], [-114.1534, 36.0232], [-114.1502, 36.0235], [-114.1459, 36.0272], [-114.1447, 36.0343], [-114.1371, 36.0385], [-114.1348, 36.0439], [-114.1362, 36.0532], [-114.1334, 36.0617], [-114.124, 36.0756], [-114.1196, 36.0858], [-114.112, 36.0949], [-114.1152, 36.0999], [-114.121, 36.1039], [-114.1209, 36.1108], [-114.1185, 36.1139], [-114.1084, 36.1192], [-114.097, 36.1208], [-114.0917, 36.1373], [-114.0812, 36.1502], [-114.0788, 36.1574], [-114.0668, 36.1791], [-114.0587, 36.1878], [-114.0439, 36.1934], [-114.0323, 36.1886], [-114.027, 36.1882], [-114.0144, 36.1948], [-114.0067, 36.1959], [-114.0017, 36.1924], [-114.0023, 36.1809], [-113.9896, 36.1741], [-113.9867, 36.1711], [-113.985, 36.1658], [-113.984, 36.1601], [-113.9889, 36.1394], [-113.9851, 36.1279], [-113.9813, 36.1247], [-113.9766, 36.1236], [-113.97, 36.1291], [-113.9572, 36.1321], [-113.9331, 36.1311], [-113.9277, 36.1223], [-113.9247, 36.1101], [-113.9241, 36.1007], [-113.9221, 36.0969], [-113.9143, 36.0933], [-113.9035, 36.0928], [-113.9044, 35.7717], [-113.8628, 35.7309], [-113.8662, 35.7282], [-113.8662, 35.7202], [-113.877, 35.7202], [-113.8807, 35.7162], [-113.882, 35.7121], [-113.8908, 35.7057], [-113.8983, 35.6954], [-113.9045, 35.6815], [-113.9104, 35.6741], [-113.914, 35.6734], [-113.9183, 35.6687], [-113.9334, 35.6443], [-113.9336, 35.642], [-113.9535, 35.6619], [-113.9696, 35.6817], [-113.9808, 35.7012], [-114.0661, 35.7185], [-114.1737, 35.6971], [-114.161, 35.7195], [-114.1578, 35.7326], [-114.2018, 35.7338], [-114.2254, 35.7628], [-114.3237, 35.7908]]]}}, {"type": "Feature", "properties": {"zip": "86445", "total": 6, "q1": 2, "q2": 2, "q3": 2, "q4": 0, "pop": 0, "acsPriv": 0, "seats": 0}, "geometry": {"type": "Polygon", "coordinates": [[[-114.7437, 35.9854], [-114.7393, 35.9918], [-114.7432, 36.0067], [-114.7411, 36.0125], [-114.7262, 36.0068], [-114.7128, 35.986], [-114.6997, 35.9804], [-114.6875, 35.9721], [-114.6753, 35.9682], [-114.6487, 35.9508], [-114.6346, 35.9298], [-114.6288, 35.9131], [-114.6255, 35.896], [-114.6228, 35.891], [-114.6012, 35.862], [-114.5948, 35.8572], [-114.5913, 35.8514], [-114.5731, 35.8432], [-114.522, 35.786], [-114.5032, 35.7533], [-114.4727, 35.7636], [-114.4025, 35.7642], [-114.3816, 35.7684], [-114.3803, 35.7713], [-114.3472, 35.7656], [-114.3438, 35.7638], [-114.3304, 35.7862], [-114.3238, 35.7908], [-114.2254, 35.7628], [-114.2018, 35.7338], [-114.1578, 35.7326], [-114.161, 35.7195], [-114.1737, 35.6971], [-114.2508, 35.6819], [-114.2806, 35.6847], [-114.2887, 35.6768], [-114.2925, 35.6806], [-114.3195, 35.6885], [-114.3195, 35.7036], [-114.3413, 35.7039], [-114.3454, 35.7058], [-114.3454, 35.7079], [-114.3495, 35.7093], [-114.3453, 35.7106], [-114.3452, 35.7121], [-114.3517, 35.711], [-114.3487, 35.7182], [-114.3575, 35.7174], [-114.3577, 35.7313], [-114.3601, 35.7318], [-114.3678, 35.7304], [-114.3769, 35.7326], [-114.3867, 35.731], [-114.4518, 35.7077], [-114.4514, 35.7059], [-114.4337, 35.7059], [-114.4338, 35.7023], [-114.4382, 35.7023], [-114.4382, 35.6914], [-114.4248, 35.6914], [-114.4247, 35.6842], [-114.4159, 35.6842], [-114.4159, 35.6787], [-114.4656, 35.6697], [-114.4656, 35.5318], [-114.47, 35.5247], [-114.4674, 35.5219], [-114.469, 35.5133], [-114.4808, 35.5075], [-114.4852, 35.5104], [-114.5089, 35.5096], [-114.5175, 35.5063], [-114.5166, 35.5038], [-114.5198, 35.5006], [-114.5237, 35.502], [-114.5385, 35.5012], [-114.549, 35.4984], [-114.5592, 35.4933], [-114.5705, 35.4921], [-114.5791, 35.4971], [-114.607, 35.4976], [-114.6259, 35.5027], [-114.6717, 35.503], [-114.6788, 35.5017], [-114.6757, 35.5156], [-114.6695, 35.5208], [-114.6646, 35.5215], [-114.6578, 35.5307], [-114.6568, 35.535], [-114.6615, 35.5441], [-114.6628, 35.5643], [-114.6644, 35.5684], [-114.6684, 35.5743], [-114.6757, 35.58], [-114.6592, 35.5875], [-114.6539, 35.5985], [-114.6535, 35.6097], [-114.6595, 35.6196], [-114.6667, 35.6231], [-114.6776, 35.6418], [-114.6895, 35.6514], [-114.6902, 35.6652], [-114.6823, 35.6778], [-114.6806, 35.684], [-114.6827, 35.6886], [-114.7014, 35.7011], [-114.7056, 35.7083], [-114.6979, 35.7317], [-114.6964, 35.7427], [-114.6977, 35.751], [-114.6943, 35.7566], [-114.701, 35.7697], [-114.6993, 35.7905], [-114.712, 35.8055], [-114.7093, 35.81], [-114.7037, 35.8146], [-114.6953, 35.8311], [-114.7063, 35.8462], [-114.7059, 35.8505], [-114.7019, 35.8532], [-114.6944, 35.8545], [-114.6915, 35.8587], [-114.6878, 35.8607], [-114.6697, 35.865], [-114.6616, 35.8712], [-114.6632, 35.8737], [-114.672, 35.878], [-114.679, 35.8855], [-114.6961, 35.8965], [-114.6949, 35.8976], [-114.7003, 35.9018], [-114.7057, 35.9093], [-114.7081, 35.9099], [-114.7092, 35.9168], [-114.7074, 35.9181], [-114.7076, 35.928], [-114.7134, 35.9319], [-114.7133, 35.9338], [-114.7298, 35.9599], [-114.7287, 35.9618], [-114.7405, 35.9755], [-114.7437, 35.9854]]]}}, {"type": "Feature", "properties": {"zip": "85365", "total": 4498, "q1": 1071, "q2": 1119, "q3": 1158, "q4": 1150, "pop": 9369, "acsPriv": 1275, "seats": 744}, "geometry": {"type": "Polygon", "coordinates": [[[-114.77, 32.6318], [-114.7632, 32.6447], [-114.7645, 32.6498], [-114.7507, 32.6602], [-114.7468, 32.669], [-114.7364, 32.6691], [-114.7363, 32.6546], [-114.7148, 32.6546], [-114.7148, 32.6691], [-114.7106, 32.6699], [-114.6999, 32.6618], [-114.6975, 32.662], [-114.6974, 32.6692], [-114.6932, 32.6692], [-114.6932, 32.6546], [-114.6845, 32.6545], [-114.6846, 32.6693], [-114.633, 32.6694], [-114.633, 32.6675], [-114.6274, 32.6694], [-114.6235, 32.6682], [-114.6219, 32.6698], [-114.6164, 32.6694], [-114.616, 32.6876], [-114.6139, 32.6876], [-114.6134, 32.69], [-114.616, 32.6902], [-114.6146, 32.6919], [-114.616, 32.6963], [-114.6139, 32.6962], [-114.616, 32.701], [-114.6131, 32.7011], [-114.6141, 32.7101], [-114.6113, 32.7102], [-114.6154, 32.726], [-114.6138, 32.726], [-114.6094, 32.7178], [-114.6075, 32.7169], [-114.599, 32.717], [-114.5991, 32.721], [-114.5896, 32.7246], [-114.5736, 32.7207], [-114.5555, 32.7197], [-114.5453, 32.7232], [-114.5337, 32.734], [-114.529, 32.742], [-114.5269, 32.75], [-114.5284, 32.7673], [-114.5324, 32.7769], [-114.5308, 32.7935], [-114.522, 32.8017], [-114.5103, 32.8165], [-114.4941, 32.8233], [-114.469, 32.8452], [-114.463, 32.9042], [-114.464, 32.9124], [-114.4766, 32.9236], [-114.4809, 32.9353], [-114.4681, 32.9553], [-114.4673, 32.9641], [-114.4686, 32.9716], [-114.4705, 32.9739], [-114.4754, 32.9752], [-114.4886, 32.9699], [-114.4929, 32.9718], [-114.5012, 33.0076], [-114.508, 33.0197], [-114.5168, 33.0279], [-114.4732, 33.0279], [-114.4732, 33.0133], [-114.4565, 33.0134], [-114.4559, 32.9989], [-114.439, 32.999], [-114.439, 32.9823], [-114.4334, 32.9837], [-114.4231, 32.9693], [-114.4304, 32.9574], [-114.426, 32.9528], [-114.4178, 32.9377], [-114.406, 32.8974], [-114.3986, 32.8824], [-114.3962, 32.8802], [-114.3931, 32.894], [-114.3867, 32.9013], [-114.3752, 32.8985], [-114.3687, 32.8879], [-114.3668, 32.8798], [-114.3641, 32.8769], [-114.3587, 32.8813], [-114.355, 32.8877], [-114.3502, 32.8878], [-114.3411, 32.899], [-114.3243, 32.915], [-114.3291, 32.9069], [-114.3211, 32.9188], [-114.315, 32.919], [-114.3115, 32.9175], [-114.3105, 32.9189], [-114.3063, 32.9172], [-114.2975, 32.9355], [-114.2902, 32.9461], [-114.2745, 32.9403], [-114.2677, 32.9422], [-114.2688, 33.4644], [-113.9575, 33.4644], [-113.9575, 33.3774], [-113.8734, 33.3773], [-113.8718, 33.371], [-113.8613, 33.356], [-113.8495, 33.348], [-113.8453, 33.3407], [-113.8402, 33.3356], [-113.8379, 33.3269], [-113.8156, 33.3188], [-113.797, 33.2989], [-113.7981, 33.2952], [-113.8032, 33.293], [-113.8054, 33.2869], [-113.8119, 33.2819], [-113.8242, 33.2786], [-113.8366, 33.2818], [-113.8533, 33.2837], [-113.8542, 33.283], [-113.8529, 33.2813], [-113.842, 33.2802], [-113.8389, 33.2785], [-113.8344, 33.2705], [-113.8301, 33.2688], [-113.8192, 33.2603], [-113.8158, 33.257], [-113.8115, 33.249], [-113.8005, 33.243], [-113.8026, 33.2404], [-113.7956, 33.2359], [-113.7842, 33.2323], [-113.7513, 33.247], [-113.7513, 33.2169], [-113.7437, 33.2191], [-113.7327, 33.2144], [-113.7249, 33.2129], [-113.7113, 33.2055], [-113.7028, 33.2065], [-113.6859, 33.2026], [-113.6843, 33.1916], [-113.6799, 33.1842], [-113.676, 33.1707], [-113.6771, 33.1614], [-113.685, 33.1603], [-113.6875, 33.1522], [-113.6925, 33.1482], [-113.7018, 33.1324], [-113.7036, 33.1121], [-113.7066, 33.1027], [-113.7097, 33.0986], [-113.7213, 33.0901], [-113.7289, 33.0921], [-113.7513, 33.0886], [-113.7513, 33.0801], [-113.7614, 33.0613], [-113.749, 33.0488], [-113.7463, 33.0425], [-113.7465, 33.0333], [-113.7527, 33.0179], [-113.7554, 33.0189], [-113.7604, 33.0168], [-113.7836, 33.0223], [-113.7873, 33.0148], [-113.7934, 33.0161], [-113.8474, 33.007], [-113.8374, 32.9786], [-113.8285, 32.9663], [-113.8938, 32.9298], [-113.9078, 32.922], [-113.9218, 32.9256], [-113.9323, 32.9246], [-113.9349, 32.9198], [-113.9428, 32.924], [-113.9582, 32.9254], [-113.9739, 32.9308], [-113.9762, 32.9308], [-113.9802, 32.9279], [-113.9972, 32.9245], [-114.0058, 32.9272], [-114.0096, 32.926], [-114.0316, 32.932], [-114.051, 32.9404], [-114.0487, 32.9388], [-114.0491, 32.9355], [-114.0472, 32.9325], [-114.0443, 32.9061], [-114.0354, 32.8894], [-114.035, 32.883], [-114.2624, 32.8823], [-114.2615, 32.7219], [-114.2702, 32.7217], [-114.2703, 32.7285], [-114.2789, 32.7288], [-114.2789, 32.7362], [-114.2875, 32.7362], [-114.2874, 32.7436], [-114.2961, 32.7434], [-114.2961, 32.757], [-114.3131, 32.757], [-114.3132, 32.7652], [-114.3176, 32.7652], [-114.3185, 32.7566], [-114.3211, 32.7583], [-114.3241, 32.7642], [-114.3304, 32.7651], [-114.3304, 32.7505], [-114.3157, 32.7506], [-114.3132, 32.7488], [-114.3133, 32.7361], [-114.339, 32.7361], [-114.3366, 32.7322], [-114.3239, 32.7261], [-114.3208, 32.7211], [-114.3208, 32.7174], [-114.3133, 32.7107], [-114.3133, 32.7071], [-114.3252, 32.7071], [-114.3273, 32.7111], [-114.3492, 32.7211], [-114.3504, 32.7272], [-114.3487, 32.739], [-114.3536, 32.7481], [-114.3625, 32.7575], [-114.3739, 32.7601], [-114.3823, 32.7585], [-114.3863, 32.7553], [-114.3937, 32.7572], [-114.3975, 32.7495], [-114.3971, 32.7457], [-114.3833, 32.73], [-114.3775, 32.7206], [-114.3709, 32.7182], [-114.4047, 32.6954], [-114.4073, 32.6997], [-114.4102, 32.7001], [-114.4272, 32.7115], [-114.4331, 32.7033], [-114.4352, 32.7055], [-114.4413, 32.7005], [-114.4458, 32.6998], [-114.4443, 32.693], [-114.4441, 32.6682], [-114.4511, 32.6702], [-114.4527, 32.6693], [-114.4527, 32.6664], [-114.4471, 32.6664], [-114.4471, 32.6642], [-114.4441, 32.6642], [-114.4441, 32.6559], [-114.4608, 32.656], [-114.4606, 32.6414], [-114.486, 32.6412], [-114.486, 32.6372], [-114.4951, 32.6371], [-114.4951, 32.6339], [-114.4606, 32.6341], [-114.4605, 32.6267], [-114.5213, 32.6265], [-114.5214, 32.6189], [-114.5248, 32.6123], [-114.5411, 32.6002], [-114.547, 32.5931], [-114.5616, 32.56], [-114.5629, 32.553], [-114.5628, 32.4984], [-114.579, 32.4984], [-114.5789, 32.4951], [-114.6141, 32.4951], [-114.6141, 32.4802], [-114.631, 32.4793], [-114.632, 32.5528], [-114.6233, 32.5528], [-114.6234, 32.5689], [-114.6151, 32.5747], [-114.6151, 32.5931], [-114.6236, 32.5931], [-114.6236, 32.5967], [-114.6314, 32.5967], [-114.6304, 32.6184], [-114.624, 32.6187], [-114.6326, 32.6187], [-114.6327, 32.6258], [-114.6376, 32.6204], [-114.6441, 32.6185], [-114.6453, 32.6163], [-114.647, 32.6165], [-114.6458, 32.6152], [-114.6496, 32.6149], [-114.6499, 32.6257], [-114.6671, 32.6256], [-114.6671, 32.6234], [-114.6714, 32.6234], [-114.6756, 32.6255], [-114.7701, 32.6257], [-114.77, 32.6318]]]}}, {"type": "Feature", "properties": {"zip": "86001", "total": 548, "q1": 115, "q2": 137, "q3": 151, "q4": 145, "pop": 3490, "acsPriv": 483, "seats": 200}, "geometry": {"type": "Polygon", "coordinates": [[[-111.9474, 35.4399], [-111.9437, 35.4427], [-111.937, 35.44], [-111.9236, 35.445], [-111.9257, 35.4568], [-111.8898, 35.4568], [-111.8885, 35.4566], [-111.8888, 35.4436], [-111.8838, 35.4406], [-111.8788, 35.4413], [-111.8695, 35.4395], [-111.8659, 35.436], [-111.8621, 35.4376], [-111.8633, 35.4466], [-111.8518, 35.4503], [-111.8323, 35.4442], [-111.8193, 35.4268], [-111.8131, 35.4237], [-111.8026, 35.4259], [-111.8065, 35.4321], [-111.8007, 35.4378], [-111.792, 35.4379], [-111.7823, 35.428], [-111.7764, 35.4261], [-111.7709, 35.4342], [-111.7658, 35.4351], [-111.763, 35.4336], [-111.7621, 35.4443], [-111.7728, 35.451], [-111.7781, 35.4596], [-111.8084, 35.4886], [-111.8208, 35.5033], [-111.8251, 35.4999], [-111.8374, 35.5066], [-111.8513, 35.5045], [-111.8555, 35.4998], [-111.8555, 35.4935], [-111.8618, 35.4946], [-111.8618, 35.4966], [-111.8901, 35.497], [-111.8894, 35.5399], [-111.8716, 35.5399], [-111.8718, 35.5557], [-111.8669, 35.5524], [-111.8536, 35.5567], [-111.855, 35.5581], [-111.8514, 35.5617], [-111.8562, 35.5601], [-111.8578, 35.5657], [-111.8616, 35.5698], [-111.8656, 35.5826], [-111.8668, 35.5815], [-111.8711, 35.5846], [-111.8816, 35.585], [-111.8789, 35.5904], [-111.8722, 35.5979], [-111.8497, 35.5736], [-111.8206, 35.5624], [-111.8197, 35.5586], [-111.8213, 35.5568], [-111.8061, 35.5541], [-111.796, 35.5459], [-111.7857, 35.5436], [-111.7825, 35.5398], [-111.7778, 35.5414], [-111.7727, 35.5399], [-111.7747, 35.535], [-111.7652, 35.5174], [-111.7653, 35.5138], [-111.7593, 35.5065], [-111.76, 35.5025], [-111.7448, 35.4877], [-111.7437, 35.4793], [-111.7391, 35.4809], [-111.7312, 35.4881], [-111.7212, 35.4899], [-111.7173, 35.4871], [-111.7165, 35.4794], [-111.7074, 35.4782], [-111.7004, 35.47], [-111.6952, 35.4692], [-111.6898, 35.4718], [-111.6829, 35.4698], [-111.6822, 35.4574], [-111.6733, 35.4656], [-111.674, 35.4706], [-111.6719, 35.472], [-111.6654, 35.4744], [-111.661, 35.4784], [-111.6505, 35.477], [-111.6458, 35.4725], [-111.6454, 35.4688], [-111.6431, 35.4662], [-111.651, 35.4586], [-111.6496, 35.4581], [-111.6565, 35.44], [-111.6664, 35.43], [-111.665, 35.4246], [-111.667, 35.4173], [-111.6649, 35.4093], [-111.6669, 35.4017], [-111.6571, 35.3961], [-111.6538, 35.3867], [-111.6549, 35.3779], [-111.6494, 35.375], [-111.6494, 35.3704], [-111.6437, 35.3696], [-111.6355, 35.3643], [-111.636, 35.3541], [-111.6421, 35.3499], [-111.6439, 35.3463], [-111.6403, 35.3473], [-111.6387, 35.3447], [-111.6371, 35.3447], [-111.6241, 35.35], [-111.6245, 35.3474], [-111.6222, 35.3452], [-111.6232, 35.3422], [-111.6173, 35.3419], [-111.6155, 35.339], [-111.618, 35.3357], [-111.6118, 35.3339], [-111.6125, 35.3323], [-111.6186, 35.3313], [-111.6157, 35.3284], [-111.6191, 35.3248], [-111.6233, 35.3245], [-111.6244, 35.3212], [-111.619, 35.3203], [-111.6168, 35.3147], [-111.6095, 35.3115], [-111.6085, 35.308], [-111.613, 35.3078], [-111.6098, 35.3049], [-111.6111, 35.3024], [-111.6078, 35.3002], [-111.6123, 35.2997], [-111.6097, 35.2972], [-111.6101, 35.2959], [-111.6203, 35.2932], [-111.6236, 35.2892], [-111.5879, 35.2898], [-111.5695, 35.2863], [-111.5694, 35.2786], [-111.578, 35.2399], [-111.5781, 35.2314], [-111.6315, 35.2325], [-111.6312, 35.2138], [-111.6295, 35.2135], [-111.627, 35.2089], [-111.628, 35.2035], [-111.6293, 35.2045], [-111.63, 35.2031], [-111.6278, 35.1922], [-111.6209, 35.1919], [-111.6464, 35.1734], [-111.6581, 35.171], [-111.6764, 35.178], [-111.7239, 35.1904], [-111.723, 35.1929], [-111.7377, 35.195], [-111.7443, 35.1984], [-111.7539, 35.1999], [-111.7607, 35.202], [-111.7558, 35.2009], [-111.7495, 35.2151], [-111.7478, 35.226], [-111.7442, 35.2292], [-111.7457, 35.2387], [-111.7493, 35.2421], [-111.7519, 35.2398], [-111.7667, 35.2361], [-111.7726, 35.2378], [-111.7745, 35.2349], [-111.7717, 35.2313], [-111.7733, 35.2274], [-111.8146, 35.2464], [-111.8335, 35.2479], [-111.841, 35.25], [-111.8462, 35.2493], [-111.861, 35.2556], [-111.8609, 35.2475], [-111.8641, 35.248], [-111.8644, 35.2428], [-111.8803, 35.2436], [-111.8874, 35.2452], [-111.8969, 35.2501], [-111.9113, 35.2516], [-111.9197, 35.2545], [-111.9193, 35.2556], [-111.9317, 35.259], [-111.9232, 35.2611], [-111.9187, 35.2658], [-111.9168, 35.2699], [-111.917, 35.2793], [-111.9003, 35.2837], [-111.8901, 35.2846], [-111.8908, 35.2908], [-111.889, 35.2988], [-111.8907, 35.3032], [-111.8959, 35.3049], [-111.8988, 35.3116], [-111.9009, 35.3182], [-111.8981, 35.3204], [-111.8969, 35.3242], [-111.9019, 35.3297], [-111.8968, 35.3297], [-111.8823, 35.337], [-111.881, 35.3436], [-111.8723, 35.3526], [-111.8705, 35.3588], [-111.8668, 35.3618], [-111.8581, 35.3648], [-111.8572, 35.3672], [-111.8616, 35.375], [-111.8604, 35.3791], [-111.8861, 35.3862], [-111.908, 35.4082], [-111.9115, 35.4239], [-111.9191, 35.4237], [-111.9189, 35.4275], [-111.9206, 35.4303], [-111.9381, 35.4347], [-111.9474, 35.4399]], [[-111.6574, 35.1852], [-111.6529, 35.1859], [-111.651, 35.1909], [-111.653, 35.1915], [-111.6534, 35.1937], [-111.6556, 35.1944], [-111.6568, 35.1923], [-111.6572, 35.1901], [-111.655, 35.1901], [-111.6548, 35.1886], [-111.6571, 35.1884], [-111.6574, 35.1852]]]}}, {"type": "Feature", "properties": {"zip": "86332", "total": 51, "q1": 10, "q2": 13, "q3": 14, "q4": 14, "pop": 160, "acsPriv": 28, "seats": 0}, "geometry": {"type": "Polygon", "coordinates": [[[-113.0007, 34.4648], [-112.9918, 34.4661], [-112.9904, 34.4674], [-112.9921, 34.4684], [-112.9859, 34.4762], [-112.9883, 34.4793], [-112.9867, 34.4789], [-112.9875, 34.4821], [-112.9857, 34.4874], [-112.9867, 34.4895], [-112.9844, 34.4905], [-112.9823, 34.4951], [-112.9831, 34.4985], [-112.979, 34.5054], [-112.9761, 34.5182], [-112.9726, 34.5246], [-112.9713, 34.5261], [-112.9592, 34.527], [-112.9427, 34.5245], [-112.939, 34.5214], [-112.935, 34.5209], [-112.934, 34.5162], [-112.9235, 34.5087], [-112.9123, 34.5053], [-112.9078, 34.5054], [-112.89, 34.4988], [-112.8884, 34.4898], [-112.8842, 34.4863], [-112.8788, 34.4932], [-112.8768, 34.4993], [-112.8706, 34.4961], [-112.8651, 34.496], [-112.8551, 34.4926], [-112.8536, 34.4967], [-112.8498, 34.4995], [-112.8501, 34.5032], [-112.8159, 34.5032], [-112.8166, 34.4994], [-112.8192, 34.499], [-112.8178, 34.4944], [-112.8129, 34.491], [-112.8161, 34.4781], [-112.8037, 34.4681], [-112.7961, 34.4545], [-112.7964, 34.4379], [-112.7929, 34.4372], [-112.791, 34.441], [-112.7818, 34.4398], [-112.7814, 34.4381], [-112.7792, 34.4382], [-112.774, 34.4343], [-112.7742, 34.431], [-112.7715, 34.4287], [-112.7581, 34.4236], [-112.7518, 34.4158], [-112.7429, 34.4162], [-112.7333, 34.4227], [-112.7316, 34.4262], [-112.7322, 34.4293], [-112.7296, 34.4326], [-112.7266, 34.4314], [-112.6959, 34.4321], [-112.6975, 34.4268], [-112.7021, 34.421], [-112.7103, 34.4172], [-112.7007, 34.4212], [-112.6931, 34.4319], [-112.6805, 34.429], [-112.6725, 34.4304], [-112.6678, 34.4266], [-112.6562, 34.4261], [-112.6468, 34.4299], [-112.6451, 34.4325], [-112.6279, 34.4382], [-112.6246, 34.4419], [-112.6149, 34.442], [-112.6037, 34.4467], [-112.5982, 34.4439], [-112.5869, 34.4443], [-112.5776, 34.4355], [-112.5696, 34.4321], [-112.5619, 34.4255], [-112.556, 34.4247], [-112.5526, 34.429], [-112.5485, 34.4277], [-112.5452, 34.4301], [-112.5462, 34.4332], [-112.544, 34.4351], [-112.5475, 34.4389], [-112.5484, 34.4431], [-112.538, 34.4504], [-112.5394, 34.4547], [-112.5347, 34.4529], [-112.5323, 34.4543], [-112.5246, 34.4536], [-112.5231, 34.4558], [-112.524, 34.4587], [-112.524, 34.459], [-112.5238, 34.4592], [-112.5219, 34.4523], [-112.5179, 34.4492], [-112.5105, 34.4475], [-112.5084, 34.4439], [-112.502, 34.4449], [-112.5032, 34.4486], [-112.5017, 34.4486], [-112.5021, 34.447], [-112.4984, 34.4479], [-112.5003, 34.4522], [-112.497, 34.4516], [-112.4968, 34.4547], [-112.4852, 34.453], [-112.4842, 34.4511], [-112.4876, 34.4501], [-112.4753, 34.427], [-112.4674, 34.4267], [-112.4617, 34.4216], [-112.4517, 34.4182], [-112.4479, 34.4185], [-112.447, 34.4165], [-112.449, 34.4152], [-112.4474, 34.4131], [-112.4492, 34.4103], [-112.4426, 34.4096], [-112.4416, 34.4118], [-112.439, 34.4123], [-112.44, 34.411], [-112.4363, 34.4096], [-112.4373, 34.408], [-112.4349, 34.4075], [-112.4349, 34.405], [-112.4289, 34.4055], [-112.423, 34.3992], [-112.423, 34.3955], [-112.4159, 34.3924], [-112.4143, 34.3829], [-112.41, 34.3769], [-112.4087, 34.3786], [-112.4015, 34.3802], [-112.3949, 34.3767], [-112.3911, 34.3723], [-112.3917, 34.3711], [-112.3901, 34.3706], [-112.3903, 34.3672], [-112.3868, 34.366], [-112.3866, 34.3607], [-112.3812, 34.3562], [-112.3778, 34.3568], [-112.3771, 34.341], [-112.3743, 34.3385], [-112.3745, 34.3337], [-112.3722, 34.3321], [-112.3708, 34.328], [-112.3682, 34.328], [-112.3667, 34.3245], [-112.3697, 34.3155], [-112.3743, 34.3129], [-112.3763, 34.3097], [-112.375, 34.3059], [-112.3732, 34.3053], [-112.3763, 34.2955], [-112.3756, 34.2925], [-112.3775, 34.2905], [-112.3776, 34.2305], [-112.3904, 34.2305], [-112.3903, 34.227], [-112.3944, 34.2249], [-112.3994, 34.2109], [-112.4035, 34.2076], [-112.4028, 34.198], [-112.4059, 34.1904], [-112.4015, 34.179], [-112.399, 34.1767], [-112.4001, 34.1701], [-112.4094, 34.1622], [-112.4138, 34.1618], [-112.4139, 34.1574], [-112.421, 34.1575], [-112.4217, 34.1531], [-112.4252, 34.1533], [-112.4276, 34.1516], [-112.43, 34.1445], [-112.4357, 34.1417], [-112.4366, 34.1389], [-112.4353, 34.1361], [-112.4308, 34.1319], [-112.4328, 34.1297], [-112.4298, 34.1286], [-112.4299, 34.1262], [-112.4281, 34.1243], [-112.4302, 34.1214], [-112.4387, 34.1207], [-112.4387, 34.1182], [-112.4419, 34.1146], [-112.439, 34.114], [-112.44, 34.1129], [-112.4385, 34.1096], [-112.4316, 34.1039], [-112.427, 34.1054], [-112.4256, 34.1003], [-112.4287, 34.0905], [-112.42, 34.0913], [-112.4188, 34.0882], [-112.4214, 34.0759], [-112.4236, 34.0733], [-112.427, 34.0734], [-112.4288, 34.0718], [-112.4329, 34.0644], [-112.431, 34.0626], [-112.4349, 34.0524], [-112.4349, 34.0435], [-112.4278, 34.0375], [-112.4284, 34.034], [-112.4263, 34.0255], [-112.4311, 34.0233], [-112.4371, 34.0243], [-112.437, 34.0201], [-112.4391, 34.0183], [-112.4379, 34.0149], [-112.4411, 34.0145], [-112.4433, 34.0167], [-112.4483, 34.0169], [-112.4673, 34.0092], [-112.4687, 34.0112], [-112.4723, 34.0113], [-112.4766, 34.0145], [-112.4878, 34.0132], [-112.4966, 34.0207], [-112.5087, 34.0254], [-112.512, 34.0298], [-112.5163, 34.0316], [-112.5168, 34.113], [-112.6211, 34.1126], [-112.6209, 34.1578], [-112.6185, 34.1578], [-112.6184, 34.2776], [-112.6257, 34.2792], [-112.6362, 34.2729], [-112.6444, 34.271], [-112.6508, 34.263], [-112.6534, 34.255], [-112.6612, 34.2512], [-112.669, 34.2432], [-112.7184, 34.2433], [-112.7186, 34.2026], [-112.7244, 34.1931], [-112.7271, 34.1926], [-112.7293, 34.1961], [-112.7291, 34.1998], [-112.7423, 34.2057], [-112.7488, 34.2112], [-112.7366, 34.2163], [-112.7368, 34.2318], [-112.7353, 34.2332], [-112.7353, 34.2352], [-112.7373, 34.2356], [-112.7365, 34.246], [-112.7348, 34.2525], [-112.7279, 34.2623], [-112.7272, 34.2658], [-112.7331, 34.2591], [-112.7366, 34.2586], [-112.7425, 34.2533], [-112.7553, 34.2547], [-112.7656, 34.2528], [-112.7679, 34.2546], [-112.7788, 34.2526], [-112.783, 34.2433], [-112.824, 34.2433], [-112.8234, 34.3773], [-112.8376, 34.3773], [-112.846, 34.3741], [-112.8509, 34.3762], [-112.8518, 34.3747], [-112.8582, 34.3758], [-112.874, 34.3709], [-112.8784, 34.3721], [-112.8816, 34.37], [-112.8837, 34.3723], [-112.8899, 34.3724], [-112.8921, 34.3693], [-112.9016, 34.3693], [-112.9059, 34.3675], [-112.913, 34.369], [-112.9133, 34.3721], [-112.9167, 34.375], [-112.9183, 34.3799], [-112.9271, 34.3886], [-112.9303, 34.3964], [-112.9258, 34.4058], [-112.9181, 34.4165], [-112.913, 34.4166], [-112.9063, 34.4246], [-112.9139, 34.4247], [-112.9138, 34.4271], [-112.9172, 34.4316], [-112.9237, 34.4339], [-112.93, 34.4395], [-112.9389, 34.4444], [-112.9467, 34.4431], [-112.9596, 34.4457], [-112.9635, 34.444], [-112.9759, 34.4507], [-112.977, 34.4542], [-112.9845, 34.4533], [-112.9886, 34.4558], [-112.9884, 34.4577], [-112.991, 34.4581], [-112.9916, 34.4605], [-113.0007, 34.4648]], [[-112.6184, 34.3162], [-112.6184, 34.3159], [-112.6181, 34.3161], [-112.6184, 34.3162]]]}}, {"type": "Feature", "properties": {"zip": "85713", "total": 839, "q1": 192, "q2": 210, "q3": 226, "q4": 211, "pop": 8299, "acsPriv": 608, "seats": 590}, "geometry": {"type": "Polygon", "coordinates": [[[-111.1324, 32.2179], [-111.1321, 32.2208], [-111.1086, 32.2203], [-111.103, 32.2177], [-111.1001, 32.2208], [-111.0969, 32.2208], [-111.0883, 32.2186], [-111.0824, 32.2112], [-111.0604, 32.2098], [-111.0547, 32.2112], [-111.0545, 32.2068], [-111.0587, 32.2068], [-111.0588, 32.2031], [-111.0545, 32.2031], [-111.0545, 32.1995], [-111.046, 32.1995], [-111.0461, 32.1911], [-111.0377, 32.189], [-111.0362, 32.1906], [-111.0372, 32.1923], [-111.029, 32.1924], [-111.0335, 32.1986], [-111.0329, 32.2069], [-110.9997, 32.2069], [-110.9932, 32.2055], [-110.9853, 32.2069], [-110.9803, 32.2096], [-110.9805, 32.2068], [-110.9654, 32.2068], [-110.9654, 32.2082], [-110.9623, 32.2095], [-110.9609, 32.2095], [-110.9609, 32.2069], [-110.9109, 32.207], [-110.9108, 32.2039], [-110.9096, 32.2039], [-110.909, 32.178], [-110.9106, 32.1755], [-110.914, 32.177], [-110.9177, 32.1758], [-110.9177, 32.178], [-110.9613, 32.1779], [-110.9614, 32.185], [-110.9678, 32.1866], [-110.9683, 32.1778], [-110.9837, 32.1766], [-110.9818, 32.1778], [-110.9933, 32.1779], [-110.9917, 32.1766], [-110.9915, 32.1723], [-110.9988, 32.1723], [-110.9988, 32.1742], [-111.0028, 32.1747], [-111.0033, 32.1774], [-111.0458, 32.1778], [-111.0459, 32.1812], [-111.0628, 32.1811], [-111.0628, 32.1845], [-111.0787, 32.1844], [-111.0825, 32.1795], [-111.0926, 32.1857], [-111.0964, 32.1846], [-111.0962, 32.1879], [-111.1135, 32.1985], [-111.1219, 32.2016], [-111.1324, 32.2179]], [[-110.9478, 32.2055], [-110.9449, 32.2022], [-110.9437, 32.2031], [-110.9437, 32.2056], [-110.9478, 32.2055]]]}}, {"type": "Feature", "properties": {"zip": "85349", "total": 63, "q1": 10, "q2": 16, "q3": 18, "q4": 19, "pop": 6896, "acsPriv": 0, "seats": 0}, "geometry": {"type": "MultiPolygon", "coordinates": [[[[-114.7897, 32.4931], [-114.7891, 32.4938], [-114.7889, 32.4932], [-114.7897, 32.4931]]], [[[-114.7946, 32.4936], [-114.7917, 32.4937], [-114.7917, 32.4909], [-114.7946, 32.4916], [-114.7946, 32.4936]]], [[[-114.7967, 32.5086], [-114.7781, 32.5088], [-114.7781, 32.5041], [-114.7698, 32.4984], [-114.7695, 32.496], [-114.7743, 32.496], [-114.7743, 32.4978], [-114.7775, 32.4978], [-114.778, 32.4942], [-114.761, 32.4943], [-114.7609, 32.4876], [-114.7603, 32.4899], [-114.7567, 32.4899], [-114.7567, 32.4875], [-114.7524, 32.4874], [-114.753, 32.4928], [-114.7567, 32.492], [-114.7567, 32.498], [-114.761, 32.4979], [-114.7579, 32.5089], [-114.7525, 32.509], [-114.7524, 32.4943], [-114.7355, 32.4947], [-114.7353, 32.5213], [-114.7273, 32.5204], [-114.722, 32.5234], [-114.7179, 32.5224], [-114.7179, 32.4947], [-114.631, 32.495], [-114.631, 32.4395], [-114.7695, 32.4813], [-114.7689, 32.4882], [-114.7733, 32.489], [-114.7733, 32.4869], [-114.7791, 32.487], [-114.7785, 32.4935], [-114.7796, 32.4905], [-114.7823, 32.4905], [-114.7823, 32.487], [-114.7846, 32.487], [-114.7858, 32.4942], [-114.7909, 32.4942], [-114.791, 32.4953], [-114.7949, 32.4953], [-114.7952, 32.4942], [-114.7951, 32.4958], [-114.7938, 32.4996], [-114.7967, 32.5086]]]]}}, {"type": "Feature", "properties": {"zip": "85356", "total": 278, "q1": 67, "q2": 68, "q3": 70, "q4": 73, "pop": 538, "acsPriv": 198, "seats": 0}, "geometry": {"type": "Polygon", "coordinates": [[[-114.3975, 32.7495], [-114.3937, 32.7572], [-114.3863, 32.7553], [-114.3823, 32.7585], [-114.3739, 32.7601], [-114.3628, 32.7576], [-114.3536, 32.7481], [-114.3487, 32.739], [-114.3505, 32.7263], [-114.3488, 32.7206], [-114.3273, 32.7111], [-114.3252, 32.7071], [-114.3133, 32.7071], [-114.3133, 32.7107], [-114.3208, 32.7174], [-114.3208, 32.7211], [-114.3239, 32.7261], [-114.3344, 32.7308], [-114.339, 32.7352], [-114.3133, 32.7363], [-114.3132, 32.7488], [-114.3157, 32.7506], [-114.3304, 32.7505], [-114.3304, 32.7651], [-114.3241, 32.7642], [-114.3211, 32.7583], [-114.3185, 32.7566], [-114.3176, 32.7652], [-114.3132, 32.7652], [-114.3131, 32.757], [-114.2961, 32.757], [-114.2961, 32.7434], [-114.2874, 32.7436], [-114.2875, 32.7362], [-114.2789, 32.7362], [-114.2789, 32.7288], [-114.2703, 32.7285], [-114.2702, 32.7217], [-114.2615, 32.7219], [-114.2617, 32.7651], [-114.2447, 32.7652], [-114.2446, 32.7796], [-114.1614, 32.78], [-114.1612, 32.7766], [-114.1574, 32.7738], [-114.1568, 32.7711], [-114.1511, 32.7674], [-114.1524, 32.7634], [-114.1496, 32.7603], [-114.1499, 32.7569], [-114.1434, 32.7563], [-114.1346, 32.752], [-114.134, 32.7491], [-114.1217, 32.7403], [-114.1142, 32.7316], [-114.1117, 32.732], [-114.1095, 32.7293], [-114.0742, 32.729], [-114.074, 32.7221], [-114.0467, 32.7223], [-114.0408, 32.7185], [-114.039, 32.7195], [-114.022, 32.7155], [-114.0219, 32.7076], [-114.0164, 32.7121], [-114.0016, 32.7372], [-113.9877, 32.7374], [-113.9878, 32.7517], [-113.9707, 32.7518], [-113.9707, 32.7372], [-113.966, 32.7373], [-113.9678, 32.7314], [-113.978, 32.7193], [-113.9875, 32.7172], [-113.9876, 32.7029], [-113.9704, 32.7028], [-113.9703, 32.6944], [-113.9532, 32.697], [-113.9531, 32.6937], [-114.0221, 32.6817], [-114.022, 32.6424], [-114.039, 32.6423], [-114.0389, 32.6348], [-114.0906, 32.6347], [-114.0905, 32.6273], [-114.1161, 32.6268], [-114.1152, 32.6197], [-114.1095, 32.6105], [-114.0934, 32.5913], [-114.1661, 32.5912], [-114.1589, 32.6057], [-114.1589, 32.6198], [-114.3282, 32.6199], [-114.3304, 32.6263], [-114.3279, 32.6298], [-114.3297, 32.6339], [-114.317, 32.6438], [-114.3224, 32.6532], [-114.3205, 32.661], [-114.3244, 32.6611], [-114.3351, 32.6681], [-114.3373, 32.673], [-114.3446, 32.6799], [-114.3525, 32.6804], [-114.3542, 32.6892], [-114.3627, 32.6949], [-114.3633, 32.7018], [-114.3691, 32.7162], [-114.3785, 32.7216], [-114.3833, 32.73], [-114.3971, 32.7457], [-114.3975, 32.7495]]]}}, {"type": "Feature", "properties": {"zip": "85143", "total": 2729, "q1": 604, "q2": 654, "q3": 730, "q4": 741, "pop": 8284, "acsPriv": 1292, "seats": 0}, "geometry": {"type": "Polygon", "coordinates": [[[-111.5863, 33.1775], [-111.5813, 33.1847], [-111.5827, 33.2189], [-111.5284, 33.1619], [-111.4921, 33.162], [-111.4928, 33.1911], [-111.438, 33.1912], [-111.4287, 33.1775], [-111.4741, 33.1484], [-111.4736, 33.1176], [-111.4751, 33.1176], [-111.5773, 33.1182], [-111.5796, 33.1678], [-111.5806, 33.1717], [-111.5863, 33.1775]]]}}, {"type": "Feature", "properties": {"zip": "85613", "total": 393, "q1": 84, "q2": 102, "q3": 103, "q4": 104, "pop": 799, "acsPriv": 106, "seats": 0}, "geometry": {"type": "Polygon", "coordinates": [[[-110.4491, 31.5503], [-110.4479, 31.5545], [-110.449, 31.5564], [-110.4468, 31.6078], [-110.3369, 31.6202], [-110.3153, 31.574], [-110.3217, 31.5727], [-110.3145, 31.5599], [-110.3126, 31.5605], [-110.3114, 31.5581], [-110.3091, 31.5588], [-110.3065, 31.5539], [-110.3274, 31.5443], [-110.3291, 31.5504], [-110.343, 31.5481], [-110.3349, 31.5412], [-110.3354, 31.5375], [-110.332, 31.5311], [-110.3354, 31.5246], [-110.3379, 31.5237], [-110.3361, 31.5186], [-110.3382, 31.5178], [-110.3382, 31.5148], [-110.3489, 31.5072], [-110.3519, 31.5032], [-110.3607, 31.5134], [-110.3669, 31.5118], [-110.3702, 31.5126], [-110.3693, 31.5086], [-110.3713, 31.5077], [-110.3712, 31.5061], [-110.3642, 31.5028], [-110.3644, 31.5006], [-110.3616, 31.4982], [-110.3618, 31.4929], [-110.3596, 31.491], [-110.3661, 31.4884], [-110.3559, 31.4857], [-110.3589, 31.4849], [-110.3592, 31.4822], [-110.3662, 31.4801], [-110.3639, 31.4765], [-110.3645, 31.4748], [-110.3551, 31.4716], [-110.3548, 31.469], [-110.3571, 31.4673], [-110.3609, 31.4677], [-110.3628, 31.4629], [-110.3616, 31.4611], [-110.3728, 31.4575], [-110.3732, 31.4546], [-110.3771, 31.4543], [-110.3799, 31.4579], [-110.3823, 31.4574], [-110.3843, 31.4543], [-110.3843, 31.4507], [-110.388, 31.4533], [-110.389, 31.4564], [-110.3858, 31.4649], [-110.3862, 31.4709], [-110.3889, 31.473], [-110.3883, 31.4757], [-110.3951, 31.4784], [-110.3914, 31.4824], [-110.3925, 31.4851], [-110.4045, 31.4879], [-110.4083, 31.4925], [-110.4145, 31.4943], [-110.4189, 31.4988], [-110.4181, 31.51], [-110.4132, 31.5136], [-110.4182, 31.5187], [-110.4271, 31.5224], [-110.429, 31.5259], [-110.4328, 31.528], [-110.4322, 31.5303], [-110.4382, 31.5364], [-110.438, 31.5406], [-110.4421, 31.5418], [-110.4491, 31.5503]]]}}, {"type": "Feature", "properties": {"zip": "85390", "total": 618, "q1": 143, "q2": 148, "q3": 162, "q4": 165, "pop": 1053, "acsPriv": 467, "seats": 215}, "geometry": {"type": "Polygon", "coordinates": [[[-113.1421, 33.8561], [-113.1416, 33.9513], [-113.1114, 33.9728], [-113.0917, 33.9757], [-113.0841, 33.9704], [-113.0605, 33.9733], [-113.0591, 33.9783], [-113.0526, 33.9813], [-113.0481, 33.9855], [-113.0452, 34.0], [-112.9174, 33.9999], [-112.9069, 34.0023], [-112.9231, 34.0209], [-112.9247, 34.0268], [-112.9224, 34.0291], [-112.9188, 34.0476], [-112.9206, 34.0581], [-112.9193, 34.0573], [-112.9122, 34.061], [-112.9047, 34.0619], [-112.9048, 34.0709], [-112.9004, 34.0774], [-112.8975, 34.0865], [-112.9064, 34.0927], [-112.9035, 34.0951], [-112.9019, 34.0999], [-112.8447, 34.0999], [-112.8386, 34.0908], [-112.8358, 34.0822], [-112.8216, 34.0626], [-112.8171, 34.0472], [-112.816, 34.0365], [-112.8173, 34.0309], [-112.8089, 34.0252], [-112.8113, 34.0301], [-112.8193, 34.0631], [-112.809, 34.0675], [-112.8028, 34.0654], [-112.7984, 34.0668], [-112.7957, 34.071], [-112.7596, 34.0712], [-112.7555, 34.0692], [-112.7478, 34.06], [-112.739, 34.0567], [-112.7323, 34.0583], [-112.7215, 34.0534], [-112.7162, 34.0488], [-112.7113, 34.0599], [-112.7122, 34.0656], [-112.7094, 34.0711], [-112.6604, 34.0714], [-112.6588, 34.07], [-112.6176, 34.0712], [-112.6173, 34.1128], [-112.5168, 34.113], [-112.5169, 34.0462], [-112.5204, 34.0471], [-112.5256, 34.0453], [-112.5296, 34.0482], [-112.5333, 34.0477], [-112.5371, 34.0508], [-112.5418, 34.0509], [-112.544, 34.0501], [-112.5433, 34.0459], [-112.5525, 34.0453], [-112.5568, 34.0486], [-112.5564, 34.0464], [-112.562, 34.0478], [-112.5628, 34.0466], [-112.5654, 34.0478], [-112.5738, 34.0457], [-112.576, 34.0469], [-112.5788, 34.0455], [-112.5836, 34.0467], [-112.5875, 34.0417], [-112.5932, 34.0415], [-112.5959, 34.0394], [-112.6128, 34.0424], [-112.6209, 34.0386], [-112.6324, 34.0294], [-112.6414, 34.016], [-112.6579, 34.0103], [-112.6646, 34.0019], [-112.6939, 33.9875], [-112.685, 33.9852], [-112.6852, 33.9272], [-112.7031, 33.9129], [-112.703, 33.8984], [-112.7074, 33.8984], [-112.7075, 33.8806], [-112.711, 33.8771], [-112.7152, 33.8757], [-112.7245, 33.8826], [-112.7278, 33.8786], [-112.7348, 33.8805], [-112.7382, 33.878], [-112.7402, 33.8669], [-112.7368, 33.8614], [-112.7434, 33.8617], [-112.7451, 33.8591], [-112.7493, 33.8572], [-112.7531, 33.8605], [-112.7566, 33.8609], [-112.7583, 33.8556], [-112.7604, 33.8534], [-112.7636, 33.8531], [-112.7629, 33.8507], [-112.7656, 33.8405], [-112.7569, 33.8355], [-112.7571, 33.8312], [-112.7598, 33.8239], [-112.7683, 33.8229], [-112.7575, 33.8155], [-112.7562, 33.8114], [-112.7595, 33.8113], [-112.7596, 33.7932], [-112.7769, 33.7932], [-112.7769, 33.7823], [-112.7595, 33.7823], [-112.7595, 33.7787], [-112.7421, 33.7787], [-112.7421, 33.775], [-112.7769, 33.775], [-112.7769, 33.7714], [-112.7595, 33.7714], [-112.7595, 33.7677], [-112.7618, 33.7678], [-112.7622, 33.7662], [-112.7589, 33.76], [-112.7572, 33.748], [-112.7549, 33.7432], [-112.7561, 33.7387], [-112.7629, 33.7325], [-112.7788, 33.7338], [-112.7908, 33.7231], [-112.8157, 33.724], [-112.8181, 33.7227], [-112.8264, 33.7337], [-112.8293, 33.7355], [-112.8282, 33.7441], [-112.8304, 33.7514], [-112.83, 33.7562], [-112.8345, 33.7639], [-112.8389, 33.7682], [-112.8403, 33.7746], [-112.846, 33.7804], [-112.8498, 33.7876], [-112.8485, 33.7921], [-112.8809, 33.7179], [-112.9046, 33.7363], [-112.9225, 33.7459], [-112.9322, 33.7548], [-112.9346, 33.7626], [-112.9437, 33.7661], [-112.959, 33.7696], [-112.9661, 33.7732], [-112.9972, 33.7827], [-113.0008, 33.7817], [-113.0057, 33.7853], [-113.0133, 33.7872], [-113.0282, 33.7835], [-113.0373, 33.7869], [-113.0433, 33.7864], [-113.0464, 33.7853], [-113.0546, 33.7779], [-113.062, 33.7784], [-113.0685, 33.7875], [-113.0686, 33.7912], [-113.071, 33.7932], [-113.0724, 33.8052], [-113.0598, 33.8058], [-113.0831, 33.8201], [-113.0758, 33.8209], [-113.0706, 33.8242], [-113.0722, 33.8298], [-113.0673, 33.8631], [-113.0739, 33.8594], [-113.0769, 33.8537], [-113.0881, 33.8463], [-113.0916, 33.8423], [-113.0986, 33.8423], [-113.1018, 33.8401], [-113.1067, 33.84], [-113.1108, 33.8371], [-113.1421, 33.8561]]]}}, {"type": "Feature", "properties": {"zip": "85625", "total": 137, "q1": 29, "q2": 36, "q3": 36, "q4": 36, "pop": 204, "acsPriv": 26, "seats": 0}, "geometry": {"type": "Polygon", "coordinates": [[[-109.9637, 31.9256], [-109.9537, 31.9484], [-109.9455, 31.9491], [-109.9455, 31.9503], [-109.9365, 31.9488], [-109.9065, 31.9487], [-109.9065, 31.9469], [-109.8983, 31.9469], [-109.8983, 31.9451], [-109.8812, 31.9451], [-109.8813, 31.9633], [-109.8136, 31.9634], [-109.8136, 31.9489], [-109.7964, 31.949], [-109.7961, 31.9779], [-109.7625, 31.978], [-109.7625, 31.9638], [-109.7549, 31.9653], [-109.7502, 31.9598], [-109.7424, 31.9567], [-109.7242, 31.9582], [-109.7187, 31.961], [-109.7123, 31.9611], [-109.7121, 31.9635], [-109.5942, 31.9637], [-109.593, 31.9636], [-109.593, 31.9555], [-109.5752, 31.9556], [-109.5673, 31.9516], [-109.548, 31.9488], [-109.4405, 31.9489], [-109.4407, 31.905], [-109.388, 31.9057], [-109.3781, 31.903], [-109.3722, 31.9057], [-109.3379, 31.9062], [-109.339, 31.8655], [-109.3371, 31.8611], [-109.3369, 31.8169], [-109.4258, 31.8172], [-109.4262, 31.8028], [-109.4429, 31.8027], [-109.4427, 31.8094], [-109.4594, 31.8173], [-109.4915, 31.8177], [-109.5085, 31.809], [-109.5134, 31.8015], [-109.5251, 31.7947], [-109.5315, 31.7882], [-109.554, 31.7873], [-109.5568, 31.8161], [-109.5603, 31.8185], [-109.6365, 31.8181], [-109.6386, 31.8187], [-109.6403, 31.8398], [-109.6568, 31.8402], [-109.6569, 31.8474], [-109.6611, 31.8474], [-109.6611, 31.8486], [-109.6952, 31.8474], [-109.6952, 31.8619], [-109.7384, 31.8619], [-109.738, 31.7903], [-109.7574, 31.7886], [-109.7615, 31.7587], [-109.801, 31.7588], [-109.8069, 31.7612], [-109.8108, 31.7666], [-109.8112, 31.7688], [-109.8084, 31.7709], [-109.8106, 31.775], [-109.8085, 31.7757], [-109.8087, 31.7805], [-109.813, 31.791], [-109.8123, 31.7972], [-109.8149, 31.8057], [-109.8197, 31.8039], [-109.823, 31.8057], [-109.8274, 31.8049], [-109.8301, 31.8022], [-109.8297, 31.7993], [-109.8456, 31.8001], [-109.8575, 31.7977], [-109.8627, 31.802], [-109.8638, 31.8098], [-109.8673, 31.8027], [-109.8799, 31.7934], [-109.882, 31.7874], [-109.8852, 31.785], [-109.9132, 31.8178], [-109.9389, 31.8175], [-109.9378, 31.873], [-109.9478, 31.8707], [-109.9479, 31.8747], [-109.9523, 31.8807], [-109.9548, 31.8896], [-109.954, 31.9102], [-109.9637, 31.9256]]]}}, {"type": "Feature", "properties": {"zip": "86324", "total": 164, "q1": 37, "q2": 39, "q3": 41, "q4": 47, "pop": 383, "acsPriv": 3, "seats": 0}, "geometry": {"type": "Polygon", "coordinates": [[[-112.3237, 34.8803], [-112.3082, 34.8796], [-112.3107, 34.8744], [-112.3082, 34.8723], [-112.3017, 34.8748], [-112.2989, 34.8785], [-112.288, 34.8778], [-112.2876, 34.8792], [-112.2914, 34.8825], [-112.2963, 34.8831], [-112.2951, 34.8878], [-112.2972, 34.8916], [-112.295, 34.8949], [-112.2942, 34.9054], [-112.2897, 34.9112], [-112.2772, 34.9179], [-112.2675, 34.9131], [-112.2624, 34.9163], [-112.2581, 34.9135], [-112.259, 34.9078], [-112.2572, 34.9068], [-112.2537, 34.9088], [-112.2485, 34.9086], [-112.2447, 34.9126], [-112.2388, 34.9147], [-112.2378, 34.9137], [-112.2398, 34.9096], [-112.2383, 34.9059], [-112.2332, 34.904], [-112.2228, 34.9037], [-112.2192, 34.8952], [-112.2079, 34.8936], [-112.2057, 34.8954], [-112.2096, 34.8942], [-112.2104, 34.8958], [-112.208, 34.8996], [-112.2067, 34.8989], [-112.2056, 34.9004], [-112.2055, 34.9048], [-112.2094, 34.906], [-112.2115, 34.9104], [-112.2059, 34.9159], [-112.2062, 34.9264], [-112.2037, 34.9273], [-112.2025, 34.9344], [-112.1965, 34.9321], [-112.1934, 34.9336], [-112.1893, 34.9328], [-112.1827, 34.9372], [-112.1801, 34.9362], [-112.1685, 34.9383], [-112.1665, 34.9413], [-112.1653, 34.9412], [-112.1649, 34.9373], [-112.1541, 34.9412], [-112.1512, 34.945], [-112.1481, 34.946], [-112.1465, 34.9515], [-112.1439, 34.953], [-112.1422, 34.9574], [-112.1313, 34.9648], [-112.1348, 34.9677], [-112.1339, 34.969], [-112.1362, 34.9721], [-112.1394, 34.974], [-112.0219, 34.9741], [-112.0219, 34.9758], [-111.9613, 34.9764], [-111.9843, 34.96], [-111.987, 34.94], [-111.9822, 34.9315], [-111.9824, 34.9028], [-111.9856, 34.8939], [-111.9976, 34.8843], [-112.0128, 34.8648], [-112.0145, 34.8605], [-112.016, 34.861], [-112.0509, 34.8442], [-112.0442, 34.8392], [-112.0379, 34.8406], [-112.0349, 34.8398], [-112.0379, 34.8227], [-112.0414, 34.8179], [-112.0416, 34.8067], [-112.0272, 34.8044], [-112.0079, 34.8156], [-111.9642, 34.8262], [-111.9602, 34.8175], [-111.9579, 34.8009], [-111.9587, 34.7814], [-111.9603, 34.7761], [-111.965, 34.7707], [-111.9683, 34.7551], [-111.9703, 34.7535], [-111.9748, 34.7616], [-112.0135, 34.7615], [-112.0135, 34.7653], [-112.0253, 34.7652], [-112.0243, 34.7634], [-112.0273, 34.7583], [-112.0302, 34.7582], [-112.0302, 34.7568], [-112.0359, 34.7544], [-112.0491, 34.7546], [-112.0491, 34.7517], [-112.0505, 34.7517], [-112.0447, 34.7467], [-112.0437, 34.7407], [-112.0537, 34.7397], [-112.0536, 34.7249], [-112.0485, 34.7248], [-112.0555, 34.7192], [-112.0572, 34.7143], [-112.0595, 34.7133], [-112.0576, 34.712], [-112.0595, 34.7092], [-112.067, 34.7077], [-112.0752, 34.71], [-112.0882, 34.7104], [-112.0874, 34.7116], [-112.0895, 34.7126], [-112.0882, 34.7149], [-112.0908, 34.7167], [-112.0905, 34.6513], [-112.0958, 34.6495], [-112.0975, 34.6534], [-112.1029, 34.6543], [-112.1053, 34.6523], [-112.1067, 34.6536], [-112.1112, 34.6532], [-112.1135, 34.6555], [-112.1167, 34.6553], [-112.1207, 34.6618], [-112.1297, 34.6679], [-112.1371, 34.6678], [-112.1416, 34.6711], [-112.1506, 34.6727], [-112.1533, 34.6747], [-112.1548, 34.6791], [-112.1526, 34.6867], [-112.1503, 34.6917], [-112.1388, 34.6981], [-112.1393, 34.7057], [-112.1422, 34.7031], [-112.1477, 34.7035], [-112.1497, 34.7076], [-112.1524, 34.7042], [-112.1549, 34.7039], [-112.1553, 34.7004], [-112.1577, 34.7], [-112.1613, 34.7033], [-112.161, 34.6987], [-112.1664, 34.6952], [-112.1681, 34.6957], [-112.1684, 34.6929], [-112.1684, 34.7012], [-112.2017, 34.7012], [-112.2016, 34.7156], [-112.2467, 34.7157], [-112.2416, 34.722], [-112.239, 34.7555], [-112.228, 34.7676], [-112.2293, 34.7719], [-112.2277, 34.7738], [-112.2258, 34.7735], [-112.2229, 34.7693], [-112.222, 34.7708], [-112.2192, 34.7704], [-112.2182, 34.7727], [-112.215, 34.7722], [-112.2165, 34.777], [-112.2092, 34.7764], [-112.21, 34.7792], [-112.2044, 34.7753], [-112.2046, 34.7804], [-112.1997, 34.7786], [-112.1952, 34.7795], [-112.1955, 34.7813], [-112.1936, 34.7819], [-112.1918, 34.7802], [-112.1898, 34.7829], [-112.1853, 34.7823], [-112.1836, 34.7804], [-112.1798, 34.7823], [-112.1791, 34.7851], [-112.1756, 34.7826], [-112.1733, 34.785], [-112.1838, 34.792], [-112.1866, 34.796], [-112.1866, 34.8027], [-112.2053, 34.8031], [-112.22, 34.7977], [-112.2275, 34.7975], [-112.2658, 34.7867], [-112.2808, 34.7872], [-112.3142, 34.7751], [-112.3045, 34.785], [-112.3009, 34.7862], [-112.301, 34.7885], [-112.294, 34.7987], [-112.3005, 34.8147], [-112.3068, 34.8182], [-112.3123, 34.819], [-112.3173, 34.826], [-112.3152, 34.8306], [-112.3177, 34.8348], [-112.3201, 34.8354], [-112.3196, 34.8376], [-112.3222, 34.838], [-112.3218, 34.841], [-112.3232, 34.8429], [-112.3218, 34.8449], [-112.323, 34.8469], [-112.3221, 34.8494], [-112.3236, 34.8511], [-112.3216, 34.8518], [-112.3219, 34.8537], [-112.3189, 34.8529], [-112.3186, 34.8546], [-112.3212, 34.8563], [-112.3195, 34.8578], [-112.3211, 34.8592], [-112.3141, 34.8638], [-112.3139, 34.866], [-112.3187, 34.8679], [-112.3161, 34.8696], [-112.3187, 34.8705], [-112.3184, 34.8726], [-112.323, 34.8746], [-112.3221, 34.8788], [-112.3237, 34.8803]], [[-112.1539, 34.7594], [-112.1514, 34.7585], [-112.152, 34.7573], [-112.1486, 34.7538], [-112.1453, 34.7526], [-112.1424, 34.754], [-112.1373, 34.7475], [-112.1311, 34.7467], [-112.1304, 34.7449], [-112.1329, 34.7422], [-112.1337, 34.7437], [-112.1341, 34.7417], [-112.129, 34.7385], [-112.1224, 34.7425], [-112.1239, 34.7404], [-112.1237, 34.74], [-112.1212, 34.7436], [-112.1177, 34.7447], [-112.1146, 34.7447], [-112.1098, 34.7397], [-112.0949, 34.7444], [-112.0998, 34.7501], [-112.0874, 34.7578], [-112.0762, 34.7614], [-112.0886, 34.7611], [-112.0969, 34.7635], [-112.1019, 34.7671], [-112.1019, 34.7694], [-112.0905, 34.7732], [-112.0873, 34.777], [-112.0832, 34.7765], [-112.0885, 34.7805], [-112.1035, 34.7771], [-112.1196, 34.7797], [-112.1256, 34.7749], [-112.1278, 34.7752], [-112.1356, 34.771], [-112.144, 34.7698], [-112.1407, 34.7655], [-112.1425, 34.7631], [-112.1521, 34.7624], [-112.1509, 34.7611], [-112.1539, 34.7594]]]}}, {"type": "Feature", "properties": {"zip": "86320", "total": 86, "q1": 21, "q2": 21, "q3": 23, "q4": 21, "pop": 436, "acsPriv": 13, "seats": 0}, "geometry": {"type": "Polygon", "coordinates": [[[-112.9075, 35.5078], [-112.9066, 35.5129], [-112.8993, 35.5249], [-112.8993, 35.531], [-112.8952, 35.5328], [-112.8935, 35.532], [-112.8911, 35.5382], [-112.8889, 35.5393], [-112.8978, 35.5523], [-112.8882, 35.568], [-112.888, 35.5725], [-112.8902, 35.579], [-112.8831, 35.5833], [-112.8933, 35.6077], [-112.8981, 35.614], [-112.9063, 35.6183], [-112.9024, 35.6268], [-112.9014, 35.6448], [-112.7226, 35.6973], [-112.7026, 35.6933], [-112.6932, 35.6876], [-112.6878, 35.6811], [-112.6828, 35.6689], [-112.6839, 35.6607], [-112.6823, 35.6503], [-112.6797, 35.6498], [-112.6751, 35.6444], [-112.6689, 35.6483], [-112.6631, 35.655], [-112.6591, 35.6561], [-112.6572, 35.6662], [-112.6638, 35.6856], [-112.6581, 35.6908], [-112.6185, 35.7082], [-112.6141, 35.7114], [-112.6169, 35.7138], [-112.6084, 35.7147], [-112.607, 35.7092], [-112.5985, 35.7063], [-112.5929, 35.7067], [-112.5875, 35.6943], [-112.5899, 35.6826], [-112.5893, 35.6506], [-112.5846, 35.6221], [-112.5948, 35.6093], [-112.5992, 35.6071], [-112.5871, 35.6007], [-112.5807, 35.5945], [-112.577, 35.5844], [-112.5767, 35.5725], [-112.5744, 35.5765], [-112.5684, 35.5808], [-112.5606, 35.5757], [-112.5507, 35.5652], [-112.5422, 35.5629], [-112.5388, 35.5579], [-112.5412, 35.5493], [-112.5481, 35.5371], [-112.5469, 35.5341], [-112.5514, 35.524], [-112.5516, 35.5167], [-112.563, 35.4772], [-112.583, 35.4763], [-112.5832, 35.4727], [-112.5876, 35.4726], [-112.5878, 35.4691], [-112.601, 35.4691], [-112.601, 35.4586], [-112.5982, 35.4592], [-112.5888, 35.456], [-112.5839, 35.45], [-112.5767, 35.4487], [-112.5685, 35.4512], [-112.563, 35.4552], [-112.5523, 35.4577], [-112.5481, 35.4614], [-112.5183, 35.4595], [-112.5151, 35.4548], [-112.5188, 35.4552], [-112.5225, 35.4497], [-112.523, 35.4423], [-112.5193, 35.4391], [-112.518, 35.4352], [-112.5097, 35.4324], [-112.5031, 35.4215], [-112.5085, 35.4182], [-112.5185, 35.4062], [-112.5241, 35.3947], [-112.5276, 35.3918], [-112.5083, 35.3892], [-112.4894, 35.3963], [-112.4746, 35.3969], [-112.4678, 35.3959], [-112.4584, 35.3913], [-112.4533, 35.3863], [-112.4495, 35.3782], [-112.4529, 35.3459], [-112.4465, 35.3342], [-112.4422, 35.3217], [-112.4306, 35.312], [-112.4152, 35.3071], [-112.407, 35.307], [-112.3895, 35.3124], [-112.3852, 35.3064], [-112.3883, 35.3015], [-112.3854, 35.2981], [-112.3888, 35.2969], [-112.3895, 35.2919], [-112.3945, 35.2928], [-112.3912, 35.2866], [-112.3949, 35.2851], [-112.3962, 35.2823], [-112.3985, 35.2828], [-112.3993, 35.2804], [-112.4029, 35.2794], [-112.4007, 35.277], [-112.3966, 35.2807], [-112.3819, 35.2798], [-112.3651, 35.2738], [-112.3576, 35.2737], [-112.354, 35.27], [-112.3558, 35.2149], [-112.371, 35.2169], [-112.3874, 35.2157], [-112.3961, 35.2167], [-112.4107, 35.2132], [-112.4304, 35.2146], [-112.4427, 35.2181], [-112.4423, 35.1492], [-112.435, 35.1492], [-112.4325, 35.1457], [-112.445, 35.1428], [-112.4285, 35.1062], [-112.4201, 35.0954], [-112.4077, 35.0847], [-112.403, 35.0766], [-112.3965, 35.0511], [-112.389, 35.0003], [-112.3899, 34.9956], [-112.3945, 34.9894], [-112.4103, 34.9894], [-112.4102, 34.9818], [-112.4434, 34.9821], [-112.4535, 34.9865], [-112.4545, 34.9885], [-112.458, 34.9884], [-112.4711, 35.0012], [-112.4773, 35.0107], [-112.4793, 35.0151], [-112.4783, 35.0172], [-112.4836, 35.0254], [-112.497, 35.0371], [-112.5036, 35.047], [-112.5126, 35.0534], [-112.5283, 35.0612], [-112.5279, 35.0705], [-112.6119, 35.071], [-112.6269, 35.0693], [-112.7023, 35.0691], [-112.7022, 35.0738], [-112.7076, 35.0777], [-112.7058, 35.0788], [-112.7053, 35.0826], [-112.719, 35.0893], [-112.7212, 35.0925], [-112.7197, 35.0984], [-112.7233, 35.1005], [-112.724, 35.1044], [-112.7268, 35.105], [-112.7252, 35.1102], [-112.7318, 35.1176], [-112.7294, 35.1202], [-112.7239, 35.1193], [-112.7221, 35.1204], [-112.722, 35.1238], [-112.7085, 35.1438], [-112.7088, 35.1497], [-112.7063, 35.1506], [-112.7044, 35.1544], [-112.697, 35.1587], [-112.6956, 35.1664], [-112.6872, 35.1688], [-112.6892, 35.172], [-112.6866, 35.1734], [-112.6881, 35.1756], [-112.6861, 35.1783], [-112.6857, 35.185], [-112.6895, 35.1888], [-112.6887, 35.1918], [-112.6911, 35.2019], [-112.6986, 35.2108], [-112.7024, 35.2131], [-112.701, 35.2184], [-112.7072, 35.2296], [-112.7102, 35.232], [-112.717, 35.234], [-112.7208, 35.239], [-112.7184, 35.2443], [-112.7178, 35.2485], [-112.7196, 35.2509], [-112.7168, 35.2592], [-112.7125, 35.263], [-112.7108, 35.2707], [-112.7037, 35.2773], [-112.7062, 35.2807], [-112.7021, 35.28], [-112.7036, 35.2857], [-112.7069, 35.2893], [-112.7056, 35.2956], [-112.6968, 35.3007], [-112.6988, 35.3078], [-112.7017, 35.3115], [-112.7179, 35.3068], [-112.7344, 35.3051], [-112.7549, 35.3062], [-112.7586, 35.3105], [-112.7641, 35.3136], [-112.7851, 35.3158], [-112.797, 35.323], [-112.8037, 35.3252], [-112.8964, 35.3447], [-112.8927, 35.3583], [-112.8866, 35.3635], [-112.8681, 35.3688], [-112.8475, 35.3703], [-112.8387, 35.3735], [-112.835, 35.3789], [-112.8354, 35.3811], [-112.831, 35.3828], [-112.832, 35.3857], [-112.8304, 35.3939], [-112.8319, 35.3978], [-112.8349, 35.3991], [-112.8407, 35.406], [-112.8471, 35.4065], [-112.8517, 35.4122], [-112.8563, 35.4135], [-112.8601, 35.4185], [-112.863, 35.4194], [-112.8601, 35.4296], [-112.8615, 35.4328], [-112.8661, 35.4358], [-112.8642, 35.4393], [-112.8678, 35.4407], [-112.8645, 35.4445], [-112.8699, 35.4442], [-112.8708, 35.4473], [-112.8761, 35.4496], [-112.876, 35.4534], [-112.8814, 35.455], [-112.8829, 35.4634], [-112.8924, 35.4733], [-112.8952, 35.4809], [-112.8935, 35.4823], [-112.8937, 35.4844], [-112.8975, 35.4911], [-112.902, 35.4943], [-112.9075, 35.5078]]]}}, {"type": "Feature", "properties": {"zip": "86335", "total": 255, "q1": 59, "q2": 61, "q3": 67, "q4": 68, "pop": 290, "acsPriv": 64, "seats": 31}, "geometry": {"type": "Polygon", "coordinates": [[[-111.8916, 34.6587], [-111.8914, 34.6653], [-111.885, 34.6658], [-111.8748, 34.6713], [-111.8646, 34.6891], [-111.8549, 34.6899], [-111.8504, 34.6929], [-111.8415, 34.6928], [-111.8376, 34.6951], [-111.8215, 34.7089], [-111.8125, 34.7264], [-111.8016, 34.734], [-111.7838, 34.7385], [-111.7767, 34.7339], [-111.7747, 34.7307], [-111.7731, 34.7378], [-111.7654, 34.7419], [-111.7612, 34.7495], [-111.7571, 34.75], [-111.7483, 34.7557], [-111.7345, 34.7606], [-111.7288, 34.7597], [-111.7196, 34.7616], [-111.7142, 34.7663], [-111.71, 34.7668], [-111.7084, 34.7706], [-111.703, 34.773], [-111.6988, 34.7771], [-111.6929, 34.7785], [-111.6882, 34.7854], [-111.692, 34.7924], [-111.6862, 34.7976], [-111.6856, 34.8035], [-111.5521, 34.8025], [-111.5533, 34.5365], [-111.563, 34.5351], [-111.5749, 34.5395], [-111.5861, 34.5345], [-111.589, 34.5286], [-111.5863, 34.5258], [-111.5959, 34.5229], [-111.5955, 34.5202], [-111.5973, 34.5173], [-111.5949, 34.5161], [-111.5922, 34.5109], [-111.5976, 34.5082], [-111.6084, 34.5078], [-111.6146, 34.5016], [-111.6182, 34.5], [-111.6212, 34.5005], [-111.6223, 34.4989], [-111.632, 34.4992], [-111.6372, 34.5055], [-111.6553, 34.5145], [-111.6603, 34.5098], [-111.6633, 34.5101], [-111.6832, 34.4956], [-111.6954, 34.4898], [-111.6996, 34.4861], [-111.7034, 34.4883], [-111.7052, 34.4916], [-111.7143, 34.4945], [-111.7237, 34.5036], [-111.7306, 34.5069], [-111.7401, 34.5088], [-111.7447, 34.5124], [-111.7491, 34.512], [-111.7593, 34.5059], [-111.7668, 34.5077], [-111.7668, 34.5253], [-111.7751, 34.5253], [-111.7751, 34.5288], [-111.777, 34.5288], [-111.7731, 34.5341], [-111.7607, 34.5391], [-111.7582, 34.5429], [-111.7502, 34.5459], [-111.7447, 34.5506], [-111.7402, 34.5625], [-111.7323, 34.5764], [-111.733, 34.5893], [-111.7308, 34.5927], [-111.7367, 34.5923], [-111.7347, 34.5874], [-111.7422, 34.5851], [-111.7438, 34.5806], [-111.7462, 34.5806], [-111.7487, 34.5775], [-111.7534, 34.5756], [-111.7635, 34.5777], [-111.7689, 34.5757], [-111.7706, 34.5735], [-111.77, 34.5719], [-111.7763, 34.5717], [-111.7858, 34.577], [-111.7852, 34.5799], [-111.783, 34.5811], [-111.7831, 34.5904], [-111.7865, 34.5898], [-111.7889, 34.5915], [-111.7936, 34.5902], [-111.8036, 34.6026], [-111.8095, 34.6062], [-111.8154, 34.6062], [-111.8226, 34.6026], [-111.8262, 34.603], [-111.8291, 34.6055], [-111.8257, 34.6056], [-111.8257, 34.6132], [-111.8342, 34.6138], [-111.8343, 34.6165], [-111.8388, 34.6165], [-111.8388, 34.6183], [-111.8432, 34.6201], [-111.8477, 34.6162], [-111.8478, 34.6132], [-111.8532, 34.6128], [-111.8536, 34.6566], [-111.8697, 34.6563], [-111.8697, 34.6583], [-111.8916, 34.6587]]]}}, {"type": "Feature", "properties": {"zip": "85539", "total": 33, "q1": 7, "q2": 8, "q3": 9, "q4": 9, "pop": 693, "acsPriv": 125, "seats": 0}, "geometry": {"type": "Polygon", "coordinates": [[[-111.059, 33.3114], [-111.0554, 33.3169], [-111.0511, 33.3204], [-111.0538, 33.317], [-111.0533, 33.3155], [-111.0415, 33.3205], [-111.0356, 33.328], [-111.0313, 33.3305], [-111.0295, 33.3369], [-111.0302, 33.3409], [-111.0259, 33.3447], [-111.0241, 33.3551], [-111.0094, 33.3604], [-111.0101, 33.3645], [-111.0071, 33.3667], [-111.007, 33.3753], [-111.0052, 33.377], [-111.0001, 33.3681], [-110.9977, 33.368], [-110.9969, 33.3654], [-110.9981, 33.3638], [-110.9863, 33.3642], [-110.9746, 33.3418], [-110.9692, 33.3441], [-110.9648, 33.3519], [-110.9722, 33.359], [-110.9241, 33.372], [-110.9144, 33.3822], [-110.9101, 33.4049], [-110.9003, 33.4106], [-110.8907, 33.4114], [-110.8889, 33.4146], [-110.8836, 33.4174], [-110.8814, 33.4208], [-110.8708, 33.4242], [-110.8693, 33.4262], [-110.8598, 33.4279], [-110.8558, 33.4268], [-110.8508, 33.4319], [-110.8486, 33.4369], [-110.847, 33.4369], [-110.8468, 33.4326], [-110.8488, 33.4313], [-110.8465, 33.4287], [-110.8432, 33.4278], [-110.8433, 33.4224], [-110.8299, 33.4224], [-110.8303, 33.4357], [-110.8324, 33.4414], [-110.8292, 33.4366], [-110.8257, 33.4216], [-110.8212, 33.4215], [-110.8213, 33.4257], [-110.8126, 33.4258], [-110.8126, 33.4292], [-110.8094, 33.4292], [-110.8127, 33.4194], [-110.8158, 33.4189], [-110.8146, 33.415], [-110.813, 33.4149], [-110.8153, 33.4126], [-110.822, 33.415], [-110.8279, 33.4136], [-110.8286, 33.4109], [-110.8273, 33.4081], [-110.8291, 33.4075], [-110.8266, 33.4072], [-110.8286, 33.4064], [-110.8286, 33.4045], [-110.8238, 33.4051], [-110.8234, 33.4036], [-110.8297, 33.4007], [-110.8391, 33.4021], [-110.8406, 33.3948], [-110.8431, 33.3924], [-110.854, 33.3937], [-110.8539, 33.3923], [-110.849, 33.3903], [-110.8496, 33.3893], [-110.8507, 33.3905], [-110.8507, 33.3868], [-110.8492, 33.3868], [-110.8477, 33.3826], [-110.844, 33.3789], [-110.8607, 33.3789], [-110.8634, 33.3548], [-110.872, 33.3128], [-110.8692, 33.3065], [-110.8721, 33.304], [-110.8712, 33.3014], [-110.8724, 33.2987], [-110.8706, 33.2921], [-110.8686, 33.2923], [-110.8687, 33.2886], [-110.8656, 33.2878], [-110.8636, 33.2839], [-110.8652, 33.2814], [-110.8629, 33.2805], [-110.8644, 33.2777], [-110.8615, 33.2756], [-110.8594, 33.2773], [-110.8605, 33.2727], [-110.8588, 33.2726], [-110.8635, 33.2707], [-110.8668, 33.2665], [-110.874, 33.2639], [-110.8822, 33.2638], [-110.8911, 33.2571], [-110.8995, 33.2563], [-110.9038, 33.2584], [-110.9154, 33.2533], [-110.9208, 33.2533], [-110.9314, 33.2487], [-110.9447, 33.2473], [-110.9555, 33.2791], [-110.9642, 33.2787], [-110.9641, 33.2928], [-111.0483, 33.2924], [-111.05, 33.295], [-111.0495, 33.3026], [-111.0507, 33.3044], [-111.0483, 33.3063], [-111.055, 33.3093], [-111.0556, 33.3112], [-111.059, 33.3114]], [[-110.8524, 33.4086], [-110.8514, 33.4065], [-110.8496, 33.4065], [-110.8492, 33.4015], [-110.847, 33.4021], [-110.8476, 33.4093], [-110.8386, 33.4049], [-110.8386, 33.4093], [-110.8408, 33.4094], [-110.8408, 33.4122], [-110.8524, 33.4086]]]}}, {"type": "Feature", "properties": {"zip": "85392", "total": 1326, "q1": 304, "q2": 327, "q3": 349, "q4": 346, "pop": 7159, "acsPriv": 455, "seats": 887}, "geometry": {"type": "Polygon", "coordinates": [[[-112.358, 33.4855], [-112.3409, 33.4847], [-112.3409, 33.4933], [-112.328, 33.4933], [-112.3281, 33.504], [-112.3239, 33.5039], [-112.3238, 33.4968], [-112.3196, 33.4967], [-112.3196, 33.4934], [-112.2724, 33.4938], [-112.2725, 33.4614], [-112.2954, 33.461], [-112.3172, 33.4576], [-112.341, 33.4577], [-112.3409, 33.4788], [-112.3553, 33.4789], [-112.358, 33.4803], [-112.358, 33.4855]]]}}, {"type": "Feature", "properties": {"zip": "85711", "total": 1159, "q1": 279, "q2": 289, "q3": 300, "q4": 291, "pop": 6523, "acsPriv": 848, "seats": 647}, "geometry": {"type": "Polygon", "coordinates": [[[-110.9111, 32.2317], [-110.9097, 32.2362], [-110.8904, 32.235], [-110.8798, 32.2362], [-110.8776, 32.2344], [-110.871, 32.2362], [-110.8623, 32.2361], [-110.8623, 32.2348], [-110.8576, 32.2357], [-110.8579, 32.1941], [-110.8549, 32.1941], [-110.855, 32.1928], [-110.8751, 32.1923], [-110.8751, 32.196], [-110.9093, 32.1952], [-110.9109, 32.2065], [-110.9096, 32.207], [-110.9096, 32.2307], [-110.9111, 32.2317]]]}}, {"type": "Feature", "properties": {"zip": "85749", "total": 1149, "q1": 271, "q2": 296, "q3": 296, "q4": 286, "pop": 2741, "acsPriv": 518, "seats": 113}, "geometry": {"type": "Polygon", "coordinates": [[[-110.8255, 32.2615], [-110.8191, 32.2602], [-110.8134, 32.2622], [-110.808, 32.2741], [-110.8058, 32.2924], [-110.8094, 32.2962], [-110.8115, 32.3022], [-110.8097, 32.306], [-110.811, 32.3089], [-110.7341, 32.3091], [-110.7285, 32.3112], [-110.7267, 32.3094], [-110.7213, 32.3115], [-110.7192, 32.3093], [-110.7122, 32.3121], [-110.7061, 32.3248], [-110.6961, 32.3296], [-110.6948, 32.3336], [-110.6907, 32.338], [-110.6523, 32.3383], [-110.6523, 32.2614], [-110.6528, 32.2624], [-110.6533, 32.2603], [-110.656, 32.26], [-110.6556, 32.2579], [-110.6572, 32.2567], [-110.6615, 32.2563], [-110.6648, 32.2539], [-110.6683, 32.2543], [-110.6697, 32.2529], [-110.67, 32.2461], [-110.6826, 32.2451], [-110.6859, 32.2462], [-110.6872, 32.242], [-110.6958, 32.2418], [-110.7002, 32.2373], [-110.708, 32.2367], [-110.713, 32.2396], [-110.7199, 32.2396], [-110.7199, 32.237], [-110.722, 32.2369], [-110.7231, 32.2408], [-110.7332, 32.2388], [-110.7333, 32.237], [-110.7384, 32.2372], [-110.7384, 32.2393], [-110.7396, 32.2372], [-110.7435, 32.2373], [-110.7452, 32.2447], [-110.7509, 32.2416], [-110.7514, 32.2372], [-110.7545, 32.2373], [-110.7548, 32.2355], [-110.7727, 32.2354], [-110.7727, 32.2382], [-110.7836, 32.2402], [-110.7933, 32.2482], [-110.8109, 32.2509], [-110.8227, 32.2572], [-110.8255, 32.2615]]]}}, {"type": "Feature", "properties": {"zip": "85715", "total": 1003, "q1": 246, "q2": 251, "q3": 254, "q4": 252, "pop": 1965, "acsPriv": 575, "seats": 1311}, "geometry": {"type": "Polygon", "coordinates": [[[-110.875, 32.2696], [-110.8708, 32.2702], [-110.8634, 32.2669], [-110.8358, 32.264], [-110.8257, 32.2616], [-110.8227, 32.2572], [-110.8109, 32.2509], [-110.7933, 32.2482], [-110.7813, 32.2389], [-110.7834, 32.239], [-110.7834, 32.2354], [-110.807, 32.2355], [-110.8074, 32.2369], [-110.8096, 32.2369], [-110.8096, 32.2355], [-110.8153, 32.2355], [-110.8154, 32.2386], [-110.8171, 32.2355], [-110.8167, 32.2371], [-110.8196, 32.2371], [-110.8196, 32.2355], [-110.8324, 32.2356], [-110.8326, 32.2393], [-110.8397, 32.239], [-110.8368, 32.2356], [-110.8502, 32.2356], [-110.8525, 32.2363], [-110.8536, 32.2387], [-110.8538, 32.2371], [-110.8555, 32.2369], [-110.8547, 32.2356], [-110.8579, 32.2358], [-110.8579, 32.2391], [-110.8537, 32.2392], [-110.8535, 32.2408], [-110.8538, 32.2429], [-110.8578, 32.242], [-110.858, 32.2523], [-110.8647, 32.2563], [-110.8697, 32.2652], [-110.875, 32.2696]]]}}, {"type": "Feature", "properties": {"zip": "85202", "total": 1167, "q1": 279, "q2": 295, "q3": 297, "q4": 296, "pop": 5280, "acsPriv": 553, "seats": 374}, "geometry": {"type": "Polygon", "coordinates": [[[-111.8945, 33.3572], [-111.8933, 33.378], [-111.8913, 33.3857], [-111.8807, 33.3857], [-111.8798, 33.3869], [-111.8802, 33.3932], [-111.8862, 33.4023], [-111.8885, 33.4109], [-111.8871, 33.4125], [-111.8832, 33.4125], [-111.8828, 33.4112], [-111.8566, 33.4113], [-111.8568, 33.4065], [-111.8592, 33.4059], [-111.8592, 33.404], [-111.8568, 33.404], [-111.8569, 33.4029], [-111.8587, 33.4029], [-111.8598, 33.3984], [-111.8599, 33.3967], [-111.8571, 33.3967], [-111.8572, 33.3931], [-111.8605, 33.3931], [-111.8631, 33.391], [-111.864, 33.3847], [-111.8598, 33.3851], [-111.8595, 33.3834], [-111.864, 33.379], [-111.8598, 33.3787], [-111.8592, 33.3662], [-111.8617, 33.3665], [-111.8618, 33.3642], [-111.8591, 33.3642], [-111.8591, 33.3571], [-111.8945, 33.3572]]]}}, {"type": "Feature", "properties": {"zip": "85249", "total": 2633, "q1": 632, "q2": 655, "q3": 675, "q4": 671, "pop": 11041, "acsPriv": 1529, "seats": 0}, "geometry": {"type": "Polygon", "coordinates": [[[-111.8414, 33.2337], [-111.8413, 33.2476], [-111.8369, 33.2477], [-111.8369, 33.2549], [-111.8254, 33.2551], [-111.8296, 33.2478], [-111.7856, 33.2484], [-111.7856, 33.2502], [-111.7814, 33.2503], [-111.7813, 33.2485], [-111.7641, 33.2487], [-111.7642, 33.2338], [-111.7554, 33.2338], [-111.7554, 33.2048], [-111.8409, 33.204], [-111.8399, 33.2102], [-111.8355, 33.2122], [-111.8327, 33.217], [-111.8365, 33.2119], [-111.8369, 33.225], [-111.8394, 33.2292], [-111.8368, 33.2305], [-111.8414, 33.2337]]]}}, {"type": "Feature", "properties": {"zip": "85206", "total": 1105, "q1": 256, "q2": 278, "q3": 288, "q4": 283, "pop": 4748, "acsPriv": 345, "seats": 0}, "geometry": {"type": "Polygon", "coordinates": [[[-111.754, 33.3793], [-111.7539, 33.3863], [-111.7473, 33.3864], [-111.7473, 33.3886], [-111.7518, 33.3886], [-111.7532, 33.3901], [-111.7518, 33.3918], [-111.7538, 33.3918], [-111.7538, 33.3937], [-111.7508, 33.3937], [-111.7505, 33.3974], [-111.7511, 33.401], [-111.7538, 33.401], [-111.7538, 33.4082], [-111.7467, 33.4083], [-111.7493, 33.4124], [-111.7537, 33.4124], [-111.7537, 33.4145], [-111.7507, 33.4145], [-111.7515, 33.4155], [-111.7474, 33.4155], [-111.7461, 33.414], [-111.745, 33.4155], [-111.7277, 33.4155], [-111.7277, 33.4083], [-111.7192, 33.4084], [-111.72, 33.4156], [-111.7148, 33.4144], [-111.7148, 33.4156], [-111.7052, 33.4156], [-111.7039, 33.4118], [-111.7021, 33.412], [-111.7028, 33.4156], [-111.6954, 33.4156], [-111.694, 33.4113], [-111.6932, 33.415], [-111.686, 33.4145], [-111.6845, 33.4157], [-111.6845, 33.4135], [-111.6804, 33.4125], [-111.6804, 33.4107], [-111.6845, 33.4116], [-111.6847, 33.394], [-111.6812, 33.3933], [-111.6817, 33.3904], [-111.6782, 33.3899], [-111.6785, 33.3867], [-111.6848, 33.3867], [-111.6851, 33.3839], [-111.6821, 33.384], [-111.6829, 33.3794], [-111.7195, 33.3793], [-111.7194, 33.3865], [-111.728, 33.3864], [-111.7279, 33.3829], [-111.7209, 33.3823], [-111.7224, 33.3793], [-111.754, 33.3793]]]}}, {"type": "Feature", "properties": {"zip": "85283", "total": 1263, "q1": 296, "q2": 318, "q3": 327, "q4": 322, "pop": 6309, "acsPriv": 679, "seats": 70}, "geometry": {"type": "Polygon", "coordinates": [[[-111.9784, 33.3766], [-111.9782, 33.3818], [-111.9776, 33.3804], [-111.9741, 33.3804], [-111.9741, 33.3782], [-111.9681, 33.3783], [-111.9674, 33.377], [-111.9671, 33.3781], [-111.9525, 33.3782], [-111.9525, 33.3803], [-111.9492, 33.3807], [-111.9477, 33.3782], [-111.9451, 33.3782], [-111.9524, 33.3838], [-111.9503, 33.3832], [-111.9503, 33.385], [-111.9523, 33.3855], [-111.9437, 33.3855], [-111.9439, 33.3782], [-111.9372, 33.3782], [-111.9372, 33.38], [-111.9352, 33.38], [-111.9352, 33.3782], [-111.9287, 33.3783], [-111.9284, 33.3799], [-111.9266, 33.3783], [-111.9092, 33.3784], [-111.9092, 33.3806], [-111.9077, 33.3807], [-111.9006, 33.3798], [-111.9006, 33.3785], [-111.8932, 33.3785], [-111.8939, 33.3494], [-111.9457, 33.3492], [-111.9458, 33.353], [-111.95, 33.3531], [-111.95, 33.3548], [-111.9504, 33.3532], [-111.9545, 33.3531], [-111.9545, 33.3492], [-111.9586, 33.3491], [-111.9579, 33.3512], [-111.9616, 33.352], [-111.9631, 33.3491], [-111.972, 33.3491], [-111.9689, 33.3666], [-111.9688, 33.3772], [-111.9784, 33.3766]]]}}, {"type": "Feature", "properties": {"zip": "85260", "total": 2040, "q1": 486, "q2": 507, "q3": 524, "q4": 523, "pop": 4680, "acsPriv": 718, "seats": 1822}, "geometry": {"type": "Polygon", "coordinates": [[[-111.926, 33.6007], [-111.9233, 33.6012], [-111.9221, 33.604], [-111.926, 33.604], [-111.9259, 33.6112], [-111.9232, 33.6112], [-111.9245, 33.6127], [-111.9245, 33.6192], [-111.9223, 33.6218], [-111.9221, 33.6257], [-111.9257, 33.6258], [-111.9224, 33.6264], [-111.922, 33.633], [-111.9168, 33.633], [-111.9166, 33.6363], [-111.8976, 33.6327], [-111.8966, 33.6365], [-111.9074, 33.6388], [-111.9074, 33.6402], [-111.8659, 33.6402], [-111.8613, 33.6437], [-111.8608, 33.6322], [-111.87, 33.6251], [-111.8541, 33.6044], [-111.8566, 33.6043], [-111.8565, 33.5825], [-111.9208, 33.5821], [-111.921, 33.5807], [-111.9239, 33.5811], [-111.926, 33.5822], [-111.9217, 33.5821], [-111.9216, 33.5894], [-111.926, 33.5894], [-111.926, 33.6007]]]}}, {"type": "Feature", "properties": {"zip": "86510", "total": 12, "q1": 3, "q2": 3, "q3": 3, "q4": 3, "pop": 675, "acsPriv": 47, "seats": 0}, "geometry": {"type": "Polygon", "coordinates": [[[-110.7507, 36.4099], [-110.7477, 36.404], [-110.7475, 36.3995], [-110.7427, 36.3984], [-110.7427, 36.3934], [-110.722, 36.3935], [-110.7137, 36.3812], [-110.7144, 36.3758], [-110.6857, 36.375], [-110.5773, 36.375], [-110.5529, 36.3965], [-110.5205, 36.4033], [-110.507, 36.3901], [-110.5029, 36.3881], [-110.4918, 36.3927], [-110.4564, 36.4141], [-110.4301, 36.4029], [-110.4165, 36.4], [-110.4033, 36.4014], [-110.4026, 36.3985], [-110.4063, 36.3945], [-110.4057, 36.392], [-110.4108, 36.3812], [-110.4021, 36.3845], [-110.3982, 36.3829], [-110.3982, 36.3787], [-110.4026, 36.377], [-110.4049, 36.3733], [-110.4043, 36.3703], [-110.3998, 36.3695], [-110.3979, 36.3661], [-110.4022, 36.3612], [-110.4071, 36.3512], [-110.4146, 36.3478], [-110.4121, 36.3447], [-110.4032, 36.342], [-110.4093, 36.3363], [-110.4041, 36.3333], [-110.4018, 36.3287], [-110.4022, 36.3241], [-110.4043, 36.3214], [-110.4108, 36.3205], [-110.414, 36.3155], [-110.4161, 36.3158], [-110.4171, 36.3142], [-110.4237, 36.3141], [-110.428, 36.3119], [-110.4313, 36.3128], [-110.4329, 36.3075], [-110.4361, 36.3065], [-110.4417, 36.2985], [-110.3408, 36.2983], [-110.3325, 36.3108], [-110.3249, 36.317], [-110.3231, 36.3238], [-110.3093, 36.3286], [-110.3019, 36.3369], [-110.3045, 36.3465], [-110.3063, 36.3484], [-110.3096, 36.348], [-110.3124, 36.3541], [-110.3129, 36.3622], [-110.3208, 36.3833], [-110.3312, 36.3725], [-110.3322, 36.375], [-110.3229, 36.3839], [-110.3243, 36.3904], [-110.3128, 36.4121], [-110.3078, 36.412], [-110.3096, 36.4063], [-110.3063, 36.4045], [-110.3069, 36.4013], [-110.2982, 36.4017], [-110.2964, 36.4038], [-110.2985, 36.4104], [-110.2973, 36.416], [-110.2855, 36.4273], [-110.2821, 36.4261], [-110.282, 36.4241], [-110.2788, 36.4219], [-110.2669, 36.4216], [-110.2673, 36.4194], [-110.2642, 36.4182], [-110.2656, 36.4146], [-110.2625, 36.4137], [-110.2598, 36.417], [-110.2573, 36.417], [-110.2536, 36.42], [-110.2519, 36.4253], [-110.2557, 36.4279], [-110.2509, 36.4319], [-110.2369, 36.4382], [-110.2331, 36.4392], [-110.2293, 36.4371], [-110.2264, 36.435], [-110.2251, 36.4297], [-110.2219, 36.4274], [-110.2204, 36.4286], [-110.2251, 36.4342], [-110.2123, 36.4284], [-110.1981, 36.4279], [-110.1951, 36.4344], [-110.1988, 36.44], [-110.1934, 36.4368], [-110.1919, 36.4341], [-110.1915, 36.426], [-110.182, 36.4253], [-110.1767, 36.4371], [-110.1746, 36.4403], [-110.1732, 36.4398], [-110.1847, 36.4163], [-110.1811, 36.4141], [-110.1792, 36.4147], [-110.176, 36.4022], [-110.17, 36.4018], [-110.1583, 36.4155], [-110.1524, 36.4145], [-110.1456, 36.4078], [-110.136, 36.4079], [-110.1255, 36.4052], [-110.1141, 36.3982], [-110.1059, 36.3899], [-110.0788, 36.3758], [-110.0748, 36.3729], [-110.072, 36.368], [-110.0598, 36.3637], [-110.0554, 36.3604], [-110.056, 36.359], [-110.0464, 36.3599], [-110.04, 36.3629], [-110.0301, 36.3595], [-110.0177, 36.3636], [-110.0007, 36.3613], [-110.0007, 36.0739], [-110.0121, 36.0731], [-110.0165, 36.0667], [-110.0165, 36.0624], [-110.0237, 36.0562], [-110.0234, 36.0575], [-110.0267, 36.0579], [-110.0555, 36.049], [-110.0574, 36.0437], [-110.0547, 36.0423], [-110.0684, 36.0311], [-110.0691, 36.0272], [-110.0798, 36.028], [-110.0809, 36.0322], [-110.0799, 36.0381], [-110.0845, 36.0441], [-110.1283, 36.0437], [-110.1307, 36.0322], [-110.1359, 36.0197], [-110.1348, 36.0124], [-110.1359, 36.0021], [-110.1393, 35.9964], [-110.1389, 35.9935], [-110.1455, 35.9755], [-110.1606, 35.9652], [-110.2507, 35.9997], [-110.3196, 36.0004], [-110.3104, 36.0052], [-110.3083, 36.0115], [-110.3052, 36.0139], [-110.2987, 36.0142], [-110.29, 36.0266], [-110.2863, 36.0349], [-110.2935, 36.0433], [-110.4028, 36.0431], [-110.403, 36.0691], [-110.3941, 36.0703], [-110.404, 36.0753], [-110.4055, 36.0844], [-110.4018, 36.09], [-110.3912, 36.0926], [-110.3941, 36.0953], [-110.3846, 36.1005], [-110.3926, 36.1044], [-110.4008, 36.1047], [-110.4092, 36.115], [-110.4057, 36.1183], [-110.403, 36.1182], [-110.3999, 36.1206], [-110.398, 36.1249], [-110.3862, 36.1303], [-110.3848, 36.1338], [-110.3736, 36.1374], [-110.3682, 36.1476], [-110.3625, 36.1475], [-110.3529, 36.153], [-110.3496, 36.1531], [-110.3456, 36.1598], [-110.3512, 36.1671], [-110.3523, 36.1735], [-110.357, 36.1806], [-110.3675, 36.1886], [-110.4054, 36.1929], [-110.4104, 36.197], [-110.4184, 36.1994], [-110.4199, 36.2017], [-110.4249, 36.2018], [-110.4315, 36.2048], [-110.4342, 36.2133], [-110.4339, 36.2214], [-110.4319, 36.2252], [-110.4295, 36.2409], [-110.4338, 36.2411], [-110.439, 36.232], [-110.4457, 36.2377], [-110.4544, 36.2336], [-110.4596, 36.2275], [-110.4796, 36.2333], [-110.479, 36.2365], [-110.4814, 36.2381], [-110.4938, 36.2403], [-110.4945, 36.2444], [-110.4922, 36.2456], [-110.4915, 36.2506], [-110.4981, 36.2534], [-110.4984, 36.2554], [-110.4974, 36.265], [-110.4957, 36.2671], [-110.5005, 36.2697], [-110.5052, 36.2682], [-110.5104, 36.2693], [-110.5138, 36.2726], [-110.5049, 36.2732], [-110.4954, 36.2765], [-110.4974, 36.2787], [-110.5047, 36.2779], [-110.5075, 36.2818], [-110.5038, 36.2837], [-110.4986, 36.2826], [-110.4959, 36.2862], [-110.4843, 36.2935], [-110.4903, 36.2938], [-110.4886, 36.2986], [-110.5575, 36.2984], [-110.5637, 36.2923], [-110.5604, 36.2906], [-110.5563, 36.2839], [-110.5517, 36.2808], [-110.568, 36.2742], [-110.5799, 36.2646], [-110.5902, 36.2589], [-110.5862, 36.2639], [-110.5881, 36.2675], [-110.598, 36.2719], [-110.6007, 36.2769], [-110.6022, 36.2854], [-110.6142, 36.2838], [-110.6179, 36.2856], [-110.6186, 36.2876], [-110.6267, 36.2896], [-110.6328, 36.2985], [-110.7507, 36.2984], [-110.7507, 36.4099]]]}}, {"type": "Feature", "properties": {"zip": "85337", "total": 25, "q1": 3, "q2": 6, "q3": 7, "q4": 9, "pop": 353, "acsPriv": 0, "seats": 0}, "geometry": {"type": "Polygon", "coordinates": [[[-113.2127, 33.0795], [-113.1959, 33.0879], [-113.1877, 33.0887], [-113.1847, 33.0913], [-113.1644, 33.0925], [-113.1446, 33.0979], [-113.0996, 33.1391], [-113.0922, 33.1412], [-113.0898, 33.1481], [-113.086, 33.15], [-113.0847, 33.1527], [-113.0676, 33.1677], [-113.0618, 33.1702], [-113.0552, 33.1787], [-113.0503, 33.1812], [-113.0468, 33.1868], [-113.0266, 33.2044], [-113.026, 33.0865], [-113.0184, 33.0787], [-113.019, 33.0771], [-113.0158, 33.0737], [-113.0089, 33.0786], [-113.0047, 33.0738], [-112.9979, 33.0603], [-112.9923, 33.0563], [-112.9834, 33.0532], [-112.9779, 33.053], [-112.9671, 33.0577], [-112.9592, 33.0573], [-112.947, 33.0534], [-112.9316, 33.0452], [-112.9154, 33.0437], [-112.9103, 33.0378], [-112.887, 33.0386], [-112.875, 33.0456], [-112.8554, 33.0451], [-112.8415, 33.0372], [-112.8359, 33.0306], [-112.8236, 33.026], [-112.8215, 33.0279], [-112.8217, 33.0342], [-112.8202, 33.0371], [-112.8123, 33.0329], [-112.8131, 33.0301], [-112.8112, 33.0301], [-112.8073, 33.0262], [-112.7794, 33.0223], [-112.7766, 33.0193], [-112.7781, 33.0135], [-112.767, 33.0056], [-112.7641, 33.0085], [-112.7591, 33.0098], [-112.7546, 33.0059], [-112.7507, 33.0054], [-112.7469, 33.0072], [-112.7474, 33.009], [-112.736, 33.0099], [-112.7239, 33.0052], [-112.7228, 33.0071], [-112.7175, 33.0063], [-112.7175, 33.0043], [-112.7133, 33.0022], [-112.7025, 33.0054], [-112.695, 33.0121], [-112.6817, 33.0397], [-112.682, 33.0436], [-112.6656, 33.0435], [-112.6658, 33.0024], [-112.6775, 32.9855], [-112.674, 32.9855], [-112.674, 32.9709], [-112.6728, 32.9709], [-112.6768, 32.9641], [-112.6844, 32.9565], [-112.6853, 32.9537], [-112.6821, 32.9527], [-112.5597, 32.9742], [-112.5174, 32.9965], [-112.5111, 32.9971], [-112.5128, 32.9001], [-112.5387, 32.9074], [-112.5836, 32.9063], [-112.6473, 32.9202], [-112.6471, 32.891], [-112.6558, 32.891], [-112.6557, 32.8836], [-112.6644, 32.8837], [-112.6642, 32.8756], [-112.6598, 32.8677], [-112.6558, 32.8538], [-112.6536, 32.8526], [-112.6413, 32.8265], [-112.7185, 32.8262], [-112.7186, 32.8528], [-112.729, 32.842], [-112.7374, 32.8302], [-112.7379, 32.797], [-112.7433, 32.7789], [-112.7451, 32.7627], [-112.77, 32.7886], [-112.794, 32.808], [-112.7358, 32.9124], [-112.7415, 32.9124], [-112.7416, 32.909], [-112.7501, 32.909], [-112.7507, 32.9127], [-112.8063, 32.9125], [-112.8062, 32.9087], [-112.8148, 32.9086], [-112.8149, 32.9052], [-112.8239, 32.9053], [-112.8239, 32.9019], [-112.8324, 32.9018], [-112.8323, 32.8977], [-112.8409, 32.8976], [-112.841, 32.8947], [-112.849, 32.8946], [-112.8492, 32.8908], [-112.8576, 32.8908], [-112.8576, 32.887], [-112.8707, 32.887], [-112.8706, 32.8835], [-113.0232, 32.8836], [-113.0235, 32.9411], [-113.0271, 32.941], [-113.026, 33.0294], [-113.0478, 33.0237], [-113.0642, 33.0254], [-113.1235, 33.0254], [-113.1247, 33.0292], [-113.1344, 33.0341], [-113.1482, 33.0295], [-113.158, 33.0286], [-113.165, 33.0253], [-113.171, 33.0256], [-113.1849, 33.0346], [-113.1943, 33.038], [-113.196, 33.0418], [-113.2029, 33.0468], [-113.207, 33.0599], [-113.2085, 33.0748], [-113.2127, 33.0795]]]}}, {"type": "Feature", "properties": {"zip": "85213", "total": 1758, "q1": 405, "q2": 429, "q3": 457, "q4": 467, "pop": 7132, "acsPriv": 460, "seats": 173}, "geometry": {"type": "Polygon", "coordinates": [[[-111.7898, 33.4606], [-111.7874, 33.464], [-111.7873, 33.4691], [-111.7832, 33.4691], [-111.7832, 33.4745], [-111.7874, 33.4745], [-111.7873, 33.4809], [-111.7688, 33.4809], [-111.7564, 33.4829], [-111.748, 33.4805], [-111.7534, 33.4754], [-111.7536, 33.4251], [-111.7504, 33.4245], [-111.7536, 33.4245], [-111.7536, 33.4228], [-111.7501, 33.4224], [-111.7511, 33.4211], [-111.7495, 33.4211], [-111.7495, 33.4193], [-111.7515, 33.4166], [-111.7537, 33.4194], [-111.7542, 33.4122], [-111.7625, 33.4118], [-111.7625, 33.4143], [-111.7667, 33.4143], [-111.7668, 33.4099], [-111.7711, 33.4099], [-111.7711, 33.4155], [-111.7794, 33.4154], [-111.7798, 33.4112], [-111.7841, 33.4154], [-111.7826, 33.4154], [-111.7826, 33.4193], [-111.7841, 33.4194], [-111.7852, 33.4222], [-111.7881, 33.4227], [-111.7877, 33.4492], [-111.7847, 33.4491], [-111.7838, 33.4518], [-111.7876, 33.4518], [-111.7876, 33.4571], [-111.7898, 33.4606]]]}}, {"type": "Feature", "properties": {"zip": "85128", "total": 1003, "q1": 226, "q2": 246, "q3": 265, "q4": 266, "pop": 4043, "acsPriv": 355, "seats": 0}, "geometry": {"type": "Polygon", "coordinates": [[[-111.6727, 33.0492], [-111.664, 33.0545], [-111.6625, 33.0533], [-111.6581, 33.0547], [-111.6344, 33.0487], [-111.6299, 33.045], [-111.6171, 33.045], [-111.6171, 33.0518], [-111.6085, 33.0486], [-111.6085, 33.0509], [-111.6046, 33.0472], [-111.559, 33.0304], [-111.5589, 33.0559], [-111.5761, 33.0642], [-111.6016, 33.0728], [-111.6358, 33.0796], [-111.6362, 33.118], [-111.5166, 33.1183], [-111.5159, 33.0161], [-111.5141, 33.0181], [-111.5118, 33.0181], [-111.5075, 33.0132], [-111.4991, 33.0163], [-111.4931, 33.0137], [-111.4863, 33.0175], [-111.4788, 33.0186], [-111.4775, 33.017], [-111.4557, 33.017], [-111.4557, 33.0031], [-111.422, 33.0101], [-111.4214, 33.0067], [-111.4089, 33.0053], [-111.4054, 33.0029], [-111.4014, 32.998], [-111.4026, 32.9954], [-111.4042, 32.9954], [-111.4048, 32.99], [-111.4116, 32.9875], [-111.4214, 32.9767], [-111.4215, 32.9732], [-111.416, 32.9702], [-111.427, 32.9545], [-111.4318, 32.9441], [-111.415, 32.9438], [-111.4149, 32.9086], [-111.4128, 32.9079], [-111.4128, 32.8934], [-111.4121, 32.8918], [-111.339, 32.8781], [-111.3392, 32.8622], [-111.3351, 32.8563], [-111.3321, 32.8462], [-111.3341, 32.8389], [-111.3338, 32.8243], [-111.3385, 32.8263], [-111.3454, 32.8258], [-111.3506, 32.815], [-111.348, 32.8123], [-111.349, 32.8085], [-111.3549, 32.8041], [-111.3566, 32.8006], [-111.356, 32.7972], [-111.3615, 32.792], [-111.3615, 32.8497], [-111.4366, 32.8504], [-111.4296, 32.8404], [-111.4285, 32.8363], [-111.4311, 32.8356], [-111.4343, 32.8264], [-111.4373, 32.8233], [-111.4493, 32.829], [-111.4577, 32.8309], [-111.4643, 32.8347], [-111.5107, 32.8359], [-111.5107, 32.8488], [-111.5153, 32.8513], [-111.5152, 32.8722], [-111.5325, 32.8722], [-111.5324, 32.894], [-111.541, 32.894], [-111.5411, 32.9085], [-111.5324, 32.9085], [-111.5323, 32.9375], [-111.653, 32.9383], [-111.653, 32.9458], [-111.6487, 32.9456], [-111.6487, 32.9528], [-111.6576, 32.9529], [-111.6575, 32.9602], [-111.6525, 32.9602], [-111.6526, 32.9673], [-111.6186, 32.9673], [-111.6183, 32.9963], [-111.6011, 32.9962], [-111.6011, 33.0025], [-111.6123, 33.0036], [-111.6727, 33.0492]], [[-111.4557, 32.9884], [-111.4557, 32.9812], [-111.4385, 32.9811], [-111.4384, 32.989], [-111.4557, 32.9884]]]}}, {"type": "Feature", "properties": {"zip": "85147", "total": 4, "q1": 1, "q2": 1, "q3": 1, "q4": 1, "pop": 873, "acsPriv": 119, "seats": 0}, "geometry": {"type": "Polygon", "coordinates": [[[-111.8419, 33.1181], [-111.8409, 33.1535], [-111.8293, 33.1467], [-111.8302, 33.1439], [-111.827, 33.1411], [-111.8238, 33.1418], [-111.8191, 33.1394], [-111.815, 33.1394], [-111.815, 33.1466], [-111.7892, 33.1466], [-111.7892, 33.1527], [-111.7979, 33.1565], [-111.7982, 33.1591], [-111.804, 33.1604], [-111.8131, 33.1687], [-111.7917, 33.169], [-111.7552, 33.1381], [-111.7458, 33.125], [-111.7376, 33.1213], [-111.7374, 33.1268], [-111.7302, 33.1357], [-111.722, 33.1367], [-111.714, 33.1331], [-111.7057, 33.1378], [-111.7018, 33.146], [-111.6977, 33.1495], [-111.6873, 33.1472], [-111.686, 33.1461], [-111.686, 33.1177], [-111.6362, 33.118], [-111.6358, 33.0796], [-111.6016, 33.0728], [-111.5761, 33.0642], [-111.5589, 33.0559], [-111.559, 33.0304], [-111.6046, 33.0472], [-111.6075, 33.0508], [-111.6085, 33.0486], [-111.6171, 33.0518], [-111.6171, 33.045], [-111.6299, 33.045], [-111.6344, 33.0487], [-111.6581, 33.0547], [-111.6625, 33.0533], [-111.664, 33.0545], [-111.6727, 33.0492], [-111.6884, 33.0611], [-111.7254, 33.042], [-111.727, 33.0487], [-111.7418, 33.0569], [-111.7565, 33.0603], [-111.7749, 33.0583], [-111.8012, 33.0652], [-111.7893, 33.0491], [-111.8419, 33.1181]]]}}, {"type": "Feature", "properties": {"zip": "86043", "total": 4, "q1": 1, "q2": 1, "q3": 1, "q4": 1, "pop": 506, "acsPriv": 0, "seats": 0}, "geometry": {"type": "Polygon", "coordinates": [[[-110.6577, 35.7795], [-110.6539, 35.7953], [-110.6444, 35.8067], [-110.6397, 35.8165], [-110.632, 35.8202], [-110.6254, 35.8278], [-110.6233, 35.8341], [-110.6188, 35.8387], [-110.6205, 35.8428], [-110.6125, 35.8511], [-110.6143, 35.8544], [-110.6114, 35.8556], [-110.6111, 35.8591], [-110.6094, 35.8593], [-110.6102, 35.8608], [-110.6057, 35.8634], [-110.6043, 35.8684], [-110.6001, 35.8685], [-110.5988, 35.8722], [-110.593, 35.8732], [-110.5536, 35.8726], [-110.5392, 35.8625], [-110.5382, 35.8593], [-110.5397, 35.8565], [-110.5378, 35.8553], [-110.536, 35.8594], [-110.5318, 35.8601], [-110.5324, 35.8631], [-110.5304, 35.8665], [-110.5326, 35.87], [-110.5239, 35.8752], [-110.5252, 35.8781], [-110.5317, 35.8787], [-110.5328, 35.8808], [-110.5145, 35.8866], [-110.5151, 35.8895], [-110.521, 35.8926], [-110.5148, 35.8976], [-110.517, 35.8979], [-110.5177, 35.9017], [-110.5, 35.9238], [-110.4904, 35.9251], [-110.4851, 35.9228], [-110.4798, 35.9229], [-110.4789, 35.9252], [-110.4731, 35.9286], [-110.4647, 35.9295], [-110.4589, 35.9337], [-110.4489, 35.9374], [-110.4525, 35.9192], [-110.4565, 35.9103], [-110.4577, 35.9034], [-110.4563, 35.9015], [-110.4611, 35.8952], [-110.4596, 35.8888], [-110.4608, 35.8872], [-110.4589, 35.8837], [-110.4592, 35.8652], [-110.4564, 35.8631], [-110.458, 35.8599], [-110.4524, 35.8566], [-110.449, 35.8459], [-110.4428, 35.8421], [-110.4346, 35.8327], [-110.4372, 35.8094], [-110.4227, 35.7885], [-110.4291, 35.774], [-110.4273, 35.7704], [-110.4425, 35.7597], [-110.4472, 35.7586], [-110.471, 35.7398], [-110.4733, 35.7409], [-110.4745, 35.7382], [-110.4774, 35.7383], [-110.4796, 35.7353], [-110.4785, 35.7329], [-110.4814, 35.7329], [-110.4845, 35.7253], [-110.487, 35.7249], [-110.4878, 35.7223], [-110.4903, 35.7239], [-110.4938, 35.7174], [-110.5003, 35.714], [-110.5069, 35.7146], [-110.5058, 35.7118], [-110.5082, 35.7108], [-110.5069, 35.7082], [-110.5103, 35.708], [-110.5184, 35.7308], [-110.5233, 35.7259], [-110.5346, 35.7212], [-110.5418, 35.7161], [-110.6577, 35.7795]]]}}, {"type": "Feature", "properties": {"zip": "85031", "total": 500, "q1": 107, "q2": 135, "q3": 137, "q4": 121, "pop": 6535, "acsPriv": 325, "seats": 549}, "geometry": {"type": "Polygon", "coordinates": [[[-112.1864, 33.491], [-112.1864, 33.5096], [-112.1516, 33.5095], [-112.1497, 33.5071], [-112.1504, 33.4986], [-112.1516, 33.4986], [-112.1517, 33.4779], [-112.1548, 33.4779], [-112.1548, 33.4805], [-112.1582, 33.4805], [-112.1583, 33.4769], [-112.1598, 33.4768], [-112.1603, 33.4805], [-112.1864, 33.4805], [-112.1864, 33.4878], [-112.1777, 33.4883], [-112.1864, 33.491]]]}}, {"type": "Feature", "properties": {"zip": "86502", "total": 8, "q1": 2, "q2": 2, "q3": 2, "q4": 2, "pop": 119, "acsPriv": 8, "seats": 0}, "geometry": {"type": "Polygon", "coordinates": [[[-109.8519, 34.8225], [-109.8446, 34.8226], [-109.8439, 34.9719], [-109.8253, 34.9767], [-109.8253, 34.975], [-109.823, 34.9751], [-109.8229, 34.9723], [-109.8214, 34.9724], [-109.8215, 34.9769], [-109.8202, 34.9759], [-109.8202, 34.9777], [-109.8078, 34.9806], [-109.8074, 35.0406], [-109.8153, 35.0407], [-109.7734, 35.0641], [-109.7364, 35.0757], [-109.7362, 35.0833], [-109.7361, 35.0897], [-109.7648, 35.0806], [-109.7781, 35.0711], [-109.7843, 35.0717], [-109.7825, 35.0773], [-109.7882, 35.0826], [-109.8, 35.0827], [-109.8011, 35.0806], [-109.7941, 35.0766], [-109.7909, 35.0712], [-109.8055, 35.0608], [-109.8071, 35.0577], [-109.8067, 35.0539], [-109.8144, 35.0532], [-109.8232, 35.0472], [-109.8255, 35.0406], [-109.8448, 35.0407], [-109.8429, 35.1702], [-109.8439, 35.2386], [-109.8404, 35.2408], [-109.8288, 35.2425], [-109.8275, 35.2452], [-109.8167, 35.2506], [-109.8155, 35.253], [-109.8084, 35.2549], [-109.806, 35.2587], [-109.8016, 35.2617], [-109.7987, 35.2622], [-109.7951, 35.2655], [-109.7866, 35.2675], [-109.7821, 35.2742], [-109.7812, 35.2798], [-109.7778, 35.2851], [-109.7789, 35.2861], [-109.7779, 35.2885], [-109.7724, 35.2936], [-109.7733, 35.2953], [-109.7701, 35.2959], [-109.7692, 35.2981], [-109.7679, 35.2975], [-109.7663, 35.3015], [-109.7635, 35.3022], [-109.7619, 35.3009], [-109.7603, 35.3024], [-109.7613, 35.3043], [-109.7571, 35.3059], [-109.758, 35.3079], [-109.7549, 35.3082], [-109.7526, 35.3107], [-109.7538, 35.3132], [-109.7522, 35.3184], [-109.749, 35.322], [-109.7491, 35.3253], [-109.7435, 35.3364], [-109.7256, 35.347], [-109.724, 35.3498], [-109.7247, 35.3514], [-109.7226, 35.3526], [-109.7209, 35.3577], [-109.7184, 35.3594], [-109.7137, 35.3677], [-109.7154, 35.3695], [-109.713, 35.3694], [-109.7114, 35.3729], [-109.7125, 35.3764], [-109.7109, 35.3787], [-109.7054, 35.3811], [-109.7067, 35.3829], [-109.69, 35.3885], [-109.6736, 35.3963], [-109.6589, 35.3969], [-109.6483, 35.3995], [-109.6479, 35.3959], [-109.6491, 35.391], [-109.6553, 35.3811], [-109.6629, 35.3762], [-109.6663, 35.3696], [-109.667, 35.3662], [-109.6649, 35.3653], [-109.6626, 35.35], [-109.6655, 35.3429], [-109.6624, 35.3281], [-109.6665, 35.322], [-109.6758, 35.3005], [-109.6762, 35.296], [-109.6616, 35.2989], [-109.6437, 35.3091], [-109.6337, 35.3114], [-109.6231, 35.3214], [-109.6002, 35.3347], [-109.5967, 35.3299], [-109.5783, 35.3272], [-109.5832, 35.3311], [-109.5844, 35.3343], [-109.5717, 35.3487], [-109.5585, 35.3554], [-109.5578, 35.3566], [-109.5711, 35.3518], [-109.5807, 35.3524], [-109.567, 35.367], [-109.5649, 35.3714], [-109.5474, 35.3887], [-109.5604, 35.3873], [-109.5754, 35.3797], [-109.5849, 35.3808], [-109.5978, 35.3758], [-109.6096, 35.3744], [-109.6102, 35.3796], [-109.5913, 35.4026], [-109.5883, 35.4106], [-109.6028, 35.4082], [-109.5838, 35.4243], [-109.566, 35.426], [-109.5515, 35.4334], [-109.5436, 35.4396], [-109.5362, 35.4425], [-109.5394, 35.4449], [-109.5405, 35.4437], [-109.5472, 35.4445], [-109.5283, 35.4537], [-109.5238, 35.4609], [-109.5222, 35.4579], [-109.5219, 35.4473], [-109.5162, 35.4488], [-109.4962, 35.4602], [-109.4957, 35.4591], [-109.4979, 35.4576], [-109.4891, 35.4575], [-109.4801, 35.4546], [-109.4652, 35.4584], [-109.4635, 35.4602], [-109.4625, 35.4568], [-109.4587, 35.4563], [-109.4459, 35.4605], [-109.448, 35.4863], [-109.4495, 35.4864], [-109.4508, 35.4898], [-109.4429, 35.491], [-109.44, 35.4894], [-109.425, 35.5044], [-109.4236, 35.5094], [-109.4253, 35.5176], [-109.4506, 35.5162], [-109.4501, 35.5176], [-109.4529, 35.5189], [-109.4513, 35.5203], [-109.4516, 35.5227], [-109.4477, 35.5246], [-109.4473, 35.5296], [-109.4399, 35.5313], [-109.4407, 35.5348], [-109.4293, 35.5384], [-109.4095, 35.5549], [-109.3997, 35.557], [-109.3951, 35.554], [-109.3922, 35.5556], [-109.3942, 35.5629], [-109.3969, 35.5654], [-109.3948, 35.5664], [-109.3909, 35.5653], [-109.3714, 35.5694], [-109.3664, 35.5637], [-109.3612, 35.5608], [-109.3558, 35.5505], [-109.3682, 35.5425], [-109.3666, 35.5385], [-109.3686, 35.5369], [-109.3432, 35.5364], [-109.3233, 35.5418], [-109.3138, 35.5232], [-109.3313, 35.5151], [-109.3365, 35.51], [-109.3391, 35.5041], [-109.3431, 35.5015], [-109.3506, 35.4918], [-109.3507, 35.4866], [-109.3553, 35.482], [-109.364, 35.481], [-109.3873, 35.4718], [-109.3896, 35.4727], [-109.3972, 35.4702], [-109.4041, 35.4711], [-109.4065, 35.4694], [-109.408, 35.4708], [-109.4118, 35.4685], [-109.4167, 35.4688], [-109.4226, 35.4623], [-109.4311, 35.4585], [-109.434, 35.4553], [-109.4346, 35.4538], [-109.4322, 35.4544], [-109.4296, 35.4487], [-109.4258, 35.4497], [-109.4195, 35.4468], [-109.4159, 35.449], [-109.4127, 35.4472], [-109.4008, 35.45], [-109.412, 35.4434], [-109.4206, 35.4349], [-109.4276, 35.4327], [-109.4283, 35.4305], [-109.413, 35.4346], [-109.3989, 35.4291], [-109.3808, 35.4181], [-109.3838, 35.4135], [-109.3865, 35.3994], [-109.3936, 35.3779], [-109.4026, 35.3774], [-109.4098, 35.3792], [-109.4181, 35.3868], [-109.4191, 35.397], [-109.4275, 35.3961], [-109.4247, 35.392], [-109.4302, 35.3875], [-109.4337, 35.379], [-109.4422, 35.3805], [-109.4432, 35.383], [-109.4522, 35.3889], [-109.4617, 35.3904], [-109.4781, 35.3811], [-109.4704, 35.3803], [-109.4726, 35.3744], [-109.471, 35.3644], [-109.4635, 35.3586], [-109.4548, 35.3488], [-109.4471, 35.3492], [-109.4373, 35.3525], [-109.4319, 35.3502], [-109.4287, 35.3522], [-109.4244, 35.3443], [-109.4242, 35.3407], [-109.4202, 35.3351], [-109.4263, 35.3288], [-109.4216, 35.3257], [-109.4236, 35.3218], [-109.4207, 35.3221], [-109.4069, 35.3052], [-109.3946, 35.2992], [-109.4106, 35.2974], [-109.4137, 35.2762], [-109.4043, 35.2734], [-109.4072, 35.2695], [-109.4197, 35.2615], [-109.4225, 35.2567], [-109.438, 35.257], [-109.4397, 35.2139], [-109.3765, 35.214], [-109.3675, 35.2168], [-109.3675, 35.2143], [-109.344, 35.2113], [-109.3337, 35.2165], [-109.3331, 35.2157], [-109.3417, 35.2116], [-109.3529, 35.2079], [-109.4175, 35.1935], [-109.4446, 35.1838], [-109.4588, 35.1763], [-109.4655, 35.1769], [-109.4658, 35.1709], [-109.4704, 35.1709], [-109.4694, 35.1572], [-109.4663, 35.1547], [-109.4764, 35.15], [-109.4797, 35.1434], [-109.4791, 35.1241], [-109.4712, 35.1204], [-109.4841, 35.1099], [-109.4434, 35.0968], [-109.4253, 35.097], [-109.4182, 35.084], [-109.414, 35.0814], [-109.4001, 35.066], [-109.3969, 35.0589], [-109.4107, 35.0619], [-109.4207, 35.0332], [-109.4214, 35.0259], [-109.4235, 35.0258], [-109.4252, 35.0164], [-109.4304, 35.0086], [-109.4318, 35.003], [-109.4308, 34.9978], [-109.4346, 34.9878], [-109.4426, 34.9806], [-109.4522, 34.975], [-109.4622, 34.9724], [-109.4537, 34.9698], [-109.4527, 34.967], [-109.4436, 34.9616], [-109.4408, 34.9584], [-109.4398, 34.9504], [-109.4372, 34.9493], [-109.4504, 34.9493], [-109.4523, 34.945], [-109.4481, 34.9408], [-109.4455, 34.9285], [-109.4467, 34.9055], [-109.4571, 34.8986], [-109.4693, 34.8934], [-109.4761, 34.8923], [-109.4769, 34.8789], [-109.4678, 34.879], [-109.4683, 34.8645], [-109.4669, 34.8645], [-109.4704, 34.8567], [-109.4741, 34.8575], [-109.4778, 34.8531], [-109.4777, 34.8593], [-109.496, 34.8598], [-109.4922, 34.8502], [-109.5068, 34.8503], [-109.5068, 34.8301], [-109.509, 34.8276], [-109.53, 34.8268], [-109.5404, 34.834], [-109.5409, 34.8358], [-109.6165, 34.8352], [-109.6169, 34.8244], [-109.6285, 34.8241], [-109.635, 34.817], [-109.6344, 34.8396], [-109.6474, 34.8359], [-109.6547, 34.8381], [-109.6604, 34.8365], [-109.6682, 34.8384], [-109.6778, 34.8259], [-109.6852, 34.8224], [-109.6929, 34.8213], [-109.6968, 34.8231], [-109.7053, 34.8232], [-109.7103, 34.8258], [-109.713, 34.824], [-109.7149, 34.825], [-109.7222, 34.8232], [-109.7274, 34.8163], [-109.7388, 34.8131], [-109.739, 34.8118], [-109.744, 34.8154], [-109.7582, 34.8055], [-109.7724, 34.8081], [-109.7774, 34.807], [-109.7812, 34.808], [-109.7811, 34.7796], [-109.8295, 34.779], [-109.8439, 34.7926], [-109.8516, 34.7934], [-109.8519, 34.8225]]]}}, {"type": "Feature", "properties": {"zip": "86004", "total": 2374, "q1": 550, "q2": 594, "q3": 618, "q4": 612, "pop": 6198, "acsPriv": 1163, "seats": 474}, "geometry": {"type": "Polygon", "coordinates": [[[-111.6752, 35.4911], [-111.6658, 35.5], [-111.6625, 35.5091], [-111.6555, 35.519], [-111.6558, 35.5238], [-111.6532, 35.5287], [-111.6488, 35.5255], [-111.6376, 35.5223], [-111.6334, 35.5245], [-111.6238, 35.541], [-111.6258, 35.5509], [-111.6497, 35.5629], [-111.6395, 35.5649], [-111.6222, 35.5779], [-111.6141, 35.5859], [-111.6103, 35.5834], [-111.5929, 35.582], [-111.5772, 35.5858], [-111.533, 35.5907], [-111.5348, 35.5836], [-111.5292, 35.5835], [-111.5279, 35.59], [-111.5171, 35.5896], [-111.5055, 35.5922], [-111.5029, 35.5888], [-111.493, 35.5899], [-111.4896, 35.5946], [-111.4633, 35.5904], [-111.4556, 35.5852], [-111.445, 35.5843], [-111.4368, 35.5873], [-111.4083, 35.5915], [-111.4026, 35.5897], [-111.3788, 35.5901], [-111.3755, 35.5919], [-111.3732, 35.5886], [-111.3728, 35.6002], [-111.3706, 35.6035], [-111.3583, 35.6117], [-111.3524, 35.6099], [-111.352, 35.6059], [-111.3495, 35.6069], [-111.3457, 35.6045], [-111.3414, 35.605], [-111.3415, 35.5829], [-111.2948, 35.583], [-111.2939, 35.5803], [-111.292, 35.5788], [-111.2879, 35.5801], [-111.2858, 35.5791], [-111.287, 35.5802], [-111.293, 35.58], [-111.2951, 35.5843], [-111.3041, 35.585], [-111.3064, 35.5866], [-111.3097, 35.5951], [-111.3065, 35.6005], [-111.3065, 35.6051], [-111.316, 35.6127], [-111.3185, 35.6168], [-111.3147, 35.6358], [-111.3198, 35.6444], [-111.33, 35.6524], [-111.3318, 35.658], [-111.3293, 35.6647], [-111.3227, 35.6714], [-111.3228, 35.6802], [-111.3291, 35.6894], [-111.3228, 35.7002], [-111.3102, 35.702], [-111.3053, 35.7056], [-111.303, 35.703], [-111.2985, 35.7042], [-111.2904, 35.7023], [-111.2764, 35.7024], [-111.2738, 35.7009], [-111.2575, 35.7039], [-111.2529, 35.7081], [-111.248, 35.7097], [-111.2411, 35.7093], [-111.2347, 35.7117], [-111.2274, 35.7109], [-111.2215, 35.7121], [-111.2184, 35.7109], [-111.2047, 35.7124], [-111.2, 35.7161], [-111.1894, 35.7194], [-111.1809, 35.7118], [-111.18, 35.708], [-111.1773, 35.7063], [-111.1779, 35.7003], [-111.1732, 35.7017], [-111.1712, 35.6986], [-111.1687, 35.699], [-111.1664, 35.6951], [-111.1638, 35.6979], [-111.1599, 35.6965], [-111.1579, 35.6926], [-111.153, 35.6908], [-111.153, 35.6845], [-111.1506, 35.6815], [-111.1481, 35.6822], [-111.1412, 35.6787], [-111.1361, 35.6805], [-111.132, 35.6797], [-111.13, 35.6825], [-111.1224, 35.6825], [-111.1195, 35.6864], [-111.1165, 35.686], [-111.1155, 35.6884], [-111.1128, 35.6852], [-111.1086, 35.6856], [-111.1059, 35.6836], [-111.1023, 35.6874], [-111.1002, 35.6859], [-111.0988, 35.6828], [-111.0957, 35.6812], [-111.0963, 35.6782], [-111.0936, 35.6766], [-111.0936, 35.6722], [-111.0906, 35.6704], [-111.0887, 35.6661], [-111.0896, 35.6626], [-111.0877, 35.6594], [-111.0876, 35.6468], [-111.088, 35.6446], [-111.0917, 35.641], [-111.0922, 35.637], [-111.09, 35.6336], [-111.0902, 35.6294], [-111.0787, 35.6081], [-111.0767, 35.5997], [-111.0671, 35.5876], [-111.0696, 35.5852], [-111.062, 35.5812], [-111.0557, 35.575], [-111.0394, 35.5637], [-111.0491, 35.5594], [-111.0593, 35.5642], [-111.0809, 35.5671], [-111.0954, 35.5738], [-111.0963, 35.5761], [-111.1101, 35.5722], [-111.1181, 35.5665], [-111.1321, 35.5599], [-111.1529, 35.5561], [-111.1618, 35.5576], [-111.1704, 35.5484], [-111.1942, 35.5354], [-111.2067, 35.5174], [-111.2238, 35.5046], [-111.2321, 35.5004], [-111.2276, 35.4952], [-111.2443, 35.4954], [-111.2444, 35.4932], [-111.2429, 35.4881], [-111.2428, 35.4696], [-111.2383, 35.4721], [-111.2389, 35.4646], [-111.2365, 35.4599], [-111.2368, 35.4548], [-111.2323, 35.4463], [-111.2279, 35.4425], [-111.2305, 35.441], [-111.23, 35.433], [-111.2243, 35.4321], [-111.2183, 35.4268], [-111.2171, 35.4232], [-111.2191, 35.4155], [-111.214, 35.4095], [-111.2081, 35.4074], [-111.2105, 35.4027], [-111.2079, 35.4024], [-111.2037, 35.3941], [-111.2177, 35.3671], [-111.2254, 35.3574], [-111.2251, 35.3513], [-111.2215, 35.3437], [-111.2125, 35.3502], [-111.2083, 35.35], [-111.2103, 35.3592], [-111.2069, 35.3589], [-111.1811, 35.3313], [-111.1779, 35.3238], [-111.1748, 35.3212], [-111.1623, 35.3206], [-111.1628, 35.3237], [-111.1665, 35.3281], [-111.1622, 35.3325], [-111.159, 35.3427], [-111.1488, 35.3376], [-111.1434, 35.3284], [-111.1333, 35.3282], [-111.1272, 35.3215], [-111.1221, 35.3239], [-111.1201, 35.3228], [-111.1132, 35.3156], [-111.1078, 35.3051], [-111.102, 35.3038], [-111.1327, 35.3039], [-111.1379, 35.2935], [-111.1419, 35.2912], [-111.1424, 35.2873], [-111.148, 35.2892], [-111.1552, 35.2948], [-111.152, 35.3], [-111.1525, 35.3047], [-111.1555, 35.3069], [-111.1788, 35.3003], [-111.2089, 35.3053], [-111.2377, 35.3176], [-111.2428, 35.3182], [-111.2419, 35.3013], [-111.2436, 35.1711], [-111.243, 35.1742], [-111.2294, 35.1772], [-111.2261, 35.1756], [-111.224, 35.1655], [-111.2204, 35.165], [-111.2193, 35.1626], [-111.2067, 35.1653], [-111.2058, 35.1566], [-111.18, 35.1566], [-111.1908, 35.1525], [-111.1935, 35.1495], [-111.1946, 35.1446], [-111.1915, 35.1352], [-111.1878, 35.1312], [-111.1896, 35.1314], [-111.1837, 35.1292], [-111.1851, 35.1268], [-111.1821, 35.125], [-111.1842, 35.1185], [-111.1825, 35.1089], [-111.1765, 35.1026], [-111.1671, 35.0962], [-111.1651, 35.0856], [-111.1655, 35.078], [-111.1596, 35.0685], [-111.1615, 35.0666], [-111.1663, 35.0517], [-111.1596, 35.0383], [-111.1582, 35.0183], [-111.1541, 35.0094], [-111.1458, 35.0002], [-111.1426, 34.9928], [-111.1415, 34.9934], [-111.1346, 34.9842], [-111.1297, 34.9812], [-111.1272, 34.9716], [-111.1237, 34.9648], [-111.1193, 34.9607], [-111.1352, 34.9559], [-111.1437, 34.9599], [-111.1501, 34.9605], [-111.1578, 34.956], [-111.165, 34.9544], [-111.168, 34.9516], [-111.1859, 34.9462], [-111.2079, 34.9492], [-111.2176, 34.9548], [-111.2288, 34.9575], [-111.2313, 34.9568], [-111.2315, 34.9475], [-111.2335, 34.9434], [-111.2433, 34.9388], [-111.2444, 34.9446], [-111.2425, 34.9499], [-111.244, 34.9526], [-111.2427, 34.9573], [-111.2456, 34.9574], [-111.2458, 34.9606], [-111.2544, 34.9588], [-111.2612, 34.9646], [-111.2702, 34.9683], [-111.2686, 34.9782], [-111.271, 34.9786], [-111.2714, 34.9831], [-111.2671, 34.993], [-111.2663, 35.0085], [-111.2689, 35.0104], [-111.2853, 35.0133], [-111.2931, 35.0264], [-111.2928, 35.0306], [-111.2957, 35.0335], [-111.2956, 35.0416], [-111.2986, 35.0469], [-111.3076, 35.0495], [-111.3104, 35.048], [-111.3145, 35.0488], [-111.3188, 35.0514], [-111.3219, 35.057], [-111.3191, 35.0637], [-111.313, 35.0693], [-111.3088, 35.0816], [-111.289, 35.101], [-111.272, 35.1612], [-111.2784, 35.1617], [-111.2903, 35.1578], [-111.2973, 35.158], [-111.375, 35.1882], [-111.3821, 35.1792], [-111.394, 35.1844], [-111.3956, 35.1827], [-111.4005, 35.1828], [-111.4104, 35.1771], [-111.4108, 35.1702], [-111.4235, 35.1746], [-111.4333, 35.1696], [-111.4389, 35.1689], [-111.4437, 35.1655], [-111.4597, 35.163], [-111.4669, 35.1569], [-111.473, 35.1587], [-111.4776, 35.1521], [-111.4776, 35.1437], [-111.4887, 35.1315], [-111.4935, 35.1341], [-111.4968, 35.133], [-111.4989, 35.1343], [-111.4984, 35.1356], [-111.5035, 35.1349], [-111.505, 35.1362], [-111.4987, 35.1449], [-111.4944, 35.145], [-111.4919, 35.1483], [-111.4886, 35.1483], [-111.4886, 35.1507], [-111.4866, 35.1522], [-111.4932, 35.1522], [-111.4932, 35.1558], [-111.5064, 35.1558], [-111.5064, 35.1594], [-111.5275, 35.1593], [-111.5292, 35.1533], [-111.5287, 35.148], [-111.5312, 35.1475], [-111.5308, 35.1446], [-111.5286, 35.1445], [-111.5282, 35.1423], [-111.5323, 35.1384], [-111.5331, 35.1312], [-111.5384, 35.1307], [-111.5376, 35.1265], [-111.5416, 35.123], [-111.5401, 35.1207], [-111.5419, 35.119], [-111.5415, 35.1114], [-111.5383, 35.1097], [-111.5397, 35.0978], [-111.5315, 35.0891], [-111.5914, 35.1165], [-111.5936, 35.1197], [-111.5932, 35.1222], [-111.5954, 35.1232], [-111.5959, 35.128], [-111.6016, 35.1303], [-111.5982, 35.1352], [-111.5988, 35.1465], [-111.5995, 35.1504], [-111.6043, 35.156], [-111.605, 35.1595], [-111.6015, 35.1726], [-111.6082, 35.1734], [-111.6073, 35.1769], [-111.6109, 35.1768], [-111.6109, 35.1706], [-111.6124, 35.1706], [-111.6131, 35.1769], [-111.6413, 35.1771], [-111.6209, 35.1919], [-111.6278, 35.1922], [-111.63, 35.2031], [-111.6293, 35.2045], [-111.628, 35.2035], [-111.627, 35.2089], [-111.6295, 35.2135], [-111.6312, 35.2138], [-111.6315, 35.2325], [-111.5781, 35.2314], [-111.578, 35.2399], [-111.5694, 35.2786], [-111.5695, 35.2863], [-111.5879, 35.2898], [-111.6236, 35.2892], [-111.6203, 35.2932], [-111.6101, 35.2959], [-111.6097, 35.2972], [-111.6123, 35.2997], [-111.6078, 35.3002], [-111.6111, 35.3024], [-111.6098, 35.3049], [-111.613, 35.3078], [-111.6085, 35.308], [-111.6095, 35.3115], [-111.6168, 35.3147], [-111.619, 35.3203], [-111.6244, 35.3212], [-111.6233, 35.3245], [-111.6191, 35.3248], [-111.6157, 35.3284], [-111.6186, 35.3313], [-111.6125, 35.3323], [-111.6118, 35.3339], [-111.618, 35.3357], [-111.6155, 35.339], [-111.6173, 35.3419], [-111.6232, 35.3422], [-111.6222, 35.3452], [-111.6245, 35.3474], [-111.6241, 35.35], [-111.6371, 35.3447], [-111.6387, 35.3447], [-111.6403, 35.3473], [-111.6439, 35.3463], [-111.6421, 35.3499], [-111.636, 35.3541], [-111.6355, 35.3643], [-111.6437, 35.3696], [-111.6494, 35.3704], [-111.6494, 35.375], [-111.6549, 35.3779], [-111.6538, 35.3867], [-111.6571, 35.3961], [-111.6669, 35.4017], [-111.6649, 35.4093], [-111.667, 35.4173], [-111.665, 35.4246], [-111.6664, 35.43], [-111.6565, 35.44], [-111.6496, 35.4581], [-111.651, 35.4586], [-111.6431, 35.4662], [-111.6454, 35.4688], [-111.6458, 35.4725], [-111.6501, 35.4767], [-111.6608, 35.4784], [-111.662, 35.4841], [-111.6752, 35.4911]]]}}, {"type": "Feature", "properties": {"zip": "86441", "total": 26, "q1": 4, "q2": 4, "q3": 9, "q4": 9, "pop": 126, "acsPriv": 49, "seats": 0}, "geometry": {"type": "Polygon", "coordinates": [[[-114.5198, 35.5008], [-114.5166, 35.5038], [-114.5175, 35.5063], [-114.5089, 35.5096], [-114.4852, 35.5104], [-114.4808, 35.5075], [-114.469, 35.5133], [-114.4674, 35.5219], [-114.47, 35.5247], [-114.4656, 35.5318], [-114.4656, 35.6697], [-114.4159, 35.6787], [-114.4159, 35.6842], [-114.4247, 35.6842], [-114.4248, 35.6914], [-114.4382, 35.6914], [-114.4382, 35.7023], [-114.4338, 35.7023], [-114.4337, 35.7059], [-114.4514, 35.7059], [-114.4518, 35.7077], [-114.3973, 35.7277], [-114.3769, 35.7326], [-114.372, 35.7307], [-114.3577, 35.7313], [-114.3575, 35.7174], [-114.3487, 35.7182], [-114.3517, 35.711], [-114.3452, 35.7121], [-114.3453, 35.7106], [-114.3495, 35.7093], [-114.3454, 35.7079], [-114.3454, 35.7058], [-114.3413, 35.7039], [-114.3195, 35.7036], [-114.3195, 35.6885], [-114.2925, 35.6806], [-114.2887, 35.6768], [-114.2806, 35.6847], [-114.2508, 35.6819], [-114.1196, 35.7079], [-114.1184, 35.678], [-114.1145, 35.6573], [-114.114, 35.6147], [-114.1122, 35.6086], [-114.0974, 35.5815], [-114.0964, 35.544], [-114.0633, 35.5078], [-114.0678, 35.5017], [-114.0909, 35.4809], [-114.0944, 35.4821], [-114.109, 35.481], [-114.1178, 35.4759], [-114.1186, 35.4767], [-114.1209, 35.4706], [-114.1277, 35.4683], [-114.1302, 35.4633], [-114.1333, 35.4611], [-114.1364, 35.4539], [-114.1435, 35.4543], [-114.1544, 35.4586], [-114.1696, 35.4541], [-114.1686, 35.4552], [-114.1715, 35.4572], [-114.1778, 35.458], [-114.18, 35.4629], [-114.1784, 35.4645], [-114.1795, 35.4677], [-114.1782, 35.4695], [-114.1818, 35.4778], [-114.18, 35.4836], [-114.1772, 35.4831], [-114.1823, 35.4883], [-114.187, 35.4859], [-114.2031, 35.489], [-114.2135, 35.4869], [-114.2173, 35.4876], [-114.2333, 35.4811], [-114.2457, 35.4915], [-114.26, 35.4937], [-114.2621, 35.4906], [-114.2724, 35.4898], [-114.2805, 35.4867], [-114.282, 35.4893], [-114.2803, 35.4944], [-114.2834, 35.4953], [-114.2931, 35.4939], [-114.3066, 35.4889], [-114.3237, 35.4877], [-114.2768, 35.4208], [-114.2893, 35.422], [-114.3164, 35.4543], [-114.3165, 35.448], [-114.3341, 35.4479], [-114.334, 35.4552], [-114.3431, 35.4552], [-114.343, 35.448], [-114.3552, 35.448], [-114.355, 35.4551], [-114.3597, 35.4552], [-114.3597, 35.422], [-114.3518, 35.4261], [-114.3518, 35.419], [-114.3598, 35.419], [-114.362, 35.4106], [-114.3574, 35.4066], [-114.3597, 35.3962], [-114.3569, 35.392], [-114.3569, 35.3871], [-114.3665, 35.3832], [-114.3683, 35.3853], [-114.3741, 35.3852], [-114.3811, 35.3804], [-114.3954, 35.3606], [-114.3948, 35.3571], [-114.3858, 35.3505], [-114.3887, 35.3497], [-114.3913, 35.3465], [-114.3944, 35.3475], [-114.3957, 35.3443], [-114.3993, 35.3426], [-114.4083, 35.3254], [-114.4084, 35.3283], [-114.4187, 35.3283], [-114.4236, 35.3326], [-114.4261, 35.3462], [-114.423, 35.3541], [-114.4289, 35.3637], [-114.4348, 35.3689], [-114.4382, 35.3822], [-114.4385, 35.4018], [-114.444, 35.4118], [-114.4481, 35.4123], [-114.4551, 35.4201], [-114.4551, 35.4241], [-114.4699, 35.4389], [-114.4752, 35.4402], [-114.4829, 35.4475], [-114.494, 35.4525], [-114.5008, 35.451], [-114.5032, 35.4563], [-114.5035, 35.4651], [-114.5083, 35.4692], [-114.5082, 35.4741], [-114.5042, 35.4822], [-114.5045, 35.4859], [-114.5079, 35.4861], [-114.5093, 35.4917], [-114.5198, 35.5008]]]}}, {"type": "Feature", "properties": {"zip": "86438", "total": 77, "q1": 18, "q2": 18, "q3": 21, "q4": 20, "pop": 22, "acsPriv": 0, "seats": 0}, "geometry": {"type": "Polygon", "coordinates": [[[-114.3627, 34.7643], [-114.355, 34.7761], [-114.353, 34.7842], [-114.3488, 34.7884], [-114.3451, 34.7981], [-114.3345, 34.8067], [-114.2443, 34.8058], [-114.2449, 34.9066], [-114.2427, 34.9065], [-114.2405, 34.9034], [-114.2243, 34.8988], [-114.2125, 34.8991], [-114.2041, 34.9042], [-114.1964, 34.9022], [-114.189, 34.9026], [-114.1848, 34.8981], [-114.1888, 34.9071], [-114.1838, 34.9196], [-114.1775, 34.9212], [-114.175, 34.9242], [-114.1716, 34.9255], [-114.1704, 34.9284], [-114.1672, 34.9304], [-114.1665, 34.934], [-114.1613, 34.9369], [-114.1586, 34.9422], [-114.1524, 34.9475], [-114.1467, 34.9498], [-114.1476, 34.9447], [-114.1429, 34.9465], [-114.1398, 34.9455], [-114.1325, 34.9538], [-114.12, 34.9631], [-114.1127, 34.9645], [-114.09, 34.9564], [-114.0752, 34.9572], [-114.0665, 34.9595], [-114.0557, 34.9544], [-114.0525, 34.9548], [-114.0473, 34.9604], [-114.0237, 34.9733], [-114.0213, 34.9754], [-114.0213, 34.9784], [-113.9916, 34.9786], [-113.9902, 34.9839], [-113.9874, 34.9867], [-113.9806, 34.9884], [-113.9817, 34.9915], [-113.9681, 35.0004], [-113.9629, 35.007], [-113.9587, 35.0051], [-113.9559, 35.0057], [-113.9499, 35.0131], [-113.9492, 35.0166], [-113.9456, 35.0184], [-113.9427, 35.018], [-113.9431, 35.0166], [-113.9356, 35.0116], [-113.935, 35.0087], [-113.9276, 35.0071], [-113.9282, 35.0057], [-113.9263, 35.0044], [-113.9235, 34.9971], [-113.9173, 34.9971], [-113.9063, 34.9899], [-113.9099, 34.9862], [-113.9102, 34.9787], [-113.8132, 34.9786], [-113.8129, 34.855], [-113.8103, 34.8523], [-113.8076, 34.8522], [-113.8087, 34.8496], [-113.8049, 34.8496], [-113.8047, 34.848], [-113.8023, 34.8473], [-113.7986, 34.8485], [-113.7942, 34.8469], [-113.7971, 34.8466], [-113.7946, 34.8414], [-113.7958, 34.8379], [-113.795, 34.8331], [-113.7962, 34.8317], [-113.8013, 34.8315], [-113.8015, 34.8285], [-113.803, 34.829], [-113.8059, 34.8251], [-113.8055, 34.8236], [-113.8085, 34.8227], [-113.8079, 34.8214], [-113.8116, 34.8182], [-113.8126, 34.8057], [-113.7779, 34.8051], [-113.7784, 34.5698], [-113.769, 34.5636], [-113.7629, 34.5554], [-113.7564, 34.5516], [-113.7531, 34.5438], [-113.7473, 34.5391], [-113.7398, 34.5287], [-113.7375, 34.5127], [-113.7347, 34.5072], [-113.7364, 34.501], [-113.733, 34.4953], [-113.7317, 34.4888], [-113.717, 34.4738], [-113.7137, 34.4618], [-113.7178, 34.4568], [-113.7176, 34.4523], [-113.707, 34.4429], [-113.7298, 34.4215], [-113.7566, 34.402], [-113.7615, 34.3961], [-113.7694, 34.3925], [-113.7718, 34.3849], [-113.7857, 34.3719], [-113.7964, 34.3652], [-113.9777, 34.287], [-113.9743, 34.2942], [-113.9785, 34.302], [-113.9757, 34.307], [-113.9774, 34.313], [-113.9775, 34.3296], [-113.9802, 34.3327], [-113.9808, 34.3367], [-113.9869, 34.3408], [-113.9903, 34.3468], [-113.9903, 34.3533], [-113.9933, 34.3571], [-113.9939, 34.3672], [-114.001, 34.3754], [-114.0086, 34.3778], [-114.016, 34.3841], [-114.0168, 34.3881], [-114.0141, 34.3918], [-114.0164, 34.3952], [-114.016, 34.3992], [-114.0178, 34.4034], [-114.0168, 34.4069], [-114.0226, 34.4207], [-114.022, 34.425], [-114.0195, 34.4271], [-114.0183, 34.4319], [-114.0194, 34.437], [-114.0122, 34.4511], [-113.9989, 34.4598], [-113.9982, 34.4657], [-113.9927, 34.4735], [-113.9916, 34.4826], [-113.9945, 34.4906], [-113.984, 34.4996], [-114.014, 34.5488], [-114.0294, 34.5643], [-114.0371, 34.5587], [-114.0411, 34.5518], [-114.048, 34.5486], [-114.0554, 34.5408], [-114.0625, 34.5366], [-114.0725, 34.5343], [-114.0754, 34.5302], [-114.0799, 34.5288], [-114.0822, 34.5259], [-114.0992, 34.5299], [-114.1041, 34.5336], [-114.1025, 34.5393], [-114.1136, 34.5397], [-114.1162, 34.537], [-114.1194, 34.5363], [-114.1259, 34.5396], [-114.1316, 34.537], [-114.1468, 34.5401], [-114.1512, 34.5461], [-114.1561, 34.5454], [-114.188, 34.5499], [-114.1922, 34.5517], [-114.1931, 34.5577], [-114.1914, 34.5598], [-114.1915, 34.5656], [-114.1931, 34.5678], [-114.1903, 34.5688], [-114.1857, 34.5749], [-114.1859, 34.5781], [-114.1882, 34.5805], [-114.1899, 34.5924], [-114.1857, 34.5965], [-114.1861, 34.6016], [-114.1746, 34.6156], [-114.1706, 34.6244], [-114.1715, 34.6487], [-114.1757, 34.659], [-114.1793, 34.6624], [-114.18, 34.6664], [-114.1856, 34.6668], [-114.1894, 34.6694], [-114.1991, 34.6849], [-114.2133, 34.6903], [-114.2325, 34.7078], [-114.2382, 34.7123], [-114.2422, 34.713], [-114.2515, 34.7219], [-114.2603, 34.7243], [-114.2634, 34.7231], [-114.2673, 34.7244], [-114.2703, 34.7274], [-114.2731, 34.7269], [-114.2783, 34.7293], [-114.3018, 34.7295], [-114.3162, 34.7272], [-114.3166, 34.7294], [-114.3517, 34.7287], [-114.3517, 34.7493], [-114.3341, 34.7494], [-114.3341, 34.7638], [-114.3627, 34.7643]]]}}, {"type": "Feature", "properties": {"zip": "85901", "total": 1582, "q1": 334, "q2": 385, "q3": 429, "q4": 434, "pop": 2938, "acsPriv": 402, "seats": 363}, "geometry": {"type": "Polygon", "coordinates": [[[-110.2114, 34.3034], [-110.2004, 34.3009], [-110.1974, 34.3018], [-110.191, 34.2989], [-110.1822, 34.312], [-110.1818, 34.329], [-110.1894, 34.3319], [-110.1809, 34.3375], [-110.1786, 34.3367], [-110.1749, 34.3388], [-110.1738, 34.3427], [-110.1748, 34.3457], [-110.1827, 34.3484], [-110.183, 34.3525], [-110.1878, 34.3588], [-110.1778, 34.3683], [-110.1824, 34.3712], [-110.1808, 34.3724], [-110.1776, 34.3873], [-110.1757, 34.3873], [-110.1757, 34.3823], [-110.0698, 34.382], [-110.0697, 34.388], [-110.0627, 34.388], [-110.0663, 34.3954], [-110.0823, 34.4138], [-110.0823, 34.4175], [-110.0776, 34.4175], [-110.0776, 34.4246], [-110.0708, 34.4259], [-110.0671, 34.4231], [-110.0675, 34.4211], [-110.0704, 34.4199], [-110.0715, 34.4162], [-110.0699, 34.4137], [-110.0711, 34.4104], [-110.0703, 34.4061], [-110.066, 34.4049], [-110.0625, 34.4092], [-110.0498, 34.4022], [-110.043, 34.4021], [-110.0433, 34.3979], [-110.0312, 34.4005], [-110.0221, 34.3992], [-110.0109, 34.388], [-110.0023, 34.3879], [-109.9985, 34.383], [-109.9914, 34.3781], [-109.9866, 34.3775], [-109.9779, 34.3692], [-109.9748, 34.3706], [-109.9698, 34.3693], [-109.9651, 34.3726], [-109.9648, 34.3678], [-109.9673, 34.3628], [-109.9718, 34.3633], [-109.9703, 34.3594], [-109.9546, 34.3598], [-109.9545, 34.362], [-109.949, 34.3623], [-109.9489, 34.3715], [-109.9544, 34.3719], [-109.9544, 34.3748], [-109.956, 34.3757], [-109.9559, 34.3827], [-109.959, 34.3835], [-109.9594, 34.3851], [-109.9554, 34.3884], [-109.912, 34.3895], [-109.8484, 34.3883], [-109.8482, 34.3452], [-109.8308, 34.3451], [-109.8308, 34.2991], [-109.8287, 34.2874], [-109.8374, 34.2859], [-109.8226, 34.2856], [-109.7926, 34.277], [-109.7617, 34.2731], [-109.7618, 34.2721], [-109.7746, 34.2721], [-109.7753, 34.2686], [-109.7703, 34.2673], [-109.7701, 34.2632], [-109.7558, 34.2597], [-109.7458, 34.2622], [-109.7417, 34.2584], [-109.7412, 34.2546], [-109.744, 34.2536], [-109.7441, 34.25], [-109.7575, 34.2404], [-109.7629, 34.2398], [-109.7644, 34.2452], [-109.7688, 34.2479], [-109.7771, 34.2451], [-109.7799, 34.2408], [-109.7805, 34.2315], [-109.7837, 34.2312], [-109.7855, 34.2269], [-109.7867, 34.221], [-109.7836, 34.2148], [-109.7862, 34.2093], [-109.7935, 34.2085], [-109.7993, 34.206], [-109.8036, 34.2028], [-109.8012, 34.2007], [-109.8052, 34.2013], [-109.8117, 34.2057], [-109.8218, 34.205], [-109.8284, 34.2066], [-109.8324, 34.2055], [-109.8408, 34.2071], [-109.8424, 34.2], [-109.8476, 34.1965], [-109.8476, 34.1872], [-109.8492, 34.1875], [-109.849, 34.2276], [-109.9451, 34.2275], [-109.9446, 34.1988], [-109.9936, 34.1985], [-109.9765, 34.1908], [-109.9727, 34.187], [-109.9721, 34.1816], [-109.9768, 34.1809], [-109.9769, 34.1733], [-109.9723, 34.1731], [-109.9723, 34.1711], [-109.9791, 34.1723], [-109.9804, 34.1712], [-109.9843, 34.172], [-109.9824, 34.1735], [-109.9826, 34.1754], [-109.9796, 34.1771], [-109.9866, 34.1769], [-109.9864, 34.1786], [-109.9881, 34.1796], [-109.9949, 34.177], [-109.9999, 34.1789], [-110.0016, 34.1816], [-109.999, 34.1897], [-110.0058, 34.1952], [-110.0201, 34.1946], [-110.0202, 34.198], [-110.0246, 34.1982], [-110.0246, 34.2036], [-110.0302, 34.2036], [-110.0314, 34.1982], [-110.036, 34.1968], [-110.0409, 34.198], [-110.0412, 34.2032], [-110.0439, 34.2045], [-110.0557, 34.2], [-110.06, 34.1959], [-110.0671, 34.1951], [-110.072, 34.1915], [-110.075, 34.1912], [-110.0776, 34.1943], [-110.0767, 34.1986], [-110.087, 34.2124], [-110.0951, 34.2073], [-110.1007, 34.2058], [-110.1026, 34.2028], [-110.1083, 34.2019], [-110.1138, 34.2068], [-110.1168, 34.2132], [-110.1361, 34.2136], [-110.1387, 34.2164], [-110.1499, 34.2215], [-110.1583, 34.222], [-110.1592, 34.226], [-110.1641, 34.2286], [-110.1629, 34.2344], [-110.17, 34.2389], [-110.1766, 34.239], [-110.1794, 34.2371], [-110.1894, 34.2393], [-110.1922, 34.2429], [-110.1927, 34.2471], [-110.2026, 34.251], [-110.2059, 34.2557], [-110.2055, 34.261], [-110.202, 34.2646], [-110.2099, 34.279], [-110.2071, 34.2828], [-110.2078, 34.2867], [-110.2053, 34.2882], [-110.2078, 34.291], [-110.2092, 34.3003], [-110.2114, 34.3034]], [[-110.0328, 34.2], [-110.0322, 34.1987], [-110.0312, 34.1996], [-110.0328, 34.2]]]}}, {"type": "Feature", "properties": {"zip": "85719", "total": 667, "q1": 154, "q2": 164, "q3": 175, "q4": 174, "pop": 3038, "acsPriv": 420, "seats": 2066}, "geometry": {"type": "Polygon", "coordinates": [[[-110.9659, 32.2228], [-110.9614, 32.2225], [-110.961, 32.225], [-110.9595, 32.225], [-110.9618, 32.2317], [-110.961, 32.2631], [-110.9623, 32.2642], [-110.961, 32.2702], [-110.9635, 32.2702], [-110.9635, 32.2721], [-110.9615, 32.2721], [-110.9611, 32.2794], [-110.9625, 32.2806], [-110.9611, 32.283], [-110.9631, 32.283], [-110.9632, 32.2854], [-110.9611, 32.2854], [-110.9611, 32.289], [-110.9494, 32.2871], [-110.9438, 32.2842], [-110.9438, 32.2795], [-110.9376, 32.2795], [-110.9363, 32.273], [-110.9352, 32.273], [-110.9364, 32.2522], [-110.9353, 32.2522], [-110.9354, 32.2427], [-110.9367, 32.2427], [-110.9367, 32.2407], [-110.9353, 32.2407], [-110.9351, 32.2207], [-110.9378, 32.2197], [-110.9377, 32.2179], [-110.9351, 32.2173], [-110.9351, 32.2069], [-110.9436, 32.2079], [-110.9423, 32.2068], [-110.9609, 32.2069], [-110.9616, 32.2108], [-110.9598, 32.2108], [-110.9608, 32.2142], [-110.9565, 32.2156], [-110.9659, 32.2228]], [[-110.951, 32.2317], [-110.9481, 32.2304], [-110.9481, 32.2317], [-110.951, 32.2317]], [[-110.9469, 32.2393], [-110.944, 32.2393], [-110.9457, 32.2432], [-110.9468, 32.2432], [-110.9469, 32.2393]]]}}, {"type": "Feature", "properties": {"zip": "86305", "total": 1085, "q1": 262, "q2": 269, "q3": 279, "q4": 275, "pop": 1960, "acsPriv": 668, "seats": 559}, "geometry": {"type": "Polygon", "coordinates": [[[-113.2177, 34.7686], [-113.2153, 34.7685], [-113.2136, 34.7709], [-113.2144, 34.7786], [-113.2121, 34.7801], [-113.2055, 34.7799], [-113.2042, 34.7837], [-113.1995, 34.7864], [-113.2025, 34.7893], [-113.1936, 34.7945], [-113.1879, 34.8016], [-113.1865, 34.7997], [-113.1882, 34.7971], [-113.1803, 34.7933], [-113.1778, 34.7878], [-113.1738, 34.7874], [-113.1739, 34.7848], [-113.1699, 34.7816], [-113.1671, 34.7813], [-113.1635, 34.7846], [-113.165, 34.7878], [-113.16, 34.7873], [-113.1509, 34.8009], [-113.1451, 34.8032], [-113.1451, 34.7665], [-113.134, 34.7646], [-113.1264, 34.7656], [-113.1191, 34.769], [-113.1229, 34.7719], [-113.1035, 34.7805], [-113.0922, 34.7757], [-113.0901, 34.7763], [-113.0891, 34.7788], [-113.0909, 34.7809], [-113.0863, 34.784], [-113.0847, 34.7918], [-113.0795, 34.798], [-113.0767, 34.7987], [-113.0727, 34.7972], [-113.0708, 34.7982], [-113.0689, 34.7956], [-113.0425, 34.797], [-113.0258, 34.8002], [-113.0248, 34.8038], [-113.0212, 34.8015], [-113.0073, 34.8008], [-113.0039, 34.8023], [-113.0021, 34.8008], [-112.9765, 34.7983], [-112.9722, 34.7888], [-112.969, 34.7927], [-112.9639, 34.7918], [-112.9744, 34.8137], [-112.9686, 34.8331], [-112.9651, 34.8381], [-112.9596, 34.8413], [-112.9556, 34.8515], [-112.9581, 34.858], [-112.9575, 34.8613], [-112.9604, 34.8658], [-112.9576, 34.8723], [-112.9644, 34.8771], [-112.9764, 34.8795], [-112.9798, 34.8835], [-112.9784, 34.8851], [-112.979, 34.8879], [-112.9727, 34.8929], [-112.9631, 34.8954], [-112.9612, 34.8985], [-112.9555, 34.9014], [-112.9389, 34.9058], [-112.9309, 34.9097], [-112.9295, 34.9132], [-112.925, 34.9172], [-112.9092, 34.9259], [-112.9192, 34.9275], [-112.9327, 34.9353], [-112.9453, 34.9369], [-112.9523, 34.9407], [-112.9583, 34.9409], [-112.963, 34.9374], [-112.9695, 34.9367], [-112.9766, 34.9407], [-112.9896, 34.9546], [-113.0105, 34.9624], [-113.0192, 34.9749], [-113.0235, 34.9757], [-112.9584, 34.9772], [-112.958, 34.9829], [-112.8711, 34.9841], [-112.8661, 34.9863], [-112.8524, 34.9998], [-112.8403, 35.0036], [-112.8376, 35.0076], [-112.8369, 35.0145], [-112.8137, 35.0251], [-112.8058, 35.0202], [-112.8051, 35.0182], [-112.7908, 35.018], [-112.7896, 35.0197], [-112.7761, 35.0172], [-112.7511, 35.0196], [-112.7469, 35.0178], [-112.7428, 35.0133], [-112.7326, 35.0106], [-112.7325, 34.9826], [-112.6996, 34.9826], [-112.6993, 34.904], [-112.6981, 34.9049], [-112.6909, 34.9005], [-112.6863, 34.9], [-112.6615, 34.8893], [-112.6574, 34.8892], [-112.6523, 34.8853], [-112.6455, 34.8848], [-112.6356, 34.8805], [-112.6263, 34.8817], [-112.6209, 34.8786], [-112.6035, 34.8752], [-112.6001, 34.8789], [-112.5954, 34.881], [-112.5933, 34.8858], [-112.5905, 34.8856], [-112.5889, 34.8889], [-112.5842, 34.8903], [-112.5839, 34.8928], [-112.5783, 34.8905], [-112.578, 34.8922], [-112.5801, 34.893], [-112.5781, 34.8956], [-112.574, 34.8917], [-112.5716, 34.8928], [-112.5735, 34.8951], [-112.5684, 34.8961], [-112.5545, 34.8936], [-112.5517, 34.8899], [-112.5442, 34.892], [-112.5403, 34.8903], [-112.5404, 34.8692], [-112.5377, 34.8622], [-112.5404, 34.8575], [-112.54, 34.8523], [-112.5224, 34.8515], [-112.5215, 34.8329], [-112.5271, 34.8333], [-112.5317, 34.8285], [-112.5282, 34.8262], [-112.528, 34.8245], [-112.5216, 34.8227], [-112.5184, 34.8078], [-112.5184, 34.8061], [-112.5372, 34.8061], [-112.5378, 34.7608], [-112.5193, 34.7596], [-112.5195, 34.745], [-112.524, 34.7452], [-112.524, 34.7379], [-112.5287, 34.7382], [-112.5286, 34.7304], [-112.5194, 34.7305], [-112.5194, 34.716], [-112.5014, 34.7161], [-112.5016, 34.7308], [-112.4835, 34.731], [-112.4832, 34.7164], [-112.4651, 34.7163], [-112.4652, 34.7016], [-112.4494, 34.7018], [-112.4324, 34.6439], [-112.4425, 34.6218], [-112.4602, 34.6215], [-112.4603, 34.6072], [-112.4516, 34.6071], [-112.4555, 34.6039], [-112.4565, 34.5996], [-112.47, 34.5933], [-112.4814, 34.5829], [-112.4824, 34.5732], [-112.4835, 34.5736], [-112.4822, 34.5648], [-112.4866, 34.5617], [-112.4834, 34.5607], [-112.4844, 34.5596], [-112.4821, 34.5577], [-112.4832, 34.5534], [-112.4802, 34.5516], [-112.4829, 34.5522], [-112.4761, 34.547], [-112.4775, 34.5457], [-112.4773, 34.5412], [-112.4787, 34.5426], [-112.4872, 34.5424], [-112.4921, 34.544], [-112.4958, 34.5402], [-112.4982, 34.5401], [-112.5044, 34.5421], [-112.5075, 34.5462], [-112.5109, 34.546], [-112.5149, 34.5501], [-112.5198, 34.5516], [-112.5262, 34.5504], [-112.5311, 34.5466], [-112.5461, 34.5457], [-112.5521, 34.5338], [-112.551, 34.533], [-112.5486, 34.5345], [-112.545, 34.5275], [-112.5503, 34.5234], [-112.5504, 34.5186], [-112.5553, 34.5133], [-112.5572, 34.5139], [-112.5578, 34.5171], [-112.5611, 34.5185], [-112.5615, 34.523], [-112.5673, 34.5235], [-112.5733, 34.5282], [-112.5867, 34.5328], [-112.5813, 34.539], [-112.5949, 34.5396], [-112.5975, 34.5435], [-112.6044, 34.5461], [-112.6115, 34.5453], [-112.6151, 34.5419], [-112.6145, 34.5402], [-112.618, 34.5394], [-112.6171, 34.5411], [-112.622, 34.5453], [-112.6212, 34.5468], [-112.6245, 34.5481], [-112.6248, 34.5695], [-112.6267, 34.577], [-112.6295, 34.5797], [-112.6248, 34.5819], [-112.6252, 34.6155], [-112.6408, 34.615], [-112.6487, 34.6188], [-112.6441, 34.6262], [-112.6379, 34.6592], [-112.6302, 34.6751], [-112.6313, 34.6901], [-112.6265, 34.7131], [-112.6329, 34.7188], [-112.7284, 34.7186], [-112.7472, 34.7021], [-112.7505, 34.6956], [-112.7609, 34.6939], [-112.773, 34.6948], [-112.7806, 34.6896], [-112.7835, 34.6942], [-112.79, 34.6978], [-112.8016, 34.7004], [-112.7998, 34.7052], [-112.8065, 34.7072], [-112.8114, 34.7141], [-112.8151, 34.7122], [-112.8243, 34.7181], [-112.8293, 34.7176], [-112.836, 34.7132], [-112.8419, 34.7127], [-112.8442, 34.7106], [-112.8516, 34.7146], [-112.8503, 34.7105], [-112.853, 34.708], [-112.8677, 34.716], [-112.8895, 34.7187], [-112.8923, 34.7281], [-112.8914, 34.731], [-112.8966, 34.7324], [-112.8999, 34.7303], [-112.9008, 34.7317], [-112.9184, 34.7358], [-112.9239, 34.7333], [-112.9245, 34.731], [-112.9272, 34.7316], [-112.9295, 34.73], [-112.9352, 34.7332], [-112.9381, 34.7305], [-112.9463, 34.7314], [-112.9538, 34.7293], [-112.9631, 34.733], [-112.9747, 34.7331], [-112.9781, 34.7419], [-112.995, 34.7373], [-112.9977, 34.729], [-113.0019, 34.7226], [-113.0138, 34.716], [-113.0274, 34.7047], [-113.0361, 34.7091], [-113.0412, 34.708], [-113.0437, 34.7052], [-113.043, 34.7022], [-113.0437, 34.7012], [-113.0444, 34.704], [-113.0467, 34.7053], [-113.0444, 34.7084], [-113.0438, 34.7149], [-113.0464, 34.7177], [-113.1451, 34.7182], [-113.1451, 34.745], [-113.1482, 34.7483], [-113.1601, 34.7515], [-113.1632, 34.7511], [-113.1709, 34.7559], [-113.1768, 34.7507], [-113.1821, 34.7504], [-113.1876, 34.7524], [-113.1972, 34.7586], [-113.1979, 34.765], [-113.2, 34.7677], [-113.2013, 34.767], [-113.2014, 34.7707], [-113.199, 34.7721], [-113.1998, 34.7728], [-113.2122, 34.7676], [-113.2177, 34.7686]]]}}, {"type": "Feature", "properties": {"zip": "85706", "total": 1013, "q1": 240, "q2": 259, "q3": 270, "q4": 244, "pop": 10756, "acsPriv": 567, "seats": 0}, "geometry": {"type": "Polygon", "coordinates": [[[-110.994, 32.1486], [-110.9915, 32.1539], [-110.9927, 32.1632], [-110.9914, 32.1632], [-110.9908, 32.1595], [-110.9883, 32.1587], [-110.9886, 32.1633], [-110.9775, 32.1632], [-110.9775, 32.1622], [-110.9601, 32.1634], [-110.9586, 32.1615], [-110.9585, 32.1634], [-110.9545, 32.1633], [-110.954, 32.1611], [-110.9527, 32.1611], [-110.9533, 32.1596], [-110.9519, 32.1596], [-110.9519, 32.1633], [-110.9476, 32.1623], [-110.9434, 32.1633], [-110.9425, 32.161], [-110.9406, 32.1633], [-110.919, 32.1632], [-110.9092, 32.1576], [-110.9111, 32.1632], [-110.8908, 32.163], [-110.8751, 32.1487], [-110.875, 32.1416], [-110.8786, 32.1401], [-110.8836, 32.1344], [-110.9177, 32.1342], [-110.9177, 32.1322], [-110.92, 32.1321], [-110.9197, 32.1305], [-110.9221, 32.1308], [-110.9219, 32.1326], [-110.9245, 32.1325], [-110.9245, 32.1305], [-110.931, 32.1305], [-110.931, 32.1324], [-110.9346, 32.1324], [-110.9346, 32.1341], [-110.9456, 32.1341], [-110.9451, 32.1309], [-110.9493, 32.1274], [-110.9533, 32.1318], [-110.9568, 32.1325], [-110.9563, 32.1341], [-110.9615, 32.134], [-110.9614, 32.1323], [-110.9856, 32.1334], [-110.9868, 32.1485], [-110.994, 32.1486]]]}}, {"type": "Feature", "properties": {"zip": "85653", "total": 1260, "q1": 290, "q2": 315, "q3": 330, "q4": 325, "pop": 4028, "acsPriv": 760, "seats": 0}, "geometry": {"type": "Polygon", "coordinates": [[[-111.5908, 32.4218], [-111.5908, 32.5067], [-111.5693, 32.5068], [-111.5693, 32.5014], [-111.3609, 32.5014], [-111.3731, 32.5287], [-111.3007, 32.5492], [-111.2773, 32.5499], [-111.2608, 32.5536], [-111.2609, 32.5255], [-111.2629, 32.5233], [-111.2723, 32.5221], [-111.2728, 32.5204], [-111.2609, 32.5068], [-111.2609, 32.5016], [-111.2622, 32.5016], [-111.2609, 32.5001], [-111.2472, 32.4854], [-111.1829, 32.4393], [-111.1829, 32.451], [-111.1903, 32.4533], [-111.1762, 32.4535], [-111.1615, 32.433], [-111.1611, 32.4264], [-111.1635, 32.4245], [-111.1309, 32.4011], [-111.1347, 32.3992], [-111.1433, 32.4031], [-111.1503, 32.4018], [-111.1563, 32.3954], [-111.1443, 32.3955], [-111.1388, 32.3791], [-111.14, 32.3745], [-111.1588, 32.3809], [-111.1856, 32.3809], [-111.1906, 32.3832], [-111.1966, 32.3795], [-111.2016, 32.3808], [-111.2338, 32.3807], [-111.234, 32.4025], [-111.2432, 32.4023], [-111.2476, 32.3965], [-111.251, 32.3952], [-111.2425, 32.3868], [-111.2423, 32.3734], [-111.2338, 32.3735], [-111.2338, 32.3662], [-111.266, 32.366], [-111.2683, 32.3637], [-111.2702, 32.3641], [-111.2699, 32.3607], [-111.2795, 32.3613], [-111.2795, 32.3571], [-111.2912, 32.3571], [-111.2913, 32.3425], [-111.2871, 32.3425], [-111.2871, 32.3371], [-111.284, 32.3371], [-111.2807, 32.3309], [-111.2814, 32.3234], [-111.2795, 32.3167], [-111.2683, 32.2918], [-111.2786, 32.2914], [-111.2787, 32.2193], [-111.3729, 32.2188], [-111.3729, 32.2163], [-111.4743, 32.2159], [-111.4737, 32.3742], [-111.5789, 32.374], [-111.5793, 32.4219], [-111.5908, 32.4218]], [[-111.1573, 32.4172], [-111.1573, 32.4136], [-111.1498, 32.4136], [-111.1545, 32.4173], [-111.1573, 32.4172]]]}}, {"type": "Feature", "properties": {"zip": "85622", "total": 50, "q1": 11, "q2": 11, "q3": 14, "q4": 14, "pop": 82, "acsPriv": 0, "seats": 0}, "geometry": {"type": "Polygon", "coordinates": [[[-111.1759, 31.7949], [-111.1752, 31.7983], [-111.1713, 31.7985], [-111.1703, 31.8047], [-111.1658, 31.8045], [-111.1658, 31.8143], [-111.1598, 31.8148], [-111.1548, 31.8128], [-111.1533, 31.8148], [-111.1476, 31.8162], [-111.1465, 31.8216], [-111.1417, 31.8288], [-111.1413, 31.8314], [-111.1429, 31.8323], [-111.1375, 31.8434], [-111.1453, 31.8492], [-111.1485, 31.8541], [-111.1457, 31.8601], [-111.146, 31.8653], [-111.142, 31.8641], [-111.1382, 31.87], [-111.1409, 31.8733], [-111.1394, 31.8751], [-111.1372, 31.8751], [-111.133, 31.8713], [-111.1202, 31.8761], [-111.1132, 31.8772], [-111.109, 31.8726], [-111.1023, 31.8702], [-111.0281, 31.8701], [-111.0123, 31.8559], [-111.0048, 31.8552], [-110.9993, 31.8524], [-110.9972, 31.8549], [-110.996, 31.8539], [-110.9981, 31.8519], [-110.9959, 31.8515], [-110.995, 31.8483], [-111.0021, 31.8269], [-111.0092, 31.8118], [-111.0104, 31.8122], [-111.025, 31.7849], [-111.0323, 31.7738], [-111.0351, 31.7718], [-111.035, 31.7686], [-111.0404, 31.758], [-111.0517, 31.7398], [-111.0566, 31.7389], [-111.0597, 31.7416], [-111.0618, 31.7413], [-111.0679, 31.7469], [-111.0713, 31.7478], [-111.0729, 31.7506], [-111.0758, 31.7509], [-111.0796, 31.7551], [-111.0884, 31.7587], [-111.0884, 31.7322], [-111.0787, 31.7285], [-111.0787, 31.7261], [-111.1081, 31.726], [-111.1139, 31.7282], [-111.121, 31.7261], [-111.1582, 31.7259], [-111.1663, 31.7334], [-111.1706, 31.7436], [-111.1753, 31.7474], [-111.1698, 31.7487], [-111.1696, 31.753], [-111.1647, 31.7538], [-111.1629, 31.7589], [-111.1737, 31.7832], [-111.1724, 31.7889], [-111.1759, 31.7949]]]}}, {"type": "Feature", "properties": {"zip": "85923", "total": 23, "q1": 4, "q2": 7, "q3": 7, "q4": 5, "pop": 55, "acsPriv": 0, "seats": 0}, "geometry": {"type": "Polygon", "coordinates": [[[-110.4249, 34.3069], [-110.4215, 34.3064], [-110.4194, 34.3085], [-110.4171, 34.3132], [-110.4183, 34.3176], [-110.4163, 34.3161], [-110.4128, 34.3163], [-110.4054, 34.3319], [-110.4024, 34.3347], [-110.4009, 34.3385], [-110.408, 34.3391], [-110.4065, 34.3438], [-110.3909, 34.3572], [-110.3831, 34.3587], [-110.3878, 34.3772], [-110.3899, 34.3808], [-110.3889, 34.3862], [-110.3916, 34.3874], [-110.2424, 34.3876], [-110.2428, 34.3847], [-110.2492, 34.3802], [-110.252, 34.375], [-110.2577, 34.3705], [-110.2719, 34.3675], [-110.2794, 34.3625], [-110.2814, 34.3576], [-110.2877, 34.3581], [-110.2862, 34.3429], [-110.2737, 34.3364], [-110.2849, 34.3293], [-110.2934, 34.3087], [-110.3014, 34.2979], [-110.299, 34.2942], [-110.2995, 34.2905], [-110.3039, 34.2839], [-110.3031, 34.2786], [-110.3053, 34.2736], [-110.304, 34.2723], [-110.3068, 34.2668], [-110.3035, 34.2623], [-110.3034, 34.2514], [-110.3068, 34.2398], [-110.3066, 34.2354], [-110.313, 34.2359], [-110.3215, 34.2395], [-110.3261, 34.2358], [-110.3355, 34.2334], [-110.3482, 34.2398], [-110.3551, 34.2518], [-110.3694, 34.2568], [-110.3739, 34.2613], [-110.3711, 34.2655], [-110.3732, 34.2713], [-110.3712, 34.2756], [-110.3743, 34.2794], [-110.3817, 34.2808], [-110.382, 34.2826], [-110.3843, 34.2835], [-110.3892, 34.2822], [-110.3932, 34.2842], [-110.3932, 34.2875], [-110.3947, 34.2885], [-110.4047, 34.2885], [-110.4069, 34.2902], [-110.407, 34.2928], [-110.4082, 34.292], [-110.4128, 34.2944], [-110.4173, 34.2937], [-110.4167, 34.2965], [-110.4191, 34.2975], [-110.4249, 34.3069]]]}}, {"type": "Feature", "properties": {"zip": "85624", "total": 32, "q1": 8, "q2": 8, "q3": 8, "q4": 8, "pop": 203, "acsPriv": 82, "seats": 0}, "geometry": {"type": "Polygon", "coordinates": [[[-110.9627, 31.6869], [-110.9588, 31.6885], [-110.959, 31.6916], [-110.9564, 31.6927], [-110.9474, 31.6918], [-110.9329, 31.694], [-110.929, 31.696], [-110.9131, 31.6943], [-110.8886, 31.7012], [-110.8847, 31.7002], [-110.8836, 31.6975], [-110.8726, 31.6976], [-110.8724, 31.7267], [-110.8558, 31.7267], [-110.8558, 31.7317], [-110.7595, 31.7316], [-110.7576, 31.726], [-110.7548, 31.7244], [-110.7599, 31.7238], [-110.7636, 31.7253], [-110.7708, 31.7216], [-110.7657, 31.7155], [-110.7772, 31.7182], [-110.788, 31.7167], [-110.7924, 31.7151], [-110.796, 31.7112], [-110.8056, 31.7075], [-110.7943, 31.7036], [-110.7948, 31.7021], [-110.7913, 31.7022], [-110.7783, 31.7055], [-110.7697, 31.7105], [-110.7612, 31.7106], [-110.7655, 31.7082], [-110.7624, 31.7068], [-110.762, 31.7055], [-110.7638, 31.7051], [-110.76, 31.7016], [-110.7554, 31.7004], [-110.7523, 31.6964], [-110.7438, 31.6931], [-110.7373, 31.6865], [-110.7274, 31.6828], [-110.7156, 31.6748], [-110.7084, 31.6627], [-110.7094, 31.6579], [-110.7125, 31.6563], [-110.7123, 31.6543], [-110.7156, 31.65], [-110.7133, 31.636], [-110.715, 31.6285], [-110.7061, 31.6294], [-110.7041, 31.6332], [-110.7024, 31.6334], [-110.7023, 31.6313], [-110.7004, 31.6331], [-110.6958, 31.6304], [-110.6928, 31.6306], [-110.6929, 31.628], [-110.6864, 31.6307], [-110.6763, 31.6226], [-110.6712, 31.6216], [-110.6672, 31.6173], [-110.667, 31.6142], [-110.6606, 31.6058], [-110.6592, 31.601], [-110.648, 31.5936], [-110.6475, 31.5901], [-110.6519, 31.5852], [-110.6473, 31.5762], [-110.6396, 31.5742], [-110.6256, 31.5637], [-110.6256, 31.5653], [-110.6226, 31.5631], [-110.6215, 31.5655], [-110.6177, 31.5655], [-110.6086, 31.5609], [-110.6014, 31.5733], [-110.6006, 31.5775], [-110.5977, 31.5774], [-110.5973, 31.5733], [-110.5871, 31.5571], [-110.5632, 31.5571], [-110.5625, 31.4547], [-110.571, 31.4491], [-110.5702, 31.4373], [-110.5899, 31.4367], [-110.5903, 31.4034], [-110.5923, 31.3972], [-110.5899, 31.3903], [-110.5857, 31.387], [-110.5799, 31.3787], [-110.5705, 31.3791], [-110.5655, 31.3771], [-110.5475, 31.381], [-110.5127, 31.3939], [-110.5096, 31.3835], [-110.5045, 31.3848], [-110.5031, 31.3826], [-110.5052, 31.3833], [-110.5058, 31.381], [-110.4974, 31.3796], [-110.4958, 31.3778], [-110.4705, 31.3828], [-110.4762, 31.3767], [-110.4897, 31.354], [-110.4952, 31.348], [-110.4896, 31.3405], [-110.4745, 31.3552], [-110.4678, 31.3581], [-110.4667, 31.3541], [-110.4598, 31.3536], [-110.4597, 31.3329], [-110.761, 31.3335], [-110.761, 31.3707], [-110.7579, 31.3773], [-110.7442, 31.3887], [-110.7527, 31.3958], [-110.754, 31.3952], [-110.7548, 31.3926], [-110.7537, 31.3912], [-110.7553, 31.3889], [-110.761, 31.3894], [-110.7607, 31.4704], [-110.7972, 31.4707], [-110.7998, 31.4817], [-110.8047, 31.4865], [-110.8112, 31.4969], [-110.8078, 31.5051], [-110.8031, 31.507], [-110.7954, 31.5146], [-110.7921, 31.5155], [-110.7958, 31.5181], [-110.7965, 31.5209], [-110.8019, 31.5267], [-110.808, 31.528], [-110.8133, 31.534], [-110.8155, 31.5394], [-110.8258, 31.5436], [-110.8353, 31.5494], [-110.8371, 31.552], [-110.8496, 31.5526], [-110.8492, 31.5558], [-110.8519, 31.5599], [-110.8515, 31.5618], [-110.8542, 31.5643], [-110.8545, 31.5696], [-110.8566, 31.5694], [-110.8581, 31.5729], [-110.8633, 31.5761], [-110.8724, 31.579], [-110.8789, 31.5846], [-110.881, 31.5897], [-110.8859, 31.5923], [-110.8858, 31.5942], [-110.8788, 31.5996], [-110.8794, 31.6022], [-110.8749, 31.6075], [-110.8766, 31.6167], [-110.8753, 31.621], [-110.8735, 31.6219], [-110.8761, 31.6227], [-110.8777, 31.6312], [-110.8798, 31.6318], [-110.8791, 31.6356], [-110.8806, 31.6355], [-110.8827, 31.6387], [-110.8775, 31.6427], [-110.876, 31.6528], [-110.8705, 31.6565], [-110.8704, 31.662], [-110.8747, 31.6653], [-110.875, 31.6676], [-110.8861, 31.6679], [-110.89, 31.6706], [-110.8937, 31.671], [-110.8909, 31.674], [-110.8977, 31.6729], [-110.8987, 31.6702], [-110.9075, 31.6737], [-110.9096, 31.6726], [-110.9102, 31.6698], [-110.917, 31.6707], [-110.9255, 31.6687], [-110.9342, 31.6718], [-110.9445, 31.672], [-110.9492, 31.6742], [-110.9511, 31.6782], [-110.9627, 31.6869]]]}}, {"type": "Feature", "properties": {"zip": "85324", "total": 70, "q1": 8, "q2": 20, "q3": 21, "q4": 21, "pop": 67, "acsPriv": 0, "seats": 0}, "geometry": {"type": "Polygon", "coordinates": [[[-112.3431, 33.941], [-112.3248, 33.9406], [-112.3251, 33.9551], [-112.3076, 33.9553], [-112.3076, 33.9571], [-112.2837, 33.9568], [-112.2799, 33.9671], [-112.271, 33.9693], [-112.2717, 33.975], [-112.2706, 33.9768], [-112.275, 33.9858], [-112.2137, 33.986], [-112.2132, 33.9909], [-112.2174, 33.9935], [-112.2174, 33.9978], [-112.2157, 33.9996], [-112.2183, 34.0008], [-112.2218, 34.0062], [-112.2253, 34.0071], [-112.2233, 34.0092], [-112.2251, 34.0112], [-112.2233, 34.0147], [-112.2251, 34.0165], [-112.2241, 34.0203], [-112.2266, 34.0221], [-112.2229, 34.0248], [-112.2265, 34.0262], [-112.2313, 34.0329], [-112.2322, 34.0382], [-112.2426, 34.0434], [-112.2418, 34.0455], [-112.2436, 34.0472], [-112.2465, 34.047], [-112.2479, 34.0515], [-112.2531, 34.0526], [-112.2542, 34.0511], [-112.2567, 34.0524], [-112.2626, 34.0511], [-112.2693, 34.057], [-112.2688, 34.0596], [-112.2706, 34.0606], [-112.2691, 34.0649], [-112.2709, 34.0693], [-112.269, 34.0704], [-112.2698, 34.0731], [-112.2659, 34.0771], [-112.2656, 34.0797], [-112.2678, 34.0811], [-112.2656, 34.0848], [-112.2673, 34.0899], [-112.2654, 34.0943], [-112.2672, 34.0986], [-112.2635, 34.1005], [-112.2616, 34.1035], [-112.2653, 34.1046], [-112.2656, 34.107], [-112.2695, 34.1107], [-112.2754, 34.1123], [-112.2839, 34.1121], [-112.2836, 34.1142], [-112.2851, 34.1141], [-112.2842, 34.1154], [-112.2911, 34.1196], [-112.2921, 34.1226], [-112.2959, 34.1256], [-112.2957, 34.1285], [-112.2035, 34.1284], [-112.2035, 34.1926], [-112.2021, 34.1984], [-112.1957, 34.2002], [-112.1904, 34.1989], [-112.1839, 34.1851], [-112.1788, 34.1822], [-112.1748, 34.187], [-112.1696, 34.1837], [-112.1681, 34.1903], [-112.1633, 34.1919], [-112.1604, 34.1906], [-112.1521, 34.1947], [-112.1554, 34.1965], [-112.1504, 34.2], [-112.1436, 34.2103], [-112.1445, 34.213], [-112.1403, 34.2168], [-112.1391, 34.2241], [-112.1408, 34.2244], [-112.1414, 34.2293], [-112.1487, 34.2385], [-112.1116, 34.2385], [-112.1112, 34.2371], [-112.1124, 34.2537], [-112.1112, 34.2667], [-112.1141, 34.2754], [-112.1078, 34.2699], [-112.1079, 34.2681], [-112.0992, 34.2653], [-112.0971, 34.2632], [-112.0936, 34.2665], [-112.0889, 34.2655], [-112.0754, 34.2671], [-112.0644, 34.262], [-112.0624, 34.2631], [-112.062, 34.2595], [-112.0636, 34.2569], [-112.0551, 34.2532], [-112.0579, 34.2475], [-112.0554, 34.2467], [-112.0563, 34.2445], [-112.0519, 34.2449], [-112.0503, 34.2466], [-112.0462, 34.2386], [-112.0401, 34.2368], [-112.0339, 34.2373], [-112.0187, 34.2318], [-111.9997, 34.2318], [-111.9687, 34.2172], [-111.9485, 34.2103], [-111.9449, 34.2057], [-111.936, 34.2051], [-111.9328, 34.2077], [-111.9301, 34.2071], [-111.9278, 34.2116], [-111.9269, 34.2102], [-111.924, 34.2102], [-111.9183, 34.2126], [-111.9079, 34.2097], [-111.9052, 34.21], [-111.9028, 34.2127], [-111.8894, 34.2118], [-111.8886, 34.2074], [-111.8866, 34.21], [-111.8875, 34.2081], [-111.8854, 34.2027], [-111.8805, 34.2036], [-111.8798, 34.2022], [-111.8742, 34.2021], [-111.8678, 34.197], [-111.8642, 34.1966], [-111.8629, 34.1901], [-111.8547, 34.1834], [-111.8541, 34.1809], [-111.8483, 34.1787], [-111.8483, 34.1768], [-111.8434, 34.1758], [-111.8445, 34.1733], [-111.849, 34.1728], [-111.844, 34.1676], [-111.838, 34.1633], [-111.8279, 34.1612], [-111.8271, 34.1589], [-111.8219, 34.1557], [-111.8321, 34.1482], [-111.845, 34.1425], [-111.8559, 34.1276], [-111.8539, 34.1244], [-111.8548, 34.1225], [-111.8528, 34.1172], [-111.8492, 34.1131], [-111.8479, 34.1078], [-111.8443, 34.1042], [-111.8447, 34.0985], [-111.8489, 34.0937], [-111.8508, 34.0875], [-111.8558, 34.0867], [-111.8498, 34.0795], [-111.8534, 34.0795], [-111.8601, 34.0678], [-111.8665, 34.0661], [-111.8664, 34.0621], [-111.8607, 34.0601], [-111.8579, 34.0542], [-111.8592, 34.0534], [-111.8637, 34.0552], [-111.8708, 34.0497], [-111.8721, 34.0426], [-111.8753, 34.0391], [-111.8752, 34.036], [-111.8711, 34.0312], [-111.8738, 34.0308], [-111.8724, 34.0198], [-111.8756, 34.0182], [-111.8746, 34.0165], [-112.1648, 34.0482], [-112.1628, 34.0469], [-112.1616, 34.0423], [-112.1584, 34.0438], [-112.1536, 34.0409], [-112.1587, 34.04], [-112.1647, 34.0363], [-112.1648, 34.027], [-112.1611, 34.0177], [-112.1655, 34.0126], [-112.1716, 34.0178], [-112.1764, 34.0144], [-112.1829, 34.0125], [-112.1833, 34.0099], [-112.1805, 34.0036], [-112.1927, 33.9919], [-112.1941, 33.9779], [-112.1968, 33.9739], [-112.2014, 33.9707], [-112.215, 33.9671], [-112.2146, 33.9636], [-112.223, 33.96], [-112.2292, 33.9542], [-112.2403, 33.9566], [-112.2403, 33.9505], [-112.2358, 33.9473], [-112.2414, 33.9405], [-112.236, 33.9395], [-112.2316, 33.936], [-112.2351, 33.9164], [-112.2366, 33.9151], [-112.2429, 33.9155], [-112.2436, 33.9131], [-112.2407, 33.9083], [-112.243, 33.9054], [-112.2589, 33.905], [-112.2657, 33.8981], [-112.2752, 33.8934], [-112.2776, 33.8904], [-112.2762, 33.8825], [-112.3419, 33.899], [-112.3431, 33.941]]]}}, {"type": "Feature", "properties": {"zip": "85140", "total": 3112, "q1": 704, "q2": 770, "q3": 817, "q4": 821, "pop": 11547, "acsPriv": 1874, "seats": 0}, "geometry": {"type": "Polygon", "coordinates": [[[-111.583, 33.2632], [-111.5634, 33.2635], [-111.5634, 33.3203], [-111.5432, 33.307], [-111.412, 33.3075], [-111.4189, 33.3038], [-111.4186, 33.3002], [-111.4205, 33.2986], [-111.4389, 33.2931], [-111.3865, 33.2928], [-111.3755, 33.2848], [-111.3755, 33.2495], [-111.3925, 33.2493], [-111.3925, 33.2439], [-111.3953, 33.2441], [-111.4069, 33.2261], [-111.4214, 33.2124], [-111.4216, 33.2081], [-111.4236, 33.206], [-111.4938, 33.2056], [-111.4878, 33.1912], [-111.4928, 33.1911], [-111.4921, 33.162], [-111.5284, 33.1619], [-111.5827, 33.2189], [-111.583, 33.2632]]]}}, {"type": "Feature", "properties": {"zip": "85541", "total": 1108, "q1": 241, "q2": 275, "q3": 295, "q4": 297, "pop": 2511, "acsPriv": 430, "seats": 183}, "geometry": {"type": "Polygon", "coordinates": [[[-111.7203, 34.1602], [-111.7197, 34.164], [-111.7141, 34.1658], [-111.7054, 34.1758], [-111.7045, 34.1822], [-111.6997, 34.1826], [-111.6971, 34.1808], [-111.6942, 34.182], [-111.6941, 34.1874], [-111.6976, 34.1904], [-111.7024, 34.1899], [-111.7064, 34.187], [-111.7096, 34.1873], [-111.7096, 34.1892], [-111.7068, 34.1914], [-111.7119, 34.1965], [-111.711, 34.1998], [-111.7081, 34.1996], [-111.7023, 34.1977], [-111.7003, 34.1931], [-111.6967, 34.1927], [-111.6937, 34.1944], [-111.6899, 34.2], [-111.6903, 34.2048], [-111.6944, 34.208], [-111.6957, 34.2113], [-111.7034, 34.212], [-111.7052, 34.2141], [-111.7046, 34.2184], [-111.7027, 34.2205], [-111.7038, 34.2278], [-111.6978, 34.2299], [-111.7007, 34.2393], [-111.6939, 34.2431], [-111.6981, 34.2453], [-111.6969, 34.2498], [-111.6903, 34.2561], [-111.6901, 34.2602], [-111.6816, 34.2616], [-111.6801, 34.2658], [-111.6761, 34.2691], [-111.6801, 34.2709], [-111.6852, 34.282], [-111.6698, 34.2841], [-111.665, 34.2865], [-111.6635, 34.2955], [-111.6656, 34.2972], [-111.6739, 34.2948], [-111.6764, 34.2894], [-111.6788, 34.2904], [-111.6804, 34.2948], [-111.6847, 34.2982], [-111.6736, 34.3077], [-111.6696, 34.307], [-111.6677, 34.3083], [-111.669, 34.3105], [-111.6651, 34.3145], [-111.6656, 34.3169], [-111.6633, 34.318], [-111.6644, 34.3198], [-111.663, 34.3224], [-111.6652, 34.3236], [-111.6625, 34.3245], [-111.6638, 34.3263], [-111.6631, 34.3305], [-111.6657, 34.3313], [-111.6645, 34.3421], [-111.6675, 34.3437], [-111.6661, 34.3456], [-111.6674, 34.3479], [-111.6632, 34.3582], [-111.6592, 34.3619], [-111.6596, 34.3652], [-111.6569, 34.3677], [-111.6587, 34.3718], [-111.6581, 34.3838], [-111.6596, 34.3863], [-111.6492, 34.3898], [-111.6474, 34.3931], [-111.6435, 34.3918], [-111.6414, 34.3944], [-111.6358, 34.3925], [-111.6307, 34.3932], [-111.6306, 34.3973], [-111.6276, 34.397], [-111.6248, 34.4], [-111.6185, 34.4009], [-111.6176, 34.4032], [-111.6082, 34.3915], [-111.5931, 34.3943], [-111.5579, 34.3945], [-111.541, 34.3659], [-111.4423, 34.323], [-111.4159, 34.3131], [-111.4146, 34.3145], [-111.4149, 34.3183], [-111.409, 34.3193], [-111.4002, 34.3162], [-111.3852, 34.3162], [-111.381, 34.3185], [-111.3761, 34.3184], [-111.362, 34.3088], [-111.3565, 34.2972], [-111.3507, 34.2943], [-111.3543, 34.297], [-111.3518, 34.2992], [-111.3518, 34.3028], [-111.3466, 34.3023], [-111.3439, 34.3037], [-111.3438, 34.3077], [-111.3465, 34.311], [-111.3457, 34.3158], [-111.3505, 34.3186], [-111.3492, 34.3224], [-111.352, 34.3248], [-111.3543, 34.3303], [-111.3643, 34.3362], [-111.3646, 34.3459], [-111.3719, 34.352], [-111.3709, 34.3587], [-111.3726, 34.3606], [-111.3721, 34.3636], [-111.3785, 34.3681], [-111.3768, 34.3691], [-111.3795, 34.3744], [-111.379, 34.3764], [-111.3835, 34.3797], [-111.3876, 34.3875], [-111.3843, 34.3907], [-111.3888, 34.3909], [-111.3897, 34.3937], [-111.3864, 34.3977], [-111.4001, 34.399], [-111.4034, 34.3978], [-111.4072, 34.4016], [-111.4069, 34.404], [-111.4113, 34.408], [-111.4091, 34.4103], [-111.4061, 34.4086], [-111.4012, 34.4109], [-111.3992, 34.4226], [-111.4008, 34.4249], [-111.3987, 34.4277], [-111.397, 34.4285], [-111.3972, 34.4259], [-111.3928, 34.4237], [-111.3882, 34.4246], [-111.3874, 34.4291], [-111.3839, 34.4304], [-111.385, 34.4324], [-111.3823, 34.4326], [-111.3801, 34.4303], [-111.3771, 34.4333], [-111.3768, 34.4362], [-111.373, 34.4369], [-111.3717, 34.4396], [-111.3668, 34.4403], [-111.3667, 34.4385], [-111.3644, 34.4386], [-111.3633, 34.436], [-111.3579, 34.4399], [-111.3503, 34.4401], [-111.3544, 34.4349], [-111.3516, 34.4323], [-111.3519, 34.4307], [-111.3552, 34.4298], [-111.3539, 34.4283], [-111.3552, 34.4257], [-111.3537, 34.4245], [-111.3505, 34.4232], [-111.347, 34.4253], [-111.3429, 34.4251], [-111.3372, 34.4221], [-111.332, 34.4249], [-111.3279, 34.422], [-111.3243, 34.4226], [-111.3207, 34.4278], [-111.3176, 34.4264], [-111.313, 34.4291], [-111.3107, 34.4268], [-111.3106, 34.4292], [-111.3068, 34.4341], [-111.3011, 34.4325], [-111.2968, 34.4372], [-111.2923, 34.4376], [-111.289, 34.436], [-111.287, 34.4398], [-111.2791, 34.4399], [-111.2786, 34.4383], [-111.2727, 34.4445], [-111.2666, 34.4446], [-111.2666, 34.4427], [-111.262, 34.4428], [-111.2601, 34.4477], [-111.2565, 34.4468], [-111.2541, 34.4523], [-111.2518, 34.4513], [-111.2503, 34.4533], [-111.2465, 34.4507], [-111.2446, 34.4461], [-111.2467, 34.4454], [-111.2477, 34.4422], [-111.2451, 34.4424], [-111.2451, 34.4384], [-111.2418, 34.4386], [-111.2406, 34.4372], [-111.2399, 34.4314], [-111.2359, 34.4299], [-111.2344, 34.4314], [-111.2277, 34.4318], [-111.2277, 34.4299], [-111.225, 34.4276], [-111.2258, 34.4247], [-111.2222, 34.4256], [-111.2219, 34.4167], [-111.2199, 34.4159], [-111.215, 34.4178], [-111.2146, 34.4129], [-111.2117, 34.4134], [-111.2096, 34.4084], [-111.2066, 34.4099], [-111.2046, 34.4087], [-111.1985, 34.4092], [-111.1973, 34.4054], [-111.1951, 34.4047], [-111.1832, 34.4101], [-111.1813, 34.4079], [-111.1782, 34.4084], [-111.1768, 34.4062], [-111.1778, 34.4037], [-111.1729, 34.4056], [-111.1703, 34.4011], [-111.1646, 34.4044], [-111.161, 34.4038], [-111.1603, 34.3999], [-111.1558, 34.3991], [-111.1552, 34.3951], [-111.1521, 34.3943], [-111.1508, 34.3911], [-111.1523, 34.3884], [-111.1506, 34.3881], [-111.1489, 34.3848], [-111.1516, 34.379], [-111.1471, 34.3752], [-111.1403, 34.3757], [-111.1436, 34.3776], [-111.1434, 34.379], [-111.14, 34.382], [-111.1398, 34.3858], [-111.1379, 34.3867], [-111.1357, 34.3854], [-111.1351, 34.3883], [-111.1295, 34.3852], [-111.1299, 34.3881], [-111.1277, 34.3907], [-111.1227, 34.3869], [-111.1213, 34.3825], [-111.1211, 34.3847], [-111.1183, 34.383], [-111.1159, 34.3851], [-111.1104, 34.3836], [-111.1116, 34.3915], [-111.102, 34.3895], [-111.1019, 34.3912], [-111.1003, 34.3903], [-111.1002, 34.394], [-111.098, 34.3941], [-111.0963, 34.3966], [-111.0948, 34.3933], [-111.0875, 34.395], [-111.0845, 34.393], [-111.0876, 34.3914], [-111.0865, 34.3902], [-111.0796, 34.3891], [-111.0802, 34.3856], [-111.0762, 34.3868], [-111.0754, 34.3859], [-111.077, 34.3807], [-111.0717, 34.3784], [-111.067, 34.38], [-111.061, 34.3773], [-111.0589, 34.3806], [-111.0543, 34.379], [-111.0515, 34.3755], [-111.0534, 34.3707], [-111.051, 34.3704], [-111.0506, 34.3738], [-111.0466, 34.375], [-111.0473, 34.3763], [-111.0449, 34.3773], [-111.0443, 34.3796], [-111.0406, 34.3778], [-111.04, 34.3734], [-111.0377, 34.3737], [-111.0375, 34.3713], [-111.0396, 34.3701], [-111.0415, 34.3713], [-111.0424, 34.3675], [-111.0459, 34.3643], [-111.0478, 34.3644], [-111.0516, 34.357], [-111.0569, 34.3604], [-111.0577, 34.3551], [-111.0571, 34.3531], [-111.0527, 34.3526], [-111.05, 34.3472], [-111.0449, 34.3449], [-111.0442, 34.3429], [-111.0332, 34.3409], [-111.0288, 34.3413], [-111.0305, 34.3433], [-111.0282, 34.3464], [-111.0313, 34.3496], [-111.0285, 34.3532], [-111.0259, 34.3538], [-111.0289, 34.3555], [-111.0292, 34.3582], [-111.0338, 34.3625], [-111.0326, 34.364], [-111.0275, 34.3634], [-111.0252, 34.3661], [-111.026, 34.3677], [-111.024, 34.3688], [-111.0235, 34.3724], [-111.0201, 34.3732], [-111.0205, 34.3617], [-111.014, 34.3615], [-111.0101, 34.3585], [-111.0086, 34.3624], [-111.006, 34.3611], [-111.0037, 34.3563], [-111.0059, 34.3512], [-111.0022, 34.3517], [-110.9995, 34.35], [-110.9982, 34.3517], [-110.9965, 34.3496], [-110.9973, 34.3441], [-110.9754, 34.3366], [-110.9693, 34.3277], [-110.9687, 34.3238], [-110.9604, 34.3174], [-110.9589, 34.3145], [-110.9536, 34.3139], [-110.9525, 34.3186], [-110.9511, 34.3188], [-110.9461, 34.3173], [-110.9416, 34.3106], [-110.9271, 34.3105], [-110.9243, 34.3077], [-110.9173, 34.3047], [-110.9133, 34.3052], [-110.9057, 34.3002], [-110.8969, 34.3024], [-110.8952, 34.2955], [-110.8876, 34.2931], [-110.8839, 34.2896], [-110.8887, 34.2863], [-110.8839, 34.2804], [-110.8774, 34.2758], [-110.865, 34.271], [-110.8529, 34.27], [-110.8481, 34.2672], [-110.8448, 34.2618], [-110.8477, 34.2585], [-110.8506, 34.2615], [-110.8531, 34.2615], [-110.851, 34.2522], [-110.8579, 34.2498], [-110.8532, 34.2471], [-110.8608, 34.2478], [-110.8649, 34.2507], [-110.8696, 34.2503], [-110.8717, 34.2526], [-110.873, 34.2507], [-110.8743, 34.2533], [-110.8779, 34.2519], [-110.8882, 34.2542], [-110.8925, 34.2487], [-110.8918, 34.2463], [-110.8939, 34.2435], [-110.8926, 34.238], [-110.8912, 34.2375], [-110.9056, 34.235], [-110.9088, 34.2319], [-110.9083, 34.2297], [-110.9125, 34.229], [-110.9154, 34.2302], [-110.9168, 34.2332], [-110.9333, 34.2347], [-110.9388, 34.238], [-110.94, 34.236], [-110.9478, 34.24], [-110.9507, 34.2364], [-110.952, 34.2381], [-110.9566, 34.2384], [-110.9566, 34.2361], [-110.9597, 34.235], [-110.9587, 34.2311], [-110.9611, 34.2292], [-110.9613, 34.2331], [-110.9656, 34.2343], [-110.9678, 34.238], [-110.9689, 34.2414], [-110.9677, 34.2428], [-110.9695, 34.2446], [-110.9701, 34.2416], [-110.9756, 34.2379], [-110.9829, 34.2412], [-110.9873, 34.2377], [-110.9915, 34.2381], [-110.9926, 34.2366], [-111.0002, 34.2377], [-111.0006, 34.2355], [-111.0038, 34.2351], [-111.0075, 34.23], [-111.0126, 34.2379], [-111.0117, 34.2459], [-111.0199, 34.255], [-111.0182, 34.2576], [-111.0285, 34.2604], [-111.0436, 34.2551], [-111.0547, 34.2542], [-111.0591, 34.2488], [-111.0623, 34.2474], [-111.072, 34.2487], [-111.075, 34.2439], [-111.0818, 34.2424], [-111.0846, 34.2371], [-111.0872, 34.2364], [-111.0907, 34.2317], [-111.0911, 34.2252], [-111.0965, 34.2154], [-111.1103, 34.211], [-111.1102, 34.2084], [-111.1148, 34.2087], [-111.116, 34.2114], [-111.1222, 34.2075], [-111.1277, 34.2133], [-111.1353, 34.2131], [-111.1415, 34.2159], [-111.1433, 34.214], [-111.1495, 34.2135], [-111.1506, 34.206], [-111.1588, 34.1948], [-111.1596, 34.1899], [-111.1625, 34.1852], [-111.1605, 34.1834], [-111.168, 34.167], [-111.1703, 34.1646], [-111.1743, 34.1647], [-111.1763, 34.1598], [-111.1877, 34.1533], [-111.1903, 34.1539], [-111.1926, 34.149], [-111.205, 34.15], [-111.2045, 34.1473], [-111.2058, 34.1466], [-111.2106, 34.1483], [-111.2206, 34.1482], [-111.2227, 34.1461], [-111.2217, 34.1417], [-111.2241, 34.1388], [-111.2305, 34.138], [-111.2342, 34.1333], [-111.2429, 34.1328], [-111.2514, 34.1267], [-111.263, 34.1241], [-111.2686, 34.1211], [-111.2704, 34.1179], [-111.2713, 34.1037], [-111.2737, 34.0998], [-111.2794, 34.097], [-111.2867, 34.0851], [-111.282, 34.08], [-111.2865, 34.0752], [-111.2833, 34.0713], [-111.2872, 34.0674], [-111.2856, 34.0618], [-111.2926, 34.0579], [-111.2941, 34.0552], [-111.2916, 34.0512], [-111.292, 34.0467], [-111.2862, 34.0418], [-111.2886, 34.0339], [-111.2846, 34.0261], [-111.2821, 34.0253], [-111.2834, 34.0211], [-111.2923, 34.0205], [-111.2949, 34.0189], [-111.2922, 34.0101], [-111.2955, 34.0062], [-111.2957, 33.9982], [-111.2917, 33.9931], [-111.2945, 33.9874], [-111.283, 33.9874], [-111.2831, 33.9818], [-111.2927, 33.9787], [-111.2968, 33.9749], [-111.3026, 33.9762], [-111.3058, 33.9789], [-111.3133, 33.9718], [-111.3114, 33.9707], [-111.3101, 33.9669], [-111.3112, 33.9621], [-111.3093, 33.9596], [-111.2953, 33.9573], [-111.283, 33.9513], [-111.2845, 33.9474], [-111.28, 33.9435], [-111.2809, 33.9398], [-111.2782, 33.9382], [-111.277, 33.934], [-111.274, 33.9305], [-111.2636, 33.9238], [-111.2656, 33.9217], [-111.2648, 33.9174], [-111.2674, 33.91], [-111.2667, 33.906], [-111.2749, 33.8983], [-111.2833, 33.8963], [-111.2846, 33.9005], [-111.2874, 33.9014], [-111.3011, 33.9015], [-111.3047, 33.9002], [-111.307, 33.8963], [-111.3099, 33.8952], [-111.312, 33.8829], [-111.3157, 33.8767], [-111.3163, 33.878], [-111.3322, 33.8818], [-111.3403, 33.8859], [-111.3488, 33.8827], [-111.3623, 33.8853], [-111.3689, 33.8835], [-111.3764, 33.8856], [-111.3862, 33.8841], [-111.389, 33.8851], [-111.3896, 33.8832], [-111.3965, 33.8816], [-111.4034, 33.8829], [-111.4045, 33.8814], [-111.406, 33.8806], [-111.4052, 33.8818], [-111.4078, 33.8838], [-111.4123, 33.8847], [-111.4134, 33.8884], [-111.4114, 33.8916], [-111.4137, 33.8974], [-111.4123, 33.9027], [-111.408, 33.9053], [-111.4086, 33.912], [-111.4069, 33.9134], [-111.4054, 33.9196], [-111.4259, 33.9261], [-111.4306, 33.924], [-111.4375, 33.9162], [-111.4495, 33.9202], [-111.4516, 33.9245], [-111.4493, 33.9297], [-111.4522, 33.9328], [-111.4471, 33.9349], [-111.4472, 33.9413], [-111.4523, 33.9488], [-111.4516, 33.954], [-111.448, 33.9575], [-111.4492, 33.9598], [-111.4524, 33.961], [-111.4526, 33.9659], [-111.4489, 33.9686], [-111.4481, 33.9733], [-111.4413, 33.9784], [-111.4347, 33.9809], [-111.4335, 33.9855], [-111.4428, 33.9913], [-111.4404, 33.9964], [-111.4443, 33.9989], [-111.4451, 34.0012], [-111.4494, 34.0001], [-111.4544, 34.0048], [-111.4584, 34.0022], [-111.4665, 34.0059], [-111.4707, 34.0028], [-111.4724, 34.0047], [-111.4782, 34.0021], [-111.4948, 33.9998], [-111.496, 34.0033], [-111.4988, 34.0042], [-111.4998, 34.0083], [-111.4952, 34.0143], [-111.4967, 34.0181], [-111.4944, 34.0238], [-111.497, 34.0288], [-111.4941, 34.0319], [-111.4926, 34.0377], [-111.4857, 34.0357], [-111.4829, 34.0401], [-111.4786, 34.0395], [-111.472, 34.0415], [-111.468, 34.0477], [-111.4718, 34.0543], [-111.4719, 34.058], [-111.4621, 34.0593], [-111.4607, 34.0625], [-111.4606, 34.066], [-111.4638, 34.0692], [-111.4638, 34.0724], [-111.4754, 34.0804], [-111.4759, 34.0825], [-111.4783, 34.0838], [-111.4773, 34.0867], [-111.48, 34.088], [-111.4812, 34.0925], [-111.4854, 34.0949], [-111.4825, 34.0992], [-111.4786, 34.101], [-111.4782, 34.1034], [-111.4753, 34.1049], [-111.4708, 34.1116], [-111.4739, 34.1144], [-111.4743, 34.1185], [-111.4797, 34.119], [-111.4812, 34.1213], [-111.4812, 34.1249], [-111.4788, 34.1299], [-111.4814, 34.1315], [-111.4912, 34.1307], [-111.4928, 34.1324], [-111.4911, 34.1367], [-111.4834, 34.1415], [-111.4828, 34.1458], [-111.477, 34.1509], [-111.712, 34.1511], [-111.7129, 34.1538], [-111.7203, 34.1602]]]}}, {"type": "Feature", "properties": {"zip": "86325", "total": 222, "q1": 47, "q2": 57, "q3": 59, "q4": 59, "pop": 666, "acsPriv": 34, "seats": 0}, "geometry": {"type": "Polygon", "coordinates": [[[-111.9778, 34.7328], [-111.9685, 34.744], [-111.9313, 34.7743], [-111.9185, 34.7886], [-111.9102, 34.8063], [-111.8888, 34.8364], [-111.8804, 34.8389], [-111.8827, 34.8356], [-111.8814, 34.8348], [-111.8785, 34.8367], [-111.8785, 34.8386], [-111.8741, 34.8386], [-111.8742, 34.8356], [-111.8714, 34.835], [-111.8714, 34.8337], [-111.8728, 34.8323], [-111.8754, 34.8342], [-111.8741, 34.8244], [-111.8783, 34.8228], [-111.8733, 34.8213], [-111.8743, 34.8181], [-111.8713, 34.8134], [-111.8803, 34.8092], [-111.8801, 34.8069], [-111.8776, 34.8055], [-111.8798, 34.8037], [-111.8752, 34.8031], [-111.8752, 34.7989], [-111.8715, 34.7975], [-111.8726, 34.7954], [-111.8706, 34.7917], [-111.8657, 34.7912], [-111.8653, 34.7894], [-111.8632, 34.7887], [-111.861, 34.7902], [-111.8552, 34.789], [-111.853, 34.7828], [-111.847, 34.7797], [-111.8457, 34.777], [-111.8472, 34.7725], [-111.8455, 34.7721], [-111.8416, 34.7553], [-111.8424, 34.7536], [-111.8396, 34.7539], [-111.8359, 34.7517], [-111.8336, 34.7439], [-111.8273, 34.7386], [-111.8274, 34.7353], [-111.8313, 34.7306], [-111.8313, 34.7268], [-111.828, 34.7213], [-111.8189, 34.7129], [-111.8253, 34.7053], [-111.8398, 34.6934], [-111.8504, 34.6929], [-111.8549, 34.6899], [-111.8648, 34.6889], [-111.8748, 34.6714], [-111.885, 34.6658], [-111.8914, 34.6653], [-111.8916, 34.6587], [-111.9399, 34.6592], [-111.9379, 34.6673], [-111.9383, 34.6747], [-111.9448, 34.6795], [-111.9477, 34.678], [-111.9479, 34.6737], [-111.9518, 34.6739], [-111.9557, 34.6818], [-111.9651, 34.686], [-111.9649, 34.6929], [-111.9557, 34.6906], [-111.9551, 34.6936], [-111.9565, 34.6964], [-111.9613, 34.6995], [-111.9608, 34.7037], [-111.9687, 34.7051], [-111.9687, 34.7077], [-111.9709, 34.7103], [-111.9702, 34.714], [-111.9744, 34.714], [-111.9744, 34.7317], [-111.9778, 34.7328]]]}}, {"type": "Feature", "properties": {"zip": "86326", "total": 896, "q1": 200, "q2": 218, "q3": 237, "q4": 241, "pop": 2618, "acsPriv": 545, "seats": 481}, "geometry": {"type": "Polygon", "coordinates": [[[-112.0905, 34.6513], [-112.0908, 34.7167], [-112.0882, 34.7149], [-112.0895, 34.7126], [-112.0874, 34.7116], [-112.0882, 34.7104], [-112.0752, 34.71], [-112.067, 34.7077], [-112.0595, 34.7093], [-112.0576, 34.712], [-112.0595, 34.7133], [-112.0572, 34.7143], [-112.0555, 34.7192], [-112.0485, 34.7248], [-112.0536, 34.7249], [-112.0537, 34.7397], [-112.0437, 34.7407], [-112.0447, 34.7467], [-112.0505, 34.7517], [-112.0491, 34.7517], [-112.0491, 34.7546], [-112.0359, 34.7544], [-112.0319, 34.7559], [-112.0249, 34.7611], [-112.0253, 34.7652], [-112.0135, 34.7653], [-112.0135, 34.7615], [-111.9748, 34.7616], [-111.9704, 34.755], [-111.9693, 34.7432], [-111.9778, 34.7328], [-111.9744, 34.7317], [-111.9744, 34.714], [-111.9702, 34.714], [-111.9709, 34.7103], [-111.9687, 34.7077], [-111.9687, 34.7051], [-111.9608, 34.7037], [-111.9613, 34.6995], [-111.9565, 34.6964], [-111.9551, 34.6936], [-111.9557, 34.6906], [-111.9649, 34.6929], [-111.9652, 34.6862], [-111.9557, 34.6818], [-111.9518, 34.6739], [-111.9479, 34.6737], [-111.9477, 34.678], [-111.9448, 34.6795], [-111.9383, 34.6747], [-111.9379, 34.6673], [-111.9398, 34.6574], [-111.9308, 34.6423], [-111.9382, 34.6368], [-111.9466, 34.6372], [-111.9521, 34.6357], [-111.9552, 34.6328], [-111.9622, 34.6327], [-111.9956, 34.6704], [-112.0039, 34.67], [-112.0178, 34.6665], [-112.0329, 34.6663], [-112.0456, 34.6613], [-112.0464, 34.6598], [-112.0527, 34.6592], [-112.0653, 34.6542], [-112.0668, 34.6558], [-112.0717, 34.6555], [-112.0746, 34.6523], [-112.0764, 34.6542], [-112.0853, 34.6556], [-112.0872, 34.6522], [-112.0905, 34.6513]]]}}, {"type": "Feature", "properties": {"zip": "85631", "total": 102, "q1": 19, "q2": 26, "q3": 28, "q4": 29, "pop": 497, "acsPriv": 11, "seats": 0}, "geometry": {"type": "Polygon", "coordinates": [[[-110.6935, 32.5996], [-110.6915, 32.6008], [-110.6893, 32.6059], [-110.688, 32.6127], [-110.6835, 32.6162], [-110.6797, 32.6261], [-110.6802, 32.6305], [-110.6769, 32.6354], [-110.6617, 32.6454], [-110.6607, 32.6467], [-110.6618, 32.6493], [-110.6546, 32.6524], [-110.6538, 32.6546], [-110.6553, 32.6562], [-110.6477, 32.6629], [-110.6425, 32.6611], [-110.6366, 32.6564], [-110.6354, 32.6449], [-110.6039, 32.6446], [-110.6038, 32.6424], [-110.5991, 32.641], [-110.5982, 32.6423], [-110.6008, 32.6445], [-110.4486, 32.6433], [-110.4492, 32.514], [-110.6529, 32.5138], [-110.6528, 32.5374], [-110.6628, 32.5398], [-110.6778, 32.5367], [-110.6825, 32.5382], [-110.6799, 32.541], [-110.6604, 32.5453], [-110.6579, 32.5475], [-110.66, 32.5484], [-110.6614, 32.552], [-110.6669, 32.5517], [-110.667, 32.5571], [-110.6715, 32.5591], [-110.6737, 32.5629], [-110.6658, 32.5632], [-110.665, 32.5641], [-110.667, 32.5637], [-110.6683, 32.5656], [-110.6723, 32.5665], [-110.6731, 32.5687], [-110.6798, 32.5709], [-110.6841, 32.5759], [-110.6778, 32.5774], [-110.6813, 32.5829], [-110.6803, 32.5857], [-110.686, 32.5886], [-110.6809, 32.5931], [-110.6935, 32.5996]]]}}, {"type": "Feature", "properties": {"zip": "85141", "total": 7, "q1": 1, "q2": 2, "q3": 2, "q4": 2, "pop": 37, "acsPriv": 0, "seats": 0}, "geometry": {"type": "Polygon", "coordinates": [[[-111.5166, 32.7254], [-111.5159, 32.7271], [-111.516, 32.7254], [-111.5143, 32.7245], [-111.5139, 32.7258], [-111.5073, 32.7208], [-111.4988, 32.7174], [-111.4987, 32.7199], [-111.4644, 32.7197], [-111.4644, 32.7266], [-111.4476, 32.7269], [-111.4476, 32.7192], [-111.4327, 32.7074], [-111.4337, 32.7061], [-111.4313, 32.6899], [-111.4328, 32.6847], [-111.4177, 32.671], [-111.4055, 32.6642], [-111.3996, 32.6581], [-111.3873, 32.6572], [-111.365, 32.6587], [-111.3563, 32.6633], [-111.3494, 32.6602], [-111.3463, 32.6559], [-111.3387, 32.6532], [-111.3391, 32.6426], [-111.3368, 32.6324], [-111.3285, 32.6323], [-111.3284, 32.6], [-111.3382, 32.5913], [-111.3394, 32.5927], [-111.3443, 32.5885], [-111.4309, 32.5887], [-111.4485, 32.6023], [-111.4485, 32.6069], [-111.4652, 32.6073], [-111.4655, 32.6037], [-111.4655, 32.6148], [-111.4824, 32.6144], [-111.4825, 32.6177], [-111.4995, 32.6176], [-111.499, 32.6908], [-111.5162, 32.6908], [-111.5159, 32.7196], [-111.5116, 32.7197], [-111.5111, 32.7217], [-111.5166, 32.7254]]]}}, {"type": "Feature", "properties": {"zip": "85123", "total": 395, "q1": 81, "q2": 100, "q3": 107, "q4": 107, "pop": 1306, "acsPriv": 248, "seats": 0}, "geometry": {"type": "Polygon", "coordinates": [[[-111.7406, 32.7631], [-111.6542, 32.763], [-111.6548, 32.7412], [-111.6457, 32.7412], [-111.6455, 32.7485], [-111.6199, 32.7485], [-111.6202, 32.7195], [-111.6549, 32.7193], [-111.6549, 32.6972], [-111.6657, 32.6973], [-111.6379, 32.6755], [-111.6547, 32.6754], [-111.6548, 32.6461], [-111.672, 32.6461], [-111.672, 32.6227], [-111.6888, 32.6228], [-111.6907, 32.6274], [-111.6906, 32.638], [-111.6932, 32.6405], [-111.693, 32.6433], [-111.7069, 32.6554], [-111.7063, 32.7191], [-111.6947, 32.7193], [-111.7138, 32.7339], [-111.7402, 32.7338], [-111.7406, 32.7631]]]}}, {"type": "Feature", "properties": {"zip": "85374", "total": 991, "q1": 230, "q2": 247, "q3": 250, "q4": 264, "pop": 4671, "acsPriv": 313, "seats": 104}, "geometry": {"type": "Polygon", "coordinates": [[[-112.4603, 33.6384], [-112.4513, 33.6533], [-112.4181, 33.6531], [-112.4174, 33.6608], [-112.4097, 33.6746], [-112.404, 33.6805], [-112.3303, 33.6236], [-112.4095, 33.6242], [-112.4095, 33.6336], [-112.4112, 33.6331], [-112.41, 33.6343], [-112.4129, 33.6348], [-112.4174, 33.6347], [-112.4175, 33.6326], [-112.416, 33.6325], [-112.4175, 33.6311], [-112.4146, 33.631], [-112.4147, 33.6296], [-112.4175, 33.6303], [-112.4174, 33.628], [-112.4172, 33.6266], [-112.4136, 33.6266], [-112.4136, 33.6251], [-112.4117, 33.6262], [-112.4116, 33.6242], [-112.4187, 33.6243], [-112.4181, 33.6389], [-112.4603, 33.6384]]]}}, {"type": "Feature", "properties": {"zip": "85626", "total": 17, "q1": 5, "q2": 4, "q3": 4, "q4": 4, "pop": 300, "acsPriv": 0, "seats": 0}, "geometry": {"type": "Polygon", "coordinates": [[[-109.5794, 31.3541], [-109.5794, 31.3657], [-109.5778, 31.3657], [-109.5778, 31.3642], [-109.5539, 31.3642], [-109.5539, 31.3593], [-109.556, 31.3593], [-109.5539, 31.3569], [-109.5646, 31.3571], [-109.5701, 31.3515], [-109.5761, 31.3521], [-109.5761, 31.3541], [-109.5794, 31.3541]]]}}, {"type": "Feature", "properties": {"zip": "85712", "total": 731, "q1": 168, "q2": 186, "q3": 190, "q4": 187, "pop": 2977, "acsPriv": 326, "seats": 912}, "geometry": {"type": "Polygon", "coordinates": [[[-110.9111, 32.2624], [-110.9092, 32.2687], [-110.9099, 32.2721], [-110.9036, 32.275], [-110.8983, 32.2744], [-110.8838, 32.2685], [-110.8751, 32.2696], [-110.8697, 32.2652], [-110.8647, 32.2563], [-110.858, 32.2523], [-110.8578, 32.242], [-110.8538, 32.2429], [-110.8537, 32.2392], [-110.8579, 32.2391], [-110.8585, 32.2348], [-110.8623, 32.2348], [-110.8623, 32.2361], [-110.871, 32.2362], [-110.8776, 32.2344], [-110.8798, 32.2362], [-110.8904, 32.235], [-110.9097, 32.2362], [-110.9109, 32.2383], [-110.9097, 32.241], [-110.9109, 32.2542], [-110.9098, 32.26], [-110.9111, 32.2624]]]}}, {"type": "Feature", "properties": {"zip": "85938", "total": 131, "q1": 27, "q2": 30, "q3": 37, "q4": 37, "pop": 309, "acsPriv": 42, "seats": 0}, "geometry": {"type": "Polygon", "coordinates": [[[-109.5776, 34.1838], [-109.5722, 34.2128], [-109.5704, 34.2128], [-109.5682, 34.2173], [-109.5617, 34.2191], [-109.5584, 34.2475], [-109.5571, 34.2496], [-109.5454, 34.2551], [-109.5546, 34.2605], [-109.5423, 34.2711], [-109.5433, 34.2752], [-109.5413, 34.2778], [-109.5357, 34.2796], [-109.5274, 34.278], [-109.5177, 34.282], [-109.5069, 34.3014], [-109.4863, 34.3134], [-109.4838, 34.3173], [-109.4857, 34.3213], [-109.4827, 34.3276], [-109.4716, 34.3388], [-109.472, 34.3483], [-109.4605, 34.3552], [-109.4632, 34.3597], [-109.4678, 34.36], [-109.4706, 34.3631], [-109.4741, 34.3641], [-109.4715, 34.364], [-109.4666, 34.3617], [-109.4682, 34.3683], [-109.4561, 34.388], [-109.4164, 34.3883], [-109.4198, 34.38], [-109.4124, 34.3576], [-109.4141, 34.3499], [-109.4086, 34.331], [-109.4096, 34.292], [-109.4013, 34.2771], [-109.4032, 34.2635], [-109.3817, 34.2354], [-109.3767, 34.2309], [-109.3698, 34.2279], [-109.3647, 34.2161], [-109.3497, 34.2007], [-109.3456, 34.194], [-109.323, 34.1778], [-109.3233, 34.1982], [-109.3001, 34.1979], [-109.2999, 34.194], [-109.2914, 34.1941], [-109.2914, 34.1979], [-109.2876, 34.198], [-109.2879, 34.1699], [-109.271, 34.1701], [-109.2628, 34.1626], [-109.2589, 34.1655], [-109.2549, 34.1638], [-109.2544, 34.162], [-109.2566, 34.16], [-109.256, 34.1562], [-109.259, 34.15], [-109.2266, 34.1545], [-109.1835, 34.1634], [-109.1478, 34.1533], [-109.182, 34.1492], [-109.1806, 34.1428], [-109.1819, 34.1373], [-109.1797, 34.1256], [-109.2061, 34.1256], [-109.2058, 34.1238], [-109.2018, 34.1222], [-109.1969, 34.1139], [-109.1975, 34.1074], [-109.1951, 34.0991], [-109.1997, 34.0928], [-109.2031, 34.0913], [-109.203, 34.0847], [-109.1982, 34.0775], [-109.2004, 34.0736], [-109.2008, 34.068], [-109.2103, 34.0628], [-109.2107, 34.0598], [-109.213, 34.058], [-109.2112, 34.0547], [-109.2121, 34.05], [-109.2165, 34.0435], [-109.2199, 34.0415], [-109.2161, 34.0392], [-109.2072, 34.0127], [-109.2117, 34.0093], [-109.2136, 34.012], [-109.2253, 34.0061], [-109.2333, 34.009], [-109.2396, 34.0036], [-109.2475, 34.0015], [-109.252, 34.0031], [-109.2525, 34.0047], [-109.2745, 34.0083], [-109.2744, 34.0108], [-109.2862, 34.0106], [-109.2784, 34.014], [-109.2864, 34.0167], [-109.2918, 34.0166], [-109.294, 34.0208], [-109.2933, 34.0271], [-109.295, 34.0288], [-109.2933, 34.0299], [-109.3003, 34.0311], [-109.2981, 34.0386], [-109.295, 34.0425], [-109.2985, 34.0419], [-109.2995, 34.044], [-109.2978, 34.0449], [-109.2988, 34.0466], [-109.2954, 34.0517], [-109.2897, 34.0772], [-109.2903, 34.0816], [-109.2836, 34.0816], [-109.2836, 34.0892], [-109.2756, 34.089], [-109.2757, 34.0977], [-109.2785, 34.0983], [-109.2748, 34.0991], [-109.2748, 34.1054], [-109.2712, 34.1072], [-109.2567, 34.108], [-109.2565, 34.111], [-109.2538, 34.1108], [-109.2525, 34.1076], [-109.2544, 34.1073], [-109.2544, 34.1055], [-109.2482, 34.1074], [-109.2608, 34.1221], [-109.261, 34.1206], [-109.2661, 34.1219], [-109.2661, 34.1183], [-109.2792, 34.1183], [-109.2819, 34.1255], [-109.2905, 34.1253], [-109.2915, 34.1182], [-109.294, 34.1182], [-109.294, 34.1215], [-109.2984, 34.1187], [-109.3042, 34.1181], [-109.3002, 34.1234], [-109.3011, 34.1242], [-109.2997, 34.1242], [-109.3044, 34.1261], [-109.3056, 34.1314], [-109.3091, 34.1306], [-109.3049, 34.1343], [-109.307, 34.136], [-109.3109, 34.1327], [-109.3183, 34.1327], [-109.32, 34.1253], [-109.3228, 34.1218], [-109.3274, 34.1219], [-109.3272, 34.1114], [-109.3533, 34.1114], [-109.3532, 34.1043], [-109.3848, 34.1006], [-109.3949, 34.09], [-109.4046, 34.0878], [-109.4091, 34.0893], [-109.4126, 34.0887], [-109.4155, 34.0855], [-109.4135, 34.0817], [-109.4248, 34.0818], [-109.424, 34.0799], [-109.4331, 34.076], [-109.4358, 34.0723], [-109.4374, 34.073], [-109.448, 34.0684], [-109.4511, 34.0727], [-109.4624, 34.0741], [-109.4637, 34.076], [-109.4541, 34.0794], [-109.4614, 34.0802], [-109.4661, 34.083], [-109.4674, 34.0868], [-109.4719, 34.0892], [-109.477, 34.0903], [-109.4832, 34.0858], [-109.4832, 34.0877], [-109.4896, 34.0896], [-109.4896, 34.1009], [-109.4908, 34.106], [-109.494, 34.1095], [-109.4931, 34.1156], [-109.4972, 34.1193], [-109.4972, 34.1211], [-109.5077, 34.1287], [-109.5107, 34.1359], [-109.5177, 34.1367], [-109.5192, 34.1383], [-109.5242, 34.1347], [-109.5259, 34.1291], [-109.5303, 34.1275], [-109.533, 34.1281], [-109.5358, 34.1251], [-109.5676, 34.1253], [-109.5653, 34.1303], [-109.5715, 34.1342], [-109.5715, 34.1474], [-109.574, 34.1512], [-109.5757, 34.1792], [-109.5776, 34.1838]]]}}, {"type": "Feature", "properties": {"zip": "85535", "total": 4, "q1": 1, "q2": 1, "q3": 1, "q4": 1, "pop": 0, "acsPriv": 0, "seats": 0}, "geometry": {"type": "Polygon", "coordinates": [[[-109.9311, 33.0102], [-109.9289, 33.0139], [-109.9268, 33.0138], [-109.9245, 33.0165], [-109.9149, 33.0162], [-109.9148, 32.9946], [-109.9105, 32.9945], [-109.9096, 32.9909], [-109.8976, 32.9906], [-109.8975, 32.9617], [-109.9163, 32.9617], [-109.9196, 32.9692], [-109.9208, 32.988], [-109.9236, 32.988], [-109.9252, 32.9954], [-109.9277, 32.9955], [-109.9255, 33.0007], [-109.9311, 33.0102]]]}}, {"type": "Feature", "properties": {"zip": "85942", "total": 8, "q1": 4, "q2": 0, "q3": 2, "q4": 2, "pop": 0, "acsPriv": 0, "seats": 0}, "geometry": {"type": "Polygon", "coordinates": [[[-110.0577, 34.7589], [-110.0567, 34.7805], [-110.0521, 34.7841], [-110.0436, 34.7821], [-110.0437, 34.7794], [-110.0405, 34.7796], [-110.0406, 34.7935], [-110.0351, 34.7974], [-110.0341, 34.8], [-110.0187, 34.8003], [-110.0186, 34.8039], [-110.0095, 34.804], [-110.0096, 34.7975], [-110.0115, 34.796], [-110.0098, 34.7956], [-110.0097, 34.7926], [-110.0233, 34.7854], [-110.0253, 34.7812], [-110.0287, 34.7786], [-110.0249, 34.7739], [-110.0095, 34.7747], [-110.0094, 34.7675], [-110.0227, 34.7673], [-110.0238, 34.7657], [-110.0273, 34.7654], [-110.0287, 34.7672], [-110.0363, 34.7672], [-110.0321, 34.7553], [-110.0383, 34.741], [-110.0367, 34.7384], [-110.0391, 34.7376], [-110.0435, 34.742], [-110.0458, 34.7422], [-110.0448, 34.7481], [-110.0577, 34.7589]]]}}, {"type": "Feature", "properties": {"zip": "85648", "total": 771, "q1": 177, "q2": 194, "q3": 201, "q4": 199, "pop": 4910, "acsPriv": 185, "seats": 20}, "geometry": {"type": "Polygon", "coordinates": [[[-111.1649, 31.4932], [-111.1629, 31.5438], [-111.1643, 31.5649], [-111.1611, 31.5608], [-111.1534, 31.563], [-111.1532, 31.5615], [-111.1462, 31.5604], [-111.1417, 31.5574], [-111.1423, 31.5536], [-111.1392, 31.5511], [-111.0908, 31.551], [-111.0705, 31.5597], [-111.0597, 31.562], [-111.053, 31.5592], [-111.0471, 31.5472], [-111.0353, 31.5366], [-111.0323, 31.5387], [-111.0228, 31.5378], [-111.0404, 31.549], [-111.0428, 31.5522], [-111.0429, 31.5621], [-111.0376, 31.562], [-111.0376, 31.574], [-111.0387, 31.5746], [-111.0375, 31.5785], [-111.0339, 31.5779], [-111.0233, 31.5804], [-111.0113, 31.5795], [-111.0101, 31.6026], [-111.0014, 31.6017], [-110.991, 31.5961], [-110.9838, 31.5952], [-110.9803, 31.5956], [-110.9851, 31.6005], [-110.9968, 31.6063], [-110.9924, 31.6082], [-110.9714, 31.6058], [-110.9575, 31.6065], [-110.9576, 31.6839], [-110.9509, 31.6781], [-110.9492, 31.6742], [-110.9445, 31.672], [-110.9342, 31.6718], [-110.9255, 31.6687], [-110.917, 31.6707], [-110.9102, 31.6698], [-110.9096, 31.6726], [-110.9075, 31.6737], [-110.8987, 31.6702], [-110.8977, 31.6729], [-110.8909, 31.674], [-110.8937, 31.671], [-110.89, 31.6706], [-110.8861, 31.6679], [-110.8753, 31.6677], [-110.8747, 31.6653], [-110.8704, 31.662], [-110.8705, 31.6565], [-110.876, 31.6528], [-110.8775, 31.6427], [-110.8827, 31.6387], [-110.8806, 31.6355], [-110.8791, 31.6356], [-110.8798, 31.6318], [-110.8777, 31.6312], [-110.8761, 31.6227], [-110.8735, 31.6219], [-110.8753, 31.621], [-110.8766, 31.6167], [-110.8749, 31.6075], [-110.8794, 31.6022], [-110.8788, 31.5996], [-110.8861, 31.5929], [-110.881, 31.5897], [-110.8789, 31.5846], [-110.8724, 31.579], [-110.8633, 31.5761], [-110.8581, 31.5729], [-110.8566, 31.5694], [-110.8545, 31.5696], [-110.8542, 31.5643], [-110.8515, 31.5618], [-110.8492, 31.5549], [-110.8525, 31.5514], [-110.8529, 31.5462], [-110.8596, 31.5333], [-110.8658, 31.535], [-110.8667, 31.5331], [-110.8752, 31.531], [-110.8748, 31.5292], [-110.8767, 31.5282], [-110.886, 31.5259], [-110.8885, 31.5286], [-110.893, 31.524], [-110.896, 31.5239], [-110.8969, 31.52], [-110.8907, 31.5143], [-110.8919, 31.5089], [-110.8953, 31.5072], [-110.8915, 31.5], [-110.8925, 31.4965], [-110.8908, 31.4949], [-110.8958, 31.4858], [-110.8984, 31.4873], [-110.9202, 31.4873], [-110.9191, 31.4863], [-110.9215, 31.4852], [-110.9214, 31.483], [-110.9249, 31.4832], [-110.9168, 31.4789], [-110.9115, 31.4779], [-110.909, 31.4755], [-110.9007, 31.4742], [-110.8989, 31.4725], [-110.8962, 31.4753], [-110.8854, 31.4782], [-110.8812, 31.4724], [-110.8817, 31.4652], [-110.8782, 31.4636], [-110.8787, 31.4624], [-110.8906, 31.4567], [-110.8882, 31.4479], [-110.8788, 31.4487], [-110.8921, 31.4433], [-110.8928, 31.441], [-110.9001, 31.4363], [-110.9038, 31.43], [-110.9362, 31.4309], [-110.9397, 31.4298], [-110.9401, 31.4244], [-110.9491, 31.4199], [-110.9564, 31.4199], [-110.96, 31.4302], [-111.0042, 31.4296], [-111.0148, 31.4202], [-111.0306, 31.3992], [-111.0435, 31.3948], [-111.0537, 31.3855], [-111.0607, 31.3857], [-111.0613, 31.3892], [-111.0689, 31.3872], [-111.0715, 31.3883], [-111.0723, 31.3907], [-111.0741, 31.39], [-111.0761, 31.3942], [-111.084, 31.3955], [-111.0874, 31.3955], [-111.0945, 31.3884], [-111.1112, 31.3916], [-111.1139, 31.3912], [-111.1144, 31.3892], [-111.1237, 31.3897], [-111.1244, 31.3886], [-111.1337, 31.3927], [-111.1373, 31.3971], [-111.1425, 31.3984], [-111.1465, 31.4049], [-111.1494, 31.4054], [-111.1521, 31.4097], [-111.1579, 31.4095], [-111.1608, 31.4126], [-111.1602, 31.415], [-111.164, 31.4215], [-111.1649, 31.4932]]]}}, {"type": "Feature", "properties": {"zip": "86028", "total": 8, "q1": 2, "q2": 2, "q3": 2, "q4": 2, "pop": 0, "acsPriv": 0, "seats": 0}, "geometry": {"type": "Polygon", "coordinates": [[[-109.8439, 34.9719], [-109.8448, 35.0407], [-109.8255, 35.0406], [-109.8232, 35.0472], [-109.8144, 35.0532], [-109.8067, 35.0539], [-109.8071, 35.0577], [-109.8052, 35.0612], [-109.7913, 35.0704], [-109.7914, 35.0734], [-109.8009, 35.0805], [-109.8006, 35.0825], [-109.7889, 35.083], [-109.7825, 35.0773], [-109.7843, 35.0717], [-109.7781, 35.0711], [-109.7648, 35.0806], [-109.7361, 35.0897], [-109.7364, 35.0757], [-109.7734, 35.0641], [-109.8153, 35.0407], [-109.8074, 35.0406], [-109.8078, 34.9806], [-109.8202, 34.9777], [-109.8202, 34.9759], [-109.8215, 34.9769], [-109.8214, 34.9724], [-109.8229, 34.9723], [-109.823, 34.9751], [-109.8253, 34.975], [-109.8253, 34.9767], [-109.8439, 34.9719]]]}}, {"type": "Feature", "properties": {"zip": "85343", "total": 26, "q1": 4, "q2": 8, "q3": 8, "q4": 6, "pop": 0, "acsPriv": 0, "seats": 0}, "geometry": {"type": "Polygon", "coordinates": [[[-112.7215, 33.3482], [-112.6941, 33.3485], [-112.6942, 33.3585], [-112.6922, 33.3596], [-112.6918, 33.3622], [-112.6861, 33.3593], [-112.6771, 33.3615], [-112.677, 33.3484], [-112.6599, 33.3483], [-112.6598, 33.3342], [-112.6771, 33.3339], [-112.6771, 33.3208], [-112.6882, 33.3185], [-112.6936, 33.3197], [-112.7028, 33.318], [-112.706, 33.3164], [-112.7087, 33.3124], [-112.7118, 33.3124], [-112.7116, 33.3339], [-112.7149, 33.3339], [-112.7215, 33.3482]]]}}, {"type": "Feature", "properties": {"zip": "85298", "total": 2746, "q1": 639, "q2": 683, "q3": 710, "q4": 714, "pop": 10887, "acsPriv": 951, "seats": 677}, "geometry": {"type": "Polygon", "coordinates": [[[-111.7726, 33.2488], [-111.7728, 33.2631], [-111.7554, 33.2631], [-111.7553, 33.2705], [-111.7379, 33.2704], [-111.7379, 33.2631], [-111.7336, 33.2632], [-111.7336, 33.2611], [-111.7311, 33.2611], [-111.7311, 33.2632], [-111.6957, 33.2641], [-111.6861, 33.2665], [-111.6856, 33.2494], [-111.7032, 33.2485], [-111.7032, 33.2465], [-111.7032, 33.2449], [-111.6945, 33.2452], [-111.6945, 33.2416], [-111.6858, 33.2419], [-111.6858, 33.2345], [-111.6881, 33.2344], [-111.6881, 33.2309], [-111.6858, 33.2307], [-111.6859, 33.2196], [-111.7205, 33.2193], [-111.7205, 33.212], [-111.7291, 33.2121], [-111.7292, 33.2048], [-111.7554, 33.2048], [-111.7554, 33.2338], [-111.7642, 33.2338], [-111.7641, 33.2487], [-111.7726, 33.2488]]]}}, {"type": "Feature", "properties": {"zip": "85307", "total": 545, "q1": 130, "q2": 133, "q3": 140, "q4": 142, "pop": 2736, "acsPriv": 244, "seats": 52}, "geometry": {"type": "Polygon", "coordinates": [[[-112.3589, 33.5513], [-112.2725, 33.5514], [-112.2724, 33.53], [-112.2811, 33.5293], [-112.2796, 33.5263], [-112.2724, 33.5265], [-112.2725, 33.5083], [-112.2727, 33.5155], [-112.2764, 33.5155], [-112.277, 33.5083], [-112.3068, 33.5075], [-112.3068, 33.5216], [-112.324, 33.522], [-112.3239, 33.5293], [-112.3471, 33.5301], [-112.3582, 33.5289], [-112.3583, 33.5401], [-112.3517, 33.5403], [-112.3516, 33.5415], [-112.3526, 33.5436], [-112.3586, 33.5448], [-112.3589, 33.5513]]]}}, {"type": "Feature", "properties": {"zip": "85007", "total": 370, "q1": 85, "q2": 88, "q3": 98, "q4": 99, "pop": 2585, "acsPriv": 306, "seats": 47}, "geometry": {"type": "Polygon", "coordinates": [[[-112.0998, 33.4249], [-112.1, 33.4595], [-112.0978, 33.4595], [-112.1, 33.4604], [-112.1, 33.4806], [-112.083, 33.4804], [-112.0825, 33.4409], [-112.0805, 33.4371], [-112.0805, 33.4332], [-112.0825, 33.4331], [-112.0824, 33.4269], [-112.0783, 33.4286], [-112.0783, 33.4259], [-112.0824, 33.4258], [-112.082, 33.414], [-112.0851, 33.414], [-112.0851, 33.4067], [-112.0905, 33.4067], [-112.0909, 33.4183], [-112.0997, 33.4184], [-112.0997, 33.4226], [-112.0938, 33.4227], [-112.0938, 33.4238], [-112.0938, 33.4249], [-112.0998, 33.4249]]]}}, {"type": "Feature", "properties": {"zip": "86520", "total": 12, "q1": 3, "q2": 3, "q3": 3, "q4": 3, "pop": 496, "acsPriv": 17, "seats": 0}, "geometry": {"type": "Polygon", "coordinates": [[[-110.1405, 35.9915], [-110.1359, 36.0021], [-110.1348, 36.0124], [-110.1359, 36.0197], [-110.1307, 36.0322], [-110.1283, 36.0437], [-110.0845, 36.0441], [-110.0799, 36.0381], [-110.0809, 36.0322], [-110.0798, 36.028], [-110.0691, 36.0272], [-110.0684, 36.0311], [-110.0547, 36.0423], [-110.0574, 36.0437], [-110.0555, 36.049], [-110.0267, 36.0579], [-110.0234, 36.0575], [-110.0237, 36.0562], [-110.0165, 36.0624], [-110.0165, 36.0667], [-110.0121, 36.0731], [-110.0007, 36.0739], [-110.0007, 36.2568], [-109.9974, 36.2603], [-109.9918, 36.2583], [-109.9907, 36.264], [-109.9855, 36.2692], [-109.9799, 36.2688], [-109.9787, 36.2637], [-109.9748, 36.2641], [-109.9679, 36.2599], [-109.9642, 36.2547], [-109.9539, 36.2521], [-109.9493, 36.2478], [-109.9264, 36.2438], [-109.9235, 36.2418], [-109.9218, 36.2359], [-109.9131, 36.2296], [-109.9129, 36.2379], [-109.9048, 36.2449], [-109.9064, 36.2533], [-109.8973, 36.2501], [-109.884, 36.248], [-109.8747, 36.2402], [-109.8713, 36.2445], [-109.8706, 36.2494], [-109.8681, 36.253], [-109.8729, 36.2573], [-109.871, 36.2669], [-109.8656, 36.2688], [-109.864, 36.2713], [-109.8649, 36.2724], [-109.8608, 36.2737], [-109.8606, 36.2843], [-109.8566, 36.2905], [-109.8538, 36.2934], [-109.8421, 36.2962], [-109.8398, 36.2986], [-109.8391, 36.3039], [-109.834, 36.3095], [-109.8243, 36.3122], [-109.8255, 36.309], [-109.8236, 36.3087], [-109.8271, 36.3049], [-109.8246, 36.3035], [-109.8128, 36.2874], [-109.8202, 36.2811], [-109.8219, 36.2753], [-109.827, 36.2698], [-109.8207, 36.2672], [-109.8191, 36.2642], [-109.8121, 36.2639], [-109.811, 36.2654], [-109.8104, 36.2573], [-109.8125, 36.2441], [-109.8165, 36.238], [-109.8133, 36.2325], [-109.8163, 36.2194], [-109.8136, 36.2076], [-109.8171, 36.1968], [-109.814, 36.1903], [-109.8119, 36.1801], [-109.8177, 36.1476], [-109.818, 36.1323], [-109.8056, 36.1271], [-109.8458, 36.1141], [-109.8469, 36.1174], [-109.8538, 36.1212], [-109.8541, 36.1346], [-109.8602, 36.1382], [-109.8642, 36.1378], [-109.8774, 36.1279], [-109.8923, 36.1248], [-109.8905, 36.113], [-109.8998, 36.0996], [-109.9062, 36.0959], [-109.9116, 36.0891], [-109.9164, 36.0858], [-109.916, 36.0822], [-109.9041, 36.0835], [-109.8912, 36.076], [-109.9027, 36.0639], [-109.9143, 36.0612], [-109.9158, 36.0582], [-109.9037, 36.052], [-109.8977, 36.0571], [-109.8909, 36.0553], [-109.8829, 36.0615], [-109.8801, 36.0612], [-109.8808, 36.0562], [-109.8788, 36.0564], [-109.8761, 36.0507], [-109.875, 36.0316], [-109.8739, 36.0281], [-109.8708, 36.0278], [-109.8715, 36.0252], [-109.8675, 36.0233], [-109.8561, 36.023], [-109.8451, 36.0308], [-109.8413, 36.0301], [-109.8487, 36.0215], [-109.8411, 36.0193], [-109.8357, 36.0154], [-109.8311, 36.0092], [-109.831, 36.0046], [-109.8381, 36.0025], [-109.8487, 36.0031], [-109.8583, 36.0091], [-109.8637, 36.01], [-109.8735, 36.0161], [-109.8767, 36.0164], [-109.8806, 36.0215], [-109.899, 36.0214], [-109.898, 35.9969], [-109.8881, 35.9839], [-109.8842, 35.9772], [-109.8835, 35.9721], [-109.8781, 35.9676], [-109.8747, 35.9619], [-109.8723, 35.9614], [-109.8698, 35.9502], [-109.8547, 35.9254], [-109.851, 35.9101], [-109.8513, 35.9015], [-109.8482, 35.8954], [-109.8575, 35.8848], [-109.8733, 35.881], [-109.8761, 35.8744], [-109.8799, 35.871], [-109.8973, 35.8621], [-109.9021, 35.8611], [-109.9048, 35.865], [-109.925, 35.8664], [-109.9199, 35.8725], [-109.9176, 35.8719], [-109.9169, 35.8684], [-109.9126, 35.8716], [-109.9113, 35.874], [-109.9158, 35.8774], [-109.9384, 35.8799], [-109.9511, 35.8769], [-109.9599, 35.8699], [-109.9626, 35.8653], [-109.9827, 35.8555], [-109.9802, 35.8534], [-109.9814, 35.8503], [-109.979, 35.8465], [-109.9806, 35.845], [-109.9845, 35.8427], [-110.0007, 35.8404], [-110.0007, 35.8805], [-110.0414, 35.8808], [-110.0412, 35.8897], [-110.0345, 35.8952], [-110.0305, 35.9028], [-110.0252, 35.9088], [-110.0263, 35.9149], [-110.021, 35.9207], [-110.02, 35.9251], [-110.0252, 35.9251], [-110.03, 35.9274], [-110.0322, 35.9267], [-110.0334, 35.9243], [-110.0368, 35.924], [-110.0345, 35.9329], [-110.0403, 35.9378], [-110.0666, 35.9413], [-110.0922, 35.9425], [-110.1002, 35.9389], [-110.1112, 35.939], [-110.111, 35.9322], [-110.1035, 35.922], [-110.1044, 35.9173], [-110.1055, 35.9147], [-110.1101, 35.9115], [-110.1191, 35.9118], [-110.1199, 35.9239], [-110.1246, 35.9271], [-110.123, 35.9826], [-110.124, 35.9934], [-110.1356, 35.9932], [-110.1405, 35.9915]]]}}, {"type": "Feature", "properties": {"zip": "85746", "total": 1144, "q1": 270, "q2": 291, "q3": 298, "q4": 285, "pop": 8341, "acsPriv": 950, "seats": 28}, "geometry": {"type": "Polygon", "coordinates": [[[-111.2172, 32.1037], [-111.0678, 32.1044], [-111.0678, 32.1081], [-111.063, 32.1081], [-111.0628, 32.1673], [-111.0634, 32.17], [-111.0713, 32.17], [-111.0723, 32.1731], [-111.0825, 32.1795], [-111.0787, 32.1844], [-111.0628, 32.1845], [-111.0628, 32.1811], [-111.0459, 32.1812], [-111.0458, 32.1778], [-111.0033, 32.1774], [-111.0028, 32.1747], [-110.9988, 32.1742], [-110.9988, 32.1723], [-110.9946, 32.1723], [-110.9945, 32.1654], [-110.9912, 32.1663], [-110.9927, 32.1632], [-110.9915, 32.1539], [-110.9943, 32.1481], [-110.9926, 32.1441], [-110.9947, 32.142], [-110.9909, 32.1293], [-110.995, 32.1246], [-110.992, 32.122], [-110.992, 32.1193], [-110.9776, 32.1192], [-110.9772, 32.115], [-110.9888, 32.1103], [-110.9929, 32.1067], [-110.9933, 32.1044], [-110.9924, 32.0015], [-111.2165, 32.0004], [-111.2172, 32.1037]]]}}, {"type": "Feature", "properties": {"zip": "85550", "total": 282, "q1": 76, "q2": 75, "q3": 77, "q4": 54, "pop": 1437, "acsPriv": 66, "seats": 115}, "geometry": {"type": "Polygon", "coordinates": [[[-110.7313, 33.29], [-110.6939, 33.5042], [-110.5304, 33.6377], [-110.5259, 33.8144], [-110.5153, 33.805], [-110.514, 33.8012], [-110.5156, 33.7985], [-110.5221, 33.7992], [-110.5247, 33.7973], [-110.5139, 33.7917], [-110.511, 33.793], [-110.5121, 33.7995], [-110.5111, 33.8024], [-110.5082, 33.7977], [-110.4996, 33.7984], [-110.4939, 33.7972], [-110.49, 33.7905], [-110.4832, 33.8001], [-110.48, 33.7999], [-110.4738, 33.7961], [-110.4725, 33.8035], [-110.4706, 33.806], [-110.4637, 33.8051], [-110.4625, 33.8003], [-110.4553, 33.798], [-110.4537, 33.7998], [-110.4542, 33.8035], [-110.4465, 33.8011], [-110.4437, 33.8049], [-110.436, 33.7994], [-110.4365, 33.8043], [-110.43, 33.8065], [-110.4273, 33.8001], [-110.4275, 33.7956], [-110.4194, 33.799], [-110.4093, 33.7975], [-110.4064, 33.7962], [-110.4063, 33.7927], [-110.4033, 33.789], [-110.3985, 33.7923], [-110.3993, 33.7947], [-110.4026, 33.7965], [-110.3976, 33.797], [-110.3947, 33.8003], [-110.3952, 33.8032], [-110.3982, 33.8058], [-110.3979, 33.8113], [-110.3909, 33.809], [-110.382, 33.81], [-110.3769, 33.8173], [-110.3692, 33.8123], [-110.3695, 33.8101], [-110.3742, 33.8049], [-110.3815, 33.8077], [-110.3817, 33.8058], [-110.3744, 33.8001], [-110.3595, 33.7998], [-110.3615, 33.7957], [-110.3714, 33.7904], [-110.3692, 33.7884], [-110.3534, 33.787], [-110.3523, 33.7893], [-110.3571, 33.7924], [-110.351, 33.7965], [-110.3453, 33.7982], [-110.3447, 33.801], [-110.3431, 33.8012], [-110.3418, 33.7997], [-110.342, 33.795], [-110.3368, 33.7913], [-110.3325, 33.791], [-110.3273, 33.7838], [-110.3207, 33.7835], [-110.3184, 33.782], [-110.3149, 33.7843], [-110.3067, 33.7795], [-110.3061, 33.7755], [-110.2993, 33.774], [-110.2907, 33.7793], [-110.2923, 33.7724], [-110.2896, 33.7655], [-110.2834, 33.7639], [-110.2836, 33.7673], [-110.2818, 33.768], [-110.2736, 33.7613], [-110.2697, 33.7547], [-110.2601, 33.7499], [-110.2564, 33.746], [-110.2503, 33.7459], [-110.2491, 33.7479], [-110.2507, 33.7502], [-110.2473, 33.7529], [-110.2487, 33.7554], [-110.2466, 33.7572], [-110.2371, 33.7555], [-110.2368, 33.7541], [-110.2428, 33.7525], [-110.236, 33.7487], [-110.2318, 33.7409], [-110.2261, 33.7395], [-110.2297, 33.7347], [-110.2252, 33.7305], [-110.2251, 33.7286], [-110.23, 33.7305], [-110.2315, 33.727], [-110.379, 33.727], [-110.3822, 33.7218], [-110.3797, 33.7155], [-110.3825, 33.71], [-110.377, 33.7035], [-110.3682, 33.7034], [-110.3694, 33.7012], [-110.3634, 33.693], [-110.3669, 33.6878], [-110.3662, 33.6804], [-110.3641, 33.6763], [-110.3581, 33.6739], [-110.3577, 33.6674], [-110.3537, 33.6657], [-110.3527, 33.6628], [-110.3592, 33.6566], [-110.3573, 33.6489], [-110.3621, 33.6415], [-110.3595, 33.6334], [-110.3686, 33.6223], [-110.3726, 33.6202], [-110.3724, 33.6128], [-110.3754, 33.607], [-110.378, 33.6061], [-110.3882, 33.61], [-110.3937, 33.6136], [-110.3957, 33.6173], [-110.4039, 33.6196], [-110.4114, 33.6146], [-110.4122, 33.6091], [-110.417, 33.6078], [-110.413, 33.6018], [-110.4063, 33.6009], [-110.4015, 33.6028], [-110.3977, 33.5934], [-110.3978, 33.5902], [-110.4012, 33.5856], [-110.4011, 33.577], [-110.3941, 33.574], [-110.3927, 33.5758], [-110.3864, 33.5736], [-110.3892, 33.5675], [-110.384, 33.5644], [-110.394, 33.5573], [-110.3972, 33.5504], [-110.3956, 33.5481], [-110.3945, 33.5362], [-110.3928, 33.5326], [-110.3925, 33.5236], [-110.3971, 33.5147], [-110.3979, 33.5058], [-110.4017, 33.5083], [-110.4012, 33.5117], [-110.4031, 33.5101], [-110.4047, 33.5043], [-110.4148, 33.5029], [-110.4195, 33.4987], [-110.4276, 33.4986], [-110.4333, 33.4832], [-110.432, 33.4765], [-110.4366, 33.4777], [-110.4388, 33.4766], [-110.4374, 33.4783], [-110.4374, 33.4806], [-110.4384, 33.4802], [-110.442, 33.4771], [-110.4423, 33.4749], [-110.4535, 33.4666], [-110.4584, 33.4607], [-110.4622, 33.4599], [-110.4632, 33.4578], [-110.4731, 33.461], [-110.4821, 33.4618], [-110.4817, 33.4564], [-110.4871, 33.4505], [-110.4876, 33.4473], [-110.4923, 33.4485], [-110.4955, 33.4476], [-110.4994, 33.443], [-110.4974, 33.4364], [-110.4807, 33.4241], [-110.472, 33.4092], [-110.4666, 33.4098], [-110.4589, 33.4077], [-110.4588, 33.4029], [-110.4482, 33.3879], [-110.4476, 33.3823], [-110.4436, 33.3817], [-110.4421, 33.3843], [-110.4364, 33.3854], [-110.4425, 33.3802], [-110.4431, 33.3679], [-110.4496, 33.3659], [-110.4519, 33.3624], [-110.4445, 33.3524], [-110.4478, 33.3481], [-110.4484, 33.3416], [-110.4468, 33.3306], [-110.4442, 33.3264], [-110.4471, 33.3229], [-110.4507, 33.3237], [-110.4513, 33.3184], [-110.4549, 33.3142], [-110.4625, 33.3147], [-110.4625, 33.316], [-110.4677, 33.3183], [-110.4716, 33.3173], [-110.4724, 33.3185], [-110.4737, 33.3152], [-110.4795, 33.3164], [-110.4807, 33.3141], [-110.4837, 33.314], [-110.4896, 33.3096], [-110.495, 33.3079], [-110.6077, 33.3427], [-110.6542, 33.3528], [-110.6521, 33.3499], [-110.6635, 33.3429], [-110.6693, 33.3282], [-110.6713, 33.3278], [-110.6745, 33.3213], [-110.6744, 33.3174], [-110.6849, 33.3114], [-110.6946, 33.3119], [-110.6993, 33.3105], [-110.7074, 33.3036], [-110.7125, 33.3029], [-110.7114, 33.3012], [-110.7131, 33.3003], [-110.7139, 33.291], [-110.7287, 33.2888], [-110.7313, 33.29]]]}}, {"type": "Feature", "properties": {"zip": "86434", "total": 24, "q1": 6, "q2": 6, "q3": 6, "q4": 6, "pop": 489, "acsPriv": 0, "seats": 0}, "geometry": {"type": "Polygon", "coordinates": [[[-113.9044, 35.7717], [-113.9035, 36.0928], [-113.8977, 36.0921], [-113.8952, 36.0889], [-113.8954, 36.0772], [-113.8912, 36.0676], [-113.8768, 36.0574], [-113.8439, 36.0495], [-113.8106, 36.0484], [-113.7956, 36.0292], [-113.7863, 36.0282], [-113.7824, 36.0253], [-113.7847, 36.0113], [-113.7811, 36.0021], [-113.7797, 35.9912], [-113.7768, 35.985], [-113.7713, 35.9787], [-113.7692, 35.9727], [-113.7656, 35.9701], [-113.7567, 35.9675], [-113.7496, 35.9686], [-113.7377, 35.9561], [-113.7411, 35.9475], [-113.7397, 35.9406], [-113.7221, 35.9392], [-113.7138, 35.9279], [-113.7167, 35.9074], [-113.7122, 35.8941], [-113.7134, 35.8854], [-113.708, 35.8796], [-113.6811, 35.8749], [-113.6757, 35.8689], [-113.6688, 35.8658], [-113.6638, 35.8556], [-113.6559, 35.8484], [-113.6562, 35.8363], [-113.6469, 35.8235], [-113.6367, 35.819], [-113.6318, 35.8196], [-113.6282, 35.8224], [-113.6259, 35.8293], [-113.619, 35.8369], [-113.6159, 35.846], [-113.6116, 35.8497], [-113.6059, 35.8495], [-113.5696, 35.8216], [-113.5665, 35.8095], [-113.5631, 35.8043], [-113.5434, 35.7956], [-113.5283, 35.7784], [-113.5142, 35.7675], [-113.4999, 35.7656], [-113.4864, 35.7667], [-113.4692, 35.7649], [-113.4373, 35.753], [-113.4196, 35.7508], [-113.3904, 35.7526], [-113.3839, 35.7546], [-113.3777, 35.7634], [-113.3687, 35.7713], [-113.3578, 35.7759], [-113.3416, 35.7879], [-113.3374, 35.7935], [-113.334, 35.803], [-113.3342, 35.5534], [-113.3173, 35.5533], [-113.2176, 35.5264], [-113.1842, 35.5079], [-113.1716, 35.5055], [-113.1589, 35.4976], [-113.1517, 35.4898], [-113.1503, 35.4864], [-113.1522, 35.4876], [-113.1562, 35.484], [-113.1562, 35.4732], [-113.1518, 35.4646], [-113.1404, 35.4598], [-113.1413, 35.4591], [-113.1622, 35.4682], [-113.1687, 35.4847], [-113.1798, 35.4924], [-113.1984, 35.4957], [-113.2235, 35.4945], [-113.2634, 35.513], [-113.2631, 35.5092], [-113.2506, 35.4945], [-113.2543, 35.4937], [-113.2553, 35.4905], [-113.2583, 35.4913], [-113.2561, 35.4834], [-113.2582, 35.4802], [-113.2581, 35.4586], [-113.2199, 35.4586], [-113.2123, 35.4661], [-113.205, 35.4777], [-113.2049, 35.4875], [-113.1883, 35.4876], [-113.1864, 35.4791], [-113.1877, 35.477], [-113.1961, 35.4768], [-113.196, 35.4731], [-113.2015, 35.4731], [-113.1956, 35.4658], [-113.1961, 35.4586], [-113.2136, 35.4586], [-113.2136, 35.451], [-113.2225, 35.4485], [-113.2227, 35.4296], [-113.2667, 35.4296], [-113.2669, 35.4388], [-113.2757, 35.4424], [-113.28, 35.4504], [-113.2863, 35.4539], [-113.2932, 35.4545], [-113.2932, 35.4587], [-113.2888, 35.4589], [-113.2887, 35.4673], [-113.2921, 35.4674], [-113.2924, 35.4694], [-113.295, 35.4701], [-113.2982, 35.4748], [-113.3051, 35.4762], [-113.3085, 35.4734], [-113.3095, 35.4697], [-113.318, 35.4673], [-113.333, 35.4663], [-113.3329, 35.3256], [-113.3359, 35.3258], [-113.3511, 35.3188], [-113.3591, 35.3287], [-113.3635, 35.3289], [-113.3652, 35.3271], [-113.3681, 35.3152], [-113.367, 35.3107], [-113.3703, 35.3071], [-113.3768, 35.304], [-113.3817, 35.3056], [-113.3895, 35.3045], [-113.4009, 35.308], [-113.4119, 35.3056], [-113.4138, 35.3036], [-113.4175, 35.3039], [-113.4288, 35.3108], [-113.4311, 35.3093], [-113.4332, 35.3108], [-113.4381, 35.3242], [-113.4494, 35.324], [-113.4522, 35.3256], [-113.4542, 35.3243], [-113.4554, 35.3173], [-113.4603, 35.3069], [-113.4719, 35.3015], [-113.476, 35.3163], [-113.4866, 35.3186], [-113.4895, 35.325], [-113.4921, 35.3258], [-113.4935, 35.3241], [-113.4935, 35.3283], [-113.5159, 35.3283], [-113.5159, 35.4849], [-113.5306, 35.4888], [-113.5409, 35.4857], [-113.5556, 35.486], [-113.553, 35.4817], [-113.5706, 35.4743], [-113.5719, 35.4731], [-113.5712, 35.4709], [-113.5753, 35.4703], [-113.5772, 35.4672], [-113.5809, 35.4668], [-113.5788, 35.4692], [-113.5843, 35.4685], [-113.6007, 35.4609], [-113.6014, 35.4588], [-113.6063, 35.4641], [-113.6299, 35.4526], [-113.6433, 35.4425], [-113.6484, 35.4339], [-113.6495, 35.4255], [-113.6474, 35.4116], [-113.6596, 35.4219], [-113.6728, 35.4155], [-113.6775, 35.4106], [-113.6941, 35.419], [-113.7007, 35.42], [-113.7021, 35.426], [-113.7084, 35.4312], [-113.7081, 35.4343], [-113.7061, 35.436], [-113.7083, 35.4441], [-113.7052, 35.4474], [-113.7058, 35.4533], [-113.704, 35.4588], [-113.7073, 35.461], [-113.7075, 35.4648], [-113.7052, 35.468], [-113.6981, 35.4668], [-113.6959, 35.4679], [-113.6953, 35.4778], [-113.6857, 35.475], [-113.6833, 35.4774], [-113.6821, 35.48], [-113.6843, 35.4956], [-113.6764, 35.4979], [-113.6772, 35.5022], [-113.6282, 35.5021], [-113.9044, 35.7717]]]}}, {"type": "Feature", "properties": {"zip": "85083", "total": 1335, "q1": 317, "q2": 341, "q3": 341, "q4": 336, "pop": 4829, "acsPriv": 583, "seats": 0}, "geometry": {"type": "Polygon", "coordinates": [[[-112.2063, 33.7772], [-112.206, 33.7807], [-112.1958, 33.7818], [-112.1687, 33.7689], [-112.1291, 33.7691], [-112.1146, 33.6999], [-112.1248, 33.7011], [-112.1304, 33.6985], [-112.1349, 33.6983], [-112.1351, 33.7149], [-112.1424, 33.7149], [-112.1439, 33.7144], [-112.1437, 33.7128], [-112.2033, 33.7123], [-112.2036, 33.7511], [-112.2022, 33.7569], [-112.2033, 33.7615], [-112.2016, 33.7675], [-112.2038, 33.7712], [-112.2032, 33.7744], [-112.2063, 33.7772]]]}}, {"type": "Feature", "properties": {"zip": "85020", "total": 1349, "q1": 319, "q2": 334, "q3": 348, "q4": 348, "pop": 3940, "acsPriv": 682, "seats": 379}, "geometry": {"type": "Polygon", "coordinates": [[[-112.08, 33.5676], [-112.0739, 33.5677], [-112.0752, 33.5775], [-112.0737, 33.5772], [-112.073, 33.5796], [-112.0706, 33.5797], [-112.0712, 33.5821], [-112.0738, 33.5826], [-112.0645, 33.5832], [-112.0635, 33.585], [-112.0664, 33.5924], [-112.0651, 33.6076], [-112.058, 33.607], [-112.0454, 33.599], [-112.0379, 33.5969], [-112.039, 33.5957], [-112.0396, 33.5712], [-112.0416, 33.5712], [-112.0417, 33.5695], [-112.0385, 33.5691], [-112.0361, 33.5636], [-112.0383, 33.5607], [-112.0386, 33.5495], [-112.0302, 33.5497], [-112.0306, 33.538], [-112.0738, 33.5383], [-112.0739, 33.5533], [-112.0751, 33.554], [-112.0739, 33.555], [-112.0751, 33.562], [-112.0739, 33.5623], [-112.08, 33.5676]]]}}, {"type": "Feature", "properties": {"zip": "86508", "total": 8, "q1": 2, "q2": 2, "q3": 2, "q4": 2, "pop": 114, "acsPriv": 0, "seats": 0}, "geometry": {"type": "Polygon", "coordinates": [[[-109.1759, 35.3935], [-109.1434, 35.4086], [-109.1253, 35.4216], [-109.116, 35.4339], [-109.1251, 35.4536], [-109.1141, 35.4637], [-109.1099, 35.4739], [-109.1051, 35.4763], [-109.1043, 35.4808], [-109.1018, 35.4829], [-109.0935, 35.4849], [-109.0916, 35.4834], [-109.0901, 35.4844], [-109.0857, 35.4832], [-109.0656, 35.4878], [-109.0466, 35.4869], [-109.046, 35.2143], [-109.0507, 35.2138], [-109.0575, 35.2034], [-109.069, 35.1964], [-109.0808, 35.1914], [-109.096, 35.2009], [-109.1075, 35.2047], [-109.1103, 35.2082], [-109.1096, 35.2121], [-109.1116, 35.2189], [-109.1168, 35.2227], [-109.1199, 35.2283], [-109.123, 35.2296], [-109.1189, 35.2356], [-109.1231, 35.2425], [-109.1192, 35.2496], [-109.1202, 35.2511], [-109.1124, 35.2538], [-109.1054, 35.2636], [-109.0974, 35.2674], [-109.0999, 35.2692], [-109.0996, 35.273], [-109.0939, 35.274], [-109.0963, 35.281], [-109.0913, 35.2836], [-109.0913, 35.2862], [-109.0896, 35.2857], [-109.0922, 35.2894], [-109.0973, 35.2906], [-109.0888, 35.2958], [-109.0714, 35.3125], [-109.0573, 35.3139], [-109.056, 35.3154], [-109.061, 35.3195], [-109.0711, 35.3231], [-109.0726, 35.3267], [-109.0718, 35.3292], [-109.0959, 35.3093], [-109.106, 35.3036], [-109.106, 35.3101], [-109.1073, 35.3112], [-109.1017, 35.3138], [-109.0999, 35.3197], [-109.1012, 35.3228], [-109.1213, 35.3138], [-109.1288, 35.3228], [-109.1303, 35.3298], [-109.1331, 35.3345], [-109.1314, 35.3461], [-109.1332, 35.3495], [-109.1294, 35.3568], [-109.1302, 35.3582], [-109.1364, 35.353], [-109.1394, 35.3616], [-109.1374, 35.3658], [-109.1401, 35.3697], [-109.1371, 35.3789], [-109.1426, 35.3835], [-109.1585, 35.3757], [-109.1618, 35.3764], [-109.1705, 35.374], [-109.1759, 35.3935]]]}}, {"type": "Feature", "properties": {"zip": "86021", "total": 1585, "q1": 322, "q2": 399, "q3": 428, "q4": 436, "pop": 1594, "acsPriv": 534, "seats": 0}, "geometry": {"type": "Polygon", "coordinates": [[[-113.2745, 37.0], [-113.0553, 37.0001], [-112.8614, 37.0005], [-112.8686, 36.989], [-112.8702, 36.982], [-112.8694, 36.9784], [-112.8716, 36.9757], [-112.8701, 36.973], [-112.8719, 36.9704], [-112.8704, 36.9655], [-112.8746, 36.9616], [-112.8746, 36.9468], [-113.0055, 36.947], [-113.0098, 36.9437], [-113.01, 36.9252], [-113.0168, 36.9191], [-113.0239, 36.8935], [-113.0502, 36.8691], [-113.0572, 36.852], [-113.0574, 36.8401], [-113.119, 36.8193], [-113.1348, 36.8202], [-113.147, 36.8179], [-113.1661, 36.8204], [-113.1764, 36.8198], [-113.1778, 36.8178], [-113.183, 36.8193], [-113.1893, 36.8186], [-113.1933, 36.8164], [-113.1948, 36.8108], [-113.2033, 36.8067], [-113.2078, 36.8006], [-113.2125, 36.8029], [-113.2144, 36.8083], [-113.2327, 36.8266], [-113.2279, 36.8363], [-113.2237, 36.8576], [-113.2243, 36.8616], [-113.2302, 36.8672], [-113.2283, 36.8679], [-113.2299, 36.8718], [-113.2293, 36.877], [-113.2252, 36.8797], [-113.2165, 36.8816], [-113.2259, 36.8828], [-113.2261, 36.8931], [-113.2377, 36.9062], [-113.2399, 36.9129], [-113.2376, 36.9461], [-113.2383, 36.9547], [-113.2471, 36.9682], [-113.2584, 36.9764], [-113.2575, 36.979], [-113.272, 36.9914], [-113.2745, 37.0]]]}}, {"type": "Feature", "properties": {"zip": "85933", "total": 100, "q1": 25, "q2": 25, "q3": 25, "q4": 25, "pop": 592, "acsPriv": 0, "seats": 0}, "geometry": {"type": "Polygon", "coordinates": [[[-110.6273, 34.2895], [-110.626, 34.2913], [-110.6271, 34.2954], [-110.6201, 34.2943], [-110.6083, 34.3015], [-110.6015, 34.2981], [-110.6021, 34.305], [-110.5967, 34.3084], [-110.5927, 34.3181], [-110.6029, 34.3199], [-110.5951, 34.3278], [-110.591, 34.3298], [-110.5854, 34.33], [-110.5786, 34.3372], [-110.5801, 34.3461], [-110.5788, 34.3501], [-110.5844, 34.3587], [-110.5855, 34.371], [-110.5885, 34.3686], [-110.5961, 34.3679], [-110.5953, 34.3786], [-110.5931, 34.3863], [-110.5984, 34.3925], [-110.5941, 34.3976], [-110.5922, 34.4034], [-110.5882, 34.4035], [-110.5872, 34.4018], [-110.586, 34.4037], [-110.5875, 34.4064], [-110.5937, 34.4064], [-110.5957, 34.4109], [-110.5947, 34.4122], [-110.5959, 34.4113], [-110.5984, 34.4157], [-110.5984, 34.4208], [-110.5956, 34.4255], [-110.5965, 34.4297], [-110.5916, 34.4317], [-110.5926, 34.4332], [-110.5905, 34.4357], [-110.59, 34.433], [-110.5878, 34.4319], [-110.5868, 34.4329], [-110.5746, 34.4295], [-110.5669, 34.4302], [-110.5673, 34.4325], [-110.5644, 34.4346], [-110.5615, 34.4401], [-110.5548, 34.4441], [-110.5504, 34.4513], [-110.542, 34.4585], [-110.5346, 34.4696], [-110.5148, 34.4746], [-110.5149, 34.467], [-110.5095, 34.4611], [-110.4999, 34.4607], [-110.5017, 34.46], [-110.5023, 34.4573], [-110.5011, 34.4497], [-110.4954, 34.4458], [-110.4951, 34.4413], [-110.5048, 34.4296], [-110.507, 34.4245], [-110.5185, 34.4168], [-110.5104, 34.415], [-110.5147, 34.4129], [-110.5124, 34.407], [-110.5154, 34.406], [-110.5168, 34.3977], [-110.5156, 34.3933], [-110.4897, 34.3824], [-110.4712, 34.3797], [-110.4643, 34.384], [-110.457, 34.3951], [-110.4442, 34.4072], [-110.4311, 34.4085], [-110.4207, 34.4014], [-110.4108, 34.4025], [-110.4061, 34.4064], [-110.4047, 34.4031], [-110.4021, 34.403], [-110.399, 34.3894], [-110.3889, 34.3862], [-110.3899, 34.3808], [-110.3878, 34.3772], [-110.3831, 34.3587], [-110.3909, 34.3572], [-110.4065, 34.3438], [-110.408, 34.3391], [-110.4009, 34.3385], [-110.4128, 34.3163], [-110.4163, 34.3161], [-110.4183, 34.3176], [-110.4171, 34.3132], [-110.4213, 34.3065], [-110.4283, 34.3056], [-110.4311, 34.3071], [-110.437, 34.3004], [-110.4407, 34.3001], [-110.456, 34.3054], [-110.4569, 34.3029], [-110.4706, 34.3034], [-110.4757, 34.3004], [-110.5118, 34.303], [-110.5221, 34.2971], [-110.524, 34.2925], [-110.5339, 34.2849], [-110.5403, 34.2825], [-110.5404, 34.2775], [-110.5377, 34.2743], [-110.545, 34.271], [-110.5525, 34.2735], [-110.5654, 34.2813], [-110.5689, 34.2748], [-110.5714, 34.2743], [-110.5768, 34.2767], [-110.5822, 34.2817], [-110.5841, 34.2874], [-110.597, 34.2913], [-110.6012, 34.2892], [-110.6166, 34.2867], [-110.6257, 34.2878], [-110.6273, 34.2895]]]}}, {"type": "Feature", "properties": {"zip": "85546", "total": 689, "q1": 160, "q2": 168, "q3": 179, "q4": 182, "pop": 3526, "acsPriv": 339, "seats": 0}, "geometry": {"type": "Polygon", "coordinates": [[[-109.9125, 32.7041], [-109.9095, 32.7077], [-109.9103, 32.7122], [-109.9024, 32.7229], [-109.895, 32.7274], [-109.8908, 32.7344], [-109.8845, 32.7373], [-109.8793, 32.7423], [-109.8785, 32.7472], [-109.8807, 32.7526], [-109.8704, 32.7648], [-109.8613, 32.7718], [-109.8521, 32.7924], [-109.8468, 32.7973], [-109.8422, 32.7987], [-109.841, 32.8023], [-109.8383, 32.8033], [-109.8372, 32.806], [-109.8398, 32.8143], [-109.8372, 32.822], [-109.8358, 32.8217], [-109.8333, 32.8257], [-109.8277, 32.8286], [-109.826, 32.8262], [-109.8283, 32.8215], [-109.8269, 32.8108], [-109.8294, 32.8008], [-109.8326, 32.7974], [-109.8339, 32.7916], [-109.8378, 32.7853], [-109.832, 32.7852], [-109.8255, 32.7874], [-109.8228, 32.7876], [-109.8338, 32.7816], [-109.8376, 32.7816], [-109.8411, 32.7785], [-109.8402, 32.7735], [-109.8424, 32.7711], [-109.8417, 32.768], [-109.8438, 32.7628], [-109.8396, 32.7603], [-109.8396, 32.7472], [-109.8358, 32.7478], [-109.8342, 32.7534], [-109.832, 32.7531], [-109.829, 32.7561], [-109.8177, 32.7557], [-109.8021, 32.7593], [-109.7974, 32.7633], [-109.7945, 32.7702], [-109.7851, 32.7792], [-109.7842, 32.7779], [-109.7747, 32.7858], [-109.7695, 32.7862], [-109.7652, 32.7915], [-109.7629, 32.7915], [-109.7628, 32.8076], [-109.7488, 32.8135], [-109.7415, 32.8144], [-109.7431, 32.8169], [-109.7414, 32.8168], [-109.7414, 32.8277], [-109.733, 32.8278], [-109.7328, 32.8539], [-109.7402, 32.8567], [-109.7508, 32.87], [-109.7616, 32.8734], [-109.7784, 32.8888], [-109.7873, 32.8907], [-109.7924, 32.8898], [-109.7969, 32.8952], [-109.8025, 32.8979], [-109.8047, 32.903], [-109.8093, 32.9064], [-109.8012, 32.9072], [-109.8009, 32.9037], [-109.7792, 32.9036], [-109.7761, 32.9097], [-109.7718, 32.9134], [-109.7693, 32.9218], [-109.7618, 32.9288], [-109.7605, 32.9445], [-109.7567, 32.9445], [-109.7568, 32.9367], [-109.7436, 32.9351], [-109.7354, 32.9319], [-109.7243, 32.9365], [-109.7232, 32.9251], [-109.7171, 32.9233], [-109.7136, 32.9189], [-109.712, 32.919], [-109.7262, 32.9072], [-109.7166, 32.9054], [-109.7144, 32.9023], [-109.7144, 32.8977], [-109.704, 32.8959], [-109.7029, 32.8924], [-109.6983, 32.8887], [-109.6977, 32.8844], [-109.681, 32.8792], [-109.6755, 32.8881], [-109.6753, 32.856], [-109.6647, 32.857], [-109.6649, 32.8455], [-109.6477, 32.8454], [-109.6284, 32.8382], [-109.6441, 32.8485], [-109.6455, 32.8518], [-109.6439, 32.8593], [-109.6231, 32.8753], [-109.6202, 32.8804], [-109.601, 32.8961], [-109.5949, 32.9057], [-109.5911, 32.9073], [-109.5892, 32.9137], [-109.5908, 32.915], [-109.5807, 32.9201], [-109.5772, 32.9279], [-109.5785, 32.9304], [-109.5714, 32.9356], [-109.5489, 32.9442], [-109.5388, 32.9443], [-109.5365, 32.9458], [-109.5363, 32.9478], [-109.5322, 32.9491], [-109.5123, 32.9375], [-109.5037, 32.9219], [-109.4986, 32.9205], [-109.4991, 32.917], [-109.4959, 32.9103], [-109.5014, 32.9017], [-109.4949, 32.8893], [-109.4958, 32.8883], [-109.4976, 32.8898], [-109.4982, 32.8857], [-109.503, 32.8847], [-109.5089, 32.882], [-109.5112, 32.8772], [-109.5108, 32.8751], [-109.5121, 32.8698], [-109.5123, 32.8645], [-109.5105, 32.8743], [-109.5108, 32.8769], [-109.5084, 32.8821], [-109.4979, 32.8857], [-109.4963, 32.8876], [-109.4871, 32.8846], [-109.4875, 32.8831], [-109.4806, 32.8817], [-109.4767, 32.885], [-109.4749, 32.8897], [-109.4784, 32.8919], [-109.4781, 32.8936], [-109.4596, 32.9015], [-109.4586, 32.9052], [-109.461, 32.9083], [-109.4606, 32.911], [-109.4534, 32.9175], [-109.4558, 32.92], [-109.4619, 32.9197], [-109.4641, 32.9222], [-109.4635, 32.9251], [-109.4529, 32.9271], [-109.4502, 32.9332], [-109.4473, 32.9349], [-109.4452, 32.9333], [-109.447, 32.9309], [-109.442, 32.9299], [-109.4358, 32.9335], [-109.4371, 32.9364], [-109.4359, 32.9369], [-109.4327, 32.9365], [-109.4291, 32.9319], [-109.4251, 32.9316], [-109.4247, 32.9341], [-109.4269, 32.9356], [-109.4272, 32.9383], [-109.421, 32.9432], [-109.4198, 32.9465], [-109.4116, 32.9517], [-109.4129, 32.9586], [-109.3334, 32.8433], [-109.3181, 32.8428], [-109.2524, 32.7502], [-109.2482, 32.7502], [-109.233, 32.7185], [-109.2619, 32.7223], [-109.2678, 32.7162], [-109.2793, 32.7106], [-109.2943, 32.7045], [-109.2992, 32.7051], [-109.3077, 32.6722], [-109.3098, 32.6563], [-109.3125, 32.6505], [-109.3185, 32.6473], [-109.3331, 32.6511], [-109.3331, 32.6533], [-109.3338, 32.6517], [-109.3352, 32.6522], [-109.326, 32.6003], [-109.3581, 32.6002], [-109.3686, 32.5928], [-109.376, 32.5905], [-109.3782, 32.5864], [-109.378, 32.5834], [-109.3819, 32.5807], [-109.3812, 32.5686], [-109.3834, 32.566], [-109.3823, 32.5629], [-109.3848, 32.5563], [-109.3833, 32.5535], [-109.3867, 32.5488], [-109.3962, 32.5498], [-109.3977, 32.5425], [-109.4097, 32.5351], [-109.4183, 32.5254], [-109.4233, 32.5233], [-109.4386, 32.5213], [-109.4405, 32.5218], [-109.4493, 32.5355], [-109.4659, 32.5418], [-109.4764, 32.5496], [-109.4882, 32.554], [-109.4926, 32.5572], [-109.5091, 32.5791], [-109.5096, 32.5938], [-109.513, 32.5936], [-109.5096, 32.5959], [-109.5121, 32.6139], [-109.5087, 32.6237], [-109.5181, 32.626], [-109.5238, 32.6374], [-109.5229, 32.642], [-109.5251, 32.6544], [-109.5197, 32.657], [-109.5184, 32.6637], [-109.511, 32.6758], [-109.5062, 32.7008], [-109.5392, 32.7322], [-109.5503, 32.7375], [-109.5566, 32.7439], [-109.5635, 32.7726], [-109.5852, 32.7897], [-109.5928, 32.7926], [-109.5882, 32.7967], [-109.593, 32.7985], [-109.599, 32.7978], [-109.6027, 32.7993], [-109.6089, 32.7992], [-109.6131, 32.8023], [-109.6128, 32.8066], [-109.6081, 32.8078], [-109.6006, 32.8128], [-109.6168, 32.8129], [-109.6348, 32.8166], [-109.6349, 32.8129], [-109.6266, 32.8111], [-109.6307, 32.8103], [-109.6308, 32.8021], [-109.6453, 32.8021], [-109.6344, 32.7965], [-109.6132, 32.7787], [-109.6088, 32.7681], [-109.5829, 32.7407], [-109.5609, 32.7105], [-109.5572, 32.6964], [-109.553, 32.6888], [-109.5507, 32.6654], [-109.5449, 32.6479], [-109.5473, 32.6508], [-109.588, 32.671], [-109.5946, 32.6705], [-109.601, 32.6732], [-109.6122, 32.6738], [-109.6161, 32.677], [-109.6205, 32.6852], [-109.6617, 32.6837], [-109.6882, 32.6295], [-109.6851, 32.6041], [-109.6863, 32.6038], [-109.6741, 32.5269], [-109.6736, 32.472], [-109.6726, 32.4726], [-109.6645, 32.453], [-109.6632, 32.4267], [-109.7895, 32.4271], [-109.7899, 32.5141], [-109.7863, 32.5144], [-109.7865, 32.5354], [-109.8045, 32.5354], [-109.8049, 32.5665], [-109.8139, 32.5705], [-109.8276, 32.5706], [-109.8354, 32.5744], [-109.8484, 32.5778], [-109.8539, 32.5852], [-109.8562, 32.5935], [-109.8615, 32.5967], [-109.8705, 32.5975], [-109.8727, 32.6675], [-109.8756, 32.6668], [-109.878, 32.6702], [-109.8805, 32.6685], [-109.8837, 32.6712], [-109.8833, 32.6725], [-109.8868, 32.6729], [-109.8874, 32.6746], [-109.8843, 32.6773], [-109.8848, 32.6786], [-109.8873, 32.678], [-109.8883, 32.6796], [-109.8902, 32.6789], [-109.8953, 32.6806], [-109.8968, 32.6839], [-109.8941, 32.6866], [-109.8996, 32.6875], [-109.901, 32.6902], [-109.8998, 32.6925], [-109.9027, 32.6934], [-109.9045, 32.692], [-109.905, 32.6951], [-109.9076, 32.6939], [-109.9071, 32.6967], [-109.9095, 32.6967], [-109.9104, 32.7017], [-109.9125, 32.7041]]]}}, {"type": "Feature", "properties": {"zip": "85360", "total": 25, "q1": 4, "q2": 7, "q3": 7, "q4": 7, "pop": 5, "acsPriv": 0, "seats": 0}, "geometry": {"type": "Polygon", "coordinates": [[[-113.9836, 34.2665], [-113.9773, 34.2729], [-113.9752, 34.278], [-113.9777, 34.287], [-113.7996, 34.3637], [-113.7857, 34.3719], [-113.7718, 34.3849], [-113.7694, 34.3925], [-113.7615, 34.3961], [-113.7566, 34.402], [-113.7298, 34.4215], [-113.707, 34.4429], [-113.7176, 34.4523], [-113.7178, 34.4568], [-113.7137, 34.4618], [-113.717, 34.4738], [-113.7317, 34.4888], [-113.733, 34.4953], [-113.7364, 34.501], [-113.7347, 34.5072], [-113.7375, 34.5127], [-113.7398, 34.5287], [-113.7473, 34.5391], [-113.7531, 34.5438], [-113.7564, 34.5516], [-113.7629, 34.5554], [-113.769, 34.5636], [-113.7784, 34.5698], [-113.7779, 34.8051], [-113.8126, 34.8057], [-113.8127, 34.8161], [-113.8079, 34.8214], [-113.8085, 34.8227], [-113.8055, 34.8236], [-113.8059, 34.8251], [-113.803, 34.829], [-113.8015, 34.8285], [-113.8013, 34.8315], [-113.7962, 34.8317], [-113.7954, 34.8333], [-113.7906, 34.8255], [-113.7879, 34.8263], [-113.784, 34.8224], [-113.775, 34.8228], [-113.7701, 34.8188], [-113.7665, 34.8196], [-113.7623, 34.8174], [-113.7612, 34.8183], [-113.7623, 34.8204], [-113.7566, 34.8205], [-113.7525, 34.8219], [-113.7522, 34.8235], [-113.7435, 34.8244], [-113.7382, 34.8211], [-113.7308, 34.8232], [-113.6981, 34.8125], [-113.6894, 34.8117], [-113.6879, 34.808], [-113.6861, 34.8091], [-113.655, 34.8053], [-113.6283, 34.8061], [-113.6259, 34.8056], [-113.6246, 34.7987], [-113.6103, 34.7985], [-113.6127, 34.81], [-113.6113, 34.8211], [-113.6186, 34.8335], [-113.6183, 34.8376], [-113.621, 34.8414], [-113.6215, 34.848], [-113.6275, 34.8586], [-113.624, 34.8622], [-113.606, 34.8721], [-113.6008, 34.8766], [-113.6, 34.8801], [-113.603, 34.8851], [-113.6132, 34.8882], [-113.6164, 34.8911], [-113.6169, 34.8989], [-113.6082, 34.8976], [-113.6019, 34.9017], [-113.5857, 34.9057], [-113.5805, 34.9093], [-113.5729, 34.9111], [-113.5674, 34.9103], [-113.5658, 34.9137], [-113.5632, 34.9149], [-113.5396, 34.9121], [-113.5218, 34.9148], [-113.5171, 34.9176], [-113.5096, 34.9176], [-113.4985, 34.9113], [-113.4883, 34.8975], [-113.4876, 34.8926], [-113.4791, 34.8824], [-113.4566, 34.8795], [-113.4462, 34.8806], [-113.4435, 34.8825], [-113.4353, 34.8794], [-113.4272, 34.8731], [-113.4221, 34.8637], [-113.4106, 34.8583], [-113.4126, 34.8547], [-113.4115, 34.8526], [-113.4063, 34.8518], [-113.399, 34.8454], [-113.3633, 34.838], [-113.3583, 34.8424], [-113.3557, 34.8431], [-113.356, 34.8414], [-113.3547, 34.8413], [-113.3436, 34.8469], [-113.3391, 34.8518], [-113.333, 34.8541], [-113.3344, 34.5613], [-113.3334, 34.3179], [-113.3432, 34.3189], [-113.3439, 34.316], [-113.3415, 34.3123], [-113.3458, 34.3087], [-113.3505, 34.3006], [-113.359, 34.295], [-113.3705, 34.292], [-113.3865, 34.2949], [-113.3987, 34.3002], [-113.4123, 34.2944], [-113.4206, 34.2991], [-113.4331, 34.3015], [-113.4497, 34.2996], [-113.4666, 34.3041], [-113.4724, 34.302], [-113.4756, 34.3054], [-113.4822, 34.3031], [-113.4889, 34.3052], [-113.4945, 34.3029], [-113.5025, 34.3028], [-113.5106, 34.3044], [-113.5171, 34.3105], [-113.5236, 34.3088], [-113.5263, 34.3105], [-113.5308, 34.3102], [-113.5395, 34.3064], [-113.5537, 34.2857], [-113.5686, 34.2747], [-113.5692, 34.2693], [-113.5734, 34.2675], [-113.5833, 34.2579], [-113.5867, 34.2434], [-113.5972, 34.2372], [-113.5994, 34.2333], [-113.6043, 34.2299], [-113.6061, 34.2293], [-113.6077, 34.2317], [-113.6118, 34.2311], [-113.6174, 34.2274], [-113.6263, 34.2292], [-113.6342, 34.224], [-113.6359, 34.2248], [-113.639, 34.223], [-113.6418, 34.2276], [-113.6443, 34.2261], [-113.6434, 34.2236], [-113.6456, 34.2207], [-113.6483, 34.222], [-113.6548, 34.2167], [-113.6587, 34.2176], [-113.664, 34.2121], [-113.6663, 34.2136], [-113.6742, 34.2132], [-113.6794, 34.2098], [-113.6828, 34.2096], [-113.7054, 34.2105], [-113.7074, 34.2152], [-113.715, 34.2184], [-113.7147, 34.2213], [-113.7229, 34.2232], [-113.727, 34.2336], [-113.7323, 34.241], [-113.7439, 34.2401], [-113.7578, 34.2367], [-113.7747, 34.2289], [-113.7812, 34.2292], [-113.7946, 34.2367], [-113.8015, 34.2362], [-113.8126, 34.2325], [-113.8163, 34.2353], [-113.8196, 34.2323], [-113.8204, 34.2281], [-113.8349, 34.2232], [-113.839, 34.2248], [-113.8443, 34.2366], [-113.8497, 34.2425], [-113.8517, 34.2513], [-113.8577, 34.2534], [-113.8725, 34.2549], [-113.8957, 34.2488], [-113.9291, 34.2494], [-113.9396, 34.2549], [-113.9496, 34.2571], [-113.9633, 34.2581], [-113.9829, 34.2563], [-113.9813, 34.2635], [-113.9836, 34.2665]]]}}, {"type": "Feature", "properties": {"zip": "86323", "total": 1210, "q1": 281, "q2": 305, "q3": 315, "q4": 309, "pop": 2189, "acsPriv": 403, "seats": 0}, "geometry": {"type": "Polygon", "coordinates": [[[-112.5378, 34.7608], [-112.5372, 34.8061], [-112.5184, 34.8061], [-112.5216, 34.8227], [-112.528, 34.8245], [-112.5282, 34.8262], [-112.5305, 34.8265], [-112.5317, 34.8287], [-112.5271, 34.8333], [-112.5215, 34.8329], [-112.5224, 34.8515], [-112.5022, 34.8512], [-112.5024, 34.853], [-112.4975, 34.853], [-112.4973, 34.8492], [-112.4617, 34.8494], [-112.4619, 34.8363], [-112.4503, 34.8046], [-112.4482, 34.8047], [-112.4482, 34.8085], [-112.4439, 34.8085], [-112.4439, 34.8161], [-112.4342, 34.8165], [-112.4299, 34.8195], [-112.4302, 34.8049], [-112.3928, 34.8043], [-112.3932, 34.8089], [-112.3973, 34.8095], [-112.4008, 34.8146], [-112.3975, 34.8188], [-112.3854, 34.8193], [-112.3776, 34.8139], [-112.3771, 34.8116], [-112.3733, 34.8121], [-112.3702, 34.8052], [-112.3711, 34.7947], [-112.3607, 34.8003], [-112.3534, 34.8013], [-112.3473, 34.8043], [-112.3444, 34.8088], [-112.3411, 34.8105], [-112.3235, 34.8121], [-112.3214, 34.8154], [-112.3207, 34.8224], [-112.3169, 34.8259], [-112.3115, 34.8183], [-112.3068, 34.8182], [-112.3039, 34.8155], [-112.3007, 34.815], [-112.294, 34.7987], [-112.301, 34.7885], [-112.3009, 34.7862], [-112.3045, 34.785], [-112.3142, 34.7751], [-112.2808, 34.7872], [-112.2658, 34.7867], [-112.2275, 34.7975], [-112.22, 34.7977], [-112.2053, 34.8031], [-112.1866, 34.8027], [-112.1866, 34.796], [-112.1838, 34.792], [-112.1732, 34.7852], [-112.1756, 34.7826], [-112.1791, 34.7851], [-112.1798, 34.7823], [-112.1836, 34.7804], [-112.1853, 34.7823], [-112.1898, 34.7829], [-112.1918, 34.7802], [-112.1936, 34.7819], [-112.1955, 34.7813], [-112.1952, 34.7795], [-112.1997, 34.7786], [-112.2046, 34.7804], [-112.2044, 34.7753], [-112.21, 34.7792], [-112.2092, 34.7764], [-112.2165, 34.777], [-112.215, 34.7722], [-112.2182, 34.7727], [-112.2192, 34.7704], [-112.222, 34.7708], [-112.2229, 34.7693], [-112.2276, 34.7738], [-112.2293, 34.7719], [-112.2279, 34.7676], [-112.2369, 34.7578], [-112.24, 34.757], [-112.2441, 34.7589], [-112.2486, 34.7575], [-112.2715, 34.7455], [-112.2964, 34.7368], [-112.2965, 34.7482], [-112.3293, 34.7557], [-112.3413, 34.744], [-112.3452, 34.7316], [-112.353, 34.7162], [-112.3661, 34.7162], [-112.378, 34.705], [-112.397, 34.6976], [-112.3997, 34.687], [-112.3985, 34.6812], [-112.4066, 34.6728], [-112.4072, 34.6688], [-112.4159, 34.6628], [-112.412, 34.6633], [-112.4133, 34.6615], [-112.4228, 34.6585], [-112.4288, 34.654], [-112.4357, 34.6555], [-112.4494, 34.7018], [-112.4652, 34.7016], [-112.4651, 34.7163], [-112.4832, 34.7164], [-112.4835, 34.731], [-112.5016, 34.7308], [-112.5014, 34.7161], [-112.5194, 34.716], [-112.5194, 34.7305], [-112.5286, 34.7304], [-112.5287, 34.7382], [-112.524, 34.7379], [-112.524, 34.7452], [-112.5195, 34.745], [-112.5193, 34.7596], [-112.5378, 34.7608]]]}}, {"type": "Feature", "properties": {"zip": "85534", "total": 30, "q1": 6, "q2": 8, "q3": 8, "q4": 8, "pop": 452, "acsPriv": 30, "seats": 0}, "geometry": {"type": "Polygon", "coordinates": [[[-109.3381, 32.85], [-109.323, 32.852], [-109.31, 32.8496], [-109.2961, 32.8534], [-109.2917, 32.8676], [-109.2787, 32.8844], [-109.2737, 32.8888], [-109.2714, 32.8966], [-109.2553, 32.9105], [-109.2456, 32.9229], [-109.2391, 32.9278], [-109.232, 32.947], [-109.2268, 32.9494], [-109.2188, 32.9581], [-109.207, 32.9623], [-109.2064, 32.9677], [-109.1944, 32.9764], [-109.0475, 32.9764], [-109.0479, 32.4264], [-109.1142, 32.4264], [-109.2261, 32.5291], [-109.226, 32.543], [-109.2113, 32.5843], [-109.2195, 32.6017], [-109.2062, 32.6358], [-109.213, 32.6536], [-109.2138, 32.6807], [-109.2482, 32.7502], [-109.2524, 32.7502], [-109.3181, 32.8428], [-109.3334, 32.8433], [-109.3381, 32.85]]]}}, {"type": "Feature", "properties": {"zip": "85552", "total": 255, "q1": 55, "q2": 63, "q3": 69, "q4": 68, "pop": 1419, "acsPriv": 214, "seats": 0}, "geometry": {"type": "Polygon", "coordinates": [[[-109.8438, 32.7631], [-109.8417, 32.768], [-109.8424, 32.7711], [-109.8402, 32.7735], [-109.8415, 32.7764], [-109.8401, 32.7801], [-109.8358, 32.7823], [-109.8338, 32.7816], [-109.8228, 32.7876], [-109.8378, 32.7853], [-109.8339, 32.7916], [-109.8326, 32.7974], [-109.8294, 32.8008], [-109.8274, 32.8077], [-109.8283, 32.8215], [-109.826, 32.8262], [-109.8277, 32.8286], [-109.8215, 32.8351], [-109.8175, 32.8353], [-109.8132, 32.8385], [-109.8098, 32.8496], [-109.8016, 32.8565], [-109.8014, 32.8638], [-109.7972, 32.8602], [-109.7859, 32.8604], [-109.7842, 32.8591], [-109.7842, 32.8602], [-109.7798, 32.8602], [-109.78, 32.855], [-109.7749, 32.8507], [-109.7692, 32.8491], [-109.7692, 32.8531], [-109.7671, 32.853], [-109.767, 32.875], [-109.7657, 32.8778], [-109.7616, 32.8734], [-109.7508, 32.87], [-109.7414, 32.8577], [-109.7328, 32.8539], [-109.733, 32.8278], [-109.7414, 32.8277], [-109.7414, 32.8168], [-109.7431, 32.8169], [-109.7415, 32.8144], [-109.7488, 32.8135], [-109.7628, 32.8076], [-109.7629, 32.7915], [-109.7652, 32.7915], [-109.7695, 32.7862], [-109.7747, 32.7858], [-109.7842, 32.7779], [-109.7851, 32.7792], [-109.7945, 32.7702], [-109.7974, 32.7633], [-109.8021, 32.7593], [-109.8177, 32.7557], [-109.829, 32.7561], [-109.832, 32.7531], [-109.8342, 32.7534], [-109.8358, 32.7478], [-109.8396, 32.7472], [-109.8396, 32.7603], [-109.8438, 32.7631]]]}}, {"type": "Feature", "properties": {"zip": "85606", "total": 62, "q1": 16, "q2": 16, "q3": 15, "q4": 15, "pop": 190, "acsPriv": 24, "seats": 0}, "geometry": {"type": "Polygon", "coordinates": [[[-110.0441, 31.9926], [-110.0315, 31.9926], [-110.0315, 32.007], [-110.0144, 32.007], [-110.0146, 32.0214], [-110.0057, 32.0214], [-109.9771, 32.0303], [-109.9747, 32.04], [-109.9582, 32.0638], [-110.0266, 32.1065], [-109.9975, 32.1451], [-109.9913, 32.151], [-109.9784, 32.1556], [-109.9799, 32.1531], [-109.9784, 32.1498], [-109.9808, 32.1446], [-109.8407, 32.1453], [-109.8412, 32.0796], [-109.848, 32.0795], [-109.8478, 32.0505], [-109.8139, 32.0504], [-109.813, 31.9926], [-109.7959, 31.9926], [-109.7964, 31.949], [-109.8136, 31.9489], [-109.8136, 31.9634], [-109.8541, 31.9639], [-109.8813, 31.9633], [-109.8812, 31.9451], [-109.8983, 31.9451], [-109.8983, 31.9469], [-109.9065, 31.9469], [-109.9065, 31.9487], [-109.9365, 31.9488], [-109.9455, 31.9503], [-109.9455, 31.9491], [-109.9538, 31.9484], [-109.9637, 31.9256], [-109.954, 31.9102], [-109.9548, 31.8896], [-109.9523, 31.8807], [-109.9479, 31.8747], [-109.9478, 31.8707], [-109.9523, 31.8714], [-109.9554, 31.8751], [-109.953, 31.861], [-109.963, 31.8579], [-109.9674, 31.8544], [-109.9831, 31.8493], [-109.9923, 31.8507], [-109.9992, 31.8499], [-110.0031, 31.8469], [-110.0038, 31.8511], [-110.0066, 31.8544], [-110.0208, 31.8647], [-110.0209, 31.8708], [-110.0264, 31.8783], [-110.0309, 31.8766], [-110.0352, 31.8769], [-110.0436, 31.8837], [-110.0438, 31.9138], [-110.0377, 31.9212], [-110.044, 31.922], [-110.0441, 31.9926]]]}}, {"type": "Feature", "properties": {"zip": "85118", "total": 168, "q1": 36, "q2": 42, "q3": 42, "q4": 48, "pop": 584, "acsPriv": 25, "seats": 0}, "geometry": {"type": "Polygon", "coordinates": [[[-111.4887, 33.3791], [-111.4769, 33.3789], [-111.4768, 33.3934], [-111.4596, 33.3935], [-111.4596, 33.4077], [-111.4769, 33.4078], [-111.4768, 33.4659], [-111.2697, 33.4659], [-111.269, 33.2805], [-111.2817, 33.2744], [-111.2939, 33.2614], [-111.3014, 33.2576], [-111.3383, 33.2559], [-111.3401, 33.2527], [-111.3385, 33.256], [-111.3489, 33.2652], [-111.3865, 33.2928], [-111.4386, 33.2927], [-111.4205, 33.2986], [-111.4186, 33.3002], [-111.4189, 33.3038], [-111.412, 33.3075], [-111.4595, 33.3071], [-111.4594, 33.3446], [-111.471, 33.3401], [-111.477, 33.3404], [-111.4769, 33.3654], [-111.478, 33.3666], [-111.4769, 33.3695], [-111.4887, 33.3791]]]}}, {"type": "Feature", "properties": {"zip": "86315", "total": 1072, "q1": 243, "q2": 266, "q3": 282, "q4": 281, "pop": 1561, "acsPriv": 442, "seats": 0}, "geometry": {"type": "Polygon", "coordinates": [[[-112.4067, 34.6442], [-112.4047, 34.6494], [-112.3995, 34.6541], [-112.3985, 34.6642], [-112.3949, 34.6729], [-112.3948, 34.6761], [-112.3986, 34.6818], [-112.3997, 34.6867], [-112.397, 34.6976], [-112.378, 34.705], [-112.3661, 34.7162], [-112.353, 34.7162], [-112.3452, 34.7316], [-112.3413, 34.744], [-112.3293, 34.7557], [-112.2965, 34.7482], [-112.2964, 34.7368], [-112.2715, 34.7455], [-112.2486, 34.7575], [-112.2438, 34.7589], [-112.2397, 34.757], [-112.2353, 34.7592], [-112.239, 34.7555], [-112.2402, 34.7493], [-112.2395, 34.7366], [-112.2423, 34.7254], [-112.2417, 34.7214], [-112.2467, 34.7157], [-112.2016, 34.7156], [-112.2013, 34.6844], [-112.1965, 34.6768], [-112.2017, 34.6742], [-112.2018, 34.6721], [-112.207, 34.672], [-112.2019, 34.6721], [-112.2023, 34.5995], [-112.222, 34.5885], [-112.2238, 34.5848], [-112.2352, 34.5767], [-112.2378, 34.5718], [-112.2518, 34.5718], [-112.2519, 34.5751], [-112.2561, 34.5768], [-112.2597, 34.5865], [-112.2584, 34.5953], [-112.2419, 34.6262], [-112.273, 34.6254], [-112.2724, 34.6145], [-112.2812, 34.6146], [-112.2815, 34.6073], [-112.2858, 34.6073], [-112.2859, 34.6113], [-112.2901, 34.6114], [-112.2897, 34.6225], [-112.2925, 34.6216], [-112.2948, 34.6231], [-112.2978, 34.6287], [-112.307, 34.6288], [-112.3067, 34.6421], [-112.3275, 34.6386], [-112.3595, 34.6305], [-112.3753, 34.6292], [-112.3754, 34.6305], [-112.3863, 34.6311], [-112.3946, 34.6342], [-112.3946, 34.6436], [-112.4067, 34.6442]]]}}, {"type": "Feature", "properties": {"zip": "85347", "total": 40, "q1": 11, "q2": 10, "q3": 10, "q4": 9, "pop": 181, "acsPriv": 0, "seats": 0}, "geometry": {"type": "Polygon", "coordinates": [[[-114.1614, 32.78], [-113.97, 32.7808], [-113.9701, 32.7847], [-113.9524, 32.7888], [-113.9405, 32.7953], [-113.9186, 32.7953], [-113.9189, 32.8244], [-113.8525, 32.825], [-113.8547, 32.8192], [-113.8556, 32.8092], [-113.8523, 32.8045], [-113.8502, 32.8039], [-113.8001, 32.8157], [-113.7851, 32.8203], [-113.4706, 32.9603], [-113.3404, 33.021], [-113.3402, 33.0205], [-113.4673, 32.9614], [-113.5593, 32.9207], [-113.5583, 32.9057], [-113.5627, 32.9056], [-113.5628, 32.8983], [-113.5412, 32.8984], [-113.5411, 32.8585], [-113.547, 32.8605], [-113.5539, 32.86], [-113.5648, 32.8546], [-113.6056, 32.8546], [-113.6055, 32.8455], [-113.6002, 32.8452], [-113.598, 32.8424], [-113.5918, 32.8087], [-113.5918, 32.7988], [-113.5873, 32.7782], [-113.7112, 32.7318], [-113.7341, 32.729], [-113.7631, 32.7222], [-113.8502, 32.709], [-113.8501, 32.7123], [-113.8826, 32.7073], [-113.88, 32.7082], [-113.883, 32.7089], [-113.8843, 32.7126], [-113.8844, 32.73], [-113.8932, 32.7303], [-113.8934, 32.7376], [-113.8993, 32.7375], [-113.9017, 32.7366], [-113.9016, 32.7229], [-113.9361, 32.7231], [-113.9362, 32.7194], [-113.9404, 32.7194], [-113.9404, 32.7087], [-113.9523, 32.7084], [-113.9595, 32.703], [-113.9876, 32.7029], [-113.9875, 32.7172], [-113.978, 32.7193], [-113.9678, 32.7314], [-113.966, 32.7373], [-113.9707, 32.7372], [-113.9707, 32.7518], [-113.9878, 32.7517], [-113.9877, 32.7374], [-114.0016, 32.7372], [-114.0164, 32.7121], [-114.0219, 32.7076], [-114.022, 32.7155], [-114.039, 32.7195], [-114.0408, 32.7185], [-114.0467, 32.7223], [-114.074, 32.7221], [-114.0742, 32.729], [-114.1095, 32.7293], [-114.1117, 32.732], [-114.1142, 32.7316], [-114.1217, 32.7403], [-114.134, 32.7491], [-114.1346, 32.752], [-114.1434, 32.7563], [-114.1499, 32.7569], [-114.1496, 32.7603], [-114.1524, 32.7634], [-114.1511, 32.7674], [-114.1568, 32.7711], [-114.1574, 32.7738], [-114.1612, 32.7766], [-114.1614, 32.78]]]}}, {"type": "Feature", "properties": {"zip": "85352", "total": 8, "q1": 2, "q2": 2, "q3": 2, "q4": 2, "pop": 65, "acsPriv": 0, "seats": 0}, "geometry": {"type": "Polygon", "coordinates": [[[-114.0221, 32.6499], [-114.0221, 32.6817], [-113.9531, 32.6937], [-113.9532, 32.697], [-113.9703, 32.6944], [-113.9704, 32.7028], [-113.9595, 32.703], [-113.9515, 32.7085], [-113.9404, 32.7087], [-113.9404, 32.7194], [-113.9362, 32.7194], [-113.9361, 32.7231], [-113.9016, 32.7229], [-113.9017, 32.7366], [-113.8995, 32.7375], [-113.8934, 32.7376], [-113.8932, 32.7303], [-113.8844, 32.73], [-113.8843, 32.7126], [-113.883, 32.7089], [-113.88, 32.7082], [-113.8826, 32.7073], [-113.8501, 32.7123], [-113.8502, 32.709], [-113.7473, 32.7257], [-113.7471, 32.6943], [-113.8154, 32.694], [-113.8154, 32.6792], [-113.8844, 32.6791], [-113.884, 32.6649], [-113.9703, 32.6644], [-113.9701, 32.6498], [-114.0221, 32.6499]]]}}, {"type": "Feature", "properties": {"zip": "85131", "total": 260, "q1": 54, "q2": 65, "q3": 68, "q4": 73, "pop": 2059, "acsPriv": 25, "seats": 0}, "geometry": {"type": "Polygon", "coordinates": [[[-111.7925, 32.5066], [-111.7923, 32.568], [-111.777, 32.5682], [-111.7779, 32.5664], [-111.7759, 32.5604], [-111.7586, 32.5601], [-111.7584, 32.5645], [-111.737, 32.5647], [-111.7365, 32.5674], [-111.7324, 32.5713], [-111.7327, 32.5756], [-111.7242, 32.5756], [-111.7242, 32.5937], [-111.7074, 32.6039], [-111.697, 32.6225], [-111.672, 32.6227], [-111.672, 32.6461], [-111.6548, 32.6461], [-111.6547, 32.6754], [-111.6379, 32.6755], [-111.6657, 32.6973], [-111.6549, 32.6972], [-111.6549, 32.7193], [-111.6202, 32.7195], [-111.6199, 32.7485], [-111.637, 32.7485], [-111.6379, 32.7557], [-111.6363, 32.7702], [-111.654, 32.7706], [-111.6539, 32.7775], [-111.6514, 32.7775], [-111.6539, 32.7848], [-111.671, 32.785], [-111.671, 32.8049], [-111.6798, 32.8067], [-111.6798, 32.8146], [-111.6845, 32.8215], [-111.686, 32.8333], [-111.6668, 32.8213], [-111.6385, 32.8212], [-111.6368, 32.8236], [-111.6368, 32.8284], [-111.6312, 32.8213], [-111.6196, 32.8212], [-111.6195, 32.8357], [-111.5325, 32.8359], [-111.5325, 32.8504], [-111.515, 32.8513], [-111.5107, 32.8488], [-111.5107, 32.8359], [-111.4643, 32.8347], [-111.4374, 32.8233], [-111.4343, 32.8264], [-111.4311, 32.8356], [-111.4285, 32.8355], [-111.4294, 32.8208], [-111.4131, 32.8163], [-111.4171, 32.8154], [-111.4256, 32.8066], [-111.4256, 32.7549], [-111.424, 32.7556], [-111.4237, 32.7548], [-111.426, 32.7543], [-111.4259, 32.714], [-111.4327, 32.7074], [-111.4476, 32.7192], [-111.4476, 32.7269], [-111.4644, 32.7266], [-111.4644, 32.7197], [-111.4987, 32.7199], [-111.4988, 32.7174], [-111.5073, 32.7208], [-111.5139, 32.7258], [-111.5143, 32.7245], [-111.516, 32.7254], [-111.5157, 32.7268], [-111.5159, 32.7271], [-111.5167, 32.725], [-111.5111, 32.7217], [-111.5116, 32.7197], [-111.5159, 32.7196], [-111.5162, 32.6908], [-111.499, 32.6908], [-111.4995, 32.6176], [-111.4825, 32.6177], [-111.4824, 32.6144], [-111.4655, 32.6148], [-111.4661, 32.6055], [-111.4655, 32.6037], [-111.4652, 32.6073], [-111.4485, 32.6069], [-111.4485, 32.6023], [-111.4309, 32.5887], [-111.4034, 32.5886], [-111.3978, 32.5823], [-111.3979, 32.5703], [-111.407, 32.5703], [-111.4149, 32.5762], [-111.4154, 32.5703], [-111.4191, 32.5702], [-111.4194, 32.5666], [-111.424, 32.5667], [-111.4238, 32.5623], [-111.4219, 32.5595], [-111.4179, 32.559], [-111.4658, 32.5593], [-111.4657, 32.5206], [-111.4674, 32.5168], [-111.4732, 32.514], [-111.4734, 32.5101], [-111.4762, 32.509], [-111.4745, 32.5049], [-111.4773, 32.5013], [-111.5693, 32.5014], [-111.5693, 32.5068], [-111.7925, 32.5066]]]}}, {"type": "Feature", "properties": {"zip": "85396", "total": 2774, "q1": 624, "q2": 690, "q3": 739, "q4": 721, "pop": 8221, "acsPriv": 1019, "seats": 0}, "geometry": {"type": "Polygon", "coordinates": [[[-112.749, 33.4841], [-112.7446, 33.4937], [-112.7408, 33.5099], [-112.7458, 33.5232], [-112.745, 33.5366], [-112.7411, 33.5505], [-112.7408, 33.5584], [-112.7375, 33.5644], [-112.738, 33.5702], [-112.7411, 33.5771], [-112.7347, 33.5835], [-112.7354, 33.5879], [-112.7333, 33.597], [-112.7343, 33.6018], [-112.728, 33.6275], [-112.7283, 33.6318], [-112.7259, 33.6374], [-112.7232, 33.6394], [-112.7125, 33.6395], [-112.7125, 33.6425], [-112.7058, 33.6519], [-112.705, 33.6547], [-112.6992, 33.6597], [-112.6933, 33.6668], [-112.6899, 33.6669], [-112.6935, 33.667], [-112.7051, 33.6549], [-112.7125, 33.6427], [-112.7124, 33.6528], [-112.7033, 33.6587], [-112.6993, 33.665], [-112.6991, 33.6689], [-112.6972, 33.6707], [-112.6931, 33.6678], [-112.6895, 33.6709], [-112.6842, 33.6706], [-112.6772, 33.6756], [-112.6431, 33.6767], [-112.6018, 33.6897], [-112.5761, 33.6902], [-112.5613, 33.6996], [-112.5488, 33.6824], [-112.5558, 33.6824], [-112.5695, 33.6607], [-112.6116, 33.6606], [-112.6085, 33.6603], [-112.6085, 33.6533], [-112.6258, 33.6533], [-112.6258, 33.6388], [-112.6914, 33.6395], [-112.6866, 33.6251], [-112.6864, 33.5752], [-112.678, 33.5555], [-112.6777, 33.4647], [-112.6288, 33.4645], [-112.6416, 33.4821], [-112.6433, 33.5079], [-112.6375, 33.5082], [-112.6344, 33.505], [-112.6358, 33.5], [-112.6263, 33.497], [-112.6228, 33.504], [-112.6164, 33.5052], [-112.6132, 33.5087], [-112.5991, 33.4976], [-112.5896, 33.4927], [-112.5783, 33.4925], [-112.5765, 33.4871], [-112.5697, 33.4813], [-112.5697, 33.4829], [-112.561, 33.4829], [-112.5605, 33.4759], [-112.5459, 33.4756], [-112.5459, 33.4792], [-112.5373, 33.4792], [-112.5373, 33.4755], [-112.5308, 33.4754], [-112.5307, 33.518], [-112.5212, 33.5205], [-112.5208, 33.5225], [-112.4982, 33.5225], [-112.4965, 33.5213], [-112.4965, 33.4942], [-112.4788, 33.4937], [-112.4788, 33.4792], [-112.4723, 33.4792], [-112.4723, 33.4774], [-112.4702, 33.4774], [-112.4702, 33.4647], [-112.4615, 33.4647], [-112.4615, 33.4618], [-112.4788, 33.4623], [-112.4788, 33.4647], [-112.5422, 33.4645], [-112.5437, 33.4616], [-112.5477, 33.461], [-112.5477, 33.4575], [-112.5566, 33.4588], [-112.5565, 33.4449], [-112.607, 33.4286], [-112.6218, 33.4273], [-112.6442, 33.4334], [-112.6585, 33.4351], [-112.7295, 33.4511], [-112.7296, 33.4647], [-112.7123, 33.4648], [-112.7301, 33.4648], [-112.7296, 33.4782], [-112.749, 33.4841]]]}}, {"type": "Feature", "properties": {"zip": "86329", "total": 174, "q1": 40, "q2": 44, "q3": 45, "q4": 45, "pop": 485, "acsPriv": 299, "seats": 0}, "geometry": {"type": "Polygon", "coordinates": [[[-112.3575, 34.4684], [-112.3491, 34.4747], [-112.333, 34.4813], [-112.3281, 34.4824], [-112.3155, 34.4799], [-112.3053, 34.4841], [-112.2975, 34.4922], [-112.2858, 34.4996], [-112.2855, 34.5027], [-112.2835, 34.5042], [-112.2854, 34.5065], [-112.2826, 34.5066], [-112.2819, 34.5139], [-112.2747, 34.5137], [-112.2747, 34.5158], [-112.2716, 34.5173], [-112.2615, 34.5181], [-112.251, 34.5137], [-112.2497, 34.5155], [-112.2467, 34.5142], [-112.2465, 34.511], [-112.2406, 34.5108], [-112.2393, 34.5138], [-112.2314, 34.5134], [-112.2303, 34.5091], [-112.2278, 34.5068], [-112.2296, 34.5026], [-112.2247, 34.5026], [-112.2244, 34.5044], [-112.2118, 34.5044], [-112.2116, 34.5026], [-112.2057, 34.5024], [-112.2028, 34.4996], [-112.2052, 34.4997], [-112.2031, 34.4928], [-112.2032, 34.4844], [-112.254, 34.4846], [-112.2618, 34.4767], [-112.2635, 34.4712], [-112.2676, 34.4659], [-112.269, 34.47], [-112.2823, 34.4703], [-112.2801, 34.4661], [-112.2836, 34.4639], [-112.2806, 34.46], [-112.2837, 34.4596], [-112.2864, 34.4569], [-112.2961, 34.46], [-112.3148, 34.4569], [-112.3165, 34.4587], [-112.3356, 34.4593], [-112.3459, 34.4617], [-112.3539, 34.461], [-112.3575, 34.4684]]]}}, {"type": "Feature", "properties": {"zip": "86023", "total": 28, "q1": 8, "q2": 8, "q3": 6, "q4": 6, "pop": 187, "acsPriv": 45, "seats": 0}, "geometry": {"type": "Polygon", "coordinates": [[[-112.7631, 36.308], [-112.76, 36.3133], [-112.758, 36.3219], [-112.7545, 36.3248], [-112.749, 36.325], [-112.7337, 36.3177], [-112.7235, 36.319], [-112.7201, 36.3252], [-112.7265, 36.342], [-112.7226, 36.3469], [-112.6975, 36.3554], [-112.6893, 36.3538], [-112.6857, 36.3443], [-112.6816, 36.3417], [-112.6684, 36.3466], [-112.6532, 36.3617], [-112.651, 36.3661], [-112.6483, 36.3817], [-112.6399, 36.3888], [-112.6287, 36.3918], [-112.6107, 36.3928], [-112.6011, 36.3969], [-112.5836, 36.3954], [-112.5568, 36.4004], [-112.5384, 36.3995], [-112.5287, 36.3961], [-112.5213, 36.3912], [-112.5044, 36.3871], [-112.4822, 36.3775], [-112.4638, 36.3667], [-112.4559, 36.3559], [-112.4542, 36.3423], [-112.4579, 36.3334], [-112.4679, 36.3228], [-112.4925, 36.3046], [-112.4967, 36.2988], [-112.5003, 36.2871], [-112.5027, 36.2841], [-112.5073, 36.2804], [-112.5226, 36.2739], [-112.5242, 36.2705], [-112.5293, 36.2669], [-112.5309, 36.2629], [-112.5251, 36.2508], [-112.5172, 36.2451], [-112.4706, 36.2396], [-112.4605, 36.2337], [-112.4559, 36.2256], [-112.4544, 36.2143], [-112.4556, 36.2037], [-112.4549, 36.2004], [-112.4525, 36.1985], [-112.4421, 36.1981], [-112.4279, 36.2026], [-112.4249, 36.2065], [-112.4221, 36.2271], [-112.4145, 36.2352], [-112.395, 36.2435], [-112.3803, 36.245], [-112.3694, 36.2422], [-112.3586, 36.2431], [-112.3547, 36.2408], [-112.3526, 36.237], [-112.3432, 36.2369], [-112.34, 36.2336], [-112.334, 36.2163], [-112.3209, 36.1958], [-112.3102, 36.1831], [-112.3064, 36.1592], [-112.301, 36.1519], [-112.283, 36.1444], [-112.274, 36.1433], [-112.2624, 36.1456], [-112.2491, 36.1388], [-112.2447, 36.1349], [-112.2383, 36.1328], [-112.2339, 36.127], [-112.2284, 36.1114], [-112.2177, 36.1027], [-112.2006, 36.0969], [-112.1845, 36.0987], [-112.1757, 36.0978], [-112.1661, 36.0998], [-112.1576, 36.1049], [-112.1471, 36.1063], [-112.1403, 36.104], [-112.1319, 36.098], [-112.1248, 36.0963], [-112.1046, 36.101], [-112.0944, 36.0972], [-112.0884, 36.1009], [-112.0809, 36.1004], [-112.0563, 36.0884], [-112.0318, 36.0802], [-112.019, 36.0676], [-111.9972, 36.0555], [-111.9834, 36.05], [-111.969, 36.0501], [-111.9457, 36.0436], [-111.9329, 36.0466], [-111.9217, 36.0463], [-111.917, 36.0444], [-111.9058, 36.0461], [-111.9029, 36.0519], [-111.8949, 36.06], [-111.8915, 36.0661], [-111.8808, 36.0679], [-111.8706, 36.0744], [-111.8712, 36.0792], [-111.8776, 36.082], [-111.8766, 36.0859], [-111.8683, 36.0877], [-111.8572, 36.0873], [-111.8523, 36.0894], [-111.8496, 36.0935], [-111.8403, 36.0944], [-111.8383, 36.0979], [-111.8411, 36.101], [-111.8386, 36.1025], [-111.8328, 36.1039], [-111.8306, 36.1025], [-111.8282, 36.1033], [-111.8263, 36.1068], [-111.8299, 36.1131], [-111.8185, 36.131], [-111.816, 36.1411], [-111.8163, 36.1478], [-111.8113, 36.1631], [-111.8121, 36.17], [-111.8152, 36.1774], [-111.8124, 36.1843], [-111.8015, 36.1938], [-111.7966, 36.1922], [-111.7902, 36.1924], [-111.7838, 36.1898], [-111.7786, 36.1917], [-111.7748, 36.1981], [-111.7689, 36.1961], [-111.7628, 36.1985], [-111.7624, 36.0956], [-111.7597, 36.0364], [-111.7604, 36.0073], [-111.8405, 36.0059], [-111.8491, 36.0052], [-111.8491, 36.0], [-111.8722, 36.0], [-111.8709, 36.0041], [-111.8781, 36.012], [-111.8888, 36.008], [-111.8925, 36.0094], [-111.8956, 36.0072], [-111.9046, 36.0114], [-111.9082, 36.0113], [-111.9173, 36.0039], [-111.9257, 36.0015], [-111.9439, 35.9808], [-111.9524, 35.9809], [-111.9625, 35.9743], [-111.9658, 35.9701], [-111.9721, 35.9682], [-111.9686, 35.9657], [-111.9799, 35.963], [-111.9749, 35.9629], [-111.9784, 35.9607], [-111.9764, 35.9556], [-111.9908, 35.9533], [-111.9928, 35.9513], [-111.9916, 35.9494], [-111.9931, 35.9448], [-111.9926, 35.9343], [-112.0177, 35.9341], [-112.0161, 35.9354], [-112.026, 35.9552], [-112.0264, 35.9595], [-112.0511, 35.9593], [-112.0536, 35.9606], [-112.0737, 35.9565], [-112.0899, 35.9574], [-112.0895, 35.9547], [-112.0967, 35.9558], [-112.1175, 35.9371], [-112.1116, 35.9338], [-112.1308, 35.9337], [-112.1309, 35.9374], [-112.136, 35.9354], [-112.1448, 35.9397], [-112.1527, 35.9367], [-112.155, 35.9372], [-112.1545, 35.939], [-112.1611, 35.9326], [-112.1673, 35.9369], [-112.1636, 35.9404], [-112.1769, 35.945], [-112.1841, 35.9435], [-112.1873, 35.9488], [-112.193, 35.9509], [-112.2021, 35.9502], [-112.2042, 35.9515], [-112.2027, 35.9542], [-112.2035, 35.9565], [-112.219, 35.9607], [-112.2195, 35.9663], [-112.2148, 35.9763], [-112.2326, 36.0032], [-112.2457, 36.0074], [-112.2465, 36.0089], [-112.2466, 36.0188], [-112.2433, 36.0191], [-112.2443, 36.0409], [-112.2523, 36.0457], [-112.2643, 36.0485], [-112.3398, 36.1026], [-112.3497, 36.1057], [-112.3618, 36.1133], [-112.3696, 36.1109], [-112.3737, 36.1141], [-112.379, 36.1147], [-112.3805, 36.119], [-112.3851, 36.1202], [-112.3949, 36.1193], [-112.4001, 36.1235], [-112.3998, 36.1277], [-112.4019, 36.1307], [-112.4234, 36.1427], [-112.4258, 36.1438], [-112.4298, 36.1407], [-112.4593, 36.1404], [-112.4598, 36.1488], [-112.4664, 36.1494], [-112.4707, 36.1522], [-112.4754, 36.1592], [-112.4776, 36.1681], [-112.4812, 36.1738], [-112.4895, 36.1821], [-112.4912, 36.1873], [-112.4896, 36.1939], [-112.4835, 36.2013], [-112.4834, 36.2046], [-112.4907, 36.2053], [-112.4965, 36.21], [-112.5175, 36.2161], [-112.5231, 36.2076], [-112.5321, 36.2063], [-112.5571, 36.2225], [-112.5583, 36.2321], [-112.5509, 36.2409], [-112.564, 36.2605], [-112.5657, 36.2884], [-112.5694, 36.3085], [-112.5679, 36.3189], [-112.5638, 36.3263], [-112.5531, 36.3323], [-112.5489, 36.3365], [-112.5452, 36.3373], [-112.5363, 36.3341], [-112.5356, 36.3301], [-112.534, 36.329], [-112.5228, 36.3284], [-112.5218, 36.326], [-112.5062, 36.3395], [-112.4869, 36.3439], [-112.49, 36.3479], [-112.4947, 36.3467], [-112.5011, 36.3482], [-112.511, 36.3578], [-112.5121, 36.3569], [-112.51, 36.3531], [-112.5137, 36.3499], [-112.5291, 36.3431], [-112.5438, 36.3413], [-112.5507, 36.3438], [-112.5576, 36.3347], [-112.5594, 36.3463], [-112.5683, 36.3572], [-112.5727, 36.3577], [-112.5706, 36.3525], [-112.5633, 36.3483], [-112.5599, 36.3426], [-112.5604, 36.3392], [-112.5627, 36.3371], [-112.5769, 36.3348], [-112.5742, 36.3287], [-112.5841, 36.325], [-112.5949, 36.3243], [-112.6048, 36.3268], [-112.5915, 36.3199], [-112.5925, 36.309], [-112.5971, 36.3044], [-112.6006, 36.3042], [-112.5992, 36.3002], [-112.6022, 36.3027], [-112.6085, 36.3023], [-112.6104, 36.2982], [-112.5953, 36.2934], [-112.5933, 36.2859], [-112.604, 36.2824], [-112.6055, 36.2789], [-112.6125, 36.2727], [-112.6104, 36.2684], [-112.6148, 36.2639], [-112.6174, 36.2563], [-112.6246, 36.2584], [-112.6402, 36.2749], [-112.6498, 36.2772], [-112.6541, 36.2806], [-112.6595, 36.2819], [-112.6634, 36.2867], [-112.6646, 36.2853], [-112.6549, 36.2771], [-112.6548, 36.2746], [-112.6586, 36.272], [-112.7103, 36.2768], [-112.7246, 36.282], [-112.7302, 36.2824], [-112.7258, 36.2873], [-112.7312, 36.2906], [-112.733, 36.2936], [-112.7393, 36.2977], [-112.7461, 36.2966], [-112.7503, 36.2998], [-112.7549, 36.3006], [-112.7557, 36.3039], [-112.7593, 36.3045], [-112.7631, 36.308]]]}}, {"type": "Feature", "properties": {"zip": "85747", "total": 1266, "q1": 296, "q2": 307, "q3": 333, "q4": 330, "pop": 5819, "acsPriv": 543, "seats": 0}, "geometry": {"type": "Polygon", "coordinates": [[[-110.8584, 32.0297], [-110.818, 32.0296], [-110.8177, 32.0694], [-110.8299, 32.0758], [-110.807, 32.0756], [-110.8058, 32.0819], [-110.8238, 32.0932], [-110.8237, 32.1066], [-110.8395, 32.1154], [-110.832, 32.1149], [-110.8357, 32.1175], [-110.8361, 32.1205], [-110.8305, 32.1349], [-110.8256, 32.1378], [-110.8407, 32.1471], [-110.8409, 32.1628], [-110.7683, 32.1628], [-110.7552, 32.1545], [-110.7557, 32.1628], [-110.7465, 32.1627], [-110.7462, 32.1672], [-110.7457, 32.1627], [-110.7374, 32.163], [-110.7345, 32.16], [-110.7348, 32.1483], [-110.6871, 32.1476], [-110.6872, 32.133], [-110.6755, 32.1416], [-110.6695, 32.1427], [-110.6569, 32.1408], [-110.6508, 32.1362], [-110.6489, 32.133], [-110.6486, 32.1293], [-110.6533, 32.1293], [-110.6533, 32.1223], [-110.6549, 32.1219], [-110.6551, 32.1237], [-110.6613, 32.1194], [-110.6657, 32.1198], [-110.6666, 32.1179], [-110.6702, 32.1186], [-110.6702, 32.115], [-110.6787, 32.115], [-110.6788, 32.1079], [-110.683, 32.1079], [-110.6831, 32.1042], [-110.6875, 32.1043], [-110.6876, 32.0976], [-110.7107, 32.121], [-110.721, 32.1277], [-110.7215, 32.1009], [-110.7241, 32.0998], [-110.7233, 32.0971], [-110.7324, 32.1006], [-110.7358, 32.0985], [-110.7564, 32.0952], [-110.7552, 32.0912], [-110.747, 32.0868], [-110.7471, 32.0827], [-110.7514, 32.0825], [-110.7399, 32.0776], [-110.7401, 32.0662], [-110.7345, 32.0631], [-110.7691, 32.0629], [-110.7399, 32.0625], [-110.7399, 32.059], [-110.7359, 32.0591], [-110.7359, 32.0555], [-110.7274, 32.0554], [-110.7274, 32.0518], [-110.7232, 32.0518], [-110.7232, 32.0412], [-110.7162, 32.0411], [-110.7188, 32.0339], [-110.7738, 32.0341], [-110.7739, 32.005], [-110.8095, 32.0052], [-110.8333, 32.0], [-110.8521, 32.0039], [-110.8582, 32.0066], [-110.8584, 32.0297]]]}}, {"type": "Feature", "properties": {"zip": "85381", "total": 1105, "q1": 258, "q2": 274, "q3": 289, "q4": 284, "pop": 4112, "acsPriv": 334, "seats": 195}, "geometry": {"type": "Polygon", "coordinates": [[[-112.2639, 33.5951], [-112.2638, 33.6095], [-112.2571, 33.6097], [-112.257, 33.6241], [-112.2403, 33.6246], [-112.2395, 33.6204], [-112.2348, 33.6246], [-112.2117, 33.6247], [-112.2149, 33.6278], [-112.2114, 33.6248], [-112.2112, 33.6269], [-112.2088, 33.6251], [-112.2036, 33.6255], [-112.2036, 33.6269], [-112.2025, 33.6258], [-112.2027, 33.5963], [-112.2552, 33.5953], [-112.2551, 33.5925], [-112.2639, 33.5951]]]}}, {"type": "Feature", "properties": {"zip": "85014", "total": 900, "q1": 208, "q2": 230, "q3": 233, "q4": 229, "pop": 2540, "acsPriv": 236, "seats": 0}, "geometry": {"type": "Polygon", "coordinates": [[[-112.0694, 33.4861], [-112.0651, 33.4865], [-112.065, 33.5025], [-112.0673, 33.5032], [-112.065, 33.5038], [-112.065, 33.5237], [-112.0677, 33.5238], [-112.0678, 33.5256], [-112.065, 33.5274], [-112.0651, 33.5383], [-112.0475, 33.5383], [-112.0475, 33.531], [-112.0492, 33.531], [-112.0502, 33.5281], [-112.0475, 33.5273], [-112.0475, 33.5183], [-112.0492, 33.5183], [-112.0493, 33.5165], [-112.0475, 33.5165], [-112.0475, 33.5074], [-112.0497, 33.5074], [-112.0497, 33.5038], [-112.0476, 33.5038], [-112.0477, 33.4874], [-112.0495, 33.4874], [-112.0495, 33.4854], [-112.0477, 33.4854], [-112.0476, 33.4793], [-112.0651, 33.4802], [-112.0651, 33.482], [-112.0673, 33.4829], [-112.0651, 33.4847], [-112.0694, 33.4861]]]}}, {"type": "Feature", "properties": {"zip": "85927", "total": 4, "q1": 1, "q2": 1, "q3": 1, "q4": 1, "pop": 0, "acsPriv": 0, "seats": 0}, "geometry": {"type": "Polygon", "coordinates": [[[-109.5813, 33.9981], [-109.5808, 34.0024], [-109.5692, 34.0045], [-109.5679, 34.0099], [-109.5659, 34.0054], [-109.5601, 34.0053], [-109.5598, 34.0076], [-109.5629, 34.0093], [-109.5641, 34.0124], [-109.5571, 34.0126], [-109.5498, 34.0171], [-109.5488, 34.0205], [-109.5441, 34.0214], [-109.5443, 34.0553], [-109.541, 34.0615], [-109.5421, 34.0647], [-109.5371, 34.0699], [-109.5338, 34.0869], [-109.5344, 34.089], [-109.5442, 34.0917], [-109.5442, 34.1086], [-109.5342, 34.1124], [-109.5325, 34.1175], [-109.5349, 34.1206], [-109.5341, 34.1229], [-109.5357, 34.1255], [-109.533, 34.1281], [-109.5303, 34.1275], [-109.5259, 34.1291], [-109.5242, 34.1347], [-109.5192, 34.1383], [-109.5177, 34.1367], [-109.5104, 34.1357], [-109.5077, 34.1287], [-109.4972, 34.1211], [-109.4972, 34.1193], [-109.4931, 34.1156], [-109.494, 34.1095], [-109.4908, 34.106], [-109.4896, 34.1009], [-109.4896, 34.0896], [-109.4832, 34.0877], [-109.4832, 34.0858], [-109.477, 34.0903], [-109.4719, 34.0892], [-109.4674, 34.0868], [-109.4661, 34.083], [-109.4614, 34.0802], [-109.4541, 34.0794], [-109.4637, 34.076], [-109.4612, 34.0733], [-109.4511, 34.0727], [-109.448, 34.0684], [-109.4374, 34.073], [-109.4358, 34.0723], [-109.4331, 34.076], [-109.424, 34.0799], [-109.4248, 34.0818], [-109.4135, 34.0817], [-109.4121, 34.0735], [-109.4054, 34.0634], [-109.4046, 34.0577], [-109.4025, 34.0571], [-109.3978, 34.0496], [-109.3864, 34.0486], [-109.3856, 34.0417], [-109.389, 34.0333], [-109.3947, 34.0256], [-109.3986, 34.0233], [-109.4047, 34.0137], [-109.404, 34.0106], [-109.4061, 34.0054], [-109.4098, 34.0035], [-109.4087, 33.9915], [-109.4126, 33.9953], [-109.4152, 33.9955], [-109.4157, 33.992], [-109.428, 33.9911], [-109.4359, 33.9877], [-109.4378, 33.9853], [-109.4384, 33.9729], [-109.4412, 33.969], [-109.4384, 33.9543], [-109.433, 33.9622], [-109.428, 33.9655], [-109.3977, 33.9685], [-109.3854, 33.9737], [-109.3792, 33.9726], [-109.3874, 33.9633], [-109.3937, 33.9602], [-109.3973, 33.9511], [-109.4058, 33.9447], [-109.4048, 33.9379], [-109.4122, 33.9247], [-109.4118, 33.9153], [-109.4145, 33.9118], [-109.4151, 33.9052], [-109.4122, 33.8973], [-109.402, 33.888], [-109.4017, 33.8849], [-109.3985, 33.8814], [-109.4032, 33.8822], [-109.4095, 33.8788], [-109.4069, 33.8734], [-109.4101, 33.8737], [-109.4112, 33.8723], [-109.4137, 33.8757], [-109.4181, 33.8749], [-109.4208, 33.8676], [-109.4256, 33.8693], [-109.4287, 33.8655], [-109.4289, 33.8684], [-109.4327, 33.8738], [-109.4318, 33.8767], [-109.4342, 33.8802], [-109.4354, 33.8877], [-109.4389, 33.8934], [-109.4412, 33.8945], [-109.4421, 33.8901], [-109.4488, 33.8886], [-109.4644, 33.8892], [-109.4684, 33.8909], [-109.4736, 33.8891], [-109.4801, 33.8895], [-109.4841, 33.8919], [-109.4925, 33.8887], [-109.4957, 33.8896], [-109.4956, 33.9157], [-109.5114, 33.9095], [-109.518, 33.9159], [-109.5266, 33.9161], [-109.5314, 33.9204], [-109.5376, 33.9221], [-109.5528, 33.9128], [-109.5643, 33.91], [-109.5666, 33.9165], [-109.5719, 33.9214], [-109.5576, 33.9403], [-109.5441, 33.9493], [-109.5443, 33.9574], [-109.5373, 33.9651], [-109.5377, 33.9744], [-109.5334, 33.9771], [-109.5257, 33.9871], [-109.5307, 33.9911], [-109.5318, 33.9948], [-109.5284, 34.001], [-109.5342, 34.0023], [-109.5373, 33.9996], [-109.5349, 33.9865], [-109.5385, 33.9779], [-109.5426, 33.9738], [-109.5411, 33.9701], [-109.543, 33.9634], [-109.5455, 33.9619], [-109.5462, 33.9506], [-109.549, 33.9466], [-109.5521, 33.9454], [-109.5562, 33.9472], [-109.558, 33.9502], [-109.5606, 33.956], [-109.5576, 33.956], [-109.5615, 33.9582], [-109.558, 33.958], [-109.5614, 33.9603], [-109.5598, 33.9601], [-109.5613, 33.9644], [-109.5654, 33.9654], [-109.5669, 33.9681], [-109.567, 33.9744], [-109.5652, 33.9779], [-109.5672, 33.9806], [-109.5649, 33.9858], [-109.5813, 33.9981]]]}}, {"type": "Feature", "properties": {"zip": "85721", "total": 1, "q1": 0, "q2": 0, "q3": 1, "q4": 0, "pop": 0, "acsPriv": 0, "seats": 0}, "geometry": {"type": "Polygon", "coordinates": [[[-110.951, 32.2317], [-110.9481, 32.2317], [-110.9481, 32.2304], [-110.951, 32.2304], [-110.951, 32.2317]]]}}, {"type": "Feature", "properties": {"zip": "85224", "total": 1699, "q1": 398, "q2": 426, "q3": 441, "q4": 434, "pop": 6458, "acsPriv": 646, "seats": 959}, "geometry": {"type": "Polygon", "coordinates": [[[-111.8946, 33.3565], [-111.8591, 33.3571], [-111.859, 33.3381], [-111.8531, 33.3381], [-111.8538, 33.3351], [-111.8591, 33.3351], [-111.8591, 33.3278], [-111.8574, 33.3278], [-111.8566, 33.3249], [-111.8574, 33.3224], [-111.8591, 33.3224], [-111.8591, 33.315], [-111.8577, 33.3142], [-111.8591, 33.3106], [-111.8569, 33.3107], [-111.8591, 33.3097], [-111.8591, 33.306], [-111.8575, 33.306], [-111.857, 33.3042], [-111.8576, 33.3004], [-111.8589, 33.3004], [-111.8589, 33.2952], [-111.8564, 33.2941], [-111.8561, 33.2915], [-111.8619, 33.2915], [-111.8623, 33.2897], [-111.8633, 33.2915], [-111.8762, 33.2914], [-111.8762, 33.2873], [-111.894, 33.2924], [-111.8945, 33.3172], [-111.8931, 33.3335], [-111.8946, 33.3565]]]}}, {"type": "Feature", "properties": {"zip": "85331", "total": 2211, "q1": 530, "q2": 552, "q3": 566, "q4": 563, "pop": 4527, "acsPriv": 684, "seats": 593}, "geometry": {"type": "Polygon", "coordinates": [[[-112.0308, 33.9011], [-111.9957, 33.9009], [-111.996, 33.9899], [-111.9873, 33.9909], [-111.9844, 33.9942], [-111.9751, 33.9958], [-111.9715, 34.0004], [-111.9546, 34.0096], [-111.9464, 34.0055], [-111.9378, 34.0048], [-111.9314, 34.0063], [-111.9269, 34.0091], [-111.9187, 34.007], [-111.9215, 34.0029], [-111.9152, 34.0075], [-111.908, 34.008], [-111.9047, 34.0103], [-111.8996, 34.0082], [-111.8937, 34.0092], [-111.8852, 34.0035], [-111.8829, 34.0046], [-111.8818, 34.0078], [-111.8798, 34.0092], [-111.882, 34.0046], [-111.8773, 34.0008], [-111.8747, 34.0005], [-111.873, 33.9928], [-111.8701, 33.9892], [-111.8728, 33.9879], [-111.8737, 33.9836], [-111.8687, 33.9781], [-111.8644, 33.9668], [-111.8624, 33.9664], [-111.863, 33.9624], [-111.8568, 33.9636], [-111.8543, 33.9617], [-111.8471, 33.9611], [-111.8395, 33.9566], [-111.8306, 33.9548], [-111.8311, 33.9496], [-111.8263, 33.9462], [-111.8233, 33.9391], [-111.8173, 33.9331], [-111.8157, 33.926], [-111.8177, 33.9144], [-111.8171, 33.905], [-111.8199, 33.9056], [-111.8234, 33.9024], [-111.8263, 33.9026], [-111.8215, 33.8979], [-111.8224, 33.8967], [-111.8182, 33.8954], [-111.8213, 33.8933], [-111.8197, 33.8927], [-111.8202, 33.8908], [-111.8148, 33.8776], [-111.8212, 33.8753], [-111.8244, 33.8685], [-111.8283, 33.8663], [-111.8312, 33.8598], [-111.8337, 33.8595], [-111.8347, 33.8682], [-111.8391, 33.8758], [-111.8391, 33.9005], [-111.8912, 33.9005], [-111.8912, 33.8573], [-111.9083, 33.8572], [-111.9086, 33.8428], [-111.926, 33.8429], [-111.9261, 33.8283], [-111.9305, 33.8284], [-111.9305, 33.8262], [-111.9391, 33.8241], [-111.9391, 33.8202], [-111.9437, 33.8199], [-111.9438, 33.8139], [-111.952, 33.8137], [-111.949, 33.8089], [-111.9496, 33.8074], [-111.9562, 33.8081], [-111.9572, 33.8096], [-111.9636, 33.7993], [-111.9607, 33.799], [-111.9607, 33.7847], [-111.9565, 33.7836], [-111.9476, 33.7848], [-111.9477, 33.792], [-111.9455, 33.792], [-111.9455, 33.7884], [-111.9347, 33.7884], [-111.9346, 33.7557], [-111.939, 33.7557], [-111.939, 33.7546], [-111.939, 33.7484], [-111.9346, 33.7484], [-111.9347, 33.7412], [-111.9488, 33.7412], [-111.9509, 33.7375], [-111.9542, 33.7376], [-111.9542, 33.7411], [-111.9781, 33.7411], [-111.9775, 33.7266], [-112.0264, 33.7264], [-112.0204, 33.7452], [-112.0128, 33.7514], [-112.0164, 33.7585], [-112.0242, 33.762], [-112.0197, 33.7703], [-112.015, 33.7709], [-112.0132, 33.7745], [-112.0025, 33.7803], [-112.0191, 33.7991], [-112.0216, 33.7991], [-112.0216, 33.8136], [-112.0305, 33.8137], [-112.0305, 33.82], [-112.0288, 33.82], [-112.0283, 33.8227], [-112.0305, 33.8245], [-112.0304, 33.8293], [-112.0261, 33.8391], [-112.0292, 33.839], [-112.0305, 33.8371], [-112.0308, 33.9011]]]}}, {"type": "Feature", "properties": {"zip": "85301", "total": 1071, "q1": 231, "q2": 274, "q3": 287, "q4": 279, "pop": 15449, "acsPriv": 512, "seats": 810}, "geometry": {"type": "MultiPolygon", "coordinates": [[[[-112.2074, 33.5368], [-112.2035, 33.537], [-112.2034, 33.5349], [-112.2071, 33.5349], [-112.2074, 33.5368]]], [[[-112.2205, 33.5669], [-112.2116, 33.5671], [-112.2116, 33.5634], [-112.2073, 33.5635], [-112.2073, 33.56], [-112.2111, 33.5599], [-112.2029, 33.5528], [-112.1732, 33.5531], [-112.1732, 33.555], [-112.1689, 33.5541], [-112.1689, 33.5561], [-112.1646, 33.5561], [-112.1635, 33.5531], [-112.1608, 33.5548], [-112.1602, 33.5531], [-112.1543, 33.5531], [-112.1544, 33.5549], [-112.1517, 33.555], [-112.151, 33.5094], [-112.2032, 33.5094], [-112.2031, 33.5207], [-112.2048, 33.5207], [-112.2052, 33.5222], [-112.2031, 33.5231], [-112.2031, 33.5257], [-112.2052, 33.5257], [-112.2031, 33.5266], [-112.2031, 33.5297], [-112.2075, 33.5296], [-112.2074, 33.531], [-112.2031, 33.5311], [-112.2036, 33.553], [-112.2205, 33.5669]]]]}}, {"type": "Feature", "properties": {"zip": "85191", "total": 12, "q1": 3, "q2": 3, "q3": 3, "q4": 3, "pop": 0, "acsPriv": 0, "seats": 0}, "geometry": {"type": "Polygon", "coordinates": [[[-111.4558, 32.9882], [-111.4384, 32.989], [-111.4385, 32.9811], [-111.4557, 32.9812], [-111.4558, 32.9882]]]}}, {"type": "Feature", "properties": {"zip": "85338", "total": 3161, "q1": 724, "q2": 774, "q3": 827, "q4": 836, "pop": 12422, "acsPriv": 646, "seats": 1210}, "geometry": {"type": "Polygon", "coordinates": [[[-112.48, 33.3539], [-112.4743, 33.3579], [-112.4699, 33.3682], [-112.4674, 33.3702], [-112.4615, 33.3697], [-112.4583, 33.3738], [-112.4583, 33.3774], [-112.4611, 33.3774], [-112.4615, 33.4618], [-112.3809, 33.4611], [-112.3668, 33.458], [-112.341, 33.4577], [-112.3411, 33.4499], [-112.3539, 33.4498], [-112.354, 33.4462], [-112.3498, 33.4462], [-112.3498, 33.4426], [-112.3539, 33.4426], [-112.354, 33.4353], [-112.3583, 33.4353], [-112.3579, 33.4251], [-112.3499, 33.4289], [-112.3579, 33.4247], [-112.3573, 33.392], [-112.3642, 33.3882], [-112.3572, 33.386], [-112.3572, 33.3777], [-112.3228, 33.3775], [-112.3227, 33.3755], [-112.3234, 33.3739], [-112.3319, 33.3739], [-112.332, 33.37], [-112.3408, 33.37], [-112.3407, 33.3627], [-112.3579, 33.3628], [-112.358, 33.29], [-112.3839, 33.2902], [-112.3839, 33.276], [-112.4439, 33.2758], [-112.4452, 33.2878], [-112.4698, 33.3155], [-112.4699, 33.3195], [-112.4525, 33.3194], [-112.4525, 33.3267], [-112.4481, 33.3267], [-112.4482, 33.3339], [-112.4541, 33.334], [-112.4552, 33.3378], [-112.4583, 33.3389], [-112.4616, 33.3444], [-112.4654, 33.3446], [-112.4655, 33.3485], [-112.4699, 33.3485], [-112.4699, 33.3556], [-112.473, 33.3566], [-112.48, 33.3539]]]}}, {"type": "Feature", "properties": {"zip": "85250", "total": 475, "q1": 114, "q2": 118, "q3": 121, "q4": 122, "pop": 1172, "acsPriv": 201, "seats": 0}, "geometry": {"type": "MultiPolygon", "coordinates": [[[[-111.9105, 33.5061], [-111.9098, 33.5089], [-111.9098, 33.5061], [-111.9105, 33.5061]]], [[[-111.9261, 33.5104], [-111.9257, 33.5387], [-111.8816, 33.5384], [-111.8791, 33.5459], [-111.8791, 33.5535], [-111.8691, 33.5535], [-111.8618, 33.5631], [-111.8604, 33.5674], [-111.8566, 33.568], [-111.8567, 33.5212], [-111.8693, 33.5265], [-111.8827, 33.5279], [-111.8827, 33.5167], [-111.874, 33.5168], [-111.874, 33.5095], [-111.8878, 33.5094], [-111.8876, 33.502], [-111.8918, 33.5021], [-111.8918, 33.5089], [-111.92, 33.5096], [-111.9238, 33.5088], [-111.9261, 33.5104]]]]}}, {"type": "Feature", "properties": {"zip": "85326", "total": 3290, "q1": 716, "q2": 805, "q3": 872, "q4": 897, "pop": 14845, "acsPriv": 1039, "seats": 0}, "geometry": {"type": "Polygon", "coordinates": [[[-112.7745, 33.278], [-112.7653, 33.2915], [-112.769, 33.2933], [-112.7701, 33.2966], [-112.7568, 33.3112], [-112.7467, 33.3128], [-112.738, 33.3119], [-112.7317, 33.3083], [-112.7257, 33.3074], [-112.7222, 33.3099], [-112.7099, 33.3116], [-112.7036, 33.3178], [-112.6936, 33.3197], [-112.6882, 33.3185], [-112.6771, 33.3208], [-112.6771, 33.3339], [-112.6598, 33.3342], [-112.6599, 33.3483], [-112.677, 33.3484], [-112.6771, 33.3615], [-112.6861, 33.3593], [-112.6918, 33.3622], [-112.6922, 33.3596], [-112.6942, 33.3585], [-112.6941, 33.3485], [-112.7215, 33.3482], [-112.727, 33.3522], [-112.7465, 33.3776], [-112.7467, 33.4139], [-112.751, 33.4139], [-112.7499, 33.4193], [-112.751, 33.4193], [-112.7511, 33.4356], [-112.7554, 33.4356], [-112.757, 33.4475], [-112.7602, 33.4516], [-112.7606, 33.4578], [-112.6773, 33.4391], [-112.6442, 33.4334], [-112.6273, 33.4281], [-112.6177, 33.4271], [-112.6061, 33.4288], [-112.5565, 33.4449], [-112.5566, 33.4588], [-112.5477, 33.4575], [-112.5477, 33.461], [-112.5437, 33.4616], [-112.5422, 33.4645], [-112.4788, 33.4647], [-112.4788, 33.4623], [-112.4615, 33.4618], [-112.4611, 33.3774], [-112.4583, 33.3774], [-112.4583, 33.3738], [-112.4615, 33.3697], [-112.4674, 33.3702], [-112.4699, 33.3682], [-112.4743, 33.3579], [-112.48, 33.3539], [-112.473, 33.3566], [-112.4699, 33.3556], [-112.4699, 33.3485], [-112.4655, 33.3485], [-112.4654, 33.3446], [-112.4616, 33.3444], [-112.4583, 33.3389], [-112.4552, 33.3378], [-112.4541, 33.334], [-112.4482, 33.3339], [-112.4481, 33.3267], [-112.4525, 33.3267], [-112.4525, 33.3194], [-112.4699, 33.3195], [-112.4691, 33.3137], [-112.4442, 33.2856], [-112.4439, 33.2542], [-112.4484, 33.2542], [-112.4485, 33.2513], [-112.4442, 33.249], [-112.4442, 33.2468], [-112.4354, 33.247], [-112.4352, 33.2324], [-112.4179, 33.2324], [-112.418, 33.236], [-112.4258, 33.2367], [-112.4262, 33.2471], [-112.4095, 33.247], [-112.4094, 33.2324], [-112.3925, 33.2324], [-112.3926, 33.2179], [-112.3838, 33.2179], [-112.384, 33.2045], [-112.3814, 33.1964], [-112.3795, 33.1961], [-112.3795, 33.1889], [-112.3407, 33.1888], [-112.3408, 33.1598], [-112.3493, 33.1598], [-112.3493, 33.1634], [-112.3536, 33.1634], [-112.3536, 33.167], [-112.3569, 33.167], [-112.3579, 33.1598], [-112.3924, 33.1599], [-112.3924, 33.1742], [-112.4266, 33.1741], [-112.4267, 33.1711], [-112.4125, 33.1646], [-112.4104, 33.1525], [-112.4115, 33.1494], [-112.4011, 33.1523], [-112.4011, 33.1489], [-112.4139, 33.1411], [-112.4204, 33.1345], [-112.4315, 33.1162], [-112.5113, 33.1161], [-112.5104, 33.0273], [-112.521, 33.0213], [-112.5253, 33.0208], [-112.5371, 33.009], [-112.5435, 33.0057], [-112.5598, 33.0084], [-112.5673, 33.0145], [-112.5716, 33.0149], [-112.5958, 33.012], [-112.6043, 33.0125], [-112.6139, 33.0085], [-112.6141, 32.9644], [-112.683, 32.9529], [-112.6853, 32.9537], [-112.6844, 32.9565], [-112.6768, 32.9641], [-112.6728, 32.9709], [-112.674, 32.9709], [-112.674, 32.9855], [-112.6775, 32.9855], [-112.6658, 33.0024], [-112.6656, 33.0435], [-112.682, 33.0436], [-112.6827, 33.0522], [-112.6879, 33.0573], [-112.6878, 33.0643], [-112.6841, 33.0687], [-112.6827, 33.0772], [-112.6877, 33.0883], [-112.691, 33.0916], [-112.691, 33.0964], [-112.6961, 33.1117], [-112.6964, 33.1212], [-112.6992, 33.128], [-112.7019, 33.1304], [-112.7031, 33.1419], [-112.7013, 33.1454], [-112.7012, 33.1522], [-112.7092, 33.1706], [-112.7178, 33.1791], [-112.7263, 33.1916], [-112.756, 33.2047], [-112.7683, 33.2176], [-112.7693, 33.2208], [-112.767, 33.2246], [-112.7667, 33.2295], [-112.7681, 33.2294], [-112.7688, 33.2319], [-112.7682, 33.251], [-112.7636, 33.264], [-112.7716, 33.271], [-112.7745, 33.278]]]}}, {"type": "Feature", "properties": {"zip": "85262", "total": 673, "q1": 160, "q2": 171, "q3": 170, "q4": 172, "pop": 885, "acsPriv": 132, "seats": 0}, "geometry": {"type": "Polygon", "coordinates": [[[-111.8912, 33.821], [-111.8912, 33.9005], [-111.8391, 33.9005], [-111.8391, 33.8758], [-111.8347, 33.8682], [-111.8337, 33.8595], [-111.8312, 33.8598], [-111.8283, 33.8663], [-111.8244, 33.8685], [-111.8212, 33.8753], [-111.8148, 33.8776], [-111.8202, 33.8908], [-111.8197, 33.8927], [-111.8213, 33.8933], [-111.8182, 33.8954], [-111.8224, 33.8967], [-111.8215, 33.8979], [-111.8263, 33.9026], [-111.8234, 33.9024], [-111.8199, 33.9056], [-111.8171, 33.905], [-111.8177, 33.9144], [-111.8157, 33.926], [-111.8173, 33.9331], [-111.8233, 33.9391], [-111.8263, 33.9462], [-111.8311, 33.9496], [-111.8306, 33.9548], [-111.8395, 33.9566], [-111.8471, 33.9611], [-111.8543, 33.9617], [-111.8568, 33.9636], [-111.863, 33.9624], [-111.8624, 33.9664], [-111.8644, 33.9668], [-111.8687, 33.9781], [-111.8737, 33.9836], [-111.8728, 33.9879], [-111.8701, 33.9892], [-111.873, 33.9928], [-111.8747, 34.0005], [-111.8773, 34.0008], [-111.882, 34.0047], [-111.88, 34.009], [-111.8749, 34.0094], [-111.8773, 34.0119], [-111.8746, 34.0165], [-111.7365, 34.0012], [-111.7336, 33.9952], [-111.7273, 33.9929], [-111.7326, 33.9896], [-111.7377, 33.9892], [-111.7359, 33.9878], [-111.7263, 33.9905], [-111.7225, 33.9871], [-111.7069, 33.9836], [-111.7138, 33.9824], [-111.7141, 33.9802], [-111.711, 33.9822], [-111.7236, 33.9735], [-111.7233, 33.9706], [-111.717, 33.9617], [-111.6981, 33.959], [-111.6947, 33.9546], [-111.6953, 33.9522], [-111.7169, 33.9307], [-111.7162, 33.9235], [-111.7236, 33.9194], [-111.7308, 33.9178], [-111.7372, 33.9133], [-111.7417, 33.9064], [-111.7504, 33.9019], [-111.749, 33.8848], [-111.742, 33.8736], [-111.7452, 33.8715], [-111.7583, 33.8695], [-111.7624, 33.8613], [-111.7762, 33.8571], [-111.7865, 33.848], [-111.7868, 33.8158], [-111.7828, 33.8139], [-111.6831, 33.8139], [-111.6833, 33.8027], [-111.6795, 33.8002], [-111.6704, 33.7998], [-111.716, 33.7852], [-111.7122, 33.7842], [-111.7054, 33.7787], [-111.7009, 33.7777], [-111.7175, 33.7777], [-111.7175, 33.7507], [-111.7262, 33.7502], [-111.7262, 33.7487], [-111.7174, 33.7491], [-111.7175, 33.7273], [-111.7133, 33.7268], [-111.7872, 33.7269], [-111.7875, 33.7237], [-111.7936, 33.7259], [-111.8046, 33.7247], [-111.8043, 33.7269], [-111.8162, 33.7272], [-111.8906, 33.7267], [-111.8912, 33.8138], [-111.8738, 33.8139], [-111.8738, 33.8182], [-111.8739, 33.825], [-111.8843, 33.821], [-111.8912, 33.821]]]}}, {"type": "Feature", "properties": {"zip": "85321", "total": 87, "q1": 16, "q2": 20, "q3": 25, "q4": 26, "pop": 343, "acsPriv": 42, "seats": 0}, "geometry": {"type": "Polygon", "coordinates": [[[-113.0852, 32.2004], [-112.9061, 32.1992], [-112.9054, 32.2029], [-112.8997, 32.2104], [-112.8893, 32.2302], [-112.8801, 32.242], [-112.8745, 32.2462], [-112.8728, 32.2383], [-112.8692, 32.2363], [-112.8695, 32.2391], [-112.8672, 32.2401], [-112.8644, 32.265], [-112.8588, 32.2797], [-112.8589, 32.3127], [-112.8612, 32.3195], [-112.8601, 32.3272], [-112.8573, 32.3311], [-112.8693, 32.3313], [-112.8744, 32.3356], [-112.8776, 32.3349], [-112.8797, 32.3363], [-112.8802, 32.3405], [-112.8772, 32.3422], [-112.8832, 32.3437], [-112.8916, 32.344], [-112.8981, 32.3395], [-112.9032, 32.3387], [-112.9059, 32.341], [-112.9093, 32.3397], [-112.914, 32.3425], [-112.9165, 32.3418], [-112.9164, 32.4076], [-112.9055, 32.4173], [-112.9053, 32.4253], [-112.9015, 32.4327], [-112.8712, 32.433], [-112.8721, 32.4561], [-112.8816, 32.491], [-112.881, 32.5054], [-112.5779, 32.5052], [-112.5748, 32.5061], [-112.5745, 32.5937], [-112.3066, 32.5938], [-112.3065, 32.6377], [-112.2036, 32.6378], [-112.2036, 32.5067], [-112.209, 32.5067], [-112.2102, 32.4989], [-112.2029, 32.4897], [-112.2062, 32.4854], [-112.2045, 32.4818], [-112.1929, 32.477], [-112.185, 32.4671], [-112.1865, 32.4642], [-112.1941, 32.4598], [-112.1991, 32.4587], [-112.1903, 32.458], [-112.1833, 32.4517], [-112.1794, 32.4541], [-112.1761, 32.4425], [-112.1809, 32.4346], [-112.1796, 32.4256], [-112.1909, 32.4128], [-112.1756, 32.4053], [-112.1761, 32.3933], [-112.1747, 32.3882], [-112.1799, 32.3693], [-112.1654, 32.3648], [-112.1825, 32.3509], [-112.1863, 32.34], [-112.194, 32.3331], [-112.2031, 32.3304], [-112.2092, 32.3315], [-112.2133, 32.3285], [-112.2201, 32.3277], [-112.2296, 32.3229], [-112.2474, 32.3192], [-112.2474, 32.3109], [-112.2506, 32.302], [-112.2475, 32.295], [-112.2438, 32.2698], [-112.2491, 32.2629], [-112.2374, 32.2573], [-112.2263, 32.2437], [-112.2233, 32.2367], [-112.2204, 32.2367], [-112.2129, 32.2266], [-112.2179, 32.2282], [-112.2233, 32.216], [-112.2271, 32.2141], [-112.2342, 32.223], [-112.2324, 32.2266], [-112.2333, 32.2307], [-112.2428, 32.2399], [-112.2435, 32.2435], [-112.2495, 32.2469], [-112.2591, 32.2631], [-112.2678, 32.2658], [-112.2746, 32.2647], [-112.3285, 32.2816], [-112.3325, 32.2751], [-112.3418, 32.2712], [-112.3499, 32.2529], [-112.3517, 32.2441], [-112.3658, 32.2261], [-112.3681, 32.2136], [-112.3695, 32.1902], [-112.3702, 32.1871], [-112.3724, 32.1855], [-112.4326, 32.1927], [-112.4349, 32.1818], [-112.5732, 32.182], [-112.5734, 32.1718], [-112.5802, 32.1547], [-112.5792, 32.1393], [-112.5863, 32.1406], [-112.6465, 32.1422], [-112.6433, 32.1367], [-112.6531, 32.1406], [-112.6674, 32.1373], [-112.681, 32.1409], [-112.6941, 32.1397], [-112.6963, 32.1418], [-112.6971, 32.1489], [-112.7367, 32.1596], [-112.7637, 32.1637], [-112.7714, 32.1], [-112.801, 32.0265], [-112.8047, 32.0132], [-112.8062, 31.9993], [-112.8061, 31.9736], [-112.8004, 31.9604], [-112.7987, 31.938], [-112.8044, 31.9194], [-112.8105, 31.9085], [-112.8128, 31.888], [-112.8175, 31.88], [-113.083, 31.9607], [-113.0851, 32.0726], [-113.0852, 32.2004]]]}}, {"type": "Feature", "properties": {"zip": "85911", "total": 2, "q1": 1, "q2": 1, "q3": 0, "q4": 0, "pop": 671, "acsPriv": 0, "seats": 0}, "geometry": {"type": "Polygon", "coordinates": [[[-110.6827, 34.2112], [-110.6803, 34.2211], [-110.6767, 34.2256], [-110.6787, 34.2313], [-110.6709, 34.2453], [-110.6725, 34.2487], [-110.6669, 34.2531], [-110.6684, 34.2624], [-110.6701, 34.2639], [-110.6671, 34.2684], [-110.6697, 34.2767], [-110.6591, 34.2742], [-110.6495, 34.266], [-110.6443, 34.2663], [-110.6442, 34.2692], [-110.6408, 34.2686], [-110.6393, 34.2846], [-110.6362, 34.288], [-110.6286, 34.2887], [-110.6166, 34.2867], [-110.6012, 34.2892], [-110.597, 34.2913], [-110.5841, 34.2874], [-110.5822, 34.2817], [-110.5768, 34.2767], [-110.5714, 34.2743], [-110.5689, 34.2748], [-110.5654, 34.2813], [-110.5525, 34.2735], [-110.545, 34.271], [-110.5377, 34.2743], [-110.5404, 34.2775], [-110.5403, 34.2825], [-110.5339, 34.2849], [-110.524, 34.2925], [-110.5221, 34.2971], [-110.5118, 34.303], [-110.4757, 34.3004], [-110.4706, 34.3034], [-110.4569, 34.3029], [-110.456, 34.3054], [-110.4407, 34.3001], [-110.437, 34.3004], [-110.4311, 34.3071], [-110.4237, 34.3056], [-110.4191, 34.2975], [-110.4167, 34.2965], [-110.4173, 34.2937], [-110.4128, 34.2944], [-110.4082, 34.292], [-110.407, 34.2928], [-110.4069, 34.2902], [-110.4047, 34.2885], [-110.3947, 34.2885], [-110.3932, 34.2875], [-110.3932, 34.2842], [-110.3892, 34.2822], [-110.3843, 34.2835], [-110.382, 34.2826], [-110.3817, 34.2808], [-110.3743, 34.2794], [-110.3712, 34.2756], [-110.3732, 34.2713], [-110.3711, 34.2655], [-110.3739, 34.2613], [-110.3694, 34.2568], [-110.3551, 34.2518], [-110.3482, 34.2398], [-110.3355, 34.2334], [-110.3261, 34.2358], [-110.3227, 34.2393], [-110.3203, 34.2395], [-110.3135, 34.2357], [-110.3046, 34.2342], [-110.2991, 34.226], [-110.3038, 34.2234], [-110.306, 34.2165], [-110.3095, 34.2143], [-110.3115, 34.21], [-110.3152, 34.2082], [-110.3196, 34.2019], [-110.3256, 34.1985], [-110.3247, 34.19], [-110.3204, 34.188], [-110.3223, 34.186], [-110.3192, 34.1841], [-110.3161, 34.1789], [-110.3121, 34.1756], [-110.3038, 34.1743], [-110.3012, 34.1718], [-110.3034, 34.1715], [-110.3001, 34.1704], [-110.2928, 34.1627], [-110.2783, 34.1294], [-110.2791, 34.1051], [-110.2762, 34.0996], [-110.2772, 34.0978], [-110.2753, 34.0935], [-110.2752, 34.0818], [-110.2802, 34.0717], [-110.279, 34.0651], [-110.2807, 34.0575], [-110.2902, 34.0377], [-110.2921, 34.0306], [-110.299, 34.0213], [-110.2989, 34.0185], [-110.2905, 34.0072], [-110.2873, 34.0], [-110.5178, 34.0], [-110.5324, 34.013], [-110.5351, 34.0181], [-110.5321, 34.021], [-110.5421, 34.0232], [-110.5469, 34.02], [-110.5664, 34.026], [-110.5732, 34.031], [-110.5905, 34.0353], [-110.5981, 34.042], [-110.6111, 34.0494], [-110.6135, 34.0527], [-110.6135, 34.0618], [-110.6178, 34.0677], [-110.6262, 34.0724], [-110.6312, 34.0722], [-110.6303, 34.0802], [-110.6239, 34.0835], [-110.6244, 34.0866], [-110.6228, 34.0887], [-110.6186, 34.087], [-110.6159, 34.0905], [-110.6115, 34.0891], [-110.6049, 34.092], [-110.6058, 34.0955], [-110.6045, 34.1005], [-110.6065, 34.1055], [-110.5917, 34.1089], [-110.5823, 34.1043], [-110.5777, 34.1093], [-110.5761, 34.1046], [-110.5692, 34.0957], [-110.5424, 34.0911], [-110.5259, 34.0945], [-110.5423, 34.1099], [-110.5489, 34.1204], [-110.5528, 34.1218], [-110.5575, 34.1264], [-110.5568, 34.1297], [-110.5608, 34.1405], [-110.5654, 34.145], [-110.5732, 34.1595], [-110.576, 34.1613], [-110.5743, 34.1624], [-110.5748, 34.1609], [-110.5733, 34.1611], [-110.5715, 34.165], [-110.5757, 34.1647], [-110.5775, 34.1677], [-110.5812, 34.1677], [-110.5888, 34.1747], [-110.5939, 34.1765], [-110.593, 34.1815], [-110.5952, 34.1842], [-110.5974, 34.1853], [-110.5957, 34.1825], [-110.6003, 34.1805], [-110.6013, 34.183], [-110.6054, 34.1849], [-110.6149, 34.1833], [-110.6199, 34.1858], [-110.6273, 34.1862], [-110.6287, 34.1895], [-110.6282, 34.1951], [-110.6344, 34.1971], [-110.6431, 34.1974], [-110.643, 34.1991], [-110.6461, 34.1995], [-110.6506, 34.1971], [-110.6623, 34.1976], [-110.6618, 34.2029], [-110.6755, 34.2039], [-110.6827, 34.2112]]]}}, {"type": "Feature", "properties": {"zip": "85256", "total": 57, "q1": 13, "q2": 14, "q3": 15, "q4": 15, "pop": 758, "acsPriv": 63, "seats": 0}, "geometry": {"type": "Polygon", "coordinates": [[[-111.8918, 33.4658], [-111.8918, 33.4804], [-111.8899, 33.4804], [-111.8877, 33.4875], [-111.8878, 33.5094], [-111.874, 33.5095], [-111.874, 33.5168], [-111.8827, 33.5167], [-111.8827, 33.5279], [-111.8693, 33.5265], [-111.8567, 33.5212], [-111.8566, 33.568], [-111.8217, 33.5679], [-111.8223, 33.5391], [-111.8204, 33.5379], [-111.8047, 33.5386], [-111.8048, 33.5097], [-111.7874, 33.5098], [-111.7874, 33.5076], [-111.783, 33.511], [-111.779, 33.511], [-111.7752, 33.5131], [-111.7651, 33.5104], [-111.7576, 33.516], [-111.751, 33.5125], [-111.7528, 33.5093], [-111.7527, 33.4954], [-111.7355, 33.4954], [-111.7382, 33.4895], [-111.7355, 33.4911], [-111.7341, 33.4888], [-111.7304, 33.4898], [-111.7268, 33.4874], [-111.7284, 33.4862], [-111.7324, 33.4879], [-111.7409, 33.4823], [-111.7443, 33.4825], [-111.7443, 33.4847], [-111.7875, 33.4845], [-111.7875, 33.4891], [-111.7926, 33.4874], [-111.8057, 33.487], [-111.8175, 33.4816], [-111.8221, 33.4734], [-111.8221, 33.4698], [-111.8264, 33.4698], [-111.8264, 33.4665], [-111.8287, 33.4626], [-111.8355, 33.4625], [-111.8355, 33.4588], [-111.8368, 33.4606], [-111.8405, 33.4607], [-111.8478, 33.4526], [-111.8564, 33.4513], [-111.8563, 33.4483], [-111.8611, 33.4477], [-111.8746, 33.4368], [-111.8911, 33.4368], [-111.8883, 33.4659], [-111.8918, 33.4658]]]}}, {"type": "Feature", "properties": {"zip": "85371", "total": 4, "q1": 1, "q2": 1, "q3": 1, "q4": 1, "pop": 44, "acsPriv": 0, "seats": 0}, "geometry": {"type": "Polygon", "coordinates": [[[-114.4165, 33.985], [-114.4164, 33.999], [-114.3815, 33.999], [-114.3814, 33.9916], [-114.3709, 33.9863], [-114.3668, 33.9796], [-114.3643, 33.9793], [-114.3647, 33.9565], [-114.3816, 33.9555], [-114.3818, 33.9264], [-114.4033, 33.9265], [-114.4033, 33.9563], [-114.3987, 33.9664], [-114.4123, 33.9663], [-114.4033, 33.9844], [-114.4165, 33.985]]]}}, {"type": "Feature", "properties": {"zip": "86503", "total": 43, "q1": 9, "q2": 9, "q3": 13, "q4": 12, "pop": 2233, "acsPriv": 88, "seats": 0}, "geometry": {"type": "Polygon", "coordinates": [[[-110.1847, 36.4163], [-110.1727, 36.4394], [-110.1596, 36.4351], [-110.1415, 36.4492], [-110.1169, 36.4604], [-110.1069, 36.4686], [-110.0928, 36.4719], [-110.0834, 36.4632], [-110.0671, 36.4519], [-110.0561, 36.4475], [-110.0497, 36.4475], [-110.0438, 36.4437], [-110.0397, 36.4434], [-110.0296, 36.4356], [-110.0269, 36.4357], [-110.0176, 36.4488], [-110.0165, 36.4526], [-110.0007, 36.4593], [-110.0007, 36.5065], [-109.9922, 36.5001], [-109.9413, 36.4958], [-109.9184, 36.5], [-109.9111, 36.4964], [-109.904, 36.4904], [-109.8968, 36.4897], [-109.884, 36.4847], [-109.8872, 36.4693], [-109.8889, 36.4677], [-109.8871, 36.4659], [-109.8774, 36.4659], [-109.8765, 36.4621], [-109.8674, 36.4585], [-109.8658, 36.4597], [-109.8223, 36.4288], [-109.8154, 36.4336], [-109.8123, 36.4309], [-109.7904, 36.4221], [-109.7869, 36.42], [-109.7878, 36.4178], [-109.7851, 36.4167], [-109.7818, 36.4211], [-109.7846, 36.4283], [-109.7807, 36.4387], [-109.7727, 36.4411], [-109.7732, 36.4442], [-109.7779, 36.4511], [-109.768, 36.4593], [-109.7625, 36.4664], [-109.7482, 36.466], [-109.7278, 36.4691], [-109.7127, 36.4765], [-109.6974, 36.4674], [-109.6835, 36.4621], [-109.6688, 36.464], [-109.6537, 36.4697], [-109.6497, 36.4632], [-109.6509, 36.46], [-109.6445, 36.4527], [-109.6377, 36.4393], [-109.6502, 36.4255], [-109.6693, 36.4083], [-109.6842, 36.3841], [-109.6908, 36.3806], [-109.6988, 36.381], [-109.7065, 36.3771], [-109.7098, 36.377], [-109.7058, 36.3769], [-109.7085, 36.3747], [-109.7137, 36.3747], [-109.7219, 36.3584], [-109.711, 36.3478], [-109.688, 36.3382], [-109.6919, 36.337], [-109.6863, 36.3299], [-109.6833, 36.3099], [-109.684, 36.3002], [-109.6774, 36.3097], [-109.6741, 36.3115], [-109.6697, 36.3127], [-109.6715, 36.3076], [-109.6699, 36.3053], [-109.6629, 36.3086], [-109.6632, 36.3154], [-109.6577, 36.3156], [-109.6545, 36.3133], [-109.6482, 36.3138], [-109.6468, 36.3056], [-109.6489, 36.3006], [-109.6487, 36.2964], [-109.6431, 36.2838], [-109.6416, 36.2752], [-109.6381, 36.2748], [-109.6355, 36.278], [-109.6367, 36.2852], [-109.6356, 36.2895], [-109.6331, 36.294], [-109.6259, 36.299], [-109.6219, 36.3004], [-109.6187, 36.2989], [-109.6136, 36.3031], [-109.6088, 36.3034], [-109.6087, 36.306], [-109.5943, 36.3097], [-109.5902, 36.315], [-109.5848, 36.3106], [-109.5806, 36.3097], [-109.5677, 36.3116], [-109.5669, 36.3151], [-109.569, 36.3186], [-109.5765, 36.3196], [-109.5768, 36.3223], [-109.5593, 36.3463], [-109.5521, 36.3537], [-109.5431, 36.3567], [-109.5367, 36.3557], [-109.5284, 36.3525], [-109.5174, 36.3432], [-109.5121, 36.3428], [-109.5092, 36.3388], [-109.4929, 36.3398], [-109.4937, 36.3434], [-109.4913, 36.3468], [-109.4947, 36.3478], [-109.493, 36.3557], [-109.4875, 36.3561], [-109.4853, 36.36], [-109.4852, 36.3663], [-109.4647, 36.3679], [-109.467, 36.3721], [-109.4597, 36.3849], [-109.4508, 36.3877], [-109.4446, 36.3793], [-109.4397, 36.3767], [-109.4353, 36.3713], [-109.4361, 36.367], [-109.4315, 36.3603], [-109.4286, 36.3488], [-109.4252, 36.3433], [-109.4179, 36.3473], [-109.3948, 36.3428], [-109.3986, 36.3276], [-109.4044, 36.3265], [-109.3963, 36.322], [-109.3922, 36.3165], [-109.3897, 36.2949], [-109.391, 36.2904], [-109.3893, 36.2856], [-109.3974, 36.2843], [-109.3987, 36.282], [-109.4039, 36.2819], [-109.4044, 36.2799], [-109.4121, 36.2784], [-109.413, 36.2751], [-109.4159, 36.2739], [-109.4216, 36.2753], [-109.4228, 36.2723], [-109.4261, 36.2786], [-109.4293, 36.2796], [-109.4324, 36.2747], [-109.4359, 36.2747], [-109.4406, 36.2712], [-109.4458, 36.2701], [-109.447, 36.2648], [-109.4573, 36.2613], [-109.4605, 36.2576], [-109.4568, 36.2572], [-109.456, 36.254], [-109.4502, 36.2506], [-109.4391, 36.2518], [-109.4379, 36.2502], [-109.4348, 36.2503], [-109.4315, 36.2464], [-109.4274, 36.2471], [-109.4253, 36.2429], [-109.4218, 36.2438], [-109.4184, 36.2417], [-109.4173, 36.2387], [-109.4082, 36.2302], [-109.4055, 36.2294], [-109.3946, 36.2318], [-109.3866, 36.2278], [-109.3805, 36.234], [-109.37, 36.2331], [-109.3645, 36.239], [-109.3608, 36.238], [-109.3576, 36.2424], [-109.3602, 36.2444], [-109.3599, 36.2458], [-109.3613, 36.2452], [-109.3601, 36.2498], [-109.3512, 36.2539], [-109.3527, 36.2626], [-109.3519, 36.2661], [-109.3541, 36.2684], [-109.3501, 36.2704], [-109.3473, 36.2612], [-109.3439, 36.2569], [-109.3383, 36.2659], [-109.3335, 36.2665], [-109.3274, 36.2721], [-109.3258, 36.2693], [-109.3212, 36.2671], [-109.3179, 36.2689], [-109.3169, 36.2737], [-109.3126, 36.2761], [-109.3121, 36.2826], [-109.3086, 36.286], [-109.3085, 36.2832], [-109.3134, 36.2725], [-109.3081, 36.2742], [-109.3107, 36.27], [-109.3164, 36.2641], [-109.3247, 36.2643], [-109.3289, 36.2614], [-109.3329, 36.2609], [-109.3333, 36.2583], [-109.3272, 36.2567], [-109.3282, 36.2557], [-109.3267, 36.2551], [-109.3309, 36.2528], [-109.3312, 36.2478], [-109.3237, 36.2504], [-109.3167, 36.246], [-109.3118, 36.2481], [-109.3061, 36.2484], [-109.297, 36.2551], [-109.2944, 36.2523], [-109.2862, 36.256], [-109.2771, 36.2504], [-109.2749, 36.2531], [-109.2617, 36.2531], [-109.2513, 36.2589], [-109.2444, 36.2564], [-109.2341, 36.2622], [-109.2254, 36.2632], [-109.2202, 36.2666], [-109.2149, 36.2668], [-109.2119, 36.272], [-109.2048, 36.2754], [-109.2032, 36.2736], [-109.2059, 36.2699], [-109.2043, 36.2672], [-109.2049, 36.2658], [-109.2014, 36.2702], [-109.2087, 36.2608], [-109.2226, 36.2535], [-109.2311, 36.2465], [-109.2499, 36.2447], [-109.2908, 36.233], [-109.3036, 36.2341], [-109.3194, 36.2292], [-109.3323, 36.2163], [-109.3356, 36.2102], [-109.3419, 36.2058], [-109.3443, 36.2014], [-109.3417, 36.2001], [-109.341, 36.1977], [-109.3435, 36.1937], [-109.3369, 36.1941], [-109.3414, 36.1853], [-109.3395, 36.1814], [-109.3404, 36.1751], [-109.3392, 36.1715], [-109.343, 36.1705], [-109.3472, 36.1655], [-109.3506, 36.1641], [-109.3483, 36.1621], [-109.3295, 36.1691], [-109.3195, 36.1704], [-109.3076, 36.169], [-109.2968, 36.1631], [-109.2959, 36.1581], [-109.302, 36.1507], [-109.3105, 36.1492], [-109.3256, 36.1499], [-109.3351, 36.145], [-109.3535, 36.1415], [-109.3663, 36.1358], [-109.371, 36.1364], [-109.3801, 36.1418], [-109.3882, 36.1427], [-109.392, 36.1405], [-109.3919, 36.1349], [-109.3959, 36.1279], [-109.401, 36.1258], [-109.3874, 36.1221], [-109.3639, 36.1226], [-109.356, 36.1274], [-109.3449, 36.1288], [-109.3309, 36.138], [-109.3234, 36.1401], [-109.3167, 36.1398], [-109.3055, 36.1362], [-109.2948, 36.1411], [-109.2728, 36.1457], [-109.2669, 36.1456], [-109.2631, 36.1439], [-109.257, 36.1366], [-109.2537, 36.1355], [-109.2493, 36.1384], [-109.2434, 36.1473], [-109.2342, 36.1518], [-109.229, 36.1616], [-109.2256, 36.1632], [-109.2159, 36.165], [-109.2115, 36.164], [-109.2089, 36.1624], [-109.2102, 36.1563], [-109.2085, 36.1539], [-109.1956, 36.1537], [-109.1824, 36.1575], [-109.1707, 36.1671], [-109.1598, 36.1732], [-109.1456, 36.1768], [-109.1399, 36.1751], [-109.1445, 36.1678], [-109.1517, 36.1633], [-109.1569, 36.1494], [-109.1531, 36.1456], [-109.1522, 36.1408], [-109.1446, 36.1329], [-109.1368, 36.1306], [-109.1464, 36.127], [-109.1461, 36.1257], [-109.1479, 36.1255], [-109.1504, 36.1222], [-109.161, 36.1225], [-109.1605, 36.1252], [-109.1619, 36.1271], [-109.1654, 36.1279], [-109.1663, 36.1296], [-109.1695, 36.1282], [-109.1701, 36.1316], [-109.1768, 36.1303], [-109.1781, 36.1329], [-109.1829, 36.1325], [-109.1861, 36.1357], [-109.1913, 36.1351], [-109.1915, 36.1368], [-109.1956, 36.1379], [-109.1954, 36.1421], [-109.2028, 36.1407], [-109.2041, 36.1418], [-109.2171, 36.1412], [-109.2199, 36.1379], [-109.2293, 36.1361], [-109.2331, 36.1334], [-109.2385, 36.1244], [-109.2413, 36.1256], [-109.2422, 36.1221], [-109.2468, 36.12], [-109.2484, 36.1209], [-109.2543, 36.117], [-109.2634, 36.1174], [-109.2715, 36.1158], [-109.2723, 36.1183], [-109.2767, 36.1204], [-109.2783, 36.1184], [-109.2819, 36.1198], [-109.2898, 36.1182], [-109.3014, 36.122], [-109.3053, 36.1193], [-109.3092, 36.1194], [-109.3108, 36.1174], [-109.313, 36.119], [-109.3133, 36.1165], [-109.3202, 36.1153], [-109.3205, 36.1135], [-109.3307, 36.1131], [-109.3324, 36.1114], [-109.3371, 36.1123], [-109.3412, 36.1111], [-109.3425, 36.1122], [-109.3445, 36.1104], [-109.3531, 36.1085], [-109.3528, 36.1068], [-109.3476, 36.1041], [-109.3476, 36.1026], [-109.3451, 36.1021], [-109.344, 36.0995], [-109.3404, 36.1009], [-109.3353, 36.0952], [-109.3316, 36.0956], [-109.3253, 36.0924], [-109.3239, 36.0875], [-109.3184, 36.0835], [-109.3171, 36.084], [-109.3156, 36.0813], [-109.3066, 36.0801], [-109.3029, 36.0749], [-109.3034, 36.0729], [-109.2997, 36.0706], [-109.3013, 36.0603], [-109.2978, 36.0504], [-109.2877, 36.0435], [-109.2864, 36.0392], [-109.2888, 36.0374], [-109.2878, 36.0325], [-109.2812, 36.0261], [-109.2796, 36.019], [-109.2775, 36.0181], [-109.2647, 36.0202], [-109.2635, 36.0217], [-109.2581, 36.0222], [-109.2569, 36.0243], [-109.2537, 36.024], [-109.2527, 36.0261], [-109.2511, 36.0237], [-109.2542, 36.0196], [-109.2522, 36.0174], [-109.2536, 36.0159], [-109.2525, 36.0138], [-109.2541, 36.0128], [-109.2529, 36.0119], [-109.2548, 36.0105], [-109.2526, 36.0096], [-109.2546, 36.0081], [-109.253, 36.0067], [-109.2533, 36.0015], [-109.2503, 36.0015], [-109.2472, 35.9969], [-109.2477, 35.9949], [-109.2432, 35.993], [-109.2523, 35.9918], [-109.2583, 35.9954], [-109.2625, 36.0037], [-109.2621, 36.0108], [-109.2676, 36.0112], [-109.274, 35.9989], [-109.2821, 35.9954], [-109.2846, 35.9916], [-109.2791, 35.9845], [-109.2811, 35.9833], [-109.2823, 35.9785], [-109.2812, 35.976], [-109.2864, 35.9699], [-109.2882, 35.9721], [-109.2987, 35.976], [-109.3035, 35.9853], [-109.3097, 35.9914], [-109.3224, 35.9916], [-109.3268, 35.996], [-109.3289, 35.995], [-109.3309, 35.9968], [-109.3326, 36.007], [-109.3517, 36.0059], [-109.3575, 36.0149], [-109.3624, 36.0164], [-109.3621, 36.0184], [-109.37, 36.0163], [-109.37, 36.0219], [-109.3724, 36.0243], [-109.3696, 36.0284], [-109.3682, 36.0351], [-109.3743, 36.0348], [-109.386, 36.0287], [-109.3919, 36.0358], [-109.3999, 36.029], [-109.4026, 36.0297], [-109.4033, 36.0262], [-109.408, 36.0275], [-109.41, 36.0266], [-109.4105, 36.0278], [-109.413, 36.0265], [-109.414, 36.0285], [-109.4155, 36.0276], [-109.4163, 36.0289], [-109.4166, 36.0275], [-109.421, 36.0293], [-109.4216, 36.0319], [-109.4229, 36.0309], [-109.4253, 36.0329], [-109.4273, 36.0316], [-109.4358, 36.0348], [-109.435, 36.0357], [-109.4364, 36.037], [-109.4379, 36.0353], [-109.4397, 36.0379], [-109.444, 36.0375], [-109.4468, 36.0347], [-109.4486, 36.0361], [-109.4491, 36.0348], [-109.4544, 36.0351], [-109.4544, 36.0365], [-109.4585, 36.0378], [-109.4592, 36.0414], [-109.466, 36.0402], [-109.4688, 36.0429], [-109.4717, 36.0433], [-109.4757, 36.0415], [-109.475, 36.0434], [-109.4764, 36.0441], [-109.4779, 36.0506], [-109.4826, 36.0539], [-109.4898, 36.0532], [-109.4907, 36.0546], [-109.4961, 36.0523], [-109.5034, 36.0555], [-109.5073, 36.0532], [-109.5175, 36.0548], [-109.5231, 36.0539], [-109.5285, 36.0595], [-109.5509, 36.0598], [-109.5641, 36.0552], [-109.5653, 36.0543], [-109.5652, 36.049], [-109.5705, 36.0451], [-109.5768, 36.0468], [-109.5891, 36.0365], [-109.5997, 36.0368], [-109.6067, 36.0335], [-109.601, 35.987], [-109.6069, 35.9845], [-109.6139, 35.9738], [-109.6201, 35.944], [-109.6223, 35.9486], [-109.6325, 35.9533], [-109.6315, 35.9575], [-109.6347, 35.9565], [-109.639, 35.9502], [-109.6387, 35.9472], [-109.6434, 35.9443], [-109.6427, 35.9592], [-109.652, 35.947], [-109.6632, 35.9423], [-109.6705, 35.9417], [-109.6652, 35.9383], [-109.6635, 35.9291], [-109.6605, 35.9246], [-109.661, 35.9213], [-109.6689, 35.9153], [-109.687, 35.9124], [-109.6835, 35.908], [-109.669, 35.9078], [-109.6542, 35.9105], [-109.6565, 35.9054], [-109.6541, 35.8982], [-109.6509, 35.896], [-109.6515, 35.8878], [-109.6911, 35.8969], [-109.7103, 35.8962], [-109.7292, 35.891], [-109.7373, 35.8952], [-109.7741, 35.894], [-109.7811, 35.8928], [-109.8054, 35.8797], [-109.8104, 35.8754], [-109.8127, 35.8882], [-109.8155, 35.8916], [-109.8208, 35.888], [-109.8331, 35.8934], [-109.8403, 35.8892], [-109.8427, 35.8925], [-109.8406, 35.8964], [-109.8482, 35.8955], [-109.85, 35.8977], [-109.851, 35.9101], [-109.8561, 35.9296], [-109.8634, 35.9381], [-109.8698, 35.9502], [-109.8723, 35.9614], [-109.8747, 35.9619], [-109.8781, 35.9676], [-109.8835, 35.9721], [-109.8842, 35.9772], [-109.8896, 35.9861], [-109.8955, 35.9924], [-109.8986, 35.9991], [-109.899, 36.0214], [-109.8806, 36.0215], [-109.8767, 36.0164], [-109.8735, 36.0161], [-109.8637, 36.01], [-109.8583, 36.0091], [-109.8487, 36.0031], [-109.8381, 36.0025], [-109.831, 36.0046], [-109.8311, 36.0092], [-109.8357, 36.0154], [-109.8419, 36.0198], [-109.8487, 36.0215], [-109.8411, 36.03], [-109.8451, 36.0308], [-109.8559, 36.023], [-109.8677, 36.0234], [-109.8715, 36.0252], [-109.871, 36.028], [-109.874, 36.0283], [-109.8761, 36.0507], [-109.8788, 36.0564], [-109.8808, 36.0562], [-109.8801, 36.0612], [-109.8829, 36.0615], [-109.8909, 36.0553], [-109.8977, 36.0571], [-109.9037, 36.052], [-109.9158, 36.0584], [-109.9143, 36.0612], [-109.9027, 36.0639], [-109.8912, 36.076], [-109.9041, 36.0835], [-109.916, 36.0822], [-109.9164, 36.0858], [-109.9116, 36.0891], [-109.9062, 36.0959], [-109.8998, 36.0996], [-109.8905, 36.113], [-109.8923, 36.1248], [-109.8774, 36.1279], [-109.8682, 36.1356], [-109.8618, 36.1384], [-109.8541, 36.1346], [-109.8538, 36.1212], [-109.8469, 36.1174], [-109.8458, 36.1141], [-109.8056, 36.1271], [-109.818, 36.1323], [-109.8177, 36.1476], [-109.8119, 36.1801], [-109.814, 36.1903], [-109.8171, 36.1968], [-109.8136, 36.2076], [-109.8163, 36.2194], [-109.8133, 36.2325], [-109.8165, 36.238], [-109.8125, 36.2441], [-109.8104, 36.2573], [-109.811, 36.2654], [-109.8121, 36.2639], [-109.8191, 36.2642], [-109.8207, 36.2672], [-109.827, 36.2698], [-109.8219, 36.2753], [-109.8202, 36.2811], [-109.8128, 36.2874], [-109.8246, 36.3035], [-109.8271, 36.3049], [-109.8236, 36.3087], [-109.8255, 36.309], [-109.8243, 36.3122], [-109.834, 36.3095], [-109.8391, 36.3039], [-109.8398, 36.2986], [-109.8421, 36.2962], [-109.8538, 36.2934], [-109.8566, 36.2905], [-109.8606, 36.2843], [-109.8608, 36.2737], [-109.8649, 36.2724], [-109.864, 36.2713], [-109.8656, 36.2688], [-109.871, 36.2669], [-109.8729, 36.2573], [-109.8681, 36.253], [-109.8706, 36.2494], [-109.8713, 36.2445], [-109.8747, 36.2402], [-109.884, 36.248], [-109.8973, 36.2501], [-109.9064, 36.2533], [-109.9048, 36.2449], [-109.9129, 36.2379], [-109.9131, 36.2296], [-109.9218, 36.2359], [-109.9235, 36.2418], [-109.9264, 36.2438], [-109.9493, 36.2478], [-109.9539, 36.2521], [-109.9642, 36.2547], [-109.9679, 36.2599], [-109.9748, 36.2641], [-109.9787, 36.2637], [-109.9799, 36.2688], [-109.9855, 36.2692], [-109.9907, 36.264], [-109.9918, 36.2583], [-109.9974, 36.2603], [-110.0007, 36.2568], [-110.001, 36.3616], [-110.0177, 36.3636], [-110.0301, 36.3595], [-110.04, 36.3629], [-110.0464, 36.3599], [-110.056, 36.359], [-110.0554, 36.3604], [-110.0598, 36.3637], [-110.072, 36.368], [-110.0748, 36.3729], [-110.0788, 36.3758], [-110.1059, 36.3899], [-110.1141, 36.3982], [-110.1265, 36.4057], [-110.136, 36.4079], [-110.1456, 36.4078], [-110.1518, 36.4143], [-110.1578, 36.4157], [-110.17, 36.4018], [-110.1726, 36.4015], [-110.176, 36.4022], [-110.1792, 36.4147], [-110.1811, 36.4141], [-110.1847, 36.4163]]]}}, {"type": "Feature", "properties": {"zip": "85757", "total": 1001, "q1": 236, "q2": 244, "q3": 260, "q4": 261, "pop": 4912, "acsPriv": 284, "seats": 76}, "geometry": {"type": "Polygon", "coordinates": [[[-111.2177, 32.1149], [-111.1782, 32.132], [-111.1368, 32.1452], [-111.096, 32.1645], [-111.0713, 32.1714], [-111.0713, 32.17], [-111.0634, 32.17], [-111.063, 32.1081], [-111.0678, 32.1081], [-111.0678, 32.1044], [-111.2174, 32.1037], [-111.2177, 32.1149]]]}}, {"type": "Feature", "properties": {"zip": "86505", "total": 86, "q1": 19, "q2": 24, "q3": 22, "q4": 21, "pop": 1591, "acsPriv": 9, "seats": 0}, "geometry": {"type": "Polygon", "coordinates": [[[-110.0176, 35.5258], [-110.0073, 35.5452], [-110.0045, 35.5556], [-109.9878, 35.5624], [-109.9743, 35.5872], [-109.9832, 35.5942], [-109.9963, 35.5991], [-109.993, 35.5995], [-109.9918, 35.6048], [-109.988, 35.6075], [-109.9861, 35.6161], [-109.9777, 35.6211], [-109.9802, 35.6299], [-109.9786, 35.6319], [-109.984, 35.6459], [-109.9704, 35.645], [-109.9706, 35.6512], [-109.9667, 35.6615], [-109.9678, 35.6627], [-110.0007, 35.6627], [-110.0007, 35.69], [-109.9854, 35.6908], [-109.9816, 35.694], [-109.9765, 35.7053], [-109.9754, 35.7102], [-109.977, 35.7133], [-109.9748, 35.7152], [-109.9742, 35.7189], [-109.9789, 35.7207], [-109.9718, 35.7235], [-109.9583, 35.7323], [-109.953, 35.7462], [-109.9474, 35.7534], [-109.9735, 35.7624], [-109.9729, 35.7646], [-109.9695, 35.7658], [-109.9591, 35.7773], [-109.9515, 35.7805], [-109.9578, 35.7804], [-109.9647, 35.7862], [-109.9567, 35.8065], [-109.9251, 35.8201], [-109.9216, 35.809], [-109.9281, 35.7942], [-109.9223, 35.7951], [-109.9199, 35.793], [-109.914, 35.7965], [-109.9097, 35.8011], [-109.9089, 35.8065], [-109.9135, 35.8298], [-109.9101, 35.8366], [-109.9142, 35.8473], [-109.9136, 35.8516], [-109.9089, 35.8582], [-109.905, 35.8606], [-109.8973, 35.8621], [-109.8799, 35.871], [-109.8761, 35.8744], [-109.8733, 35.881], [-109.8575, 35.8848], [-109.8477, 35.8961], [-109.8406, 35.8964], [-109.8427, 35.8925], [-109.8403, 35.8892], [-109.8331, 35.8934], [-109.8208, 35.888], [-109.8155, 35.8916], [-109.8127, 35.8882], [-109.8104, 35.8754], [-109.8054, 35.8797], [-109.7811, 35.8928], [-109.7741, 35.894], [-109.7373, 35.8952], [-109.7292, 35.891], [-109.7103, 35.8962], [-109.6911, 35.8969], [-109.6515, 35.8878], [-109.6509, 35.896], [-109.6541, 35.8982], [-109.6565, 35.9054], [-109.6542, 35.9105], [-109.669, 35.9078], [-109.6835, 35.908], [-109.687, 35.9124], [-109.6689, 35.9153], [-109.661, 35.9213], [-109.6605, 35.9246], [-109.6635, 35.9291], [-109.6652, 35.9383], [-109.6705, 35.9417], [-109.6632, 35.9423], [-109.652, 35.947], [-109.6427, 35.9592], [-109.6434, 35.9443], [-109.6387, 35.9472], [-109.639, 35.9502], [-109.6347, 35.9565], [-109.6315, 35.9575], [-109.6325, 35.9533], [-109.6223, 35.9486], [-109.6201, 35.944], [-109.6139, 35.9738], [-109.6069, 35.9845], [-109.601, 35.987], [-109.5981, 35.9678], [-109.5925, 35.9512], [-109.5943, 35.942], [-109.6118, 35.9135], [-109.6111, 35.9013], [-109.6013, 35.8771], [-109.5983, 35.8764], [-109.5919, 35.8685], [-109.5919, 35.873], [-109.5818, 35.8712], [-109.5787, 35.8676], [-109.5743, 35.866], [-109.5696, 35.8533], [-109.5636, 35.8523], [-109.5637, 35.8462], [-109.5532, 35.8401], [-109.5448, 35.8373], [-109.5418, 35.8328], [-109.5392, 35.8321], [-109.5421, 35.8293], [-109.5401, 35.8282], [-109.5405, 35.8256], [-109.544, 35.8246], [-109.5456, 35.8213], [-109.5408, 35.8199], [-109.5412, 35.8149], [-109.5388, 35.8135], [-109.5331, 35.8037], [-109.5267, 35.8026], [-109.5261, 35.7999], [-109.5185, 35.8005], [-109.5193, 35.7985], [-109.5153, 35.7946], [-109.5055, 35.7936], [-109.5041, 35.7914], [-109.493, 35.7878], [-109.4872, 35.7944], [-109.4837, 35.802], [-109.4797, 35.805], [-109.4741, 35.8061], [-109.4661, 35.8123], [-109.4626, 35.8172], [-109.4578, 35.8178], [-109.4439, 35.8291], [-109.4399, 35.8303], [-109.4432, 35.8308], [-109.4416, 35.833], [-109.4395, 35.8312], [-109.4315, 35.8357], [-109.4214, 35.8487], [-109.4153, 35.8602], [-109.4001, 35.8667], [-109.3872, 35.8687], [-109.3764, 35.8727], [-109.348, 35.8944], [-109.3271, 35.8976], [-109.3022, 35.893], [-109.2886, 35.8925], [-109.2767, 35.8946], [-109.2644, 35.8921], [-109.2636, 35.8899], [-109.302, 35.8557], [-109.2995, 35.8545], [-109.2994, 35.8502], [-109.2976, 35.8496], [-109.293, 35.856], [-109.2792, 35.8561], [-109.2794, 35.8516], [-109.2849, 35.8446], [-109.2941, 35.8444], [-109.2972, 35.8366], [-109.4275, 35.8366], [-109.4206, 35.8324], [-109.4385, 35.8143], [-109.4343, 35.8148], [-109.4337, 35.8174], [-109.432, 35.8155], [-109.4371, 35.8019], [-109.4338, 35.7875], [-109.4353, 35.7828], [-109.4391, 35.7878], [-109.4427, 35.785], [-109.4449, 35.7878], [-109.4477, 35.7877], [-109.4646, 35.7806], [-109.4668, 35.7813], [-109.4802, 35.7763], [-109.4907, 35.7702], [-109.4915, 35.767], [-109.4875, 35.7621], [-109.4869, 35.7582], [-109.4871, 35.7536], [-109.4933, 35.7498], [-109.4904, 35.7463], [-109.4831, 35.7465], [-109.4757, 35.7497], [-109.4747, 35.7444], [-109.4679, 35.7413], [-109.4651, 35.7431], [-109.4601, 35.7556], [-109.4586, 35.7569], [-109.4543, 35.7561], [-109.4508, 35.7543], [-109.4479, 35.7507], [-109.4487, 35.7498], [-109.4452, 35.7502], [-109.4434, 35.743], [-109.4384, 35.7421], [-109.4375, 35.74], [-109.4281, 35.7356], [-109.4226, 35.729], [-109.4249, 35.723], [-109.4231, 35.7204], [-109.424, 35.7176], [-109.4274, 35.7161], [-109.4433, 35.7152], [-109.4445, 35.7125], [-109.4428, 35.7018], [-109.4356, 35.6987], [-109.4337, 35.6964], [-109.422, 35.6949], [-109.4216, 35.6923], [-109.4237, 35.6826], [-109.4263, 35.6826], [-109.4275, 35.6779], [-109.4323, 35.6749], [-109.4262, 35.6636], [-109.4277, 35.6579], [-109.4261, 35.6505], [-109.4227, 35.6496], [-109.4212, 35.6465], [-109.4238, 35.6433], [-109.4308, 35.6394], [-109.4356, 35.6315], [-109.4382, 35.6307], [-109.4405, 35.6225], [-109.4344, 35.624], [-109.4298, 35.6188], [-109.4288, 35.6149], [-109.4186, 35.6167], [-109.4205, 35.6143], [-109.4212, 35.6057], [-109.4233, 35.6019], [-109.4315, 35.5971], [-109.4363, 35.597], [-109.4484, 35.5899], [-109.4495, 35.5857], [-109.4545, 35.5798], [-109.4576, 35.5716], [-109.4561, 35.5701], [-109.4582, 35.567], [-109.4539, 35.565], [-109.443, 35.5665], [-109.4434, 35.5612], [-109.446, 35.5558], [-109.4281, 35.5591], [-109.4399, 35.5504], [-109.4388, 35.5491], [-109.4416, 35.546], [-109.4422, 35.5423], [-109.4393, 35.5389], [-109.4407, 35.5358], [-109.4395, 35.5348], [-109.4415, 35.5337], [-109.4399, 35.5313], [-109.4473, 35.5296], [-109.4477, 35.5248], [-109.4516, 35.5227], [-109.4513, 35.5203], [-109.4529, 35.5189], [-109.4501, 35.5176], [-109.4506, 35.5162], [-109.4253, 35.5176], [-109.4235, 35.5071], [-109.44, 35.4894], [-109.4429, 35.491], [-109.4508, 35.4898], [-109.4495, 35.4864], [-109.448, 35.4863], [-109.4459, 35.4605], [-109.4587, 35.4563], [-109.4625, 35.4568], [-109.4635, 35.4602], [-109.4652, 35.4584], [-109.4801, 35.4546], [-109.4891, 35.4575], [-109.4979, 35.4576], [-109.4957, 35.4591], [-109.4962, 35.4602], [-109.5162, 35.4488], [-109.5219, 35.4473], [-109.5222, 35.4579], [-109.5238, 35.4609], [-109.5283, 35.4537], [-109.5472, 35.4445], [-109.5405, 35.4437], [-109.5394, 35.4449], [-109.5362, 35.4425], [-109.5436, 35.4396], [-109.5515, 35.4334], [-109.566, 35.426], [-109.5838, 35.4243], [-109.6028, 35.4082], [-109.5883, 35.4106], [-109.5913, 35.4026], [-109.6102, 35.3796], [-109.6096, 35.3744], [-109.5978, 35.3758], [-109.5849, 35.3808], [-109.5754, 35.3797], [-109.5604, 35.3873], [-109.5474, 35.3887], [-109.5649, 35.3714], [-109.567, 35.367], [-109.5807, 35.3524], [-109.5711, 35.3518], [-109.5578, 35.3566], [-109.5717, 35.3487], [-109.5844, 35.3343], [-109.5832, 35.3311], [-109.5783, 35.3272], [-109.5967, 35.3299], [-109.6002, 35.3347], [-109.6231, 35.3214], [-109.6337, 35.3114], [-109.6437, 35.3091], [-109.6616, 35.2989], [-109.6762, 35.296], [-109.6758, 35.3005], [-109.6665, 35.322], [-109.6624, 35.3281], [-109.6655, 35.3429], [-109.6626, 35.35], [-109.6649, 35.3653], [-109.667, 35.3662], [-109.6663, 35.3696], [-109.6629, 35.3762], [-109.6553, 35.3811], [-109.6491, 35.391], [-109.6479, 35.3959], [-109.6483, 35.3995], [-109.6589, 35.3969], [-109.6736, 35.3963], [-109.69, 35.3885], [-109.7067, 35.3829], [-109.7054, 35.3811], [-109.7109, 35.3787], [-109.7125, 35.3764], [-109.7114, 35.3729], [-109.713, 35.3694], [-109.7154, 35.3695], [-109.7137, 35.3677], [-109.7184, 35.3594], [-109.7209, 35.3577], [-109.7226, 35.3526], [-109.7247, 35.3514], [-109.724, 35.3498], [-109.7256, 35.347], [-109.7435, 35.3364], [-109.7491, 35.3253], [-109.749, 35.322], [-109.7522, 35.3184], [-109.7538, 35.3132], [-109.7526, 35.3107], [-109.7549, 35.3082], [-109.758, 35.3079], [-109.7571, 35.3059], [-109.7613, 35.3043], [-109.7603, 35.3024], [-109.7619, 35.3009], [-109.7635, 35.3022], [-109.7663, 35.3015], [-109.7679, 35.2975], [-109.7692, 35.2981], [-109.7701, 35.2959], [-109.7733, 35.2953], [-109.7724, 35.2936], [-109.7779, 35.2885], [-109.7789, 35.2861], [-109.7778, 35.2851], [-109.7812, 35.2798], [-109.7821, 35.2742], [-109.7866, 35.2675], [-109.7951, 35.2655], [-109.7987, 35.2622], [-109.8016, 35.2617], [-109.806, 35.2587], [-109.8084, 35.2549], [-109.8155, 35.253], [-109.8167, 35.2506], [-109.8275, 35.2452], [-109.8288, 35.2425], [-109.8404, 35.2408], [-109.8439, 35.2386], [-109.8438, 35.3274], [-109.848, 35.325], [-109.8697, 35.3331], [-109.8721, 35.3351], [-109.8719, 35.34], [-109.8788, 35.343], [-109.8861, 35.337], [-109.886, 35.3394], [-109.8915, 35.3436], [-109.8911, 35.3486], [-109.8961, 35.3463], [-109.8818, 35.3644], [-109.8935, 35.3548], [-109.8959, 35.3582], [-109.8873, 35.3638], [-109.9035, 35.3744], [-109.9129, 35.374], [-109.9165, 35.3856], [-109.9151, 35.3946], [-109.91, 35.4022], [-109.9225, 35.4043], [-109.9289, 35.4028], [-109.9428, 35.3859], [-109.9499, 35.3796], [-109.9548, 35.3778], [-109.9464, 35.3892], [-109.9554, 35.3976], [-109.9749, 35.4027], [-109.9729, 35.405], [-109.9754, 35.4078], [-109.9743, 35.4131], [-109.978, 35.4141], [-109.9801, 35.4262], [-109.9768, 35.4287], [-109.9682, 35.4278], [-109.9684, 35.4218], [-109.9592, 35.4307], [-109.9551, 35.437], [-109.9436, 35.4472], [-109.9382, 35.4566], [-109.9631, 35.4556], [-109.966, 35.4558], [-109.9695, 35.4594], [-109.9762, 35.4595], [-109.9846, 35.4652], [-109.9858, 35.4684], [-109.9829, 35.4731], [-109.9858, 35.4699], [-109.9856, 35.4758], [-109.9832, 35.4807], [-110.0081, 35.4729], [-110.0051, 35.4767], [-110.009, 35.4755], [-110.0075, 35.4785], [-110.0062, 35.4973], [-110.0007, 35.5004], [-110.0007, 35.5148], [-110.0097, 35.5091], [-110.0144, 35.5112], [-110.0125, 35.5135], [-110.0162, 35.5143], [-110.014, 35.5149], [-110.0154, 35.518], [-110.012, 35.5196], [-110.0176, 35.5258]]]}}, {"type": "Feature", "properties": {"zip": "85040", "total": 598, "q1": 134, "q2": 154, "q3": 155, "q4": 155, "pop": 6805, "acsPriv": 296, "seats": 17}, "geometry": {"type": "Polygon", "coordinates": [[[-112.0822, 33.4189], [-112.0759, 33.4223], [-112.0563, 33.4202], [-112.042, 33.4166], [-112.0299, 33.4164], [-112.0184, 33.4191], [-112.0105, 33.4122], [-112.0037, 33.4181], [-111.9998, 33.4182], [-111.9998, 33.422], [-111.9784, 33.4219], [-111.9784, 33.3936], [-111.9935, 33.3927], [-111.9928, 33.3944], [-111.9949, 33.3944], [-111.9955, 33.396], [-111.9955, 33.3927], [-112.0041, 33.3926], [-112.0063, 33.3889], [-112.0106, 33.3889], [-112.0125, 33.3926], [-112.0168, 33.3938], [-112.0647, 33.3909], [-112.0647, 33.3923], [-112.0674, 33.3923], [-112.0674, 33.3909], [-112.0695, 33.3907], [-112.0701, 33.3922], [-112.0744, 33.3927], [-112.0733, 33.4004], [-112.0748, 33.4002], [-112.0748, 33.404], [-112.0733, 33.404], [-112.0733, 33.4067], [-112.0765, 33.4067], [-112.0765, 33.408], [-112.0734, 33.4088], [-112.0733, 33.4199], [-112.0778, 33.4199], [-112.0777, 33.4181], [-112.0822, 33.4189]]]}}, {"type": "Feature", "properties": {"zip": "85303", "total": 766, "q1": 174, "q2": 193, "q3": 203, "q4": 196, "pop": 7093, "acsPriv": 443, "seats": 0}, "geometry": {"type": "Polygon", "coordinates": [[[-112.2377, 33.5088], [-112.2378, 33.5593], [-112.2117, 33.5602], [-112.2036, 33.553], [-112.2031, 33.5311], [-112.2074, 33.531], [-112.2075, 33.5296], [-112.2031, 33.5297], [-112.2031, 33.5266], [-112.2052, 33.5257], [-112.2031, 33.5257], [-112.2031, 33.5231], [-112.2052, 33.5222], [-112.2048, 33.5207], [-112.2031, 33.5207], [-112.2032, 33.5094], [-112.2377, 33.5088]], [[-112.2074, 33.5364], [-112.2071, 33.5348], [-112.2034, 33.5349], [-112.2035, 33.537], [-112.2074, 33.5364]]]}}, {"type": "Feature", "properties": {"zip": "85013", "total": 1146, "q1": 279, "q2": 288, "q3": 295, "q4": 284, "pop": 2358, "acsPriv": 343, "seats": 191}, "geometry": {"type": "Polygon", "coordinates": [[[-112.0914, 33.4805], [-112.0905, 33.5385], [-112.0895, 33.5363], [-112.0889, 33.5385], [-112.0857, 33.5384], [-112.0857, 33.5365], [-112.0845, 33.5365], [-112.0845, 33.5384], [-112.0751, 33.5383], [-112.0737, 33.5356], [-112.0737, 33.5328], [-112.0758, 33.5321], [-112.0737, 33.531], [-112.0737, 33.5129], [-112.0781, 33.5129], [-112.0781, 33.5118], [-112.0737, 33.5117], [-112.0738, 33.5075], [-112.0753, 33.5066], [-112.0738, 33.5047], [-112.0781, 33.5039], [-112.0738, 33.5038], [-112.0738, 33.5002], [-112.0765, 33.5002], [-112.0765, 33.4984], [-112.0738, 33.4979], [-112.0738, 33.4966], [-112.0782, 33.4967], [-112.0782, 33.4948], [-112.0749, 33.4948], [-112.0749, 33.4932], [-112.0765, 33.4929], [-112.0759, 33.4859], [-112.0782, 33.486], [-112.079, 33.4838], [-112.0782, 33.4822], [-112.075, 33.4822], [-112.075, 33.4803], [-112.083, 33.4794], [-112.0914, 33.4805]]]}}, {"type": "Feature", "properties": {"zip": "85003", "total": 256, "q1": 57, "q2": 68, "q3": 65, "q4": 66, "pop": 673, "acsPriv": 32, "seats": 0}, "geometry": {"type": "Polygon", "coordinates": [[[-112.083, 33.4794], [-112.075, 33.4803], [-112.0753, 33.4758], [-112.0738, 33.4757], [-112.0738, 33.4706], [-112.0759, 33.4706], [-112.0759, 33.4657], [-112.0738, 33.4657], [-112.0748, 33.4636], [-112.0738, 33.4587], [-112.0751, 33.4577], [-112.0738, 33.4493], [-112.0751, 33.4493], [-112.0738, 33.4483], [-112.0738, 33.4411], [-112.075, 33.4411], [-112.0737, 33.4321], [-112.0751, 33.4322], [-112.0751, 33.429], [-112.0737, 33.4288], [-112.0733, 33.4221], [-112.0759, 33.4223], [-112.0822, 33.4189], [-112.0824, 33.4258], [-112.0783, 33.4264], [-112.0783, 33.4286], [-112.0824, 33.4269], [-112.0825, 33.4331], [-112.0805, 33.4332], [-112.0805, 33.4371], [-112.0825, 33.4409], [-112.083, 33.4794]]]}}, {"type": "Feature", "properties": {"zip": "85018", "total": 3988, "q1": 972, "q2": 1004, "q3": 1011, "q4": 1001, "pop": 4997, "acsPriv": 1321, "seats": 1397}, "geometry": {"type": "MultiPolygon", "coordinates": [[[[-112.0156, 33.5134], [-112.013, 33.5141], [-112.0129, 33.5185], [-111.9997, 33.5135], [-111.9952, 33.5136], [-111.9951, 33.5237], [-111.9924, 33.5248], [-111.9737, 33.5237], [-111.9737, 33.5221], [-111.9694, 33.522], [-111.9694, 33.5161], [-111.9629, 33.5159], [-111.9579, 33.5128], [-111.9581, 33.509], [-111.952, 33.509], [-111.952, 33.5078], [-111.9433, 33.5092], [-111.9433, 33.5067], [-111.9481, 33.5064], [-111.952, 33.5026], [-111.952, 33.4875], [-111.9499, 33.4875], [-111.949, 33.4826], [-111.9609, 33.48], [-111.961, 33.4782], [-111.9685, 33.4785], [-111.9696, 33.4801], [-111.9718, 33.4796], [-111.9718, 33.4782], [-111.9746, 33.4783], [-111.9754, 33.48], [-111.9754, 33.4783], [-111.978, 33.4783], [-111.978, 33.4801], [-111.9812, 33.479], [-111.9849, 33.4802], [-111.9846, 33.4783], [-111.987, 33.4783], [-111.987, 33.4803], [-111.9913, 33.4804], [-111.9914, 33.479], [-111.9955, 33.4791], [-111.9955, 33.4804], [-112.0129, 33.4805], [-112.0129, 33.4823], [-112.0151, 33.4823], [-112.015, 33.4841], [-112.0129, 33.4842], [-112.0129, 33.4879], [-112.0151, 33.4886], [-112.013, 33.492], [-112.0151, 33.4929], [-112.013, 33.493], [-112.013, 33.5026], [-112.0152, 33.5025], [-112.013, 33.5035], [-112.013, 33.5118], [-112.0154, 33.5117], [-112.0156, 33.5134]]], [[[-112.0386, 33.5495], [-112.0377, 33.5621], [-112.023, 33.5723], [-112.0215, 33.5724], [-112.0203, 33.5655], [-112.0129, 33.568], [-111.9957, 33.5682], [-111.9932, 33.5706], [-111.9908, 33.5706], [-111.9908, 33.5719], [-111.9865, 33.5719], [-111.9865, 33.5738], [-111.9844, 33.5747], [-111.9821, 33.5743], [-111.9811, 33.5722], [-111.9867, 33.5664], [-111.9864, 33.5535], [-111.9953, 33.5537], [-111.9953, 33.5391], [-111.9977, 33.5391], [-111.9977, 33.5319], [-112.0129, 33.532], [-112.0128, 33.5446], [-112.0139, 33.545], [-112.0281, 33.5368], [-112.0281, 33.5384], [-112.0302, 33.5384], [-112.0302, 33.5497], [-112.0386, 33.5495]]]]}}, {"type": "Feature", "properties": {"zip": "86511", "total": 291, "q1": 66, "q2": 69, "q3": 79, "q4": 77, "pop": 749, "acsPriv": 0, "seats": 0}, "geometry": {"type": "Polygon", "coordinates": [[[-109.4932, 35.7499], [-109.487, 35.7539], [-109.4875, 35.7621], [-109.4915, 35.767], [-109.4889, 35.7714], [-109.4802, 35.7763], [-109.4668, 35.7813], [-109.4646, 35.7806], [-109.4477, 35.7877], [-109.4449, 35.7878], [-109.4427, 35.785], [-109.4391, 35.7878], [-109.4353, 35.7828], [-109.4338, 35.7875], [-109.4371, 35.8019], [-109.432, 35.8155], [-109.4337, 35.8174], [-109.4343, 35.8148], [-109.4385, 35.8143], [-109.4206, 35.8324], [-109.4275, 35.8366], [-109.2807, 35.8366], [-109.2808, 35.815], [-109.2726, 35.8174], [-109.2691, 35.8097], [-109.2627, 35.8138], [-109.2609, 35.8121], [-109.2537, 35.8149], [-109.2569, 35.8118], [-109.2568, 35.81], [-109.2637, 35.8049], [-109.264, 35.7991], [-109.2666, 35.7926], [-109.2582, 35.7985], [-109.2423, 35.8059], [-109.2411, 35.8001], [-109.2321, 35.797], [-109.2283, 35.7946], [-109.2278, 35.7925], [-109.2161, 35.795], [-109.2096, 35.7982], [-109.1952, 35.798], [-109.1974, 35.777], [-109.1964, 35.7712], [-109.1793, 35.7699], [-109.1699, 35.7631], [-109.1523, 35.7671], [-109.1602, 35.7601], [-109.1586, 35.7573], [-109.1588, 35.7499], [-109.1552, 35.7426], [-109.1576, 35.733], [-109.1655, 35.731], [-109.1672, 35.7271], [-109.1454, 35.7267], [-109.1415, 35.724], [-109.1333, 35.7265], [-109.1425, 35.7188], [-109.1543, 35.7218], [-109.1566, 35.7202], [-109.1547, 35.7168], [-109.1505, 35.7157], [-109.1311, 35.717], [-109.1251, 35.7161], [-109.119, 35.714], [-109.116, 35.712], [-109.1156, 35.7099], [-109.107, 35.7099], [-109.1039, 35.7079], [-109.1004, 35.7088], [-109.0895, 35.7035], [-109.0867, 35.6971], [-109.0948, 35.6984], [-109.0965, 35.6739], [-109.0937, 35.6687], [-109.0923, 35.6686], [-109.0933, 35.6677], [-109.0892, 35.6573], [-109.0647, 35.6621], [-109.064, 35.6594], [-109.0679, 35.6553], [-109.0677, 35.6535], [-109.0752, 35.6544], [-109.0784, 35.644], [-109.075, 35.6426], [-109.0768, 35.6403], [-109.0743, 35.6293], [-109.0828, 35.6183], [-109.0818, 35.6167], [-109.0771, 35.6164], [-109.0717, 35.6182], [-109.061, 35.6175], [-109.0612, 35.6143], [-109.0526, 35.609], [-109.0463, 35.6073], [-109.0466, 35.4869], [-109.0656, 35.4878], [-109.0857, 35.4832], [-109.0901, 35.4844], [-109.0916, 35.4834], [-109.0935, 35.4849], [-109.1016, 35.4831], [-109.1043, 35.4808], [-109.1051, 35.4763], [-109.1099, 35.4739], [-109.1141, 35.4637], [-109.1251, 35.4536], [-109.1312, 35.4566], [-109.1383, 35.4565], [-109.1453, 35.4609], [-109.148, 35.4602], [-109.1527, 35.465], [-109.1572, 35.4617], [-109.1675, 35.4617], [-109.1696, 35.4654], [-109.1826, 35.4711], [-109.1977, 35.4757], [-109.2101, 35.4774], [-109.211, 35.4824], [-109.2076, 35.4875], [-109.2004, 35.4896], [-109.1923, 35.4963], [-109.1895, 35.4995], [-109.1929, 35.5035], [-109.1846, 35.5065], [-109.1801, 35.5119], [-109.1778, 35.5189], [-109.1749, 35.5207], [-109.1769, 35.5246], [-109.1755, 35.5279], [-109.169, 35.5256], [-109.1622, 35.5269], [-109.1565, 35.5321], [-109.154, 35.532], [-109.1463, 35.541], [-109.1488, 35.557], [-109.155, 35.5542], [-109.1562, 35.5568], [-109.1617, 35.5546], [-109.156, 35.5664], [-109.1634, 35.5728], [-109.1751, 35.5799], [-109.1661, 35.58], [-109.1646, 35.5825], [-109.1685, 35.5841], [-109.1699, 35.588], [-109.1678, 35.6002], [-109.1728, 35.5997], [-109.18, 35.6047], [-109.181, 35.6103], [-109.1784, 35.6113], [-109.1751, 35.6155], [-109.1877, 35.6239], [-109.1822, 35.6257], [-109.1832, 35.6281], [-109.1786, 35.6329], [-109.1603, 35.6399], [-109.1655, 35.6454], [-109.167, 35.6499], [-109.159, 35.6549], [-109.1631, 35.6556], [-109.163, 35.6609], [-109.1649, 35.6612], [-109.1709, 35.6586], [-109.1751, 35.66], [-109.1875, 35.6573], [-109.2018, 35.6505], [-109.2007, 35.6472], [-109.1979, 35.6455], [-109.1996, 35.6432], [-109.2057, 35.6415], [-109.2058, 35.6399], [-109.21, 35.6399], [-109.2114, 35.6561], [-109.2134, 35.6613], [-109.2146, 35.6591], [-109.2326, 35.6612], [-109.2368, 35.6582], [-109.2425, 35.6572], [-109.2396, 35.653], [-109.2531, 35.6555], [-109.2582, 35.651], [-109.2609, 35.6544], [-109.2568, 35.6579], [-109.2524, 35.6718], [-109.2607, 35.676], [-109.2746, 35.6703], [-109.2771, 35.6707], [-109.2786, 35.6647], [-109.2763, 35.6641], [-109.2874, 35.6602], [-109.2863, 35.6588], [-109.2909, 35.6549], [-109.2899, 35.6532], [-109.2781, 35.6539], [-109.278, 35.6492], [-109.2832, 35.6477], [-109.2814, 35.644], [-109.283, 35.6424], [-109.2814, 35.6415], [-109.2829, 35.6339], [-109.2811, 35.6336], [-109.2845, 35.6302], [-109.2847, 35.6242], [-109.2808, 35.6236], [-109.2743, 35.6274], [-109.2749, 35.6233], [-109.2769, 35.6213], [-109.2717, 35.6201], [-109.27, 35.6214], [-109.2675, 35.6197], [-109.2742, 35.6112], [-109.2852, 35.6136], [-109.2946, 35.6126], [-109.2945, 35.5517], [-109.2966, 35.5517], [-109.2977, 35.549], [-109.3001, 35.5278], [-109.304, 35.5276], [-109.3107, 35.523], [-109.3134, 35.5229], [-109.3233, 35.5418], [-109.3432, 35.5364], [-109.3686, 35.5369], [-109.3666, 35.5385], [-109.3682, 35.5425], [-109.3558, 35.5505], [-109.3612, 35.5608], [-109.3664, 35.5637], [-109.3714, 35.5694], [-109.3914, 35.5652], [-109.3952, 35.5664], [-109.3969, 35.5654], [-109.3941, 35.5627], [-109.3925, 35.5554], [-109.3951, 35.554], [-109.3997, 35.557], [-109.4094, 35.555], [-109.4293, 35.5384], [-109.4384, 35.5347], [-109.4405, 35.5354], [-109.4393, 35.5389], [-109.4422, 35.5429], [-109.4388, 35.5491], [-109.4399, 35.5504], [-109.4281, 35.5591], [-109.446, 35.5558], [-109.4434, 35.5612], [-109.443, 35.5665], [-109.4543, 35.5651], [-109.4582, 35.567], [-109.458, 35.5689], [-109.4561, 35.5701], [-109.4576, 35.5716], [-109.4539, 35.5812], [-109.4495, 35.5857], [-109.4484, 35.5899], [-109.4363, 35.597], [-109.4315, 35.5971], [-109.4233, 35.6019], [-109.4212, 35.6057], [-109.4205, 35.6143], [-109.4186, 35.6167], [-109.4288, 35.6149], [-109.4298, 35.6188], [-109.4344, 35.624], [-109.4405, 35.6225], [-109.4382, 35.6307], [-109.4356, 35.6315], [-109.4308, 35.6394], [-109.4238, 35.6433], [-109.4212, 35.6465], [-109.4227, 35.6496], [-109.4261, 35.6505], [-109.4277, 35.6579], [-109.4262, 35.6636], [-109.4323, 35.6749], [-109.4275, 35.6779], [-109.4263, 35.6826], [-109.4237, 35.6826], [-109.4216, 35.6923], [-109.422, 35.6949], [-109.4337, 35.6964], [-109.4356, 35.6987], [-109.4428, 35.7018], [-109.4445, 35.7125], [-109.4433, 35.7152], [-109.4274, 35.7161], [-109.424, 35.7176], [-109.4231, 35.7204], [-109.4249, 35.723], [-109.4226, 35.729], [-109.4281, 35.7356], [-109.4375, 35.74], [-109.4384, 35.7421], [-109.4434, 35.743], [-109.4452, 35.7502], [-109.4487, 35.7498], [-109.4479, 35.7507], [-109.4533, 35.7558], [-109.4586, 35.7569], [-109.4601, 35.7556], [-109.4651, 35.7431], [-109.4679, 35.7413], [-109.4747, 35.7444], [-109.4757, 35.7497], [-109.4891, 35.7457], [-109.4932, 35.7499]]]}}, {"type": "Feature", "properties": {"zip": "86406", "total": 866, "q1": 196, "q2": 211, "q3": 230, "q4": 229, "pop": 2870, "acsPriv": 259, "seats": 0}, "geometry": {"type": "Polygon", "coordinates": [[[-114.3344, 34.4631], [-114.3307, 34.4631], [-114.3247, 34.4664], [-114.325, 34.4679], [-114.3237, 34.4668], [-114.3229, 34.469], [-114.3043, 34.4787], [-114.3047, 34.4798], [-114.2995, 34.483], [-114.2966, 34.4881], [-114.2923, 34.4908], [-114.2939, 34.4938], [-114.2983, 34.4943], [-114.2815, 34.5029], [-114.2808, 34.5133], [-114.2727, 34.5177], [-114.2727, 34.521], [-114.2696, 34.521], [-114.2555, 34.5304], [-114.2528, 34.5243], [-114.2458, 34.5211], [-114.2346, 34.5194], [-114.2303, 34.5214], [-114.2155, 34.5222], [-114.2065, 34.5187], [-114.2002, 34.5325], [-114.1914, 34.5367], [-114.189, 34.5393], [-114.188, 34.5499], [-114.1821, 34.55], [-114.1561, 34.5454], [-114.1512, 34.5461], [-114.1468, 34.5401], [-114.1316, 34.537], [-114.1259, 34.5396], [-114.1194, 34.5363], [-114.1162, 34.537], [-114.1136, 34.5397], [-114.1025, 34.5393], [-114.1041, 34.5336], [-114.0992, 34.5299], [-114.0822, 34.5259], [-114.0799, 34.5288], [-114.0754, 34.5302], [-114.0725, 34.5343], [-114.0625, 34.5366], [-114.0554, 34.5408], [-114.048, 34.5486], [-114.0411, 34.5518], [-114.0371, 34.5587], [-114.0294, 34.5643], [-114.014, 34.5488], [-113.984, 34.5002], [-113.9945, 34.4906], [-113.9916, 34.4826], [-113.9927, 34.4735], [-113.9982, 34.4657], [-113.9989, 34.4598], [-114.0122, 34.4511], [-114.0194, 34.437], [-114.0183, 34.4319], [-114.0226, 34.4211], [-114.0181, 34.4119], [-114.0164, 34.3952], [-114.0141, 34.3918], [-114.0168, 34.3858], [-114.0109, 34.3792], [-114.001, 34.3754], [-113.9939, 34.3672], [-113.9933, 34.3571], [-113.9903, 34.3533], [-113.9903, 34.3468], [-113.9869, 34.3408], [-113.9808, 34.3367], [-113.9802, 34.3327], [-113.9773, 34.3288], [-113.9782, 34.3239], [-113.9757, 34.307], [-113.9785, 34.302], [-113.9743, 34.2942], [-113.9777, 34.287], [-113.975, 34.2789], [-113.9773, 34.2729], [-113.9835, 34.267], [-113.9813, 34.2635], [-113.9832, 34.2556], [-114.0063, 34.2538], [-114.0115, 34.2561], [-114.0189, 34.266], [-114.0245, 34.2682], [-114.0295, 34.2609], [-114.0351, 34.2598], [-114.0376, 34.2639], [-114.0469, 34.27], [-114.0475, 34.2737], [-114.0506, 34.2749], [-114.053, 34.2783], [-114.0583, 34.2799], [-114.0692, 34.2905], [-114.0754, 34.2929], [-114.0797, 34.2921], [-114.0874, 34.2986], [-114.0982, 34.3006], [-114.1116, 34.295], [-114.1165, 34.2964], [-114.1284, 34.3041], [-114.1383, 34.3032], [-114.1572, 34.3179], [-114.1688, 34.3395], [-114.1769, 34.3493], [-114.1995, 34.3614], [-114.2138, 34.3625], [-114.2261, 34.3659], [-114.2297, 34.3689], [-114.2343, 34.3767], [-114.2527, 34.3901], [-114.2629, 34.4004], [-114.2675, 34.4025], [-114.2801, 34.4031], [-114.2868, 34.4053], [-114.2912, 34.4098], [-114.2934, 34.4195], [-114.301, 34.4268], [-114.317, 34.4351], [-114.3267, 34.4379], [-114.3115, 34.4411], [-114.3043, 34.4466], [-114.3012, 34.4464], [-114.2974, 34.4524], [-114.3011, 34.4536], [-114.2976, 34.4546], [-114.3107, 34.4524], [-114.3215, 34.4528], [-114.3285, 34.4561], [-114.3344, 34.4631]]]}}, {"type": "Feature", "properties": {"zip": "86442", "total": 356, "q1": 70, "q2": 93, "q3": 96, "q4": 97, "pop": 3798, "acsPriv": 449, "seats": 61}, "geometry": {"type": "Polygon", "coordinates": [[[-114.6468, 35.1019], [-114.6374, 35.1125], [-114.6284, 35.1189], [-114.6186, 35.1216], [-114.5978, 35.1217], [-114.5799, 35.1275], [-114.5735, 35.137], [-114.5736, 35.1424], [-114.5682, 35.1423], [-114.5675, 35.1466], [-114.5627, 35.147], [-114.5451, 35.1414], [-114.5451, 35.107], [-114.5264, 35.1005], [-114.5266, 35.0968], [-114.5229, 35.0924], [-114.5134, 35.0669], [-114.5451, 35.067], [-114.5471, 35.0644], [-114.5573, 35.0601], [-114.5618, 35.0562], [-114.5624, 35.0547], [-114.56, 35.0541], [-114.5621, 35.0525], [-114.5625, 35.0441], [-114.5804, 35.0443], [-114.5803, 35.0406], [-114.6067, 35.0406], [-114.6073, 35.0458], [-114.6159, 35.0481], [-114.6156, 35.0499], [-114.6175, 35.0517], [-114.6093, 35.0565], [-114.6047, 35.0617], [-114.6029, 35.0686], [-114.6047, 35.0748], [-114.6155, 35.0848], [-114.6428, 35.0965], [-114.6468, 35.1019]]]}}, {"type": "Feature", "properties": {"zip": "85193", "total": 164, "q1": 37, "q2": 39, "q3": 43, "q4": 45, "pop": 613, "acsPriv": 0, "seats": 0}, "geometry": {"type": "Polygon", "coordinates": [[[-111.9661, 32.6508], [-111.947, 32.7072], [-111.9345, 32.7191], [-111.9434, 32.7322], [-111.956, 32.7437], [-111.9604, 32.7523], [-111.9636, 32.7665], [-111.9293, 32.7676], [-111.9292, 32.7824], [-111.921, 32.7826], [-111.9215, 32.7966], [-111.912, 32.7968], [-111.912, 32.8794], [-111.8776, 32.8795], [-111.8775, 32.894], [-111.8949, 32.8939], [-111.8949, 32.9615], [-111.9121, 32.9726], [-111.9121, 33.0134], [-111.9134, 33.0137], [-111.8952, 33.0119], [-111.8951, 32.996], [-111.7923, 32.9963], [-111.7914, 32.9533], [-111.8121, 32.9528], [-111.8168, 32.9505], [-111.8212, 32.9508], [-111.823, 32.9536], [-111.8267, 32.9526], [-111.8258, 32.9201], [-111.785, 32.8945], [-111.7744, 32.8939], [-111.7744, 32.8874], [-111.7855, 32.8939], [-111.7895, 32.8921], [-111.7894, 32.8867], [-111.7915, 32.8867], [-111.7918, 32.8898], [-111.8089, 32.8898], [-111.8089, 32.8794], [-111.7752, 32.8794], [-111.7749, 32.8649], [-111.7574, 32.8649], [-111.7574, 32.8686], [-111.7518, 32.8686], [-111.7518, 32.872], [-111.7498, 32.872], [-111.7229, 32.8562], [-111.7229, 32.8348], [-111.7104, 32.8332], [-111.6798, 32.8145], [-111.6798, 32.8067], [-111.671, 32.8049], [-111.671, 32.785], [-111.6539, 32.7848], [-111.6514, 32.7775], [-111.6539, 32.7775], [-111.654, 32.7706], [-111.6363, 32.7702], [-111.6379, 32.7557], [-111.637, 32.7485], [-111.6455, 32.7485], [-111.6457, 32.7412], [-111.6548, 32.7412], [-111.6542, 32.763], [-111.7406, 32.7631], [-111.7403, 32.7189], [-111.7744, 32.7192], [-111.7758, 32.6808], [-111.7926, 32.6805], [-111.7926, 32.6237], [-111.7951, 32.6269], [-111.7959, 32.6241], [-111.8313, 32.5802], [-111.8416, 32.5806], [-111.8543, 32.5834], [-111.8612, 32.5938], [-111.8613, 32.5876], [-111.8788, 32.5989], [-111.8834, 32.5931], [-111.8875, 32.5918], [-111.8933, 32.595], [-111.8955, 32.601], [-111.8994, 32.6014], [-111.8934, 32.6072], [-111.8746, 32.6389], [-111.8474, 32.6669], [-111.8249, 32.6949], [-111.8224, 32.713], [-111.8064, 32.7269], [-111.8102, 32.7338], [-111.8215, 32.7332], [-111.8094, 32.7398], [-111.8093, 32.7469], [-111.7984, 32.7513], [-111.7993, 32.7535], [-111.8173, 32.7581], [-111.8103, 32.7595], [-111.81, 32.7656], [-111.8348, 32.7786], [-111.8259, 32.7877], [-111.821, 32.7863], [-111.8285, 32.7915], [-111.8783, 32.7921], [-111.8776, 32.7634], [-111.8611, 32.7635], [-111.908, 32.7364], [-111.889, 32.719], [-111.9, 32.7156], [-111.8851, 32.7131], [-111.8868, 32.7073], [-111.8872, 32.694], [-111.8909, 32.6892], [-111.8981, 32.6875], [-111.9014, 32.6889], [-111.9065, 32.6957], [-111.9154, 32.6848], [-111.9213, 32.6802], [-111.9265, 32.6608], [-111.9181, 32.652], [-111.9159, 32.652], [-111.9155, 32.649], [-111.9176, 32.6493], [-111.9188, 32.6457], [-111.9281, 32.6385], [-111.9393, 32.6452], [-111.9394, 32.6474], [-111.9608, 32.6472], [-111.9616, 32.6503], [-111.9661, 32.6508]]]}}, {"type": "Feature", "properties": {"zip": "85937", "total": 926, "q1": 207, "q2": 225, "q3": 250, "q4": 244, "pop": 2438, "acsPriv": 385, "seats": 0}, "geometry": {"type": "Polygon", "coordinates": [[[-110.3232, 34.4829], [-110.3003, 34.4818], [-110.2478, 34.4851], [-110.2489, 34.5159], [-110.2471, 34.5177], [-110.24, 34.5186], [-110.2393, 34.5205], [-110.2412, 34.5254], [-110.2375, 34.5261], [-110.2318, 34.5359], [-110.2244, 34.5417], [-110.2305, 34.5459], [-110.2352, 34.5459], [-110.247, 34.5504], [-110.2501, 34.5533], [-110.2519, 34.5649], [-110.2562, 34.5687], [-110.2569, 34.5741], [-110.2554, 34.5753], [-110.2506, 34.5753], [-110.2457, 34.5705], [-110.2351, 34.5684], [-110.2312, 34.5644], [-110.2233, 34.5605], [-110.2196, 34.5555], [-110.2098, 34.5474], [-110.2058, 34.5404], [-110.1757, 34.526], [-110.1659, 34.5406], [-110.1502, 34.5498], [-110.1409, 34.563], [-110.1434, 34.5742], [-110.1422, 34.5971], [-110.1399, 34.6036], [-110.1335, 34.6057], [-110.1309, 34.6087], [-110.1325, 34.6157], [-110.0911, 34.6151], [-110.0966, 34.6431], [-110.0474, 34.6435], [-110.0333, 34.6661], [-110.032, 34.6737], [-110.0339, 34.683], [-110.0301, 34.694], [-110.0308, 34.7189], [-110.0271, 34.7217], [-110.0306, 34.7354], [-110.017, 34.7356], [-110.0154, 34.7363], [-110.0132, 34.7417], [-110.0104, 34.7428], [-110.0032, 34.7417], [-110.0019, 34.7433], [-109.9984, 34.7412], [-109.9957, 34.7429], [-109.994, 34.742], [-109.9945, 34.7395], [-109.9899, 34.7411], [-109.99, 34.7397], [-109.9877, 34.7402], [-109.984, 34.7391], [-109.9822, 34.7366], [-109.9811, 34.7373], [-109.9807, 34.7317], [-109.9771, 34.733], [-109.9762, 34.7319], [-109.9774, 34.7307], [-109.9747, 34.7301], [-109.9767, 34.7295], [-109.9767, 34.727], [-109.9748, 34.7283], [-109.9723, 34.7265], [-109.9742, 34.7249], [-109.9701, 34.7249], [-109.9728, 34.7234], [-109.9734, 34.7208], [-109.9708, 34.7231], [-109.9644, 34.7207], [-109.968, 34.7206], [-109.9663, 34.719], [-109.9547, 34.7166], [-109.9483, 34.7184], [-109.9481, 34.7206], [-109.9434, 34.716], [-109.9393, 34.7171], [-109.9395, 34.7183], [-109.9318, 34.7191], [-109.9301, 34.7209], [-109.9208, 34.7211], [-109.9154, 34.7183], [-109.9138, 34.7211], [-109.91, 34.7213], [-109.9029, 34.7179], [-109.9029, 34.7159], [-109.8992, 34.717], [-109.895, 34.7148], [-109.8956, 34.7161], [-109.8937, 34.7171], [-109.8944, 34.7137], [-109.8893, 34.7098], [-109.8884, 34.7134], [-109.8862, 34.7089], [-109.8832, 34.7102], [-109.8821, 34.7042], [-109.8789, 34.7062], [-109.8743, 34.7046], [-109.8733, 34.7034], [-109.8747, 34.7023], [-109.8716, 34.6992], [-109.8727, 34.6959], [-109.8695, 34.6932], [-109.8613, 34.6931], [-109.8582, 34.6952], [-109.8506, 34.6964], [-109.8505, 34.6473], [-109.8652, 34.5597], [-109.8468, 34.4735], [-109.8482, 34.4734], [-109.8481, 34.4602], [-109.8556, 34.4728], [-109.8572, 34.474], [-109.8637, 34.4738], [-109.8678, 34.4768], [-109.8641, 34.4738], [-109.8814, 34.4737], [-109.8879, 34.4763], [-109.8982, 34.4761], [-109.9053, 34.4725], [-109.9081, 34.4727], [-109.9054, 34.464], [-109.9081, 34.465], [-109.9103, 34.4635], [-109.9137, 34.4556], [-109.9224, 34.4504], [-109.9298, 34.4405], [-109.9362, 34.4399], [-109.9352, 34.4297], [-109.9366, 34.4213], [-109.9431, 34.4243], [-109.9492, 34.4249], [-109.9491, 34.4288], [-109.9449, 34.4289], [-109.9449, 34.4325], [-109.9493, 34.4326], [-109.9494, 34.4362], [-109.9587, 34.4361], [-109.9586, 34.4397], [-109.9717, 34.4397], [-109.9719, 34.4422], [-109.9843, 34.4424], [-109.9893, 34.444], [-109.9894, 34.447], [-110.0066, 34.447], [-110.0066, 34.4514], [-110.0118, 34.4523], [-110.0116, 34.4541], [-110.0179, 34.4603], [-110.0205, 34.4593], [-110.0258, 34.4615], [-110.0404, 34.4697], [-110.0408, 34.4711], [-110.036, 34.4754], [-110.0511, 34.4746], [-110.0539, 34.4771], [-110.0697, 34.4783], [-110.0699, 34.4808], [-110.0768, 34.4808], [-110.0779, 34.4776], [-110.0814, 34.4756], [-110.082, 34.47], [-110.088, 34.4678], [-110.0873, 34.4651], [-110.0898, 34.4594], [-110.0899, 34.4535], [-110.0829, 34.4497], [-110.08, 34.4501], [-110.0769, 34.4456], [-110.0817, 34.4404], [-110.0841, 34.4404], [-110.0905, 34.4461], [-110.0909, 34.4523], [-110.092, 34.4523], [-110.0912, 34.4624], [-110.093, 34.4625], [-110.0929, 34.4651], [-110.0896, 34.4651], [-110.0897, 34.4678], [-110.0911, 34.4685], [-110.0842, 34.4808], [-110.0962, 34.481], [-110.0962, 34.4843], [-110.1531, 34.4837], [-110.1595, 34.4756], [-110.1662, 34.4719], [-110.1671, 34.4753], [-110.1671, 34.4694], [-110.176, 34.4693], [-110.177, 34.461], [-110.1952, 34.4601], [-110.2671, 34.4611], [-110.2672, 34.4687], [-110.3231, 34.468], [-110.3232, 34.4829]]]}}, {"type": "Feature", "properties": {"zip": "85194", "total": 700, "q1": 161, "q2": 168, "q3": 185, "q4": 186, "pop": 1198, "acsPriv": 259, "seats": 0}, "geometry": {"type": "Polygon", "coordinates": [[[-111.748, 32.9966], [-111.6877, 32.9961], [-111.6875, 32.967], [-111.6526, 32.9673], [-111.6525, 32.9602], [-111.6575, 32.9602], [-111.6576, 32.9529], [-111.6487, 32.9528], [-111.6487, 32.9456], [-111.653, 32.9458], [-111.653, 32.9383], [-111.5323, 32.9375], [-111.5324, 32.9085], [-111.5411, 32.9085], [-111.541, 32.894], [-111.5324, 32.894], [-111.5325, 32.8722], [-111.5152, 32.8722], [-111.5153, 32.8504], [-111.5325, 32.8504], [-111.5325, 32.8359], [-111.6195, 32.8357], [-111.6196, 32.8212], [-111.6312, 32.8213], [-111.6368, 32.8284], [-111.6368, 32.8236], [-111.6385, 32.8212], [-111.6668, 32.8213], [-111.6851, 32.8327], [-111.6874, 32.851], [-111.6869, 32.9111], [-111.6885, 32.9203], [-111.6932, 32.9284], [-111.748, 32.9966]]]}}, {"type": "Feature", "properties": {"zip": "85501", "total": 251, "q1": 55, "q2": 59, "q3": 68, "q4": 69, "pop": 1808, "acsPriv": 153, "seats": 0}, "geometry": {"type": "Polygon", "coordinates": [[[-111.0216, 33.6659], [-111.0188, 33.6736], [-111.0136, 33.6766], [-111.0145, 33.6854], [-111.008, 33.7094], [-111.0005, 33.7177], [-110.9874, 33.7215], [-110.9769, 33.7169], [-110.9828, 33.7057], [-110.9784, 33.6933], [-110.9789, 33.6859], [-110.9773, 33.6811], [-110.8426, 33.6812], [-110.8438, 33.6836], [-110.8434, 33.6923], [-110.8395, 33.6941], [-110.8368, 33.704], [-110.827, 33.7065], [-110.8257, 33.7092], [-110.8216, 33.7114], [-110.8185, 33.7195], [-110.8133, 33.7235], [-110.8126, 33.728], [-110.8081, 33.7318], [-110.8078, 33.7448], [-110.7948, 33.7498], [-110.7836, 33.7519], [-110.7698, 33.7496], [-110.7583, 33.7516], [-110.7445, 33.6982], [-110.7465, 33.6996], [-110.7475, 33.6999], [-110.7493, 33.6986], [-110.7495, 33.698], [-110.7481, 33.6958], [-110.7448, 33.6932], [-110.7464, 33.6914], [-110.7466, 33.6904], [-110.7461, 33.6894], [-110.745, 33.6882], [-110.7413, 33.6869], [-110.7413, 33.686], [-110.7424, 33.6845], [-110.7424, 33.6839], [-110.7411, 33.6861], [-110.7413, 33.6871], [-110.746, 33.6895], [-110.7447, 33.6932], [-110.7492, 33.6984], [-110.7471, 33.6996], [-110.7416, 33.6962], [-110.735, 33.6977], [-110.7293, 33.704], [-110.7307, 33.7057], [-110.7373, 33.7074], [-110.7372, 33.7096], [-110.7297, 33.7118], [-110.7186, 33.7113], [-110.7166, 33.7197], [-110.723, 33.7252], [-110.723, 33.729], [-110.7158, 33.7292], [-110.7105, 33.7358], [-110.7044, 33.7397], [-110.69, 33.7405], [-110.6893, 33.7422], [-110.6936, 33.7507], [-110.6914, 33.7531], [-110.6915, 33.7609], [-110.6892, 33.7684], [-110.6763, 33.7744], [-110.672, 33.7873], [-110.6697, 33.7908], [-110.665, 33.7928], [-110.6616, 33.7973], [-110.6556, 33.8013], [-110.6585, 33.8062], [-110.6582, 33.8088], [-110.6491, 33.8119], [-110.6498, 33.8158], [-110.6422, 33.8157], [-110.6382, 33.812], [-110.6318, 33.8111], [-110.6299, 33.8078], [-110.6239, 33.813], [-110.6261, 33.8228], [-110.6237, 33.8256], [-110.6207, 33.826], [-110.6165, 33.8214], [-110.6069, 33.8232], [-110.6003, 33.831], [-110.5978, 33.8317], [-110.5916, 33.8291], [-110.5853, 33.8361], [-110.5669, 33.825], [-110.5633, 33.8286], [-110.5607, 33.837], [-110.5581, 33.8384], [-110.5555, 33.8361], [-110.555, 33.8301], [-110.5511, 33.8267], [-110.5404, 33.8245], [-110.5259, 33.8144], [-110.5304, 33.6377], [-110.6939, 33.5042], [-110.6951, 33.5001], [-110.7528, 33.1706], [-110.7064, 33.17], [-110.7062, 33.1032], [-110.7164, 33.0932], [-110.7315, 33.1001], [-110.7437, 33.1159], [-110.753, 33.121], [-110.7639, 33.1222], [-110.7766, 33.1272], [-110.7865, 33.1234], [-110.787, 33.1363], [-110.8001, 33.1467], [-110.8055, 33.1536], [-110.8044, 33.1596], [-110.8054, 33.1672], [-110.8109, 33.1748], [-110.8117, 33.1816], [-110.8087, 33.1883], [-110.8056, 33.1908], [-110.8033, 33.2035], [-110.7893, 33.2257], [-110.7984, 33.236], [-110.81, 33.2317], [-110.8106, 33.2364], [-110.8086, 33.238], [-110.8097, 33.2401], [-110.8121, 33.2338], [-110.8153, 33.2356], [-110.8148, 33.2367], [-110.8248, 33.2401], [-110.8275, 33.2425], [-110.8282, 33.2453], [-110.8321, 33.2436], [-110.8318, 33.2416], [-110.8362, 33.2496], [-110.8393, 33.2515], [-110.8367, 33.2558], [-110.839, 33.2584], [-110.8408, 33.2563], [-110.8417, 33.2581], [-110.8438, 33.2571], [-110.8439, 33.259], [-110.8468, 33.258], [-110.847, 33.2593], [-110.8498, 33.2558], [-110.8528, 33.2583], [-110.8603, 33.2576], [-110.8594, 33.2594], [-110.8661, 33.2635], [-110.8635, 33.2707], [-110.8588, 33.2726], [-110.8605, 33.2727], [-110.8591, 33.2762], [-110.8594, 33.2773], [-110.8615, 33.2756], [-110.8639, 33.2768], [-110.8629, 33.2805], [-110.8652, 33.2814], [-110.8636, 33.2839], [-110.8656, 33.2878], [-110.8686, 33.2885], [-110.8686, 33.2923], [-110.8705, 33.292], [-110.8714, 33.2944], [-110.8721, 33.304], [-110.8692, 33.3065], [-110.872, 33.3128], [-110.8634, 33.3548], [-110.8607, 33.3789], [-110.844, 33.3789], [-110.8477, 33.3826], [-110.8492, 33.3868], [-110.8507, 33.3868], [-110.8507, 33.3905], [-110.8496, 33.3893], [-110.849, 33.3903], [-110.8539, 33.3923], [-110.854, 33.3937], [-110.8431, 33.3924], [-110.8406, 33.3948], [-110.8391, 33.4021], [-110.8297, 33.4007], [-110.8234, 33.4036], [-110.8238, 33.4051], [-110.8286, 33.4045], [-110.8286, 33.4064], [-110.8266, 33.4072], [-110.8291, 33.4075], [-110.8273, 33.4081], [-110.8286, 33.4109], [-110.8279, 33.4136], [-110.822, 33.415], [-110.8153, 33.4126], [-110.813, 33.4149], [-110.8146, 33.415], [-110.8158, 33.4189], [-110.8127, 33.4194], [-110.8094, 33.4292], [-110.8126, 33.4292], [-110.8126, 33.4258], [-110.8213, 33.4257], [-110.8212, 33.4215], [-110.8257, 33.4216], [-110.8292, 33.4366], [-110.8324, 33.4414], [-110.8303, 33.4357], [-110.8299, 33.4224], [-110.8433, 33.4224], [-110.8432, 33.4278], [-110.8465, 33.4287], [-110.8488, 33.4313], [-110.8468, 33.4326], [-110.847, 33.4369], [-110.8606, 33.437], [-110.8613, 33.4555], [-110.86, 33.4577], [-110.8606, 33.4659], [-110.8625, 33.4659], [-110.8624, 33.4904], [-110.868, 33.5028], [-110.8697, 33.5184], [-110.873, 33.5204], [-110.8872, 33.5181], [-110.8932, 33.5241], [-110.9007, 33.5255], [-110.9036, 33.5238], [-110.9103, 33.5256], [-110.913, 33.5288], [-110.9137, 33.5335], [-110.9199, 33.5351], [-110.9281, 33.5405], [-110.9306, 33.546], [-110.9438, 33.5593], [-110.9491, 33.5789], [-110.9482, 33.5872], [-110.9291, 33.6166], [-110.9217, 33.6193], [-110.9271, 33.6232], [-110.9317, 33.6234], [-110.9484, 33.6325], [-110.9523, 33.6312], [-110.9548, 33.6203], [-110.9652, 33.6219], [-110.9696, 33.6253], [-110.9711, 33.6304], [-110.9706, 33.6327], [-110.961, 33.6421], [-110.9635, 33.6481], [-110.9747, 33.654], [-110.9807, 33.6543], [-110.9923, 33.649], [-110.9865, 33.6492], [-110.9846, 33.6483], [-110.9854, 33.6475], [-110.9847, 33.6477], [-110.9839, 33.6485], [-110.9829, 33.649], [-110.9845, 33.647], [-110.9858, 33.647], [-110.9869, 33.6488], [-110.9929, 33.6483], [-110.9952, 33.6507], [-110.996, 33.6572], [-110.9979, 33.6597], [-111.0178, 33.6588], [-111.0216, 33.6659]]]}}, {"type": "Feature", "properties": {"zip": "85395", "total": 1733, "q1": 403, "q2": 443, "q3": 451, "q4": 436, "pop": 5364, "acsPriv": 522, "seats": 150}, "geometry": {"type": "Polygon", "coordinates": [[[-112.4615, 33.4618], [-112.4615, 33.4792], [-112.4441, 33.4794], [-112.4442, 33.4937], [-112.4615, 33.4937], [-112.4614, 33.5082], [-112.3794, 33.5082], [-112.3795, 33.4989], [-112.3753, 33.499], [-112.3753, 33.4934], [-112.3625, 33.4934], [-112.3626, 33.4858], [-112.358, 33.4861], [-112.358, 33.4803], [-112.3553, 33.4789], [-112.3409, 33.4788], [-112.341, 33.4577], [-112.3668, 33.458], [-112.3809, 33.4611], [-112.4587, 33.4614], [-112.4615, 33.4618]]]}}, {"type": "Feature", "properties": {"zip": "85543", "total": 166, "q1": 32, "q2": 39, "q3": 45, "q4": 50, "pop": 1161, "acsPriv": 90, "seats": 0}, "geometry": {"type": "Polygon", "coordinates": [[[-110.1403, 32.8512], [-110.1383, 32.8566], [-110.138, 32.8642], [-110.1301, 32.8687], [-110.1296, 32.8729], [-110.1321, 32.8758], [-110.1201, 32.8757], [-110.1174, 32.88], [-110.1178, 32.887], [-110.114, 32.8953], [-110.1051, 32.9003], [-110.1005, 32.9061], [-110.093, 32.8956], [-110.0548, 32.8751], [-110.0563, 32.9709], [-110.0248, 32.9753], [-110.0225, 32.9786], [-110.0186, 32.9791], [-110.0009, 32.9941], [-109.9966, 32.9958], [-109.9941, 33.0007], [-109.9869, 33.0046], [-109.9666, 33.0021], [-109.9637, 33.0044], [-109.9563, 33.0061], [-109.9468, 33.0055], [-109.9408, 32.9965], [-109.9405, 32.9978], [-109.9289, 32.9986], [-109.9277, 32.9955], [-109.9252, 32.9954], [-109.9236, 32.988], [-109.9208, 32.988], [-109.9196, 32.9692], [-109.9163, 32.9617], [-109.8975, 32.9617], [-109.8976, 32.9906], [-109.9096, 32.9909], [-109.9105, 32.9945], [-109.9148, 32.9946], [-109.9149, 33.0162], [-109.9245, 33.0165], [-109.9274, 33.0197], [-109.93, 33.0194], [-109.9299, 33.0231], [-109.9317, 33.0256], [-109.9372, 33.0276], [-109.94, 33.2534], [-109.9379, 33.2519], [-109.9343, 33.2521], [-109.9315, 33.2497], [-109.9272, 33.2392], [-109.924, 33.221], [-109.9207, 33.2196], [-109.9211, 33.2171], [-109.906, 33.2094], [-109.885, 33.2063], [-109.8803, 33.202], [-109.8682, 33.2035], [-109.8616, 33.1986], [-109.8595, 33.2004], [-109.8574, 33.1971], [-109.8594, 33.1907], [-109.8575, 33.1852], [-109.8493, 33.1856], [-109.8485, 33.1874], [-109.8447, 33.1874], [-109.8376, 33.1905], [-109.8265, 33.1993], [-109.8163, 33.2013], [-109.8116, 33.2067], [-109.8091, 33.204], [-109.807, 33.1971], [-109.7933, 33.1896], [-109.7887, 33.1895], [-109.7869, 33.1836], [-109.7828, 33.179], [-109.7829, 33.1207], [-109.776, 33.1228], [-109.7724, 33.1262], [-109.767, 33.123], [-109.7699, 33.1195], [-109.7705, 33.113], [-109.7739, 33.1083], [-109.7724, 33.1039], [-109.7751, 33.1003], [-109.7659, 33.0926], [-109.7661, 33.0895], [-109.7635, 33.0874], [-109.7642, 33.0807], [-109.7621, 33.0792], [-109.7595, 33.0704], [-109.7554, 33.0696], [-109.7513, 33.0721], [-109.7474, 33.0711], [-109.7475, 33.0737], [-109.7423, 33.0783], [-109.7403, 33.0778], [-109.7336, 33.0728], [-109.7333, 33.0708], [-109.7377, 33.0654], [-109.7394, 33.0557], [-109.7311, 33.0556], [-109.731, 33.0504], [-109.7249, 33.0465], [-109.7203, 33.0485], [-109.7163, 33.048], [-109.7134, 33.0445], [-109.714, 33.0403], [-109.7081, 33.0435], [-109.7046, 33.0409], [-109.7007, 33.033], [-109.7051, 33.0308], [-109.7059, 33.0287], [-109.7031, 33.0199], [-109.7053, 33.0132], [-109.7231, 33.0097], [-109.7233, 33.0134], [-109.7298, 33.0147], [-109.7359, 33.0185], [-109.7369, 33.0305], [-109.7341, 33.0346], [-109.7371, 33.0368], [-109.7386, 33.0439], [-109.744, 33.0456], [-109.7454, 33.0492], [-109.751, 33.0515], [-109.7505, 33.0503], [-109.7511, 33.0489], [-109.7529, 33.0585], [-109.7607, 33.0554], [-109.76, 33.0495], [-109.7639, 33.0442], [-109.7621, 33.0399], [-109.7593, 33.0378], [-109.7596, 33.0297], [-109.7576, 33.0241], [-109.7583, 33.0149], [-109.7601, 33.0108], [-109.7691, 33.0117], [-109.7786, 33.0052], [-109.783, 33.0051], [-109.783, 32.9444], [-109.7924, 32.9444], [-109.7923, 32.9268], [-109.7827, 32.9238], [-109.7727, 32.9238], [-109.7689, 32.9205], [-109.7702, 32.9169], [-109.7795, 32.9034], [-109.8009, 32.9037], [-109.8012, 32.9072], [-109.8092, 32.9073], [-109.8047, 32.903], [-109.8025, 32.8979], [-109.794, 32.8926], [-109.802, 32.8964], [-109.8056, 32.8965], [-109.8046, 32.8785], [-109.7932, 32.8677], [-109.8014, 32.8675], [-109.8016, 32.8565], [-109.8098, 32.8496], [-109.8133, 32.8383], [-109.8175, 32.8353], [-109.8215, 32.8351], [-109.8269, 32.8292], [-109.8334, 32.8256], [-109.8358, 32.8217], [-109.8372, 32.822], [-109.8398, 32.8143], [-109.8372, 32.806], [-109.8383, 32.8033], [-109.841, 32.8023], [-109.8422, 32.7987], [-109.8468, 32.7973], [-109.8521, 32.7924], [-109.8613, 32.7718], [-109.8704, 32.7648], [-109.8807, 32.7526], [-109.8785, 32.7472], [-109.8793, 32.7423], [-109.8845, 32.7373], [-109.8908, 32.7344], [-109.895, 32.7274], [-109.9024, 32.7229], [-109.9103, 32.7122], [-109.9095, 32.7077], [-109.9109, 32.7047], [-109.9191, 32.704], [-109.9209, 32.7008], [-109.9242, 32.6991], [-109.9316, 32.7052], [-109.9348, 32.7054], [-109.9372, 32.7095], [-109.9368, 32.7119], [-109.9403, 32.7164], [-109.9452, 32.7124], [-109.9501, 32.712], [-109.9535, 32.7095], [-109.9565, 32.7107], [-109.957, 32.7088], [-109.959, 32.7114], [-109.9626, 32.7117], [-109.9655, 32.7146], [-109.9667, 32.719], [-109.9701, 32.7196], [-109.976, 32.7166], [-109.9848, 32.721], [-109.9867, 32.7239], [-109.9913, 32.7266], [-109.9945, 32.7252], [-110.0002, 32.7272], [-110.0051, 32.7353], [-110.0069, 32.7459], [-110.0041, 32.7514], [-110.0054, 32.7542], [-109.998, 32.7641], [-109.9978, 32.7715], [-109.9927, 32.782], [-109.9903, 32.7836], [-109.9914, 32.7931], [-109.9869, 32.7999], [-109.9849, 32.8063], [-109.9736, 32.8134], [-109.9682, 32.8203], [-109.9672, 32.8249], [-109.9574, 32.8349], [-109.9602, 32.8394], [-109.9712, 32.841], [-109.9915, 32.8383], [-110.0083, 32.8415], [-110.0134, 32.8407], [-110.0221, 32.8362], [-110.0268, 32.828], [-110.0339, 32.8249], [-110.0352, 32.8262], [-110.0368, 32.8219], [-110.0438, 32.8159], [-110.0438, 32.8309], [-110.0477, 32.8344], [-110.0474, 32.8405], [-110.0491, 32.8397], [-110.0517, 32.8414], [-110.0492, 32.8441], [-110.052, 32.8441], [-110.0616, 32.8496], [-110.0735, 32.8522], [-110.08, 32.8515], [-110.1003, 32.8539], [-110.1098, 32.8509], [-110.111, 32.8476], [-110.1152, 32.8463], [-110.1196, 32.8404], [-110.1222, 32.8403], [-110.1307, 32.8411], [-110.1375, 32.8439], [-110.1403, 32.8512]]]}}, {"type": "Feature", "properties": {"zip": "86327", "total": 687, "q1": 165, "q2": 173, "q3": 174, "q4": 175, "pop": 1135, "acsPriv": 265, "seats": 0}, "geometry": {"type": "Polygon", "coordinates": [[[-112.3268, 34.5435], [-112.325, 34.5698], [-112.3204, 34.5707], [-112.3027, 34.5664], [-112.2893, 34.565], [-112.2668, 34.5644], [-112.274, 34.5657], [-112.2739, 34.5691], [-112.2682, 34.5674], [-112.2738, 34.5707], [-112.2964, 34.579], [-112.2985, 34.5845], [-112.2968, 34.586], [-112.2907, 34.586], [-112.2808, 34.5827], [-112.2785, 34.5831], [-112.2767, 34.5857], [-112.2707, 34.5868], [-112.2748, 34.5919], [-112.2757, 34.5971], [-112.2799, 34.6002], [-112.2728, 34.6003], [-112.2717, 34.618], [-112.273, 34.6254], [-112.2419, 34.6262], [-112.2423, 34.6234], [-112.2533, 34.6064], [-112.2599, 34.5913], [-112.2596, 34.5858], [-112.2561, 34.5768], [-112.2519, 34.5751], [-112.2518, 34.5718], [-112.2378, 34.5718], [-112.2352, 34.5767], [-112.2238, 34.5848], [-112.222, 34.5885], [-112.2023, 34.5995], [-112.2019, 34.6721], [-112.207, 34.672], [-112.2018, 34.6721], [-112.2017, 34.6742], [-112.1965, 34.6768], [-112.2013, 34.6844], [-112.2017, 34.7012], [-112.1684, 34.7012], [-112.1684, 34.6929], [-112.1681, 34.6957], [-112.1664, 34.6952], [-112.161, 34.6987], [-112.1614, 34.7032], [-112.1584, 34.7001], [-112.1556, 34.7003], [-112.1549, 34.7039], [-112.1524, 34.7042], [-112.1497, 34.7076], [-112.1477, 34.7035], [-112.1422, 34.7031], [-112.1393, 34.7057], [-112.1388, 34.6981], [-112.1504, 34.6916], [-112.1548, 34.6793], [-112.1533, 34.6747], [-112.1506, 34.6727], [-112.1416, 34.6711], [-112.1371, 34.6678], [-112.1297, 34.6679], [-112.1207, 34.6618], [-112.1167, 34.6553], [-112.1135, 34.6555], [-112.1112, 34.6532], [-112.1067, 34.6536], [-112.1053, 34.6523], [-112.1029, 34.6543], [-112.0975, 34.6534], [-112.0958, 34.6495], [-112.0873, 34.6522], [-112.0853, 34.6556], [-112.0764, 34.6542], [-112.0746, 34.6523], [-112.0717, 34.6555], [-112.0668, 34.6558], [-112.0654, 34.6542], [-112.0527, 34.6592], [-112.0464, 34.6598], [-112.0368, 34.6655], [-112.0178, 34.6665], [-112.0039, 34.67], [-111.9947, 34.6703], [-111.9685, 34.6395], [-111.8997, 34.5654], [-111.9082, 34.5572], [-111.9098, 34.5489], [-111.9086, 34.5431], [-111.9128, 34.539], [-111.9244, 34.5387], [-111.9491, 34.5298], [-111.9598, 34.5339], [-111.9738, 34.5337], [-111.9791, 34.5316], [-111.9998, 34.5042], [-112.0082, 34.4897], [-112.0191, 34.4797], [-112.0298, 34.4602], [-112.0304, 34.4565], [-112.0885, 34.4565], [-112.0857, 34.4513], [-112.0821, 34.4485], [-112.0813, 34.4427], [-112.0827, 34.439], [-112.0796, 34.4267], [-112.083, 34.4169], [-112.0764, 34.4115], [-112.0771, 34.4073], [-112.0906, 34.4079], [-112.1841, 34.4351], [-112.2046, 34.435], [-112.1997, 34.4379], [-112.1996, 34.4457], [-112.213, 34.4468], [-112.2148, 34.4502], [-112.2176, 34.4484], [-112.219, 34.45], [-112.2227, 34.4472], [-112.2235, 34.4522], [-112.2223, 34.4544], [-112.2268, 34.4541], [-112.2271, 34.4582], [-112.2294, 34.458], [-112.2309, 34.4618], [-112.2346, 34.4617], [-112.2337, 34.4636], [-112.2367, 34.4641], [-112.2385, 34.4666], [-112.2348, 34.4746], [-112.2375, 34.4772], [-112.2342, 34.4786], [-112.2352, 34.4814], [-112.2377, 34.4816], [-112.2365, 34.4828], [-112.2374, 34.4846], [-112.2032, 34.4844], [-112.2031, 34.4928], [-112.2052, 34.4997], [-112.2028, 34.4996], [-112.2056, 34.5023], [-112.2116, 34.5026], [-112.2118, 34.5044], [-112.2244, 34.5044], [-112.2247, 34.5026], [-112.2296, 34.5026], [-112.2278, 34.5068], [-112.2303, 34.5091], [-112.231, 34.5133], [-112.2393, 34.5138], [-112.2406, 34.5108], [-112.2465, 34.511], [-112.2468, 34.5142], [-112.2509, 34.5156], [-112.251, 34.5137], [-112.2616, 34.5181], [-112.2733, 34.5169], [-112.2747, 34.5137], [-112.2819, 34.5139], [-112.2826, 34.5066], [-112.3093, 34.5074], [-112.3091, 34.5308], [-112.3053, 34.5301], [-112.3164, 34.5433], [-112.3268, 34.5435]]]}}, {"type": "Feature", "properties": {"zip": "85741", "total": 1161, "q1": 278, "q2": 287, "q3": 303, "q4": 293, "pop": 5076, "acsPriv": 690, "seats": 205}, "geometry": {"type": "Polygon", "coordinates": [[[-111.0897, 32.3589], [-111.0395, 32.3588], [-111.0352, 32.3568], [-111.0364, 32.3553], [-111.0324, 32.3543], [-111.022, 32.3472], [-111.015, 32.3471], [-111.0171, 32.348], [-111.017, 32.3522], [-111.0127, 32.3522], [-111.0128, 32.3452], [-111.0104, 32.3451], [-111.0107, 32.3382], [-111.0127, 32.3386], [-111.013, 32.3353], [-111.012, 32.3029], [-111.0213, 32.3053], [-111.031, 32.3103], [-111.038, 32.3111], [-111.0435, 32.3157], [-111.046, 32.3153], [-111.0542, 32.3268], [-111.0897, 32.3589]]]}}, {"type": "Feature", "properties": {"zip": "85611", "total": 108, "q1": 24, "q2": 29, "q3": 29, "q4": 26, "pop": 208, "acsPriv": 14, "seats": 0}, "geometry": {"type": "Polygon", "coordinates": [[[-110.645, 31.7984], [-110.6416, 31.8089], [-110.6328, 31.8208], [-110.6298, 31.8321], [-110.6259, 31.8366], [-110.6218, 31.8466], [-110.6204, 31.8473], [-110.6173, 31.8455], [-110.6152, 31.8473], [-110.613, 31.8452], [-110.6013, 31.8455], [-110.6057, 31.8475], [-110.6063, 31.8498], [-110.6156, 31.8569], [-110.5945, 31.8919], [-110.591, 31.8951], [-110.5878, 31.9052], [-110.5901, 31.906], [-110.5868, 31.9086], [-110.5765, 31.9056], [-110.5697, 31.9137], [-110.5579, 31.9152], [-110.5692, 31.9371], [-110.5827, 31.9469], [-110.4798, 31.9479], [-110.469, 31.9476], [-110.4655, 31.9445], [-110.466, 31.9366], [-110.4632, 31.9269], [-110.4509, 31.914], [-110.4522, 31.6139], [-110.4608, 31.6139], [-110.4608, 31.5851], [-110.4478, 31.5851], [-110.4485, 31.5486], [-110.442, 31.5418], [-110.438, 31.5406], [-110.4381, 31.5361], [-110.4322, 31.5303], [-110.4328, 31.528], [-110.429, 31.5259], [-110.4276, 31.5228], [-110.4182, 31.5187], [-110.4132, 31.5136], [-110.4181, 31.51], [-110.4193, 31.5038], [-110.418, 31.5018], [-110.4194, 31.4994], [-110.4147, 31.4944], [-110.4083, 31.4925], [-110.4045, 31.4879], [-110.3925, 31.4851], [-110.3914, 31.4824], [-110.3951, 31.4784], [-110.3883, 31.4757], [-110.3889, 31.473], [-110.3862, 31.4709], [-110.3865, 31.4616], [-110.389, 31.4588], [-110.3881, 31.4534], [-110.3841, 31.4502], [-110.3801, 31.4502], [-110.366, 31.435], [-110.3594, 31.435], [-110.3592, 31.3999], [-110.3622, 31.3961], [-110.3613, 31.3852], [-110.3652, 31.3767], [-110.3796, 31.3781], [-110.3839, 31.3764], [-110.3889, 31.3777], [-110.3971, 31.3762], [-110.4022, 31.3804], [-110.4087, 31.3691], [-110.4237, 31.3527], [-110.4305, 31.3543], [-110.4513, 31.3524], [-110.4574, 31.3505], [-110.4598, 31.3512], [-110.46, 31.3538], [-110.4668, 31.3541], [-110.4678, 31.3581], [-110.4745, 31.3552], [-110.4902, 31.3404], [-110.4952, 31.3485], [-110.4899, 31.3537], [-110.4762, 31.3767], [-110.4705, 31.3828], [-110.4958, 31.3778], [-110.4974, 31.3796], [-110.5058, 31.381], [-110.5052, 31.3833], [-110.5031, 31.3826], [-110.5045, 31.3848], [-110.5096, 31.3835], [-110.5127, 31.3939], [-110.5475, 31.381], [-110.5655, 31.3771], [-110.5705, 31.3791], [-110.5799, 31.3787], [-110.59, 31.3905], [-110.5923, 31.3972], [-110.5903, 31.4034], [-110.5899, 31.4367], [-110.5702, 31.4373], [-110.571, 31.4491], [-110.5625, 31.4547], [-110.5632, 31.5571], [-110.5871, 31.5571], [-110.5973, 31.5733], [-110.5969, 31.5804], [-110.6047, 31.5776], [-110.6123, 31.5781], [-110.6201, 31.5946], [-110.621, 31.6007], [-110.6196, 31.6037], [-110.6262, 31.6094], [-110.6269, 31.6137], [-110.6239, 31.6164], [-110.6256, 31.6169], [-110.6252, 31.6191], [-110.6416, 31.6542], [-110.6047, 31.6531], [-110.6056, 31.6672], [-110.6117, 31.6735], [-110.595, 31.671], [-110.5914, 31.6736], [-110.5907, 31.6888], [-110.5877, 31.6954], [-110.5904, 31.7015], [-110.5929, 31.7014], [-110.5886, 31.7088], [-110.5904, 31.7146], [-110.5854, 31.731], [-110.624, 31.7317], [-110.6223, 31.7342], [-110.6234, 31.7359], [-110.6134, 31.7444], [-110.6131, 31.752], [-110.6085, 31.7585], [-110.6223, 31.7625], [-110.6266, 31.7686], [-110.6317, 31.7721], [-110.6341, 31.7777], [-110.6395, 31.7824], [-110.6382, 31.7874], [-110.6346, 31.7872], [-110.6321, 31.7889], [-110.6379, 31.7946], [-110.645, 31.7984]]]}}, {"type": "Feature", "properties": {"zip": "85536", "total": 12, "q1": 3, "q2": 3, "q3": 3, "q4": 3, "pop": 123, "acsPriv": 45, "seats": 0}, "geometry": {"type": "Polygon", "coordinates": [[[-110.0827, 33.2771], [-110.0794, 33.2848], [-110.0801, 33.2941], [-110.0695, 33.2989], [-110.0698, 33.3051], [-110.0743, 33.3066], [-110.071, 33.3093], [-110.0705, 33.3129], [-110.0632, 33.3218], [-110.0599, 33.3231], [-110.0483, 33.3206], [-110.0404, 33.3229], [-110.0293, 33.3072], [-110.0324, 33.3028], [-110.0324, 33.2995], [-110.0284, 33.2951], [-110.0245, 33.2945], [-110.006, 33.2825], [-110.0047, 33.2776], [-110.001, 33.2727], [-109.9919, 33.2647], [-109.9865, 33.2632], [-109.9702, 33.2666], [-109.961, 33.2614], [-109.9491, 33.2583], [-109.94, 33.2534], [-109.9372, 33.0276], [-109.9317, 33.0256], [-109.9299, 33.0231], [-109.93, 33.0194], [-109.9274, 33.0197], [-109.9245, 33.0172], [-109.9311, 33.0102], [-109.9255, 33.0007], [-109.9277, 32.9973], [-109.9289, 32.9986], [-109.9354, 32.9983], [-109.9405, 32.9978], [-109.9408, 32.9965], [-109.9468, 33.0055], [-109.9563, 33.0061], [-109.9637, 33.0044], [-109.9666, 33.0021], [-109.9869, 33.0046], [-109.9941, 33.0007], [-109.9966, 32.9958], [-110.0009, 32.9941], [-110.0186, 32.9791], [-110.0225, 32.9786], [-110.0248, 32.9753], [-110.0563, 32.9709], [-110.0568, 33.2444], [-110.0621, 33.252], [-110.0668, 33.2546], [-110.0679, 33.2583], [-110.0721, 33.2609], [-110.0715, 33.2634], [-110.0746, 33.2674], [-110.0764, 33.2686], [-110.0786, 33.2677], [-110.0819, 33.272], [-110.0809, 33.2744], [-110.0827, 33.2771]]]}}, {"type": "Feature", "properties": {"zip": "85658", "total": 813, "q1": 200, "q2": 205, "q3": 207, "q4": 201, "pop": 2310, "acsPriv": 389, "seats": 0}, "geometry": {"type": "Polygon", "coordinates": [[[-111.338, 32.5915], [-111.316, 32.611], [-111.2866, 32.611], [-111.2607, 32.6165], [-111.2368, 32.6128], [-111.2226, 32.6177], [-111.2201, 32.6212], [-111.2091, 32.6234], [-111.209, 32.5988], [-111.0797, 32.5984], [-111.0729, 32.6012], [-111.059, 32.6], [-111.0572, 32.5995], [-111.0575, 32.5978], [-111.0511, 32.5977], [-110.9993, 32.5984], [-110.9993, 32.6007], [-110.9823, 32.6012], [-110.9757, 32.5958], [-110.965, 32.5113], [-111.0297, 32.5113], [-111.0295, 32.4612], [-111.0342, 32.4601], [-111.0338, 32.4492], [-111.0381, 32.4492], [-111.0381, 32.4455], [-111.0424, 32.4455], [-111.0423, 32.4419], [-111.0464, 32.4419], [-111.0464, 32.4347], [-111.0352, 32.4347], [-111.0352, 32.4238], [-111.0468, 32.4237], [-111.0469, 32.4098], [-111.0632, 32.4098], [-111.0633, 32.4193], [-111.0676, 32.4162], [-111.0676, 32.4246], [-111.0718, 32.4246], [-111.0719, 32.421], [-111.0804, 32.421], [-111.0804, 32.41], [-111.0931, 32.41], [-111.0931, 32.4064], [-111.0974, 32.4064], [-111.0974, 32.4028], [-111.0889, 32.4028], [-111.0889, 32.3955], [-111.0973, 32.3957], [-111.0975, 32.3883], [-111.0954, 32.3882], [-111.1094, 32.3791], [-111.1255, 32.3971], [-111.1635, 32.4245], [-111.1611, 32.4264], [-111.1615, 32.433], [-111.1762, 32.4535], [-111.1903, 32.4533], [-111.1829, 32.451], [-111.1829, 32.4393], [-111.2472, 32.4854], [-111.2609, 32.5001], [-111.2622, 32.5016], [-111.2609, 32.5016], [-111.2609, 32.5068], [-111.2728, 32.5204], [-111.2723, 32.5221], [-111.2629, 32.5233], [-111.2609, 32.5255], [-111.2608, 32.5536], [-111.2773, 32.5499], [-111.3022, 32.5483], [-111.338, 32.5915]]]}}, {"type": "Feature", "properties": {"zip": "85348", "total": 24, "q1": 6, "q2": 6, "q3": 6, "q4": 6, "pop": 35, "acsPriv": 0, "seats": 0}, "geometry": {"type": "Polygon", "coordinates": [[[-114.0107, 33.6614], [-114.0068, 33.6645], [-113.9572, 33.6765], [-113.9575, 33.7242], [-113.9758, 33.724], [-113.9758, 33.782], [-113.871, 33.7832], [-113.8706, 33.7791], [-113.8535, 33.7755], [-113.8356, 33.7756], [-113.8356, 33.7834], [-113.8326, 33.784], [-113.8328, 33.7861], [-113.8356, 33.7854], [-113.8356, 33.7899], [-113.8442, 33.79], [-113.8483, 33.7925], [-113.8558, 33.7925], [-113.8573, 33.7973], [-113.8356, 33.7974], [-113.8356, 33.8015], [-113.7948, 33.7727], [-113.7827, 33.7622], [-113.7818, 33.7631], [-113.7751, 33.7723], [-113.7722, 33.7793], [-113.7667, 33.7827], [-113.7662, 33.946], [-113.7414, 33.945], [-113.7341, 33.9334], [-113.7251, 33.9256], [-113.7187, 33.9046], [-113.7125, 33.8949], [-113.7149, 33.8878], [-113.6996, 33.893], [-113.6964, 33.9015], [-113.6872, 33.9007], [-113.6875, 33.9062], [-113.6766, 33.8961], [-113.6736, 33.8877], [-113.6705, 33.8876], [-113.6685, 33.8848], [-113.6621, 33.882], [-113.6533, 33.8848], [-113.6335, 33.8658], [-113.6255, 33.8627], [-113.6147, 33.8539], [-113.6041, 33.8494], [-113.5948, 33.8484], [-113.5864, 33.8435], [-113.5754, 33.8485], [-113.5449, 33.8486], [-113.5446, 33.8269], [-113.5579, 33.8268], [-113.5579, 33.8231], [-113.5462, 33.8233], [-113.5463, 33.8207], [-113.5412, 33.8226], [-113.5582, 33.813], [-113.558, 33.8092], [-113.5545, 33.811], [-113.5522, 33.8083], [-113.5255, 33.8086], [-113.522, 33.805], [-113.5038, 33.8046], [-113.5088, 33.8211], [-113.5028, 33.8267], [-113.4998, 33.8232], [-113.4974, 33.8276], [-113.4994, 33.8284], [-113.4972, 33.832], [-113.4985, 33.8337], [-113.4593, 33.8473], [-113.437, 33.8236], [-113.4293, 33.8376], [-113.4286, 33.8421], [-113.4259, 33.8449], [-113.4265, 33.8468], [-113.4197, 33.8528], [-113.4093, 33.8575], [-113.4011, 33.8649], [-113.3983, 33.865], [-113.3992, 33.8682], [-113.3343, 33.8906], [-113.335, 33.566], [-113.5263, 33.5948], [-113.4816, 33.648], [-113.4866, 33.6778], [-113.4884, 33.6775], [-113.4921, 33.6856], [-113.4972, 33.6916], [-113.5048, 33.6884], [-113.5166, 33.6874], [-113.5404, 33.6912], [-113.5404, 33.6938], [-113.5427, 33.6946], [-113.5427, 33.6975], [-113.545, 33.697], [-113.5468, 33.6924], [-113.5494, 33.6935], [-113.552, 33.6979], [-113.5581, 33.6992], [-113.5595, 33.701], [-113.5567, 33.7039], [-113.5591, 33.7114], [-113.5632, 33.7064], [-113.5641, 33.7008], [-113.5696, 33.6928], [-113.5683, 33.6912], [-113.5771, 33.6881], [-113.5826, 33.6842], [-113.5841, 33.6803], [-113.5898, 33.678], [-113.5943, 33.6698], [-113.603, 33.6638], [-113.6028, 33.6587], [-113.61, 33.6471], [-113.615, 33.6315], [-113.616, 33.6212], [-113.6193, 33.6142], [-113.6213, 33.6037], [-113.6226, 33.6033], [-113.6225, 33.5903], [-113.6337, 33.5863], [-113.6351, 33.5836], [-113.6468, 33.5751], [-113.6673, 33.5513], [-113.6722, 33.5434], [-113.6865, 33.5315], [-113.6995, 33.5173], [-113.7467, 33.512], [-113.7684, 33.5076], [-113.7851, 33.5089], [-113.8063, 33.5038], [-113.8213, 33.5041], [-113.8456, 33.5078], [-113.8701, 33.5047], [-113.8769, 33.501], [-113.8829, 33.5014], [-113.8915, 33.499], [-113.9006, 33.4993], [-113.9059, 33.4974], [-113.9118, 33.4991], [-113.9173, 33.4949], [-113.9274, 33.4971], [-113.9365, 33.4934], [-113.9394, 33.5002], [-113.9475, 33.5039], [-113.9497, 33.5089], [-113.9573, 33.5157], [-113.957, 33.5665], [-113.9669, 33.6071], [-113.9658, 33.6174], [-113.967, 33.6212], [-113.9725, 33.6252], [-113.9729, 33.634], [-113.9796, 33.6369], [-113.9758, 33.643], [-113.9758, 33.646], [-113.9655, 33.656], [-114.0107, 33.6614]]]}}, {"type": "Feature", "properties": {"zip": "85346", "total": 94, "q1": 23, "q2": 24, "q3": 23, "q4": 24, "pop": 22, "acsPriv": 0, "seats": 0}, "geometry": {"type": "Polygon", "coordinates": [[[-114.3754, 33.5517], [-114.3673, 33.5573], [-114.3557, 33.5625], [-114.35, 33.5687], [-114.3409, 33.5715], [-114.336, 33.5782], [-114.33, 33.5813], [-114.3276, 33.5888], [-114.3383, 33.5909], [-114.341, 33.5945], [-114.3282, 33.5967], [-114.3245, 33.5997], [-114.3126, 33.5976], [-114.3081, 33.5993], [-114.3002, 33.5976], [-114.2792, 33.6202], [-114.312, 33.6389], [-114.3199, 33.6414], [-114.3396, 33.646], [-114.3644, 33.6463], [-114.3641, 33.6677], [-114.354, 33.75], [-114.353, 33.75], [-114.3485, 33.7809], [-114.34, 33.778], [-114.3277, 33.7763], [-114.3219, 33.7706], [-114.2822, 33.75], [-114.2746, 33.7434], [-114.2725, 33.7377], [-114.2601, 33.7303], [-114.2558, 33.7358], [-114.2371, 33.7405], [-114.2259, 33.7408], [-114.217, 33.7391], [-114.217, 33.7817], [-114.0988, 33.7821], [-114.0973, 33.7764], [-114.0998, 33.7707], [-114.0985, 33.7693], [-114.1111, 33.746], [-114.1174, 33.7215], [-114.1245, 33.7074], [-114.1254, 33.7], [-114.1326, 33.6823], [-114.1323, 33.6801], [-114.1336, 33.6781], [-114.1634, 33.6703], [-114.1072, 33.6786], [-114.0731, 33.6786], [-114.0552, 33.6762], [-114.0384, 33.6672], [-114.0285, 33.6637], [-113.9655, 33.656], [-113.9758, 33.646], [-113.9758, 33.643], [-113.9796, 33.6369], [-113.9729, 33.634], [-113.9725, 33.6252], [-113.967, 33.6212], [-113.9658, 33.6174], [-113.9669, 33.6071], [-113.957, 33.5665], [-113.9573, 33.5157], [-113.9497, 33.5089], [-113.9475, 33.5039], [-113.9394, 33.5002], [-113.9365, 33.4934], [-113.9472, 33.4901], [-113.9586, 33.4828], [-113.9604, 33.4844], [-113.9696, 33.4858], [-113.9737, 33.4809], [-113.9777, 33.48], [-113.9813, 33.4762], [-113.9871, 33.4748], [-113.9873, 33.4726], [-113.9921, 33.4691], [-113.9934, 33.4644], [-114.2509, 33.4644], [-114.2511, 33.5515], [-114.3754, 33.5517]]]}}, {"type": "Feature", "properties": {"zip": "85263", "total": 23, "q1": 5, "q2": 6, "q3": 6, "q4": 6, "pop": 4, "acsPriv": 0, "seats": 0}, "geometry": {"type": "Polygon", "coordinates": [[[-111.7868, 33.8169], [-111.7864, 33.8488], [-111.7725, 33.8591], [-111.7624, 33.8613], [-111.7583, 33.8695], [-111.7452, 33.8715], [-111.742, 33.8736], [-111.749, 33.8848], [-111.7504, 33.9019], [-111.7417, 33.9064], [-111.7372, 33.9133], [-111.7308, 33.9178], [-111.7236, 33.9194], [-111.7162, 33.9235], [-111.7169, 33.9307], [-111.6946, 33.9536], [-111.6976, 33.9587], [-111.7008, 33.9601], [-111.7156, 33.9613], [-111.7187, 33.9629], [-111.7238, 33.9733], [-111.7125, 33.98], [-111.711, 33.9822], [-111.7141, 33.9802], [-111.7137, 33.9825], [-111.7069, 33.9836], [-111.7225, 33.9871], [-111.7263, 33.9905], [-111.7359, 33.9878], [-111.7377, 33.9892], [-111.7326, 33.9896], [-111.7273, 33.9929], [-111.7336, 33.9952], [-111.7365, 34.0012], [-111.7263, 34.0], [-111.4917, 33.9998], [-111.4899, 34.0014], [-111.4735, 34.0032], [-111.4724, 34.0047], [-111.4707, 34.0028], [-111.4665, 34.0059], [-111.4584, 34.0022], [-111.4544, 34.0048], [-111.4494, 34.0001], [-111.4451, 34.0012], [-111.4443, 33.9989], [-111.4404, 33.9964], [-111.4428, 33.9913], [-111.4335, 33.9855], [-111.4347, 33.9809], [-111.4413, 33.9784], [-111.4481, 33.9733], [-111.4489, 33.9686], [-111.4526, 33.9659], [-111.4524, 33.961], [-111.4492, 33.9598], [-111.448, 33.9575], [-111.4516, 33.954], [-111.4523, 33.9488], [-111.4473, 33.9415], [-111.4471, 33.9349], [-111.452, 33.9338], [-111.4509, 33.9315], [-111.5045, 33.8983], [-111.521, 33.8929], [-111.5236, 33.8889], [-111.5298, 33.8862], [-111.5306, 33.8833], [-111.5384, 33.8802], [-111.5411, 33.8749], [-111.5442, 33.8745], [-111.5435, 33.8727], [-111.5462, 33.8727], [-111.5458, 33.8706], [-111.5488, 33.871], [-111.5512, 33.8643], [-111.5601, 33.8637], [-111.5664, 33.861], [-111.5641, 33.8581], [-111.5658, 33.8532], [-111.5675, 33.8542], [-111.573, 33.8491], [-111.575, 33.85], [-111.5762, 33.847], [-111.5793, 33.8463], [-111.5796, 33.8436], [-111.5931, 33.8349], [-111.6023, 33.8271], [-111.6047, 33.8228], [-111.614, 33.8195], [-111.614, 33.8172], [-111.6187, 33.8165], [-111.6212, 33.8136], [-111.6262, 33.8162], [-111.626, 33.814], [-111.631, 33.8126], [-111.6306, 33.817], [-111.633, 33.8182], [-111.6489, 33.8066], [-111.656, 33.8045], [-111.6627, 33.8079], [-111.6677, 33.8055], [-111.667, 33.8019], [-111.6604, 33.7942], [-111.6606, 33.7909], [-111.6636, 33.7899], [-111.6631, 33.786], [-111.6575, 33.7872], [-111.6518, 33.7837], [-111.6518, 33.7818], [-111.6535, 33.7793], [-111.6631, 33.7755], [-111.6637, 33.7718], [-111.6676, 33.768], [-111.6742, 33.7561], [-111.6625, 33.7488], [-111.6579, 33.7388], [-111.6531, 33.7355], [-111.6548, 33.7285], [-111.6537, 33.7225], [-111.6546, 33.7134], [-111.6835, 33.7098], [-111.6835, 33.7269], [-111.7175, 33.7273], [-111.7174, 33.7491], [-111.7262, 33.7487], [-111.7248, 33.7506], [-111.7175, 33.7507], [-111.7175, 33.7777], [-111.7009, 33.7777], [-111.7054, 33.7787], [-111.7122, 33.7842], [-111.716, 33.7852], [-111.6704, 33.7998], [-111.6795, 33.8002], [-111.6833, 33.8027], [-111.6831, 33.8139], [-111.7828, 33.8139], [-111.7868, 33.8169]]]}}, {"type": "Feature", "properties": {"zip": "85377", "total": 95, "q1": 22, "q2": 23, "q3": 25, "q4": 25, "pop": 104, "acsPriv": 0, "seats": 0}, "geometry": {"type": "Polygon", "coordinates": [[[-111.9635, 33.7994], [-111.9572, 33.8096], [-111.9562, 33.8081], [-111.9496, 33.8074], [-111.949, 33.8089], [-111.952, 33.8137], [-111.9438, 33.8139], [-111.9437, 33.8199], [-111.9391, 33.8202], [-111.9391, 33.8241], [-111.9305, 33.8262], [-111.9305, 33.8284], [-111.9261, 33.8283], [-111.926, 33.8429], [-111.9086, 33.8428], [-111.9083, 33.8572], [-111.8912, 33.8573], [-111.8912, 33.821], [-111.8843, 33.821], [-111.8739, 33.825], [-111.8738, 33.8139], [-111.9086, 33.8138], [-111.9087, 33.8072], [-111.9106, 33.8068], [-111.9104, 33.8034], [-111.9129, 33.8014], [-111.9114, 33.8044], [-111.9158, 33.8056], [-111.9108, 33.8066], [-111.9187, 33.807], [-111.9271, 33.8066], [-111.9281, 33.7993], [-111.9635, 33.7994]]]}}, {"type": "Feature", "properties": {"zip": "85544", "total": 72, "q1": 14, "q2": 19, "q3": 19, "q4": 20, "pop": 276, "acsPriv": 24, "seats": 0}, "geometry": {"type": "Polygon", "coordinates": [[[-111.6175, 34.4033], [-111.6154, 34.4051], [-111.6114, 34.4054], [-111.609, 34.41], [-111.6047, 34.4117], [-111.6051, 34.4155], [-111.601, 34.4193], [-111.598, 34.4189], [-111.596, 34.4209], [-111.5929, 34.4191], [-111.5913, 34.4221], [-111.5874, 34.4202], [-111.5828, 34.4216], [-111.5812, 34.4196], [-111.5767, 34.4206], [-111.5757, 34.4229], [-111.5729, 34.4233], [-111.5718, 34.4298], [-111.5634, 34.432], [-111.562, 34.4354], [-111.5555, 34.4376], [-111.5542, 34.4394], [-111.5547, 34.4717], [-111.552, 34.4692], [-111.5506, 34.4622], [-111.5488, 34.4609], [-111.5464, 34.4654], [-111.5419, 34.4652], [-111.5434, 34.468], [-111.5427, 34.4712], [-111.5399, 34.4726], [-111.5391, 34.4755], [-111.5359, 34.4719], [-111.5369, 34.4677], [-111.528, 34.4706], [-111.5237, 34.4776], [-111.5214, 34.4778], [-111.5202, 34.4814], [-111.5246, 34.495], [-111.5212, 34.499], [-111.5188, 34.4987], [-111.5192, 34.4947], [-111.5171, 34.4941], [-111.5153, 34.4959], [-111.502, 34.4982], [-111.5019, 34.497], [-111.5073, 34.4965], [-111.5077, 34.4945], [-111.5137, 34.4919], [-111.5103, 34.4891], [-111.5118, 34.4863], [-111.5139, 34.4864], [-111.5133, 34.4844], [-111.5102, 34.4838], [-111.5088, 34.4793], [-111.512, 34.4804], [-111.5124, 34.4678], [-111.5201, 34.4669], [-111.5191, 34.4651], [-111.5217, 34.4626], [-111.5234, 34.4639], [-111.5273, 34.4632], [-111.5378, 34.4593], [-111.5405, 34.4568], [-111.5404, 34.4549], [-111.5365, 34.4554], [-111.5354, 34.4537], [-111.5248, 34.4546], [-111.5193, 34.4583], [-111.5174, 34.4556], [-111.5106, 34.456], [-111.509, 34.4547], [-111.5027, 34.4589], [-111.4997, 34.4582], [-111.497, 34.4612], [-111.4876, 34.4622], [-111.4859, 34.4638], [-111.4797, 34.4608], [-111.472, 34.4623], [-111.4731, 34.4601], [-111.4712, 34.457], [-111.4748, 34.4591], [-111.4787, 34.4554], [-111.4803, 34.4558], [-111.477, 34.4505], [-111.485, 34.4547], [-111.486, 34.4529], [-111.4891, 34.4545], [-111.4894, 34.4504], [-111.4934, 34.4519], [-111.496, 34.4467], [-111.4996, 34.447], [-111.5001, 34.4454], [-111.5038, 34.4442], [-111.5018, 34.4422], [-111.5066, 34.4382], [-111.5082, 34.441], [-111.5136, 34.4444], [-111.5147, 34.4436], [-111.5186, 34.4465], [-111.5219, 34.4454], [-111.5175, 34.445], [-111.519, 34.442], [-111.5165, 34.4418], [-111.5158, 34.4401], [-111.5173, 34.4405], [-111.5173, 34.4387], [-111.5197, 34.4373], [-111.5176, 34.4307], [-111.5201, 34.4296], [-111.5209, 34.4273], [-111.5226, 34.4271], [-111.5273, 34.4312], [-111.5297, 34.4356], [-111.5302, 34.4299], [-111.5285, 34.423], [-111.535, 34.4235], [-111.54, 34.4286], [-111.5417, 34.424], [-111.5502, 34.4188], [-111.5452, 34.4153], [-111.5421, 34.4166], [-111.5404, 34.4146], [-111.5375, 34.4152], [-111.536, 34.4145], [-111.5375, 34.4125], [-111.536, 34.4119], [-111.5239, 34.4116], [-111.5124, 34.4157], [-111.5085, 34.4222], [-111.5045, 34.4212], [-111.5004, 34.4276], [-111.4979, 34.4206], [-111.4939, 34.4184], [-111.4919, 34.4227], [-111.4949, 34.434], [-111.4933, 34.4343], [-111.4911, 34.4308], [-111.487, 34.4298], [-111.4838, 34.4314], [-111.4844, 34.4351], [-111.481, 34.4336], [-111.475, 34.4361], [-111.4785, 34.4321], [-111.4774, 34.4318], [-111.4731, 34.4355], [-111.4672, 34.4377], [-111.467, 34.4365], [-111.4773, 34.4295], [-111.4673, 34.4293], [-111.4704, 34.4284], [-111.4695, 34.4266], [-111.4797, 34.4274], [-111.4816, 34.4231], [-111.4745, 34.4222], [-111.4777, 34.4225], [-111.4806, 34.4195], [-111.4755, 34.4166], [-111.48, 34.4159], [-111.4784, 34.4135], [-111.4668, 34.4141], [-111.4651, 34.4124], [-111.4671, 34.4095], [-111.4643, 34.4092], [-111.4619, 34.4112], [-111.4645, 34.4151], [-111.4616, 34.42], [-111.4622, 34.4225], [-111.4601, 34.4252], [-111.4538, 34.4271], [-111.4551, 34.4306], [-111.4504, 34.4313], [-111.4513, 34.4349], [-111.4443, 34.4328], [-111.4427, 34.434], [-111.4443, 34.4363], [-111.443, 34.4377], [-111.4441, 34.4414], [-111.4368, 34.4383], [-111.4335, 34.44], [-111.4356, 34.4465], [-111.4311, 34.4448], [-111.4264, 34.4483], [-111.4232, 34.4453], [-111.4209, 34.4458], [-111.4192, 34.4434], [-111.4173, 34.4452], [-111.4161, 34.4439], [-111.413, 34.4445], [-111.4114, 34.4426], [-111.4072, 34.4442], [-111.4076, 34.4464], [-111.4014, 34.443], [-111.3982, 34.4438], [-111.3994, 34.442], [-111.3985, 34.4402], [-111.4012, 34.4409], [-111.4073, 34.438], [-111.4054, 34.4373], [-111.4052, 34.4333], [-111.4067, 34.4333], [-111.4041, 34.4308], [-111.406, 34.4302], [-111.4052, 34.4285], [-111.407, 34.4274], [-111.407, 34.4292], [-111.4091, 34.4296], [-111.4113, 34.4335], [-111.415, 34.4342], [-111.4154, 34.4326], [-111.4177, 34.4327], [-111.4184, 34.4352], [-111.4219, 34.4372], [-111.4254, 34.4357], [-111.4248, 34.4334], [-111.4213, 34.4322], [-111.4262, 34.4252], [-111.4259, 34.4208], [-111.4276, 34.4203], [-111.4242, 34.4142], [-111.4285, 34.4135], [-111.4248, 34.4115], [-111.4221, 34.406], [-111.4247, 34.3946], [-111.4293, 34.3908], [-111.4281, 34.3868], [-111.4255, 34.3869], [-111.425, 34.3905], [-111.4216, 34.3936], [-111.4232, 34.3906], [-111.4219, 34.3878], [-111.4192, 34.3881], [-111.4185, 34.377], [-111.4173, 34.3806], [-111.4158, 34.3796], [-111.4118, 34.3823], [-111.4101, 34.3779], [-111.4071, 34.3769], [-111.4003, 34.3789], [-111.3965, 34.3831], [-111.3966, 34.3854], [-111.3876, 34.3875], [-111.3835, 34.3797], [-111.379, 34.3764], [-111.3795, 34.3744], [-111.3768, 34.3691], [-111.3785, 34.3681], [-111.3721, 34.3636], [-111.3726, 34.3606], [-111.3709, 34.3587], [-111.3719, 34.352], [-111.3646, 34.3459], [-111.3639, 34.3355], [-111.3543, 34.3303], [-111.352, 34.3248], [-111.3492, 34.3224], [-111.3505, 34.3186], [-111.3461, 34.3168], [-111.3465, 34.311], [-111.3438, 34.3077], [-111.344, 34.3036], [-111.3466, 34.3023], [-111.3518, 34.3028], [-111.3518, 34.2992], [-111.3543, 34.297], [-111.3507, 34.2943], [-111.3556, 34.2965], [-111.362, 34.3088], [-111.3767, 34.3185], [-111.381, 34.3185], [-111.3852, 34.3162], [-111.4002, 34.3162], [-111.409, 34.3193], [-111.4149, 34.3183], [-111.4146, 34.3145], [-111.4159, 34.3131], [-111.4423, 34.323], [-111.541, 34.3659], [-111.5579, 34.3945], [-111.5931, 34.3943], [-111.6082, 34.3915], [-111.6175, 34.4033]]]}}, {"type": "Feature", "properties": {"zip": "86336", "total": 410, "q1": 86, "q2": 106, "q3": 112, "q4": 106, "pop": 1016, "acsPriv": 322, "seats": 0}, "geometry": {"type": "MultiPolygon", "coordinates": [[[[-111.8441, 34.8115], [-111.838, 34.8153], [-111.8355, 34.8139], [-111.8357, 34.8115], [-111.8402, 34.8092], [-111.8441, 34.8115]]], [[[-112.0509, 34.8442], [-112.016, 34.861], [-112.0145, 34.8605], [-112.0128, 34.8648], [-111.9976, 34.8843], [-111.9856, 34.8939], [-111.9824, 34.9028], [-111.9822, 34.9315], [-111.987, 34.94], [-111.9843, 34.96], [-111.9613, 34.9764], [-111.809, 34.9763], [-111.8091, 34.9811], [-111.7787, 34.981], [-111.7713, 34.993], [-111.7716, 34.9969], [-111.7701, 34.9997], [-111.7721, 35.0064], [-111.7695, 35.0121], [-111.7674, 35.0073], [-111.7668, 35.0112], [-111.7628, 35.0091], [-111.7631, 35.0068], [-111.7608, 35.0063], [-111.7576, 35.0085], [-111.753, 35.0052], [-111.7497, 35.005], [-111.7492, 35.0062], [-111.745, 35.0052], [-111.7453, 35.0114], [-111.7469, 35.0137], [-111.7449, 35.0145], [-111.7479, 35.0169], [-111.7458, 35.0182], [-111.7459, 35.0213], [-111.7554, 35.0234], [-111.7568, 35.0281], [-111.7524, 35.0265], [-111.7474, 35.0271], [-111.7469, 35.0296], [-111.7432, 35.0314], [-111.734, 35.0279], [-111.7314, 35.0305], [-111.7254, 35.0306], [-111.7214, 35.0344], [-111.7169, 35.035], [-111.7207, 35.0386], [-111.721, 35.0426], [-111.7242, 35.0445], [-111.7176, 35.0418], [-111.7179, 35.0392], [-111.711, 35.035], [-111.7095, 35.0307], [-111.7122, 35.0338], [-111.7168, 35.033], [-111.722, 35.0275], [-111.7276, 35.0264], [-111.7321, 35.0224], [-111.7335, 35.0158], [-111.7295, 35.0149], [-111.7337, 35.0133], [-111.7342, 35.011], [-111.7335, 35.0086], [-111.731, 35.0073], [-111.7286, 35.0083], [-111.7291, 35.0054], [-111.7277, 35.0044], [-111.7301, 35.0037], [-111.7307, 35.0017], [-111.7273, 34.9982], [-111.7267, 34.9952], [-111.7305, 34.9937], [-111.7315, 34.9879], [-111.7395, 34.9855], [-111.7366, 34.9835], [-111.7381, 34.9815], [-111.7337, 34.9777], [-111.7361, 34.9789], [-111.7397, 34.978], [-111.7393, 34.9758], [-111.7431, 34.9723], [-111.7418, 34.9702], [-111.7486, 34.9625], [-111.7494, 34.9566], [-111.7474, 34.9487], [-111.7426, 34.946], [-111.7438, 34.9442], [-111.7409, 34.9412], [-111.7372, 34.9417], [-111.7366, 34.9376], [-111.7344, 34.9373], [-111.7332, 34.9327], [-111.7307, 34.9326], [-111.7276, 34.9255], [-111.7232, 34.9217], [-111.7208, 34.9242], [-111.7191, 34.9232], [-111.718, 34.9189], [-111.6994, 34.9275], [-111.6938, 34.928], [-111.694, 34.9297], [-111.6872, 34.9281], [-111.679, 34.9312], [-111.6752, 34.9274], [-111.675, 34.9238], [-111.6726, 34.9255], [-111.6741, 34.9224], [-111.6691, 34.9261], [-111.6611, 34.9265], [-111.6604, 34.9288], [-111.6555, 34.9313], [-111.6502, 34.9294], [-111.6498, 34.9327], [-111.6415, 34.9146], [-111.6412, 34.9122], [-111.643, 34.912], [-111.6464, 34.9144], [-111.6441, 34.9078], [-111.6498, 34.9006], [-111.6603, 34.8969], [-111.664, 34.8995], [-111.6671, 34.8977], [-111.6718, 34.8996], [-111.6739, 34.8988], [-111.6733, 34.8949], [-111.6808, 34.8875], [-111.6879, 34.8851], [-111.6871, 34.8841], [-111.6906, 34.8796], [-111.695, 34.8787], [-111.6972, 34.8726], [-111.6925, 34.8669], [-111.6889, 34.8655], [-111.6902, 34.8622], [-111.702, 34.8645], [-111.7031, 34.8621], [-111.7089, 34.8617], [-111.7127, 34.8582], [-111.7132, 34.8504], [-111.7165, 34.845], [-111.7154, 34.8388], [-111.7231, 34.8285], [-111.7192, 34.8186], [-111.7194, 34.8147], [-111.726, 34.8041], [-111.7783, 34.8033], [-111.78, 34.8181], [-111.7882, 34.8181], [-111.788, 34.8254], [-111.7959, 34.8256], [-111.7985, 34.8233], [-111.8086, 34.8253], [-111.817, 34.8222], [-111.8177, 34.82], [-111.8154, 34.8164], [-111.8175, 34.8146], [-111.8253, 34.8192], [-111.826, 34.8096], [-111.8312, 34.8111], [-111.833, 34.8169], [-111.8347, 34.8181], [-111.8468, 34.8131], [-111.8468, 34.811], [-111.8432, 34.8076], [-111.8481, 34.8074], [-111.8521, 34.8053], [-111.8568, 34.809], [-111.8625, 34.8075], [-111.8628, 34.8095], [-111.8597, 34.8108], [-111.8619, 34.8127], [-111.8652, 34.8088], [-111.8664, 34.8038], [-111.8749, 34.7986], [-111.8751, 34.803], [-111.8798, 34.8036], [-111.8776, 34.8056], [-111.8808, 34.8084], [-111.8783, 34.8109], [-111.8714, 34.8131], [-111.8743, 34.8181], [-111.8733, 34.8213], [-111.8783, 34.8228], [-111.8741, 34.8244], [-111.8755, 34.834], [-111.8727, 34.8323], [-111.8714, 34.835], [-111.8742, 34.8356], [-111.8741, 34.8386], [-111.8785, 34.8386], [-111.8785, 34.8367], [-111.8814, 34.8348], [-111.8827, 34.8356], [-111.8804, 34.8389], [-111.8859, 34.8381], [-111.8895, 34.8355], [-111.9102, 34.8063], [-111.9178, 34.7895], [-111.9297, 34.7759], [-111.9693, 34.7432], [-111.9703, 34.7535], [-111.9683, 34.7551], [-111.965, 34.7707], [-111.9603, 34.7761], [-111.9587, 34.7815], [-111.9579, 34.8009], [-111.9602, 34.8175], [-111.964, 34.826], [-112.0079, 34.8156], [-112.0272, 34.8044], [-112.0416, 34.8067], [-112.0414, 34.8179], [-112.0379, 34.8227], [-112.0349, 34.8398], [-112.0379, 34.8406], [-112.0442, 34.8392], [-112.0509, 34.8442]]]]}}, {"type": "Feature", "properties": {"zip": "85632", "total": 44, "q1": 11, "q2": 11, "q3": 11, "q4": 11, "pop": 93, "acsPriv": 10, "seats": 0}, "geometry": {"type": "Polygon", "coordinates": [[[-109.3698, 32.1341], [-109.3668, 32.1384], [-109.3672, 32.1443], [-109.3629, 32.152], [-109.3624, 32.1599], [-109.3422, 32.1576], [-109.3312, 32.1585], [-109.3311, 32.1686], [-109.3282, 32.1742], [-109.3282, 32.2425], [-109.3301, 32.2425], [-109.3302, 32.3929], [-109.3356, 32.397], [-109.338, 32.4011], [-109.3376, 32.4045], [-109.3421, 32.4073], [-109.345, 32.4119], [-109.3459, 32.4166], [-109.3412, 32.426], [-109.2277, 32.4248], [-109.2277, 32.4263], [-109.0479, 32.4264], [-109.05, 31.5923], [-109.055, 31.589], [-109.0668, 31.5925], [-109.0795, 31.6107], [-109.0888, 31.6132], [-109.0917, 31.6196], [-109.096, 31.6238], [-109.1032, 31.6246], [-109.1078, 31.6227], [-109.1088, 31.6277], [-109.1117, 31.6318], [-109.1229, 31.6391], [-109.1296, 31.639], [-109.1334, 31.6472], [-109.1382, 31.6501], [-109.1556, 31.6501], [-109.1602, 31.6523], [-109.1748, 31.642], [-109.1951, 31.6326], [-109.1608, 31.6521], [-109.1344, 31.6895], [-109.1453, 31.6903], [-109.1439, 31.6992], [-109.1451, 31.702], [-109.1592, 31.7023], [-109.1647, 31.7068], [-109.1699, 31.7071], [-109.1744, 31.7095], [-109.1786, 31.7162], [-109.1792, 31.7254], [-109.1806, 31.7266], [-109.1806, 31.7241], [-109.1913, 31.7274], [-109.1898, 31.7331], [-109.1855, 31.7338], [-109.1846, 31.7358], [-109.2249, 31.7355], [-109.2237, 31.7292], [-109.3253, 31.729], [-109.3256, 31.7967], [-109.327, 31.7979], [-109.3258, 31.7999], [-109.3256, 31.8176], [-109.3368, 31.8176], [-109.3371, 31.8611], [-109.339, 31.8655], [-109.3377, 31.8967], [-109.3345, 31.8978], [-109.3217, 31.8949], [-109.3203, 31.8982], [-109.3191, 31.8975], [-109.3167, 31.9002], [-109.3181, 31.9008], [-109.3134, 31.9024], [-109.3186, 31.9089], [-109.313, 31.9178], [-109.3211, 31.9336], [-109.3153, 31.9408], [-109.3131, 31.9399], [-109.3142, 31.9416], [-109.3127, 31.9442], [-109.3079, 31.9483], [-109.3137, 31.9603], [-109.3208, 31.9693], [-109.311, 31.9678], [-109.3049, 31.971], [-109.2746, 31.9708], [-109.2755, 31.9722], [-109.2739, 31.9756], [-109.2766, 31.9797], [-109.2811, 31.9823], [-109.2813, 31.9901], [-109.2886, 31.9993], [-109.2887, 32.0063], [-109.284, 32.0104], [-109.2871, 32.0115], [-109.2907, 32.0178], [-109.2924, 32.0183], [-109.2929, 32.0233], [-109.2961, 32.0268], [-109.2954, 32.0345], [-109.299, 32.0389], [-109.2983, 32.0513], [-109.3008, 32.0542], [-109.3, 32.0586], [-109.3052, 32.0582], [-109.3133, 32.0546], [-109.3292, 32.0541], [-109.3427, 32.0704], [-109.3415, 32.0813], [-109.3449, 32.0909], [-109.3445, 32.0956], [-109.3394, 32.1043], [-109.3308, 32.1128], [-109.3306, 32.1168], [-109.3338, 32.119], [-109.362, 32.1265], [-109.3681, 32.1304], [-109.3698, 32.1341]]]}}, {"type": "Feature", "properties": {"zip": "85750", "total": 1158, "q1": 278, "q2": 296, "q3": 295, "q4": 289, "pop": 3023, "acsPriv": 508, "seats": 0}, "geometry": {"type": "Polygon", "coordinates": [[[-110.877, 32.3218], [-110.8751, 32.3244], [-110.8751, 32.3374], [-110.8241, 32.3378], [-110.824, 32.3232], [-110.8096, 32.3233], [-110.811, 32.322], [-110.8103, 32.32], [-110.819, 32.3139], [-110.8223, 32.3089], [-110.811, 32.3089], [-110.8097, 32.306], [-110.8115, 32.3022], [-110.8094, 32.2962], [-110.8058, 32.2924], [-110.8063, 32.2804], [-110.8126, 32.2628], [-110.8151, 32.2611], [-110.8237, 32.2602], [-110.8358, 32.264], [-110.8634, 32.2669], [-110.8666, 32.2684], [-110.8697, 32.2738], [-110.8751, 32.2735], [-110.8749, 32.3171], [-110.877, 32.3218]]]}}, {"type": "Feature", "properties": {"zip": "85335", "total": 1047, "q1": 232, "q2": 264, "q3": 278, "q4": 273, "pop": 7240, "acsPriv": 659, "seats": 18}, "geometry": {"type": "Polygon", "coordinates": [[[-112.359, 33.5802], [-112.3418, 33.5801], [-112.3422, 33.6236], [-112.3248, 33.6235], [-112.3248, 33.6308], [-112.3092, 33.6304], [-112.3075, 33.6235], [-112.3032, 33.6234], [-112.3031, 33.6107], [-112.307, 33.5945], [-112.3115, 33.5866], [-112.3115, 33.5654], [-112.3091, 33.5655], [-112.3112, 33.5654], [-112.3091, 33.5508], [-112.3501, 33.5522], [-112.3589, 33.5578], [-112.359, 33.5802]]]}}, {"type": "Feature", "properties": {"zip": "85554", "total": 147, "q1": 32, "q2": 33, "q3": 39, "q4": 43, "pop": 3, "acsPriv": 0, "seats": 0}, "geometry": {"type": "Polygon", "coordinates": [[[-111.2958, 33.9999], [-111.2955, 34.0062], [-111.2922, 34.0101], [-111.2949, 34.0189], [-111.2923, 34.0205], [-111.2834, 34.0211], [-111.2821, 34.0253], [-111.2846, 34.0261], [-111.2886, 34.0339], [-111.2862, 34.0418], [-111.292, 34.0467], [-111.2916, 34.0512], [-111.2941, 34.0554], [-111.2926, 34.0579], [-111.2856, 34.0618], [-111.2872, 34.0674], [-111.2833, 34.0713], [-111.2865, 34.0752], [-111.282, 34.08], [-111.2868, 34.0849], [-111.2794, 34.097], [-111.2737, 34.0998], [-111.2713, 34.1037], [-111.2696, 34.1196], [-111.263, 34.1241], [-111.2514, 34.1267], [-111.2443, 34.1323], [-111.2344, 34.1332], [-111.2305, 34.138], [-111.2241, 34.1388], [-111.2217, 34.1417], [-111.2227, 34.1461], [-111.2206, 34.1482], [-111.2106, 34.1483], [-111.2058, 34.1466], [-111.2045, 34.1473], [-111.205, 34.15], [-111.1928, 34.1489], [-111.1898, 34.1542], [-111.1877, 34.1533], [-111.1763, 34.1598], [-111.1743, 34.1647], [-111.1701, 34.1647], [-111.1676, 34.1677], [-111.1605, 34.1834], [-111.1625, 34.1852], [-111.1596, 34.1899], [-111.1588, 34.1948], [-111.1506, 34.206], [-111.1495, 34.2135], [-111.1433, 34.214], [-111.1415, 34.2159], [-111.1353, 34.2131], [-111.1277, 34.2133], [-111.1222, 34.2075], [-111.116, 34.2114], [-111.1148, 34.2087], [-111.1102, 34.2084], [-111.1103, 34.211], [-111.0964, 34.2156], [-111.0911, 34.2252], [-111.0907, 34.2317], [-111.0872, 34.2364], [-111.0846, 34.2371], [-111.0818, 34.2424], [-111.075, 34.2439], [-111.0733, 34.2481], [-111.0698, 34.2492], [-111.0623, 34.2474], [-111.0591, 34.2488], [-111.0547, 34.2542], [-111.0436, 34.2551], [-111.0287, 34.2604], [-111.0182, 34.2576], [-111.0199, 34.255], [-111.0117, 34.2459], [-111.0126, 34.2379], [-111.0075, 34.23], [-111.0038, 34.2351], [-111.0006, 34.2355], [-111.0002, 34.2377], [-110.9926, 34.2366], [-110.9915, 34.2381], [-110.9873, 34.2377], [-110.9829, 34.2412], [-110.9756, 34.2379], [-110.9701, 34.2416], [-110.9695, 34.2446], [-110.9677, 34.2428], [-110.9689, 34.2414], [-110.9678, 34.238], [-110.9656, 34.2343], [-110.9613, 34.2331], [-110.9611, 34.2292], [-110.9587, 34.2311], [-110.9597, 34.235], [-110.9566, 34.2361], [-110.9566, 34.2384], [-110.952, 34.2381], [-110.9507, 34.2364], [-110.948, 34.24], [-110.94, 34.236], [-110.9385, 34.2379], [-110.9333, 34.2347], [-110.9172, 34.2333], [-110.9152, 34.23], [-110.9091, 34.2293], [-110.9087, 34.2321], [-110.9056, 34.235], [-110.8984, 34.2354], [-110.8912, 34.2375], [-110.8926, 34.238], [-110.8939, 34.2435], [-110.8918, 34.2463], [-110.8925, 34.2487], [-110.8871, 34.2546], [-110.8779, 34.2519], [-110.8743, 34.2533], [-110.873, 34.2507], [-110.8717, 34.2526], [-110.8696, 34.2503], [-110.8649, 34.2507], [-110.8608, 34.2478], [-110.8531, 34.2471], [-110.8579, 34.2499], [-110.851, 34.2522], [-110.853, 34.2616], [-110.8506, 34.2615], [-110.8477, 34.2585], [-110.8448, 34.2618], [-110.8474, 34.2647], [-110.8466, 34.267], [-110.8482, 34.2709], [-110.844, 34.2684], [-110.8357, 34.2693], [-110.8318, 34.2732], [-110.8259, 34.2758], [-110.8269, 34.278], [-110.8316, 34.2769], [-110.8325, 34.2785], [-110.8348, 34.2759], [-110.835, 34.2795], [-110.8378, 34.2806], [-110.8328, 34.2814], [-110.8311, 34.2842], [-110.8207, 34.2878], [-110.8217, 34.2921], [-110.8246, 34.2954], [-110.8271, 34.2966], [-110.8293, 34.2958], [-110.8348, 34.3007], [-110.8428, 34.3043], [-110.8453, 34.3039], [-110.8445, 34.3054], [-110.8459, 34.3071], [-110.8402, 34.3073], [-110.8385, 34.3088], [-110.8339, 34.303], [-110.8327, 34.3042], [-110.8305, 34.3018], [-110.8281, 34.3036], [-110.8282, 34.3017], [-110.8257, 34.3011], [-110.8239, 34.3026], [-110.8239, 34.3003], [-110.8184, 34.3001], [-110.8113, 34.2954], [-110.8102, 34.3005], [-110.8118, 34.3031], [-110.8093, 34.3029], [-110.8087, 34.3082], [-110.8059, 34.3093], [-110.8055, 34.3111], [-110.8035, 34.3078], [-110.8052, 34.306], [-110.8028, 34.2981], [-110.796, 34.2991], [-110.7957, 34.3071], [-110.7936, 34.305], [-110.7903, 34.3087], [-110.7881, 34.3091], [-110.787, 34.3057], [-110.7898, 34.303], [-110.788, 34.2978], [-110.7853, 34.3038], [-110.7809, 34.3074], [-110.7833, 34.3025], [-110.7832, 33.8979], [-110.7813, 33.847], [-110.7786, 33.8307], [-110.7583, 33.7516], [-110.7698, 33.7496], [-110.7874, 33.7515], [-110.8077, 33.7449], [-110.8081, 33.7318], [-110.8126, 33.728], [-110.8133, 33.7235], [-110.8185, 33.7195], [-110.8216, 33.7114], [-110.8257, 33.7092], [-110.827, 33.7065], [-110.8368, 33.704], [-110.8395, 33.6941], [-110.8434, 33.6923], [-110.8438, 33.6836], [-110.8426, 33.6812], [-110.9773, 33.6811], [-110.9789, 33.6859], [-110.9784, 33.6933], [-110.9828, 33.7053], [-110.9783, 33.7128], [-110.9769, 33.7168], [-110.978, 33.7184], [-110.9874, 33.7215], [-111.0004, 33.7177], [-111.0079, 33.7095], [-111.0105, 33.7137], [-111.0189, 33.7129], [-111.0229, 33.7106], [-111.0247, 33.7116], [-111.0257, 33.7095], [-111.035, 33.7164], [-111.0377, 33.7111], [-111.0399, 33.7169], [-111.0376, 33.732], [-111.0386, 33.7366], [-111.0319, 33.7421], [-111.0324, 33.7487], [-111.0341, 33.7522], [-111.0387, 33.7488], [-111.0412, 33.7585], [-111.0441, 33.7617], [-111.0461, 33.7606], [-111.0506, 33.7724], [-111.0545, 33.7758], [-111.056, 33.7797], [-111.0546, 33.7874], [-111.0584, 33.7922], [-111.0556, 33.7997], [-111.062, 33.8041], [-111.0656, 33.8046], [-111.0636, 33.8085], [-111.0569, 33.8133], [-111.0582, 33.8185], [-111.0606, 33.821], [-111.0655, 33.8215], [-111.0681, 33.8234], [-111.0746, 33.8212], [-111.0771, 33.8189], [-111.0777, 33.8157], [-111.0809, 33.8139], [-111.0858, 33.8066], [-111.0895, 33.8051], [-111.0915, 33.8021], [-111.0935, 33.802], [-111.094, 33.8063], [-111.0968, 33.809], [-111.0976, 33.8164], [-111.0933, 33.8216], [-111.0898, 33.8232], [-111.0874, 33.8317], [-111.0888, 33.8334], [-111.0882, 33.838], [-111.0916, 33.8401], [-111.0955, 33.8465], [-111.0943, 33.8555], [-111.0919, 33.8601], [-111.096, 33.8701], [-111.0943, 33.8745], [-111.09, 33.8754], [-111.0872, 33.8795], [-111.085, 33.8871], [-111.0918, 33.8934], [-111.0953, 33.8939], [-111.0965, 33.897], [-111.1017, 33.8953], [-111.1006, 33.8929], [-111.1062, 33.8939], [-111.1068, 33.8923], [-111.1114, 33.8936], [-111.1104, 33.8955], [-111.1164, 33.8953], [-111.1169, 33.899], [-111.1294, 33.8955], [-111.1354, 33.8868], [-111.146, 33.8816], [-111.1503, 33.8874], [-111.1675, 33.8865], [-111.1753, 33.8835], [-111.183, 33.8883], [-111.1866, 33.8887], [-111.184, 33.8916], [-111.1902, 33.9019], [-111.1905, 33.9069], [-111.1943, 33.9127], [-111.1939, 33.9156], [-111.1911, 33.9206], [-111.1817, 33.9269], [-111.1756, 33.9289], [-111.1745, 33.9317], [-111.1705, 33.934], [-111.1671, 33.9384], [-111.1686, 33.9408], [-111.1679, 33.9441], [-111.1609, 33.9452], [-111.1637, 33.9506], [-111.1623, 33.9541], [-111.1688, 33.9667], [-111.1679, 33.9696], [-111.1718, 33.9776], [-111.1693, 33.9819], [-111.1731, 33.9864], [-111.1709, 33.9907], [-111.1716, 33.993], [-111.1801, 33.9902], [-111.1794, 33.9883], [-111.182, 33.982], [-111.1899, 33.9788], [-111.1969, 33.9833], [-111.2008, 33.9895], [-111.2065, 33.9925], [-111.2065, 33.9945], [-111.2095, 33.9967], [-111.2233, 33.9974], [-111.2305, 33.9937], [-111.2312, 33.9919], [-111.2359, 33.9906], [-111.2417, 33.9928], [-111.2438, 33.9958], [-111.2493, 33.9959], [-111.2522, 34.0018], [-111.2597, 34.0033], [-111.2618, 34.0046], [-111.2612, 34.0058], [-111.2641, 34.0047], [-111.2666, 34.0059], [-111.27, 34.0039], [-111.2694, 33.9998], [-111.2734, 33.9975], [-111.2742, 33.9938], [-111.2824, 33.9913], [-111.283, 33.9874], [-111.2945, 33.9874], [-111.2917, 33.9931], [-111.2958, 33.9999]]]}}, {"type": "Feature", "properties": {"zip": "85553", "total": 14, "q1": 2, "q2": 4, "q3": 4, "q4": 4, "pop": 114, "acsPriv": 0, "seats": 0}, "geometry": {"type": "Polygon", "coordinates": [[[-111.406, 33.8806], [-111.4034, 33.8829], [-111.3965, 33.8816], [-111.3896, 33.8832], [-111.389, 33.8851], [-111.3862, 33.8841], [-111.3764, 33.8856], [-111.3689, 33.8835], [-111.3623, 33.8853], [-111.3488, 33.8827], [-111.3403, 33.8859], [-111.3322, 33.8818], [-111.3163, 33.878], [-111.3157, 33.8767], [-111.312, 33.8829], [-111.3099, 33.8952], [-111.307, 33.8963], [-111.3047, 33.9002], [-111.3011, 33.9015], [-111.2874, 33.9014], [-111.2846, 33.9005], [-111.2833, 33.8963], [-111.2735, 33.8993], [-111.2667, 33.906], [-111.2674, 33.91], [-111.2648, 33.9174], [-111.2656, 33.9217], [-111.2636, 33.9238], [-111.274, 33.9305], [-111.277, 33.934], [-111.2782, 33.9382], [-111.2809, 33.9398], [-111.28, 33.9435], [-111.2845, 33.9474], [-111.283, 33.9513], [-111.2953, 33.9573], [-111.3093, 33.9596], [-111.3112, 33.9621], [-111.3101, 33.9669], [-111.3114, 33.9707], [-111.3133, 33.9718], [-111.3058, 33.9789], [-111.3026, 33.9762], [-111.2968, 33.9749], [-111.2927, 33.9787], [-111.2835, 33.9811], [-111.2829, 33.9909], [-111.2743, 33.9937], [-111.2734, 33.9975], [-111.2694, 33.9998], [-111.27, 34.0039], [-111.2668, 34.0059], [-111.2641, 34.0047], [-111.2612, 34.0058], [-111.2618, 34.0046], [-111.2597, 34.0033], [-111.2522, 34.0018], [-111.2493, 33.9959], [-111.2438, 33.9958], [-111.2417, 33.9928], [-111.2359, 33.9906], [-111.2312, 33.9919], [-111.2305, 33.9937], [-111.2233, 33.9974], [-111.2095, 33.9967], [-111.2065, 33.9945], [-111.2065, 33.9925], [-111.2008, 33.9895], [-111.1969, 33.9833], [-111.1899, 33.9788], [-111.182, 33.982], [-111.1794, 33.9883], [-111.1801, 33.9902], [-111.1716, 33.993], [-111.1709, 33.9907], [-111.1731, 33.9864], [-111.1693, 33.9819], [-111.1718, 33.9776], [-111.1679, 33.9696], [-111.1688, 33.9667], [-111.1623, 33.9541], [-111.1637, 33.9506], [-111.1609, 33.9452], [-111.1679, 33.9441], [-111.1686, 33.9408], [-111.1671, 33.9384], [-111.1705, 33.934], [-111.1745, 33.9317], [-111.1756, 33.9289], [-111.1817, 33.9269], [-111.1911, 33.9206], [-111.1939, 33.9156], [-111.1943, 33.9127], [-111.1905, 33.9069], [-111.1902, 33.9019], [-111.184, 33.8916], [-111.1866, 33.8887], [-111.183, 33.8883], [-111.1753, 33.8835], [-111.1675, 33.8865], [-111.1503, 33.8874], [-111.146, 33.8816], [-111.1354, 33.8868], [-111.1294, 33.8955], [-111.1169, 33.899], [-111.1164, 33.8953], [-111.1104, 33.8955], [-111.1114, 33.8936], [-111.1068, 33.8923], [-111.1062, 33.8939], [-111.1006, 33.8929], [-111.1017, 33.8953], [-111.0965, 33.897], [-111.0953, 33.8939], [-111.0918, 33.8934], [-111.085, 33.8871], [-111.0872, 33.8795], [-111.09, 33.8754], [-111.0943, 33.8745], [-111.096, 33.8701], [-111.0919, 33.8601], [-111.0943, 33.8555], [-111.0955, 33.8465], [-111.0916, 33.8401], [-111.0882, 33.838], [-111.0888, 33.8334], [-111.0874, 33.8317], [-111.0898, 33.8232], [-111.0933, 33.8216], [-111.0976, 33.8164], [-111.0968, 33.809], [-111.094, 33.8063], [-111.0935, 33.802], [-111.0915, 33.8021], [-111.0895, 33.8051], [-111.0858, 33.8066], [-111.0809, 33.8139], [-111.0777, 33.8157], [-111.0771, 33.8189], [-111.0746, 33.8212], [-111.0681, 33.8234], [-111.0655, 33.8215], [-111.0606, 33.821], [-111.0582, 33.8185], [-111.0569, 33.8133], [-111.0636, 33.8085], [-111.0656, 33.8046], [-111.062, 33.8041], [-111.0556, 33.7997], [-111.0584, 33.7922], [-111.0546, 33.7874], [-111.056, 33.7797], [-111.0545, 33.7758], [-111.0506, 33.7724], [-111.0461, 33.7606], [-111.0441, 33.7617], [-111.0412, 33.7585], [-111.0387, 33.7488], [-111.0341, 33.7522], [-111.0324, 33.7487], [-111.0319, 33.7421], [-111.0386, 33.7366], [-111.0376, 33.732], [-111.0397, 33.7171], [-111.0433, 33.7233], [-111.048, 33.7191], [-111.0595, 33.723], [-111.0631, 33.7219], [-111.0653, 33.7256], [-111.0718, 33.7296], [-111.0711, 33.7322], [-111.0748, 33.736], [-111.0865, 33.7297], [-111.1134, 33.7348], [-111.1103, 33.7243], [-111.1043, 33.7198], [-111.0974, 33.7069], [-111.0866, 33.7069], [-111.0866, 33.6993], [-111.0824, 33.6994], [-111.0823, 33.6856], [-111.0729, 33.6855], [-111.0764, 33.6849], [-111.0743, 33.6825], [-111.0943, 33.6815], [-111.1071, 33.6785], [-111.1307, 33.677], [-111.1534, 33.6776], [-111.1695, 33.6675], [-111.1735, 33.6601], [-111.1806, 33.6598], [-111.2003, 33.6403], [-111.207, 33.6369], [-111.2094, 33.6335], [-111.2075, 33.6206], [-111.2161, 33.6127], [-111.2167, 33.6083], [-111.2221, 33.6024], [-111.2237, 33.6029], [-111.2319, 33.6095], [-111.2315, 33.6132], [-111.2374, 33.6154], [-111.2384, 33.6184], [-111.2467, 33.6215], [-111.2495, 33.6243], [-111.2557, 33.6211], [-111.2628, 33.6232], [-111.2693, 33.6292], [-111.2736, 33.6384], [-111.2761, 33.639], [-111.2802, 33.6445], [-111.2798, 33.6459], [-111.2823, 33.6465], [-111.2872, 33.652], [-111.2862, 33.6566], [-111.2872, 33.6586], [-111.2995, 33.6638], [-111.3042, 33.6714], [-111.3092, 33.6739], [-111.3149, 33.6814], [-111.326, 33.6844], [-111.3314, 33.6883], [-111.3362, 33.7008], [-111.3383, 33.7027], [-111.337, 33.709], [-111.3386, 33.7159], [-111.3364, 33.7204], [-111.3436, 33.7248], [-111.3443, 33.7274], [-111.3523, 33.7323], [-111.3519, 33.7335], [-111.3548, 33.7332], [-111.3563, 33.7388], [-111.3721, 33.7452], [-111.373, 33.7493], [-111.3766, 33.7496], [-111.3811, 33.7477], [-111.3868, 33.75], [-111.3822, 33.761], [-111.3833, 33.7628], [-111.3871, 33.7632], [-111.3894, 33.7708], [-111.3866, 33.7732], [-111.3894, 33.7767], [-111.3855, 33.7832], [-111.3812, 33.7852], [-111.3828, 33.7881], [-111.3785, 33.7937], [-111.3879, 33.8032], [-111.3883, 33.8054], [-111.3851, 33.8103], [-111.3842, 33.8165], [-111.3726, 33.8179], [-111.3718, 33.8219], [-111.3726, 33.8243], [-111.378, 33.8274], [-111.3813, 33.8321], [-111.3925, 33.8359], [-111.3901, 33.8377], [-111.3955, 33.8409], [-111.3959, 33.8446], [-111.3918, 33.853], [-111.3923, 33.8548], [-111.387, 33.8616], [-111.3963, 33.8686], [-111.3961, 33.8728], [-111.3976, 33.875], [-111.396, 33.8769], [-111.406, 33.8806]]]}}, {"type": "Feature", "properties": {"zip": "85340", "total": 2547, "q1": 594, "q2": 630, "q3": 662, "q4": 661, "pop": 8694, "acsPriv": 876, "seats": 435}, "geometry": {"type": "MultiPolygon", "coordinates": [[[[-112.4269, 33.5517], [-112.3846, 33.5515], [-112.3841, 33.5397], [-112.3951, 33.5297], [-112.4011, 33.5263], [-112.4011, 33.5242], [-112.4038, 33.5227], [-112.4038, 33.5191], [-112.3925, 33.5191], [-112.3893, 33.5227], [-112.3754, 33.5227], [-112.3753, 33.5191], [-112.3718, 33.5192], [-112.3719, 33.5226], [-112.3667, 33.5226], [-112.3667, 33.5263], [-112.3754, 33.5264], [-112.3754, 33.5299], [-112.3239, 33.5293], [-112.324, 33.522], [-112.3068, 33.5216], [-112.3066, 33.5075], [-112.3127, 33.4933], [-112.3196, 33.4934], [-112.3196, 33.4967], [-112.3238, 33.4968], [-112.3239, 33.5039], [-112.3281, 33.504], [-112.328, 33.4933], [-112.3409, 33.4933], [-112.3409, 33.4847], [-112.3626, 33.4858], [-112.3625, 33.4934], [-112.3753, 33.4934], [-112.3753, 33.499], [-112.3795, 33.4989], [-112.3794, 33.5082], [-112.4268, 33.5082], [-112.4269, 33.5517]]], [[[-112.5599, 33.5517], [-112.5483, 33.5516], [-112.5483, 33.5372], [-112.5136, 33.537], [-112.5135, 33.5515], [-112.4701, 33.5516], [-112.4698, 33.5371], [-112.4613, 33.5372], [-112.4613, 33.5176], [-112.4613, 33.5226], [-112.4442, 33.5227], [-112.4442, 33.5082], [-112.4614, 33.5082], [-112.4615, 33.5036], [-112.4615, 33.4937], [-112.4442, 33.4937], [-112.4441, 33.4791], [-112.4615, 33.4792], [-112.4615, 33.4647], [-112.4702, 33.4647], [-112.4702, 33.4774], [-112.4723, 33.4774], [-112.4723, 33.4792], [-112.4788, 33.4792], [-112.4788, 33.4937], [-112.4965, 33.4942], [-112.4969, 33.5219], [-112.5203, 33.5223], [-112.5367, 33.5316], [-112.5477, 33.535], [-112.5599, 33.5517]]]]}}, {"type": "Feature", "properties": {"zip": "85012", "total": 687, "q1": 166, "q2": 176, "q3": 176, "q4": 169, "pop": 808, "acsPriv": 108, "seats": 2927}, "geometry": {"type": "Polygon", "coordinates": [[[-112.0782, 33.4822], [-112.0782, 33.486], [-112.0759, 33.4859], [-112.0765, 33.4929], [-112.0749, 33.4932], [-112.0749, 33.4948], [-112.0782, 33.4948], [-112.0782, 33.4967], [-112.0738, 33.4966], [-112.0738, 33.4979], [-112.0765, 33.4984], [-112.0765, 33.5002], [-112.0738, 33.5002], [-112.0738, 33.5038], [-112.0781, 33.5039], [-112.0738, 33.5047], [-112.0753, 33.5066], [-112.0738, 33.5075], [-112.0737, 33.5117], [-112.0781, 33.5118], [-112.0781, 33.5129], [-112.0737, 33.5129], [-112.0737, 33.531], [-112.0758, 33.5321], [-112.0737, 33.5328], [-112.0737, 33.5356], [-112.0751, 33.5383], [-112.0651, 33.5383], [-112.065, 33.5274], [-112.0678, 33.5256], [-112.0677, 33.5238], [-112.065, 33.5237], [-112.065, 33.5038], [-112.0673, 33.5032], [-112.065, 33.5025], [-112.0651, 33.4865], [-112.0694, 33.4857], [-112.0651, 33.4847], [-112.0673, 33.4829], [-112.0651, 33.482], [-112.0651, 33.478], [-112.0694, 33.478], [-112.0694, 33.4802], [-112.075, 33.4803], [-112.075, 33.4822], [-112.0782, 33.4822]]]}}, {"type": "Feature", "properties": {"zip": "85137", "total": 88, "q1": 21, "q2": 21, "q3": 23, "q4": 23, "pop": 465, "acsPriv": 39, "seats": 0}, "geometry": {"type": "Polygon", "coordinates": [[[-111.1849, 33.0843], [-111.1816, 33.0871], [-111.1829, 33.0918], [-111.1822, 33.0969], [-111.1669, 33.0942], [-111.1597, 33.0984], [-111.1591, 33.1086], [-111.149, 33.1118], [-111.1391, 33.1108], [-111.1349, 33.1039], [-111.1273, 33.1049], [-111.1162, 33.1033], [-111.1114, 33.1073], [-111.1012, 33.1087], [-111.1005, 33.1121], [-111.0868, 33.1136], [-111.0764, 33.1187], [-111.067, 33.1151], [-111.0669, 33.2059], [-111.0623, 33.2059], [-111.0624, 33.2129], [-111.0595, 33.2068], [-111.033, 33.2066], [-111.0331, 33.2278], [-111.0439, 33.2423], [-111.0413, 33.2478], [-111.0421, 33.2502], [-111.0504, 33.2503], [-111.0504, 33.2924], [-110.9641, 33.2928], [-110.9642, 33.2787], [-110.9555, 33.2791], [-110.9467, 33.2501], [-110.7832, 32.9848], [-110.7912, 32.9845], [-110.8113, 32.9931], [-110.8246, 33.0043], [-110.8283, 33.0058], [-110.8271, 33.0088], [-110.8315, 33.0101], [-110.835, 33.0073], [-110.835, 33.0124], [-110.8438, 33.0101], [-110.8513, 33.0103], [-110.8537, 33.0135], [-110.8608, 33.0148], [-110.8639, 33.0187], [-110.8682, 33.0165], [-110.9392, 33.0123], [-110.9627, 33.0169], [-110.9627, 32.9452], [-110.9449, 32.9452], [-110.9449, 32.9175], [-110.959, 32.9252], [-110.9591, 32.9309], [-110.9688, 32.9349], [-110.9687, 32.9385], [-110.9703, 32.9403], [-110.9693, 32.9428], [-110.9727, 32.9546], [-110.9781, 32.9575], [-110.9818, 32.9623], [-110.9868, 32.9747], [-110.9891, 32.9746], [-111.0072, 32.9901], [-111.0135, 32.9904], [-111.0142, 32.9952], [-111.0116, 33.0002], [-111.0119, 33.0038], [-111.0148, 33.0074], [-111.015, 33.0105], [-111.0175, 33.0114], [-111.0249, 33.0203], [-111.0833, 33.0278], [-111.0899, 33.0327], [-111.0955, 33.0338], [-111.0978, 33.0356], [-111.0969, 33.0381], [-111.1057, 33.0435], [-111.1584, 33.0334], [-111.1579, 33.0384], [-111.1533, 33.0443], [-111.156, 33.0514], [-111.1651, 33.061], [-111.183, 33.0757], [-111.1849, 33.0843]]]}}, {"type": "Feature", "properties": {"zip": "85637", "total": 175, "q1": 33, "q2": 43, "q3": 49, "q4": 50, "pop": 168, "acsPriv": 84, "seats": 0}, "geometry": {"type": "Polygon", "coordinates": [[[-110.8142, 31.8069], [-110.8068, 31.805], [-110.8069, 31.8183], [-110.7013, 31.818], [-110.7036, 31.8156], [-110.6939, 31.8117], [-110.6897, 31.8061], [-110.6908, 31.8032], [-110.6836, 31.8057], [-110.6797, 31.8037], [-110.6522, 31.8002], [-110.6387, 31.7951], [-110.6321, 31.7889], [-110.6346, 31.7872], [-110.6383, 31.7873], [-110.639, 31.7813], [-110.6341, 31.7777], [-110.6317, 31.7721], [-110.6266, 31.7686], [-110.6224, 31.7626], [-110.6085, 31.7585], [-110.6131, 31.752], [-110.6134, 31.7444], [-110.6234, 31.7359], [-110.6223, 31.7342], [-110.624, 31.7317], [-110.5854, 31.731], [-110.5904, 31.7146], [-110.5886, 31.7088], [-110.5929, 31.7014], [-110.5904, 31.7015], [-110.5877, 31.6954], [-110.5907, 31.6888], [-110.5914, 31.6736], [-110.595, 31.671], [-110.6117, 31.6735], [-110.6056, 31.6672], [-110.6047, 31.6531], [-110.6416, 31.6542], [-110.6252, 31.6191], [-110.6256, 31.6169], [-110.6239, 31.6164], [-110.6269, 31.6137], [-110.6262, 31.6094], [-110.6196, 31.6037], [-110.621, 31.6007], [-110.6201, 31.5946], [-110.6123, 31.5781], [-110.6047, 31.5776], [-110.5969, 31.5804], [-110.5977, 31.5774], [-110.6006, 31.5775], [-110.6014, 31.5733], [-110.6086, 31.5609], [-110.6177, 31.5655], [-110.6215, 31.5655], [-110.6226, 31.5631], [-110.6256, 31.5653], [-110.6256, 31.5637], [-110.6396, 31.5742], [-110.6473, 31.5762], [-110.6519, 31.5852], [-110.6475, 31.5901], [-110.648, 31.5936], [-110.6592, 31.601], [-110.6606, 31.6058], [-110.667, 31.6142], [-110.6672, 31.6173], [-110.6723, 31.6223], [-110.6763, 31.6226], [-110.6864, 31.6307], [-110.6929, 31.628], [-110.6928, 31.6306], [-110.6958, 31.6304], [-110.7004, 31.6331], [-110.7023, 31.6313], [-110.7024, 31.6334], [-110.7041, 31.6332], [-110.7061, 31.6294], [-110.715, 31.6285], [-110.7133, 31.636], [-110.7156, 31.65], [-110.7123, 31.6543], [-110.7125, 31.6563], [-110.7094, 31.6579], [-110.7085, 31.6618], [-110.7108, 31.6684], [-110.7151, 31.6743], [-110.7222, 31.68], [-110.7373, 31.6865], [-110.7438, 31.6931], [-110.7522, 31.6963], [-110.7554, 31.7004], [-110.7594, 31.7012], [-110.763, 31.7041], [-110.7638, 31.7051], [-110.762, 31.7055], [-110.7624, 31.7068], [-110.7655, 31.7082], [-110.7612, 31.7106], [-110.7697, 31.7105], [-110.7783, 31.7055], [-110.7913, 31.7022], [-110.7948, 31.7021], [-110.7942, 31.7036], [-110.8016, 31.7067], [-110.805, 31.7064], [-110.804, 31.7076], [-110.8056, 31.7075], [-110.8038, 31.7089], [-110.796, 31.7112], [-110.7924, 31.7151], [-110.788, 31.7167], [-110.7772, 31.7182], [-110.7658, 31.7155], [-110.7708, 31.7216], [-110.7636, 31.7253], [-110.7599, 31.7238], [-110.7548, 31.7244], [-110.7576, 31.726], [-110.7595, 31.7316], [-110.8071, 31.7317], [-110.8067, 31.7976], [-110.8103, 31.7985], [-110.8119, 31.8022], [-110.8099, 31.8028], [-110.8142, 31.8069]]]}}, {"type": "Feature", "properties": {"zip": "85531", "total": 35, "q1": 8, "q2": 9, "q3": 9, "q4": 9, "pop": 251, "acsPriv": 0, "seats": 0}, "geometry": {"type": "Polygon", "coordinates": [[[-109.8056, 32.8965], [-109.802, 32.8964], [-109.794, 32.8926], [-109.7919, 32.8895], [-109.7873, 32.8907], [-109.7784, 32.8888], [-109.7657, 32.8778], [-109.767, 32.875], [-109.7671, 32.853], [-109.7692, 32.8531], [-109.7692, 32.8491], [-109.7749, 32.8507], [-109.78, 32.855], [-109.7798, 32.8602], [-109.7842, 32.8602], [-109.7842, 32.8591], [-109.7859, 32.8604], [-109.7972, 32.8602], [-109.8014, 32.8638], [-109.8014, 32.8675], [-109.7932, 32.8677], [-109.8046, 32.8785], [-109.8056, 32.8965]]]}}, {"type": "Feature", "properties": {"zip": "85248", "total": 940, "q1": 223, "q2": 233, "q3": 241, "q4": 243, "pop": 4233, "acsPriv": 257, "seats": 207}, "geometry": {"type": "Polygon", "coordinates": [[[-111.9481, 33.2556], [-111.9342, 33.2608], [-111.8934, 33.2614], [-111.8932, 33.2483], [-111.8933, 33.2614], [-111.8584, 33.2618], [-111.853, 33.2645], [-111.8529, 33.2621], [-111.847, 33.2621], [-111.8466, 33.2636], [-111.8438, 33.2636], [-111.8445, 33.2621], [-111.8414, 33.2621], [-111.8414, 33.2331], [-111.8389, 33.2331], [-111.8389, 33.2309], [-111.8368, 33.2305], [-111.8394, 33.2292], [-111.8369, 33.225], [-111.8365, 33.2119], [-111.8354, 33.2125], [-111.8351, 33.2138], [-111.8344, 33.2152], [-111.8327, 33.217], [-111.8355, 33.2122], [-111.8399, 33.2102], [-111.8409, 33.204], [-111.8228, 33.1953], [-111.7917, 33.169], [-111.8131, 33.1687], [-111.804, 33.1604], [-111.7982, 33.1591], [-111.7979, 33.1565], [-111.7892, 33.1527], [-111.7892, 33.1466], [-111.815, 33.1466], [-111.815, 33.1394], [-111.8274, 33.1414], [-111.8302, 33.1439], [-111.8293, 33.1467], [-111.8409, 33.1535], [-111.8409, 33.1904], [-111.8928, 33.1903], [-111.8928, 33.1858], [-111.8946, 33.1858], [-111.9091, 33.2047], [-111.8931, 33.2047], [-111.8931, 33.2192], [-111.92, 33.2193], [-111.9481, 33.2556]]]}}, {"type": "Feature", "properties": {"zip": "85302", "total": 945, "q1": 219, "q2": 236, "q3": 247, "q4": 243, "pop": 6911, "acsPriv": 728, "seats": 20}, "geometry": {"type": "Polygon", "coordinates": [[[-112.2106, 33.5599], [-112.2029, 33.5609], [-112.203, 33.57], [-112.2073, 33.5699], [-112.2072, 33.5719], [-112.203, 33.5712], [-112.2028, 33.5839], [-112.2005, 33.5838], [-112.2005, 33.5817], [-112.1731, 33.5819], [-112.1731, 33.5841], [-112.1688, 33.5848], [-112.1662, 33.5841], [-112.1662, 33.5819], [-112.1558, 33.5819], [-112.1558, 33.5837], [-112.1517, 33.5819], [-112.1517, 33.555], [-112.1544, 33.5549], [-112.1543, 33.5531], [-112.1602, 33.5531], [-112.1608, 33.5548], [-112.1635, 33.5531], [-112.1646, 33.5561], [-112.1672, 33.5562], [-112.1689, 33.5561], [-112.1689, 33.5541], [-112.1732, 33.555], [-112.1732, 33.5531], [-112.2029, 33.5528], [-112.2106, 33.5599]]]}}, {"type": "Feature", "properties": {"zip": "85305", "total": 591, "q1": 139, "q2": 148, "q3": 155, "q4": 149, "pop": 2521, "acsPriv": 125, "seats": 0}, "geometry": {"type": "MultiPolygon", "coordinates": [[[[-112.2769, 33.5105], [-112.2764, 33.5155], [-112.2727, 33.5155], [-112.2727, 33.5105], [-112.2769, 33.5105]]], [[[-112.2811, 33.5299], [-112.2724, 33.53], [-112.2725, 33.5514], [-112.2378, 33.552], [-112.2377, 33.5088], [-112.2725, 33.5083], [-112.2724, 33.5265], [-112.2796, 33.5263], [-112.2811, 33.5299]]]]}}, {"type": "Feature", "properties": {"zip": "85902", "total": 21, "q1": 4, "q2": 5, "q3": 6, "q4": 6, "pop": 0, "acsPriv": 0, "seats": 0}, "geometry": {"type": "Polygon", "coordinates": [[[-110.3256, 34.1989], [-110.3202, 34.2014], [-110.3152, 34.2082], [-110.3115, 34.21], [-110.3095, 34.2143], [-110.306, 34.2165], [-110.3038, 34.2234], [-110.2991, 34.226], [-110.2926, 34.2205], [-110.2778, 34.2172], [-110.2616, 34.2168], [-110.2507, 34.2194], [-110.2392, 34.2197], [-110.2317, 34.2247], [-110.2307, 34.2307], [-110.2222, 34.2404], [-110.2165, 34.2438], [-110.2061, 34.245], [-110.2027, 34.2475], [-110.2026, 34.251], [-110.2013, 34.2509], [-110.1927, 34.2471], [-110.1922, 34.2429], [-110.1878, 34.2385], [-110.1794, 34.2371], [-110.1766, 34.239], [-110.1708, 34.2391], [-110.1638, 34.2352], [-110.1627, 34.2338], [-110.1641, 34.2286], [-110.1592, 34.226], [-110.1583, 34.222], [-110.1499, 34.2215], [-110.1387, 34.2164], [-110.1361, 34.2136], [-110.1168, 34.2132], [-110.1138, 34.2068], [-110.1083, 34.2019], [-110.1026, 34.2028], [-110.1007, 34.2058], [-110.0951, 34.2073], [-110.087, 34.2124], [-110.0767, 34.1986], [-110.0776, 34.1943], [-110.075, 34.1912], [-110.072, 34.1915], [-110.0671, 34.1951], [-110.06, 34.1959], [-110.0542, 34.2007], [-110.0418, 34.2042], [-110.0409, 34.198], [-110.0367, 34.1969], [-110.0332, 34.1935], [-110.034, 34.1904], [-110.0314, 34.1874], [-110.0248, 34.1844], [-110.0243, 34.1823], [-110.0159, 34.1746], [-110.0182, 34.1677], [-110.0138, 34.165], [-110.0108, 34.165], [-110.0106, 34.161], [-110.0141, 34.1595], [-110.0145, 34.1559], [-110.0107, 34.1516], [-110.0125, 34.1494], [-110.0115, 34.1467], [-110.0075, 34.1465], [-110.002, 34.142], [-109.994, 34.1433], [-109.9823, 34.1388], [-109.9862, 34.1352], [-109.9948, 34.134], [-109.9983, 34.1307], [-110.0012, 34.1303], [-110.0037, 34.1259], [-110.0079, 34.124], [-110.0123, 34.1188], [-110.0114, 34.1133], [-110.0172, 34.1063], [-110.0173, 34.1013], [-110.0115, 34.091], [-110.0081, 34.0897], [-110.0044, 34.0907], [-110.0057, 34.0848], [-110.0079, 34.0824], [-110.0079, 34.0844], [-110.0101, 34.0843], [-110.011, 34.0809], [-110.0187, 34.0776], [-110.021, 34.0748], [-110.0224, 34.0695], [-110.0208, 34.0672], [-110.0206, 34.0608], [-110.0248, 34.0555], [-110.0347, 34.0497], [-110.0404, 34.0494], [-110.0513, 34.0447], [-110.064, 34.0315], [-110.0687, 34.0295], [-110.0708, 34.0236], [-110.0682, 34.007], [-110.0697, 34.003], [-110.0719, 34.0016], [-110.071, 34.0], [-110.2873, 34.0], [-110.2905, 34.0072], [-110.2989, 34.0185], [-110.299, 34.0213], [-110.2921, 34.0306], [-110.2902, 34.0377], [-110.2807, 34.0575], [-110.279, 34.0651], [-110.2802, 34.0717], [-110.2752, 34.0818], [-110.2753, 34.0935], [-110.2772, 34.0978], [-110.2762, 34.0996], [-110.2791, 34.1051], [-110.2783, 34.1294], [-110.2928, 34.1627], [-110.3001, 34.1704], [-110.3034, 34.1715], [-110.3012, 34.1718], [-110.3038, 34.1743], [-110.3121, 34.1756], [-110.3161, 34.1789], [-110.3192, 34.1841], [-110.3223, 34.186], [-110.3204, 34.188], [-110.3247, 34.19], [-110.3256, 34.1989]]]}}, {"type": "Feature", "properties": {"zip": "85205", "total": 1329, "q1": 303, "q2": 330, "q3": 345, "q4": 351, "pop": 6351, "acsPriv": 565, "seats": 0}, "geometry": {"type": "Polygon", "coordinates": [[[-111.7535, 33.4145], [-111.7537, 33.4194], [-111.7505, 33.4166], [-111.7495, 33.421], [-111.7511, 33.4211], [-111.7501, 33.4224], [-111.7536, 33.4228], [-111.7536, 33.4245], [-111.7504, 33.4245], [-111.7536, 33.4251], [-111.7534, 33.4519], [-111.7398, 33.4518], [-111.7362, 33.4425], [-111.7361, 33.4473], [-111.7318, 33.4481], [-111.7317, 33.4518], [-111.7163, 33.4519], [-111.7154, 33.4503], [-111.7165, 33.4488], [-111.712, 33.4502], [-111.712, 33.4519], [-111.7102, 33.4519], [-111.7096, 33.4496], [-111.7061, 33.4519], [-111.7015, 33.4519], [-111.7016, 33.4482], [-111.6929, 33.4483], [-111.6928, 33.4519], [-111.6841, 33.4517], [-111.6845, 33.4189], [-111.6809, 33.4198], [-111.6808, 33.4222], [-111.6766, 33.4222], [-111.6761, 33.4153], [-111.6832, 33.4157], [-111.6845, 33.4171], [-111.686, 33.4145], [-111.6932, 33.415], [-111.694, 33.4113], [-111.6954, 33.4156], [-111.7028, 33.4156], [-111.7021, 33.412], [-111.7039, 33.4118], [-111.7052, 33.4156], [-111.7148, 33.4156], [-111.7148, 33.4144], [-111.72, 33.4156], [-111.7192, 33.4084], [-111.7277, 33.4083], [-111.7277, 33.4155], [-111.745, 33.4155], [-111.7461, 33.414], [-111.7474, 33.4155], [-111.7535, 33.4145]]]}}, {"type": "Feature", "properties": {"zip": "85284", "total": 1271, "q1": 308, "q2": 315, "q3": 326, "q4": 322, "pop": 2865, "acsPriv": 427, "seats": 138}, "geometry": {"type": "Polygon", "coordinates": [[[-111.9732, 33.3491], [-111.9631, 33.3491], [-111.9616, 33.352], [-111.9579, 33.3512], [-111.9586, 33.3491], [-111.9545, 33.3492], [-111.9545, 33.3531], [-111.9504, 33.3532], [-111.95, 33.3548], [-111.95, 33.3531], [-111.9458, 33.353], [-111.9457, 33.3492], [-111.8939, 33.3494], [-111.8934, 33.3276], [-111.9197, 33.3274], [-111.9197, 33.3237], [-111.928, 33.3237], [-111.9282, 33.3201], [-111.937, 33.3201], [-111.937, 33.3237], [-111.9457, 33.3236], [-111.9458, 33.3273], [-111.9533, 33.3273], [-111.9558, 33.3201], [-111.9633, 33.32], [-111.9633, 33.3271], [-111.9727, 33.3271], [-111.9732, 33.3491]]]}}, {"type": "Feature", "properties": {"zip": "85028", "total": 1282, "q1": 310, "q2": 324, "q3": 327, "q4": 321, "pop": 2424, "acsPriv": 413, "seats": 508}, "geometry": {"type": "Polygon", "coordinates": [[[-112.0416, 33.5712], [-112.0396, 33.5712], [-112.0392, 33.5895], [-112.0327, 33.5895], [-112.0327, 33.5912], [-112.0344, 33.5912], [-112.0326, 33.5931], [-112.0343, 33.5958], [-112.0272, 33.5968], [-112.0272, 33.5935], [-112.024, 33.5936], [-112.024, 33.5968], [-111.9932, 33.5973], [-111.9835, 33.5946], [-111.9778, 33.5955], [-111.9778, 33.5617], [-111.9864, 33.5624], [-111.9867, 33.5664], [-111.9811, 33.5719], [-111.9821, 33.5743], [-111.9844, 33.5747], [-111.9865, 33.5738], [-111.9865, 33.5719], [-111.9908, 33.5719], [-111.9908, 33.5706], [-111.9932, 33.5706], [-111.9957, 33.5682], [-112.0129, 33.568], [-112.0203, 33.5655], [-112.0215, 33.5724], [-112.023, 33.5723], [-112.0361, 33.5636], [-112.0385, 33.5691], [-112.0417, 33.5695], [-112.0416, 33.5712]]]}}, {"type": "Feature", "properties": {"zip": "85253", "total": 2729, "q1": 657, "q2": 678, "q3": 694, "q4": 700, "pop": 2377, "acsPriv": 915, "seats": 1247}, "geometry": {"type": "Polygon", "coordinates": [[[-112.0129, 33.5185], [-112.0129, 33.532], [-111.9977, 33.5319], [-111.9977, 33.5391], [-111.9953, 33.5391], [-111.9953, 33.5537], [-111.9864, 33.5535], [-111.9864, 33.5624], [-111.9776, 33.5619], [-111.9778, 33.5826], [-111.9685, 33.5827], [-111.9653, 33.579], [-111.9642, 33.579], [-111.9649, 33.5827], [-111.939, 33.5821], [-111.939, 33.5809], [-111.9281, 33.5822], [-111.9281, 33.5803], [-111.9239, 33.582], [-111.9236, 33.5784], [-111.926, 33.5784], [-111.9261, 33.5517], [-111.924, 33.5517], [-111.9254, 33.551], [-111.9231, 33.5458], [-111.9164, 33.5384], [-111.9257, 33.5387], [-111.9261, 33.5095], [-111.9387, 33.5093], [-111.9406, 33.5079], [-111.9433, 33.5092], [-111.952, 33.5078], [-111.952, 33.509], [-111.9581, 33.509], [-111.9579, 33.5128], [-111.9629, 33.5159], [-111.9694, 33.5161], [-111.9694, 33.522], [-111.9737, 33.5221], [-111.9737, 33.5237], [-111.9885, 33.5248], [-111.995, 33.5238], [-111.9952, 33.5136], [-111.9997, 33.5135], [-112.0129, 33.5185]]]}}, {"type": "Feature", "properties": {"zip": "85053", "total": 1056, "q1": 248, "q2": 267, "q3": 273, "q4": 268, "pop": 5412, "acsPriv": 1067, "seats": 1495}, "geometry": {"type": "Polygon", "coordinates": [[[-112.1518, 33.6393], [-112.1344, 33.6396], [-112.1345, 33.6546], [-112.1171, 33.6547], [-112.1171, 33.6474], [-112.1149, 33.6472], [-112.1165, 33.6108], [-112.1196, 33.6108], [-112.1209, 33.6074], [-112.1226, 33.6074], [-112.1226, 33.6108], [-112.1295, 33.6108], [-112.1295, 33.6073], [-112.1334, 33.6089], [-112.133, 33.6108], [-112.1512, 33.6107], [-112.1518, 33.6393]]]}}, {"type": "Feature", "properties": {"zip": "85034", "total": 69, "q1": 16, "q2": 17, "q3": 18, "q4": 18, "pop": 542, "acsPriv": 10, "seats": 8}, "geometry": {"type": "Polygon", "coordinates": [[[-112.0693, 33.4278], [-112.0652, 33.4285], [-112.0651, 33.4514], [-112.059, 33.4498], [-112.059, 33.4514], [-112.0346, 33.4514], [-112.0346, 33.4483], [-112.0302, 33.4483], [-112.0302, 33.4514], [-112.0278, 33.4513], [-112.0278, 33.4493], [-112.0217, 33.4493], [-112.0215, 33.4513], [-112.0172, 33.4513], [-112.0172, 33.4483], [-112.0129, 33.4482], [-112.0129, 33.4513], [-112.0111, 33.4513], [-112.0111, 33.4482], [-111.9992, 33.4482], [-111.9954, 33.4482], [-111.9953, 33.4513], [-111.9904, 33.4483], [-111.9871, 33.4483], [-111.9855, 33.4512], [-111.9784, 33.4511], [-111.9784, 33.4474], [-111.9612, 33.4453], [-111.9613, 33.4362], [-111.9785, 33.4365], [-111.9784, 33.4219], [-111.9998, 33.422], [-111.9998, 33.4182], [-112.0037, 33.4181], [-112.0105, 33.4122], [-112.0184, 33.4191], [-112.0323, 33.4163], [-112.0649, 33.4207], [-112.0651, 33.425], [-112.0687, 33.4252], [-112.0693, 33.4278]]]}}, {"type": "Feature", "properties": {"zip": "85542", "total": 361, "q1": 86, "q2": 93, "q3": 97, "q4": 85, "pop": 704, "acsPriv": 58, "seats": 139}, "geometry": {"type": "Polygon", "coordinates": [[[-110.5447, 33.2945], [-110.5367, 33.3021], [-110.5358, 33.3049], [-110.5217, 33.3134], [-110.5208, 33.3155], [-110.495, 33.3079], [-110.4896, 33.3096], [-110.4837, 33.314], [-110.4807, 33.3141], [-110.4795, 33.3164], [-110.4737, 33.3152], [-110.4724, 33.3185], [-110.4716, 33.3173], [-110.4677, 33.3183], [-110.4625, 33.316], [-110.4625, 33.3147], [-110.4549, 33.3142], [-110.4513, 33.3184], [-110.4507, 33.3237], [-110.4471, 33.3229], [-110.4442, 33.3264], [-110.4468, 33.3306], [-110.4484, 33.3416], [-110.4478, 33.3481], [-110.4445, 33.3524], [-110.4519, 33.3624], [-110.4496, 33.3659], [-110.4435, 33.3676], [-110.4382, 33.3651], [-110.4352, 33.3659], [-110.4184, 33.3629], [-110.4104, 33.3625], [-110.4097, 33.3644], [-110.3966, 33.3632], [-110.392, 33.3644], [-110.3912, 33.3663], [-110.3797, 33.3676], [-110.3723, 33.3702], [-110.3476, 33.3726], [-110.3423, 33.3689], [-110.3378, 33.3679], [-110.335, 33.3698], [-110.329, 33.3688], [-110.3243, 33.372], [-110.3195, 33.3711], [-110.313, 33.3745], [-110.3113, 33.374], [-110.3117, 33.3726], [-110.2934, 33.3733], [-110.2725, 33.3695], [-110.2614, 33.3715], [-110.2568, 33.3757], [-110.2399, 33.3779], [-110.222, 33.3735], [-110.2086, 33.3761], [-110.2017, 33.3802], [-110.1945, 33.3795], [-110.1911, 33.3801], [-110.1901, 33.3818], [-110.1734, 33.3737], [-110.1722, 33.3768], [-110.1688, 33.3768], [-110.1667, 33.3749], [-110.1577, 33.3777], [-110.1524, 33.3765], [-110.1494, 33.3733], [-110.1439, 33.3735], [-110.1414, 33.3716], [-110.1321, 33.374], [-110.1113, 33.3679], [-110.1019, 33.3688], [-110.0911, 33.3608], [-110.0771, 33.3572], [-110.0743, 33.3529], [-110.0741, 33.3474], [-110.0697, 33.3361], [-110.0712, 33.3303], [-110.075, 33.3257], [-110.0723, 33.3227], [-110.0731, 33.3217], [-110.0705, 33.3203], [-110.0706, 33.31], [-110.0743, 33.3065], [-110.0698, 33.3051], [-110.0695, 33.2989], [-110.0792, 33.2952], [-110.0842, 33.2893], [-110.0872, 33.2907], [-110.0859, 33.287], [-110.0891, 33.2847], [-110.088, 33.283], [-110.0895, 33.2776], [-110.0985, 33.2652], [-110.1062, 33.2594], [-110.1176, 33.2597], [-110.1239, 33.258], [-110.1259, 33.2545], [-110.13, 33.2543], [-110.1321, 33.2492], [-110.1372, 33.2474], [-110.1432, 33.2411], [-110.1465, 33.2406], [-110.1617, 33.2277], [-110.169, 33.2153], [-110.1711, 33.2088], [-110.1781, 33.1995], [-110.1806, 33.1927], [-110.1842, 33.1944], [-110.1936, 33.1949], [-110.2098, 33.1918], [-110.2155, 33.1889], [-110.2198, 33.1917], [-110.2233, 33.1897], [-110.2404, 33.2062], [-110.2553, 33.2108], [-110.2612, 33.2109], [-110.2692, 33.2071], [-110.2732, 33.2031], [-110.2775, 33.2024], [-110.2937, 33.2072], [-110.3018, 33.2117], [-110.3109, 33.2115], [-110.3111, 33.2065], [-110.3157, 33.2041], [-110.3335, 33.2143], [-110.3509, 33.2131], [-110.3619, 33.2181], [-110.3701, 33.2189], [-110.3782, 33.2167], [-110.3908, 33.2248], [-110.3939, 33.2246], [-110.3989, 33.2204], [-110.3985, 33.2139], [-110.4031, 33.2015], [-110.4005, 33.1984], [-110.4026, 33.1962], [-110.4059, 33.1975], [-110.4086, 33.192], [-110.4159, 33.1925], [-110.4196, 33.1911], [-110.4206, 33.1936], [-110.4297, 33.191], [-110.4326, 33.1877], [-110.4356, 33.1892], [-110.4369, 33.1877], [-110.4464, 33.1898], [-110.4484, 33.1941], [-110.4517, 33.1941], [-110.4539, 33.198], [-110.4642, 33.1924], [-110.4621, 33.1849], [-110.4651, 33.1825], [-110.4798, 33.1823], [-110.4892, 33.1833], [-110.4988, 33.1868], [-110.5047, 33.1862], [-110.509, 33.1803], [-110.5135, 33.1793], [-110.5163, 33.1757], [-110.5264, 33.177], [-110.5297, 33.1736], [-110.5299, 33.1882], [-110.493, 33.2712], [-110.5028, 33.2676], [-110.5071, 33.2685], [-110.5104, 33.2717], [-110.5208, 33.274], [-110.5248, 33.2815], [-110.5285, 33.2809], [-110.5302, 33.2841], [-110.5344, 33.2848], [-110.5403, 33.2832], [-110.54, 33.2903], [-110.5447, 33.2945]]]}}, {"type": "Feature", "properties": {"zip": "85086", "total": 3303, "q1": 767, "q2": 811, "q3": 860, "q4": 865, "pop": 7620, "acsPriv": 886, "seats": 1039}, "geometry": {"type": "Polygon", "coordinates": [[[-112.2416, 33.8052], [-112.2313, 33.8426], [-112.2288, 33.8431], [-112.2207, 33.84], [-112.2156, 33.8406], [-112.2082, 33.8485], [-112.1958, 33.8485], [-112.1901, 33.8443], [-112.1868, 33.8485], [-112.1825, 33.8486], [-112.1718, 33.8566], [-112.1715, 33.8615], [-112.1681, 33.863], [-112.1653, 33.8695], [-112.1628, 33.8712], [-112.1522, 33.8711], [-112.1523, 33.879], [-112.1471, 33.878], [-112.147, 33.8817], [-112.1435, 33.8817], [-112.1435, 33.8784], [-112.1348, 33.8784], [-112.1348, 33.8712], [-112.0306, 33.8717], [-112.0305, 33.8371], [-112.0292, 33.839], [-112.0261, 33.8391], [-112.0304, 33.8293], [-112.0305, 33.8245], [-112.0283, 33.8227], [-112.0288, 33.82], [-112.0305, 33.82], [-112.0305, 33.8137], [-112.0216, 33.8136], [-112.0216, 33.7991], [-112.0838, 33.799], [-112.0915, 33.8013], [-112.0998, 33.7984], [-112.1352, 33.7982], [-112.1291, 33.7691], [-112.167, 33.7687], [-112.1719, 33.7698], [-112.1928, 33.7811], [-112.206, 33.7807], [-112.206, 33.7978], [-112.2289, 33.7983], [-112.237, 33.8013], [-112.2416, 33.8052]]]}}, {"type": "Feature", "properties": {"zip": "86042", "total": 4, "q1": 1, "q2": 1, "q3": 1, "q4": 1, "pop": 512, "acsPriv": 7, "seats": 0}, "geometry": {"type": "Polygon", "coordinates": [[[-110.4611, 35.8952], [-110.4563, 35.9015], [-110.4577, 35.9034], [-110.4565, 35.9103], [-110.4525, 35.9192], [-110.4492, 35.9371], [-110.4341, 35.9428], [-110.4369, 35.9379], [-110.4321, 35.933], [-110.4324, 35.9318], [-110.4215, 35.9274], [-110.4082, 35.9185], [-110.4007, 35.9196], [-110.3969, 35.9108], [-110.3827, 35.8991], [-110.3736, 35.8954], [-110.3762, 35.888], [-110.3736, 35.8893], [-110.3736, 35.8924], [-110.3714, 35.8955], [-110.3703, 35.8933], [-110.3653, 35.896], [-110.3643, 35.899], [-110.3656, 35.9001], [-110.3638, 35.9018], [-110.3659, 35.9044], [-110.3633, 35.9089], [-110.3599, 35.9083], [-110.3597, 35.9057], [-110.3532, 35.8994], [-110.3454, 35.9021], [-110.3395, 35.9103], [-110.329, 35.9203], [-110.3158, 35.9389], [-110.3053, 35.9424], [-110.3012, 35.9411], [-110.2982, 35.9429], [-110.2909, 35.9424], [-110.3123, 35.9154], [-110.3139, 35.9076], [-110.313, 35.902], [-110.3077, 35.8975], [-110.3057, 35.8934], [-110.3011, 35.8911], [-110.3031, 35.8882], [-110.3029, 35.8826], [-110.3084, 35.8772], [-110.3056, 35.8751], [-110.2985, 35.8796], [-110.2948, 35.8759], [-110.2986, 35.8698], [-110.3017, 35.8684], [-110.2997, 35.8681], [-110.3074, 35.8557], [-110.2996, 35.856], [-110.2959, 35.8533], [-110.294, 35.8474], [-110.2969, 35.8419], [-110.297, 35.8382], [-110.3002, 35.8359], [-110.3054, 35.8388], [-110.325, 35.8419], [-110.345, 35.8406], [-110.3425, 35.8364], [-110.3441, 35.8326], [-110.3432, 35.8302], [-110.348, 35.8258], [-110.3548, 35.8153], [-110.3719, 35.8066], [-110.3737, 35.8046], [-110.3741, 35.798], [-110.3824, 35.7903], [-110.3978, 35.7927], [-110.4175, 35.7841], [-110.4231, 35.767], [-110.4291, 35.773], [-110.4228, 35.7893], [-110.4372, 35.8094], [-110.4342, 35.8319], [-110.4428, 35.8421], [-110.449, 35.8459], [-110.4525, 35.8566], [-110.458, 35.8599], [-110.4564, 35.863], [-110.4595, 35.867], [-110.4589, 35.8837], [-110.4608, 35.8872], [-110.4596, 35.8888], [-110.4611, 35.8952]]]}}, {"type": "Feature", "properties": {"zip": "85756", "total": 1233, "q1": 298, "q2": 312, "q3": 314, "q4": 309, "pop": 7413, "acsPriv": 551, "seats": 293}, "geometry": {"type": "Polygon", "coordinates": [[[-110.9947, 32.1256], [-110.9911, 32.128], [-110.9926, 32.1338], [-110.9679, 32.1322], [-110.9563, 32.1341], [-110.9568, 32.1325], [-110.9533, 32.1318], [-110.9493, 32.1274], [-110.9451, 32.1309], [-110.9456, 32.1341], [-110.9346, 32.1341], [-110.9346, 32.1324], [-110.931, 32.1324], [-110.931, 32.1305], [-110.9245, 32.1305], [-110.9245, 32.1325], [-110.9219, 32.1326], [-110.9221, 32.1308], [-110.9197, 32.1305], [-110.92, 32.1321], [-110.9177, 32.1322], [-110.9177, 32.1342], [-110.8836, 32.1344], [-110.8786, 32.1401], [-110.875, 32.1416], [-110.875, 32.1486], [-110.8908, 32.163], [-110.8409, 32.1628], [-110.8407, 32.1471], [-110.8256, 32.1378], [-110.8305, 32.1349], [-110.8361, 32.1205], [-110.8357, 32.1175], [-110.832, 32.1149], [-110.8395, 32.1154], [-110.8237, 32.1066], [-110.8238, 32.0932], [-110.8058, 32.0819], [-110.807, 32.0756], [-110.8299, 32.0758], [-110.8177, 32.0694], [-110.818, 32.0296], [-110.8584, 32.0297], [-110.859, 31.9868], [-110.9148, 31.9869], [-110.915, 31.9827], [-110.9275, 31.9827], [-110.9273, 31.9993], [-110.9506, 31.9992], [-110.9515, 32.0014], [-110.9484, 32.0304], [-110.9613, 32.0303], [-110.9613, 32.0015], [-110.9924, 32.0015], [-110.9933, 32.1044], [-110.9929, 32.1067], [-110.9888, 32.1103], [-110.9772, 32.115], [-110.9776, 32.1192], [-110.992, 32.1193], [-110.992, 32.122], [-110.9947, 32.1256]], [[-110.876, 32.0596], [-110.8587, 32.0593], [-110.858, 32.0757], [-110.8757, 32.0757], [-110.876, 32.0596]]]}}, {"type": "Feature", "properties": {"zip": "85004", "total": 98, "q1": 22, "q2": 24, "q3": 26, "q4": 26, "pop": 667, "acsPriv": 157, "seats": 487}, "geometry": {"type": "Polygon", "coordinates": [[[-112.0759, 33.4657], [-112.0759, 33.4706], [-112.0738, 33.4706], [-112.075, 33.4803], [-112.0694, 33.4802], [-112.0694, 33.478], [-112.0651, 33.478], [-112.0662, 33.4576], [-112.0652, 33.4285], [-112.0693, 33.4278], [-112.0687, 33.4252], [-112.0651, 33.425], [-112.0649, 33.421], [-112.0733, 33.4221], [-112.0737, 33.4288], [-112.0751, 33.429], [-112.0751, 33.4322], [-112.0737, 33.4321], [-112.075, 33.4411], [-112.0738, 33.4411], [-112.0738, 33.4483], [-112.0751, 33.4493], [-112.0738, 33.4493], [-112.0751, 33.4577], [-112.0738, 33.4587], [-112.0748, 33.4636], [-112.0738, 33.4657], [-112.0759, 33.4657]]]}}, {"type": "Feature", "properties": {"zip": "85006", "total": 274, "q1": 62, "q2": 67, "q3": 71, "q4": 74, "pop": 3766, "acsPriv": 147, "seats": 240}, "geometry": {"type": "Polygon", "coordinates": [[[-112.0662, 33.4576], [-112.0651, 33.4802], [-112.0498, 33.4802], [-112.0476, 33.4793], [-112.0476, 33.4775], [-112.0443, 33.4794], [-112.039, 33.4775], [-112.0383, 33.4803], [-112.0338, 33.4803], [-112.0302, 33.4773], [-112.0315, 33.4744], [-112.0302, 33.4483], [-112.0346, 33.4483], [-112.0346, 33.4514], [-112.059, 33.4514], [-112.059, 33.4498], [-112.0621, 33.4498], [-112.0621, 33.4514], [-112.0651, 33.4514], [-112.0662, 33.4576]]]}}, {"type": "Feature", "properties": {"zip": "86512", "total": 54, "q1": 12, "q2": 14, "q3": 14, "q4": 14, "pop": 631, "acsPriv": 2, "seats": 0}, "geometry": {"type": "Polygon", "coordinates": [[[-109.4839, 35.1101], [-109.4712, 35.1204], [-109.4791, 35.1241], [-109.4796, 35.1447], [-109.4758, 35.1506], [-109.4663, 35.1547], [-109.4694, 35.1572], [-109.4704, 35.1709], [-109.4658, 35.1709], [-109.4655, 35.1769], [-109.4588, 35.1763], [-109.4446, 35.1838], [-109.4175, 35.1935], [-109.3529, 35.2079], [-109.3417, 35.2116], [-109.3331, 35.2157], [-109.3337, 35.2165], [-109.344, 35.2113], [-109.3675, 35.2143], [-109.3675, 35.2168], [-109.3765, 35.214], [-109.4397, 35.2139], [-109.438, 35.257], [-109.4225, 35.2567], [-109.4197, 35.2615], [-109.4072, 35.2695], [-109.4043, 35.2734], [-109.4137, 35.2762], [-109.4106, 35.2974], [-109.4023, 35.2983], [-109.3874, 35.2837], [-109.3836, 35.2836], [-109.38, 35.2859], [-109.3749, 35.2851], [-109.3645, 35.2929], [-109.3523, 35.2904], [-109.3441, 35.2862], [-109.3335, 35.2908], [-109.3253, 35.3041], [-109.3179, 35.3084], [-109.3194, 35.3046], [-109.3191, 35.2965], [-109.3157, 35.2898], [-109.3103, 35.2859], [-109.3136, 35.2807], [-109.3091, 35.2743], [-109.3077, 35.2743], [-109.3088, 35.2696], [-109.3067, 35.2651], [-109.3074, 35.2625], [-109.3016, 35.257], [-109.302, 35.2551], [-109.297, 35.2505], [-109.2969, 35.2487], [-109.2912, 35.2465], [-109.2759, 35.2589], [-109.2729, 35.2572], [-109.2859, 35.2449], [-109.2817, 35.2429], [-109.277, 35.2521], [-109.2703, 35.2532], [-109.2676, 35.2517], [-109.27, 35.2475], [-109.2694, 35.244], [-109.274, 35.238], [-109.2998, 35.2135], [-109.2812, 35.2086], [-109.2589, 35.1977], [-109.2256, 35.1982], [-109.2123, 35.196], [-109.2081, 35.193], [-109.1991, 35.1906], [-109.1972, 35.1927], [-109.1986, 35.195], [-109.1966, 35.2008], [-109.1808, 35.2155], [-109.1732, 35.2111], [-109.1646, 35.2116], [-109.1581, 35.2071], [-109.1588, 35.2022], [-109.1575, 35.1996], [-109.1599, 35.1935], [-109.157, 35.1853], [-109.1622, 35.1717], [-109.1536, 35.1735], [-109.1416, 35.1793], [-109.1349, 35.1795], [-109.1322, 35.1767], [-109.1273, 35.176], [-109.1154, 35.1811], [-109.119, 35.1907], [-109.1176, 35.1993], [-109.1195, 35.2062], [-109.1189, 35.2141], [-109.1214, 35.2289], [-109.1168, 35.2227], [-109.1116, 35.2189], [-109.1096, 35.2121], [-109.1103, 35.2082], [-109.1075, 35.2047], [-109.096, 35.2009], [-109.0808, 35.1914], [-109.0575, 35.2034], [-109.0507, 35.2138], [-109.0464, 35.2146], [-109.046, 34.9042], [-109.21, 34.9073], [-109.2099, 34.9221], [-109.2264, 34.9221], [-109.2266, 34.9075], [-109.3356, 34.9078], [-109.346, 34.9197], [-109.3469, 34.9256], [-109.3535, 34.9379], [-109.3574, 34.9492], [-109.3403, 34.9659], [-109.3139, 34.9657], [-109.3142, 35.0004], [-109.3109, 35.0005], [-109.3104, 35.0039], [-109.316, 35.004], [-109.3159, 34.9993], [-109.329, 34.9938], [-109.3389, 34.9927], [-109.3421, 34.9881], [-109.3472, 34.9862], [-109.3539, 34.9853], [-109.3629, 34.9912], [-109.3762, 34.9858], [-109.3837, 34.9808], [-109.3938, 34.9776], [-109.4001, 34.9778], [-109.4165, 34.949], [-109.4393, 34.9501], [-109.4415, 34.9596], [-109.4527, 34.967], [-109.4537, 34.9698], [-109.4622, 34.9724], [-109.4522, 34.975], [-109.4426, 34.9806], [-109.4346, 34.9878], [-109.4308, 34.9978], [-109.4318, 35.003], [-109.4304, 35.0086], [-109.4252, 35.0164], [-109.4235, 35.0258], [-109.4214, 35.0259], [-109.4207, 35.0332], [-109.4107, 35.0619], [-109.3969, 35.0589], [-109.4001, 35.066], [-109.414, 35.0814], [-109.4182, 35.084], [-109.4253, 35.097], [-109.4434, 35.0968], [-109.4839, 35.1101]]]}}, {"type": "Feature", "properties": {"zip": "85350", "total": 255, "q1": 56, "q2": 63, "q3": 67, "q4": 69, "pop": 3877, "acsPriv": 46, "seats": 0}, "geometry": {"type": "Polygon", "coordinates": [[[-114.8141, 32.5633], [-114.8129, 32.5688], [-114.8032, 32.5738], [-114.8011, 32.578], [-114.804, 32.582], [-114.8002, 32.5884], [-114.7995, 32.5941], [-114.8018, 32.5994], [-114.8064, 32.6011], [-114.8079, 32.6035], [-114.8094, 32.616], [-114.8072, 32.6217], [-114.7998, 32.6253], [-114.7917, 32.622], [-114.7827, 32.6243], [-114.7806, 32.6321], [-114.7638, 32.6434], [-114.77, 32.6329], [-114.7701, 32.6257], [-114.6756, 32.6255], [-114.6714, 32.6234], [-114.6671, 32.6234], [-114.6671, 32.6256], [-114.6499, 32.6257], [-114.6496, 32.6149], [-114.6485, 32.6149], [-114.6457, 32.6152], [-114.647, 32.6165], [-114.6453, 32.6163], [-114.6441, 32.6185], [-114.6376, 32.6204], [-114.6327, 32.6258], [-114.6326, 32.6187], [-114.624, 32.6187], [-114.6304, 32.6184], [-114.6314, 32.5967], [-114.6236, 32.5967], [-114.6236, 32.5931], [-114.6151, 32.5931], [-114.6151, 32.5747], [-114.6234, 32.5689], [-114.6233, 32.5528], [-114.632, 32.5528], [-114.631, 32.495], [-114.7179, 32.4947], [-114.7179, 32.5224], [-114.722, 32.5234], [-114.7278, 32.5203], [-114.7383, 32.5227], [-114.745, 32.5224], [-114.7525, 32.5161], [-114.7526, 32.5198], [-114.7583, 32.5198], [-114.7651, 32.5161], [-114.7654, 32.5093], [-114.7641, 32.5079], [-114.768, 32.5034], [-114.7781, 32.5064], [-114.7781, 32.5088], [-114.7866, 32.5087], [-114.7869, 32.5452], [-114.7698, 32.5459], [-114.7698, 32.5618], [-114.7816, 32.5618], [-114.7816, 32.5635], [-114.787, 32.5636], [-114.7899, 32.5672], [-114.7919, 32.5668], [-114.793, 32.5695], [-114.7973, 32.5648], [-114.8068, 32.5591], [-114.8116, 32.5592], [-114.8141, 32.5633]]]}}, {"type": "Feature", "properties": {"zip": "86334", "total": 277, "q1": 59, "q2": 65, "q3": 73, "q4": 80, "pop": 588, "acsPriv": 121, "seats": 0}, "geometry": {"type": "Polygon", "coordinates": [[[-112.7544, 35.0717], [-112.7468, 35.0745], [-112.7458, 35.0774], [-112.7387, 35.0845], [-112.7371, 35.089], [-112.7326, 35.0913], [-112.7276, 35.0905], [-112.7212, 35.0922], [-112.7179, 35.0884], [-112.7053, 35.0826], [-112.7058, 35.0788], [-112.7076, 35.0777], [-112.7022, 35.0738], [-112.7023, 35.0691], [-112.6269, 35.0693], [-112.6119, 35.071], [-112.5279, 35.0705], [-112.5283, 35.0612], [-112.5126, 35.0534], [-112.5036, 35.047], [-112.497, 35.0371], [-112.4836, 35.0254], [-112.4783, 35.0172], [-112.4793, 35.0151], [-112.4773, 35.0107], [-112.4711, 35.0012], [-112.458, 34.9884], [-112.4545, 34.9885], [-112.4535, 34.9865], [-112.4434, 34.9821], [-112.4102, 34.9818], [-112.4103, 34.9894], [-112.3829, 34.9893], [-112.3795, 34.982], [-112.3765, 34.9814], [-112.3893, 34.9696], [-112.3909, 34.9604], [-112.3979, 34.9513], [-112.3997, 34.9444], [-112.4131, 34.9225], [-112.4123, 34.9207], [-112.4049, 34.9207], [-112.4233, 34.8915], [-112.4185, 34.8817], [-112.3813, 34.9243], [-112.3749, 34.9255], [-112.3743, 34.9083], [-112.3765, 34.9041], [-112.3809, 34.9015], [-112.3731, 34.9012], [-112.3715, 34.8958], [-112.3725, 34.8842], [-112.3658, 34.8857], [-112.3628, 34.8804], [-112.3578, 34.8784], [-112.3559, 34.88], [-112.3577, 34.8881], [-112.3525, 34.8936], [-112.3386, 34.8954], [-112.3314, 34.8937], [-112.3215, 34.8841], [-112.3201, 34.8807], [-112.3237, 34.8803], [-112.3221, 34.8788], [-112.323, 34.8746], [-112.3161, 34.8698], [-112.3185, 34.8677], [-112.3139, 34.8661], [-112.3141, 34.8638], [-112.3211, 34.8592], [-112.3195, 34.8578], [-112.3212, 34.8563], [-112.3186, 34.8546], [-112.3189, 34.8529], [-112.3219, 34.8537], [-112.3216, 34.8518], [-112.3236, 34.8511], [-112.3221, 34.8494], [-112.323, 34.8469], [-112.3218, 34.8449], [-112.3232, 34.8429], [-112.3218, 34.841], [-112.3222, 34.838], [-112.3196, 34.8376], [-112.3201, 34.8354], [-112.3177, 34.8348], [-112.3151, 34.8304], [-112.318, 34.8244], [-112.3207, 34.8224], [-112.3223, 34.8132], [-112.3263, 34.8111], [-112.3411, 34.8105], [-112.3444, 34.8088], [-112.3473, 34.8043], [-112.3534, 34.8013], [-112.3607, 34.8003], [-112.3711, 34.7947], [-112.3702, 34.8052], [-112.3733, 34.8121], [-112.3771, 34.8116], [-112.3776, 34.8139], [-112.3854, 34.8193], [-112.3975, 34.8188], [-112.4008, 34.8146], [-112.3973, 34.8095], [-112.3932, 34.8089], [-112.3928, 34.8043], [-112.4302, 34.8049], [-112.4299, 34.8195], [-112.4342, 34.8165], [-112.4439, 34.8161], [-112.4439, 34.8085], [-112.4482, 34.8085], [-112.4482, 34.8047], [-112.4503, 34.8046], [-112.4619, 34.8363], [-112.4617, 34.8494], [-112.4973, 34.8492], [-112.4975, 34.853], [-112.5024, 34.853], [-112.5022, 34.8512], [-112.5038, 34.8512], [-112.5399, 34.852], [-112.5404, 34.8575], [-112.5377, 34.8622], [-112.5403, 34.8684], [-112.5398, 34.8847], [-112.5403, 34.8903], [-112.542, 34.8918], [-112.5517, 34.8899], [-112.5545, 34.8936], [-112.5684, 34.8961], [-112.5735, 34.8951], [-112.5716, 34.8928], [-112.574, 34.8917], [-112.5783, 34.8955], [-112.5801, 34.893], [-112.578, 34.8922], [-112.5783, 34.8905], [-112.5839, 34.8928], [-112.5842, 34.8903], [-112.5889, 34.8889], [-112.5905, 34.8856], [-112.5933, 34.8858], [-112.5954, 34.881], [-112.6001, 34.8789], [-112.6035, 34.8752], [-112.6209, 34.8786], [-112.6263, 34.8817], [-112.6356, 34.8805], [-112.6455, 34.8848], [-112.6523, 34.8853], [-112.6574, 34.8892], [-112.6615, 34.8893], [-112.6863, 34.9], [-112.6909, 34.9005], [-112.6981, 34.9049], [-112.6993, 34.904], [-112.6996, 34.9826], [-112.7325, 34.9826], [-112.7328, 35.069], [-112.7533, 35.0689], [-112.7544, 35.0717]]]}}, {"type": "Feature", "properties": {"zip": "85638", "total": 54, "q1": 8, "q2": 13, "q3": 18, "q4": 15, "pop": 55, "acsPriv": 0, "seats": 0}, "geometry": {"type": "Polygon", "coordinates": [[[-110.2245, 31.7879], [-110.218, 31.7898], [-110.2175, 31.7969], [-110.2131, 31.8034], [-110.2079, 31.8059], [-110.2172, 31.8184], [-110.2177, 31.8225], [-110.2149, 31.8312], [-110.196, 31.8236], [-110.1922, 31.8195], [-110.1872, 31.8189], [-110.1822, 31.8121], [-110.177, 31.8091], [-110.1757, 31.8098], [-110.1761, 31.8084], [-110.1614, 31.8002], [-110.1584, 31.7932], [-110.1546, 31.7936], [-110.1533, 31.7942], [-110.1626, 31.8075], [-110.1671, 31.8169], [-110.1564, 31.8182], [-110.1504, 31.8237], [-110.1459, 31.8307], [-110.1339, 31.8374], [-110.1042, 31.845], [-110.0944, 31.8441], [-110.0901, 31.8407], [-110.0696, 31.8515], [-110.0628, 31.8536], [-110.0609, 31.8517], [-110.0571, 31.8531], [-110.059, 31.8562], [-110.0579, 31.8581], [-110.0436, 31.8664], [-110.0437, 31.8898], [-110.0436, 31.8837], [-110.0389, 31.8788], [-110.0309, 31.8766], [-110.0264, 31.8783], [-110.0209, 31.8708], [-110.0208, 31.8647], [-110.0038, 31.8511], [-110.0031, 31.8469], [-110.0138, 31.8322], [-110.0173, 31.8229], [-110.0178, 31.8167], [-110.0288, 31.8022], [-109.9818, 31.7371], [-109.9668, 31.6736], [-109.9569, 31.6574], [-109.9261, 31.6572], [-109.9235, 31.656], [-109.9099, 31.6371], [-109.9077, 31.6312], [-109.899, 31.6231], [-109.8519, 31.5571], [-109.8519, 31.5532], [-109.9624, 31.5532], [-109.9685, 31.5463], [-109.9946, 31.5476], [-110.0014, 31.5443], [-110.0104, 31.544], [-110.0104, 31.537], [-110.0181, 31.5163], [-110.0276, 31.5177], [-110.0533, 31.5291], [-110.0534, 31.5525], [-110.0663, 31.5557], [-110.1041, 31.5555], [-110.1036, 31.5728], [-110.0975, 31.5728], [-110.1036, 31.5786], [-110.1034, 31.5903], [-110.1052, 31.5896], [-110.1083, 31.5917], [-110.1148, 31.5867], [-110.1164, 31.5887], [-110.1219, 31.5862], [-110.1256, 31.5883], [-110.129, 31.5867], [-110.1339, 31.5878], [-110.1388, 31.5825], [-110.1432, 31.5814], [-110.1468, 31.5897], [-110.1472, 31.5974], [-110.1513, 31.6046], [-110.1548, 31.6078], [-110.1601, 31.6063], [-110.1627, 31.6108], [-110.1668, 31.6116], [-110.1682, 31.6144], [-110.1644, 31.6177], [-110.1713, 31.6237], [-110.1738, 31.6242], [-110.1786, 31.6314], [-110.1776, 31.6342], [-110.1749, 31.6345], [-110.1758, 31.6391], [-110.1796, 31.6424], [-110.1762, 31.6507], [-110.1774, 31.6536], [-110.1818, 31.6551], [-110.183, 31.6573], [-110.1819, 31.6629], [-110.1767, 31.6694], [-110.1793, 31.6721], [-110.1828, 31.6728], [-110.182, 31.6759], [-110.1847, 31.6765], [-110.1841, 31.6781], [-110.1963, 31.6892], [-110.1923, 31.6917], [-110.1874, 31.6895], [-110.1829, 31.6913], [-110.1824, 31.6986], [-110.1803, 31.7004], [-110.1834, 31.7073], [-110.1898, 31.7117], [-110.1892, 31.7146], [-110.1915, 31.7157], [-110.1939, 31.7248], [-110.1964, 31.7272], [-110.1935, 31.7332], [-110.1949, 31.7419], [-110.1972, 31.7429], [-110.1957, 31.7461], [-110.2032, 31.754], [-110.2034, 31.7605], [-110.2013, 31.7661], [-110.2088, 31.7697], [-110.2089, 31.771], [-110.2052, 31.7731], [-110.2069, 31.7752], [-110.2161, 31.7784], [-110.2167, 31.7839], [-110.2193, 31.7839], [-110.2245, 31.7879]]]}}, {"type": "Feature", "properties": {"zip": "85609", "total": 21, "q1": 6, "q2": 6, "q3": 6, "q4": 3, "pop": 10, "acsPriv": 0, "seats": 0}, "geometry": {"type": "Polygon", "coordinates": [[[-110.2276, 32.0605], [-110.2192, 32.0646], [-110.2053, 32.0888], [-110.2057, 32.0915], [-110.1995, 32.0939], [-110.2003, 32.1015], [-110.195, 32.1029], [-110.1942, 32.1062], [-110.1889, 32.1081], [-110.1859, 32.111], [-110.1852, 32.1143], [-110.1875, 32.1171], [-110.183, 32.1173], [-110.182, 32.1237], [-110.1761, 32.1314], [-110.1757, 32.1386], [-110.1698, 32.1455], [-110.163, 32.1582], [-110.1635, 32.1617], [-110.1572, 32.1698], [-110.1355, 32.1764], [-110.11, 32.178], [-110.0827, 32.1707], [-110.0727, 32.1624], [-110.0681, 32.1565], [-110.0814, 32.1448], [-110.0796, 32.1354], [-110.0758, 32.1322], [-110.0728, 32.1236], [-110.0688, 32.1201], [-110.0706, 32.1137], [-110.0692, 32.1107], [-110.0702, 32.108], [-110.0567, 32.0993], [-110.0556, 32.085], [-110.0516, 32.0816], [-110.0393, 32.0895], [-110.0266, 32.1065], [-109.9582, 32.0638], [-109.9747, 32.04], [-109.9771, 32.0303], [-110.0057, 32.0214], [-110.0146, 32.0214], [-110.0144, 32.007], [-110.0315, 32.007], [-110.0315, 31.9926], [-110.0441, 31.9926], [-110.0438, 31.9346], [-110.0611, 31.9344], [-110.0608, 31.9928], [-110.0953, 31.9929], [-110.1119, 31.9878], [-110.1156, 31.9839], [-110.1243, 31.9831], [-110.1273, 31.9784], [-110.1471, 31.9785], [-110.1476, 31.9997], [-110.162, 31.9991], [-110.1627, 32.0034], [-110.1615, 32.0083], [-110.163, 32.0185], [-110.1588, 32.027], [-110.154, 32.0299], [-110.1612, 32.0286], [-110.1626, 32.032], [-110.1605, 32.0382], [-110.1522, 32.0402], [-110.155, 32.0417], [-110.163, 32.0407], [-110.1746, 32.0504], [-110.19, 32.0533], [-110.195, 32.0574], [-110.2051, 32.0512], [-110.2123, 32.0507], [-110.2182, 32.0566], [-110.2254, 32.0575], [-110.2276, 32.0605]]]}}, {"type": "Feature", "properties": {"zip": "85605", "total": 8, "q1": 2, "q2": 2, "q3": 2, "q4": 2, "pop": 85, "acsPriv": 0, "seats": 0}, "geometry": {"type": "Polygon", "coordinates": [[[-109.7051, 32.3817], [-109.6798, 32.4056], [-109.6712, 32.4175], [-109.6711, 32.4267], [-109.4321, 32.4276], [-109.3412, 32.426], [-109.3459, 32.4166], [-109.345, 32.4119], [-109.3421, 32.4073], [-109.3376, 32.4045], [-109.338, 32.4011], [-109.3356, 32.397], [-109.3302, 32.3929], [-109.3301, 32.2425], [-109.3282, 32.2425], [-109.3281, 32.1896], [-109.3282, 32.1742], [-109.3311, 32.1686], [-109.3304, 32.1596], [-109.3422, 32.1576], [-109.3624, 32.1599], [-109.3629, 32.152], [-109.3672, 32.1443], [-109.3668, 32.1386], [-109.3695, 32.1356], [-109.3703, 32.131], [-109.3786, 32.1297], [-109.3816, 32.1239], [-109.384, 32.1239], [-109.3872, 32.1204], [-109.3928, 32.1226], [-109.397, 32.1157], [-109.4021, 32.1146], [-109.4141, 32.122], [-109.4246, 32.1252], [-109.4544, 32.1299], [-109.4729, 32.1426], [-109.4686, 32.1467], [-109.4674, 32.1529], [-109.4647, 32.1541], [-109.4759, 32.1522], [-109.4796, 32.1536], [-109.4847, 32.1464], [-109.4904, 32.1425], [-109.4953, 32.1484], [-109.4993, 32.1498], [-109.5111, 32.1601], [-109.5132, 32.1771], [-109.5186, 32.1837], [-109.5185, 32.1912], [-109.5201, 32.1951], [-109.5136, 32.1975], [-109.5114, 32.2032], [-109.5185, 32.2013], [-109.534, 32.192], [-109.5471, 32.1923], [-109.5536, 32.1951], [-109.5538, 32.1996], [-109.5752, 32.2078], [-109.578, 32.2117], [-109.5838, 32.2135], [-109.5855, 32.2165], [-109.5975, 32.2159], [-109.5994, 32.2193], [-109.5971, 32.2234], [-109.5984, 32.2235], [-109.5973, 32.2268], [-109.595, 32.2282], [-109.5987, 32.2285], [-109.5951, 32.2328], [-109.5946, 32.2415], [-109.5894, 32.245], [-109.5917, 32.2497], [-109.5879, 32.2519], [-109.588, 32.2533], [-109.6123, 32.2533], [-109.6106, 32.2539], [-109.6103, 32.2589], [-109.6063, 32.2612], [-109.6072, 32.2637], [-109.6174, 32.2713], [-109.6218, 32.2722], [-109.6394, 32.2821], [-109.6405, 32.2954], [-109.6351, 32.3088], [-109.6315, 32.3283], [-109.6197, 32.3397], [-109.6144, 32.3411], [-109.6099, 32.3445], [-109.6082, 32.3477], [-109.6074, 32.3503], [-109.6145, 32.3584], [-109.6207, 32.3621], [-109.6248, 32.3626], [-109.6489, 32.3623], [-109.6815, 32.3587], [-109.6813, 32.3629], [-109.6916, 32.3658], [-109.7051, 32.3817]]]}}, {"type": "Feature", "properties": {"zip": "86020", "total": 4, "q1": 1, "q2": 1, "q3": 1, "q4": 1, "pop": 352, "acsPriv": 0, "seats": 0}, "geometry": {"type": "Polygon", "coordinates": [[[-111.8135, 36.2387], [-111.8127, 36.2419], [-111.8025, 36.2389], [-111.799, 36.2327], [-111.7802, 36.2305], [-111.7684, 36.2538], [-111.7639, 36.2515], [-111.7611, 36.2549], [-111.7487, 36.2581], [-111.756, 36.2714], [-111.7556, 36.2753], [-111.7317, 36.2755], [-111.7301, 36.27], [-111.7226, 36.2664], [-111.7145, 36.2697], [-111.7088, 36.275], [-111.7015, 36.277], [-111.7021, 36.28], [-111.6997, 36.2822], [-111.7004, 36.2837], [-111.7174, 36.293], [-111.7035, 36.3056], [-111.7039, 36.3067], [-111.7234, 36.3174], [-111.7328, 36.32], [-111.7365, 36.3184], [-111.7404, 36.3215], [-111.741, 36.3227], [-111.7395, 36.3224], [-111.7539, 36.3398], [-111.7542, 36.3504], [-111.7148, 36.3583], [-111.7125, 36.3576], [-111.713, 36.36], [-111.7014, 36.3634], [-111.6953, 36.3607], [-111.6928, 36.368], [-111.6867, 36.3715], [-111.6681, 36.374], [-111.6661, 36.3783], [-111.6694, 36.3793], [-111.6688, 36.3808], [-111.6631, 36.3827], [-111.6715, 36.3848], [-111.6383, 36.3848], [-111.6374, 36.3891], [-111.6519, 36.394], [-111.6516, 36.4011], [-111.6751, 36.4239], [-111.6791, 36.4431], [-111.6667, 36.4502], [-111.6561, 36.453], [-111.6559, 36.4553], [-111.6582, 36.4584], [-111.6574, 36.46], [-111.6418, 36.4585], [-111.6384, 36.4603], [-111.6382, 36.4655], [-111.6435, 36.4674], [-111.6392, 36.4725], [-111.6428, 36.4799], [-111.6417, 36.4887], [-111.651, 36.4922], [-111.6564, 36.5024], [-111.6407, 36.5102], [-111.6387, 36.5169], [-111.6413, 36.5194], [-111.6377, 36.5278], [-111.6298, 36.5327], [-111.6316, 36.5353], [-111.6309, 36.5424], [-111.6245, 36.5488], [-111.6367, 36.5632], [-111.633, 36.5647], [-111.6324, 36.5668], [-111.6245, 36.5727], [-111.6124, 36.5774], [-111.6171, 36.5729], [-111.6179, 36.5665], [-111.6119, 36.5566], [-111.6043, 36.5515], [-111.6005, 36.5467], [-111.5956, 36.5449], [-111.5932, 36.542], [-111.5921, 36.5427], [-111.5902, 36.5344], [-111.583, 36.5302], [-111.5799, 36.5257], [-111.5752, 36.5244], [-111.5761, 36.5178], [-111.5655, 36.5026], [-111.5531, 36.4696], [-111.5492, 36.4671], [-111.5421, 36.4702], [-111.5379, 36.4655], [-111.5369, 36.4588], [-111.5409, 36.448], [-111.5406, 36.4434], [-111.5313, 36.4342], [-111.5237, 36.4208], [-111.5228, 36.4161], [-111.5214, 36.4179], [-111.5165, 36.4086], [-111.5137, 36.4175], [-111.5056, 36.4302], [-111.5064, 36.4403], [-111.5047, 36.4426], [-111.5023, 36.4405], [-111.4965, 36.4436], [-111.4909, 36.4612], [-111.4868, 36.456], [-111.4715, 36.4626], [-111.4703, 36.4593], [-111.4668, 36.4591], [-111.4636, 36.4623], [-111.4614, 36.461], [-111.4613, 36.4622], [-111.4584, 36.436], [-111.4521, 36.4333], [-111.448, 36.427], [-111.4481, 36.42], [-111.4396, 36.4122], [-111.4385, 36.3224], [-111.4485, 36.2909], [-111.4229, 36.2571], [-111.4264, 36.2546], [-111.4269, 36.2525], [-111.4317, 36.2504], [-111.4302, 36.2481], [-111.4341, 36.234], [-111.4381, 36.2329], [-111.4393, 36.2303], [-111.445, 36.2293], [-111.4467, 36.2255], [-111.4515, 36.2232], [-111.4496, 36.2085], [-111.446, 36.2025], [-111.4458, 36.1958], [-111.4496, 36.1937], [-111.4465, 36.1903], [-111.4313, 36.0732], [-111.4218, 36.0713], [-111.4081, 36.0719], [-111.3929, 36.0691], [-111.398, 36.035], [-111.3968, 36.0233], [-111.396, 36.0274], [-111.3938, 36.0298], [-111.392, 36.0274], [-111.3867, 36.0326], [-111.3849, 36.0305], [-111.3839, 36.0326], [-111.3807, 36.0318], [-111.3818, 36.0365], [-111.3799, 36.0367], [-111.3821, 36.0389], [-111.379, 36.0395], [-111.3747, 36.047], [-111.3766, 36.048], [-111.3723, 36.0491], [-111.3716, 36.0534], [-111.3681, 36.0549], [-111.369, 36.0575], [-111.367, 36.0599], [-111.3683, 36.0615], [-111.3644, 36.0618], [-111.3633, 36.0654], [-111.3593, 36.066], [-111.359, 36.0685], [-111.3606, 36.0695], [-111.3489, 36.0719], [-111.3494, 36.0741], [-111.3428, 36.0754], [-111.3442, 36.0782], [-111.3406, 36.0776], [-111.3364, 36.0795], [-111.3282, 36.0857], [-111.3147, 36.1006], [-111.2925, 36.1023], [-111.291, 36.097], [-111.2956, 36.0921], [-111.2921, 36.0934], [-111.2786, 36.0931], [-111.279, 36.0898], [-111.2828, 36.0901], [-111.2882, 36.0865], [-111.2869, 36.0848], [-111.2882, 36.0817], [-111.2946, 36.0765], [-111.2894, 36.0632], [-111.2926, 36.0589], [-111.2951, 36.0515], [-111.2923, 36.0507], [-111.29, 36.0534], [-111.2853, 36.0546], [-111.2839, 36.0529], [-111.2827, 36.0535], [-111.2817, 36.0495], [-111.2802, 36.0508], [-111.2787, 36.0501], [-111.2792, 36.0473], [-111.2773, 36.0462], [-111.2756, 36.041], [-111.2782, 36.0372], [-111.2738, 36.037], [-111.2731, 36.0327], [-111.2713, 36.0333], [-111.2684, 36.0312], [-111.2688, 36.0266], [-111.2653, 36.0263], [-111.2615, 36.0284], [-111.2613, 36.0313], [-111.2589, 36.031], [-111.258, 36.0335], [-111.2567, 36.0328], [-111.2556, 36.0307], [-111.2594, 36.027], [-111.258, 36.0269], [-111.2589, 36.0247], [-111.256, 36.0238], [-111.2551, 36.0208], [-111.2597, 36.0184], [-111.2614, 36.0203], [-111.2636, 36.019], [-111.2645, 36.0159], [-111.2609, 36.0126], [-111.2626, 36.0123], [-111.2645, 36.0083], [-111.2614, 36.0079], [-111.2554, 36.011], [-111.2498, 36.0091], [-111.2499, 36.0065], [-111.2525, 36.0046], [-111.251, 36.0029], [-111.2497, 36.0052], [-111.245, 36.0049], [-111.2476, 36.0046], [-111.2523, 35.9981], [-111.2526, 35.9924], [-111.2486, 35.9903], [-111.2501, 35.9892], [-111.2486, 35.9883], [-111.2499, 35.9874], [-111.2483, 35.9855], [-111.2511, 35.985], [-111.2527, 35.9822], [-111.2522, 35.9778], [-111.2485, 35.9803], [-111.2409, 35.9752], [-111.2441, 35.9714], [-111.248, 35.9712], [-111.2469, 35.9649], [-111.2394, 35.9665], [-111.2406, 35.9623], [-111.2389, 35.9589], [-111.2401, 35.9573], [-111.2381, 35.9529], [-111.2439, 35.9489], [-111.242, 35.9467], [-111.244, 35.9427], [-111.2313, 35.9433], [-111.2258, 35.939], [-111.2312, 35.9345], [-111.2259, 35.9353], [-111.2271, 35.9307], [-111.2234, 35.9325], [-111.22, 35.9319], [-111.2176, 35.9272], [-111.2204, 35.925], [-111.2164, 35.9236], [-111.2158, 35.9219], [-111.2165, 35.9169], [-111.2183, 35.915], [-111.2173, 35.9117], [-111.2186, 35.9076], [-111.2152, 35.9], [-111.2135, 35.9001], [-111.2123, 35.8982], [-111.2137, 35.8947], [-111.2105, 35.8955], [-111.2092, 35.8911], [-111.2025, 35.8909], [-111.2042, 35.8863], [-111.2543, 35.8755], [-111.2534, 35.8655], [-111.2452, 35.8555], [-111.2427, 35.8495], [-111.236, 35.8445], [-111.2364, 35.8414], [-111.2324, 35.839], [-111.2358, 35.8279], [-111.2326, 35.8233], [-111.23, 35.813], [-111.2225, 35.8037], [-111.2241, 35.8003], [-111.2189, 35.799], [-111.2113, 35.7916], [-111.2079, 35.7913], [-111.2039, 35.7877], [-111.2014, 35.7799], [-111.1981, 35.7781], [-111.1961, 35.7729], [-111.1932, 35.771], [-111.2048, 35.7652], [-111.2106, 35.7602], [-111.2125, 35.7578], [-111.212, 35.7524], [-111.203, 35.7505], [-111.1951, 35.7532], [-111.1833, 35.7418], [-111.1708, 35.7428], [-111.1593, 35.7338], [-111.1491, 35.7181], [-111.1469, 35.7102], [-111.1476, 35.7026], [-111.1456, 35.6994], [-111.1421, 35.6977], [-111.1417, 35.6929], [-111.1366, 35.6898], [-111.1419, 35.6789], [-111.1481, 35.6822], [-111.1509, 35.6818], [-111.153, 35.6845], [-111.1535, 35.6915], [-111.1579, 35.6926], [-111.161, 35.6971], [-111.1641, 35.6978], [-111.1664, 35.6951], [-111.1687, 35.699], [-111.1712, 35.6986], [-111.1732, 35.7017], [-111.1779, 35.7003], [-111.1773, 35.7063], [-111.18, 35.708], [-111.1809, 35.7118], [-111.1894, 35.7194], [-111.2, 35.7161], [-111.2047, 35.7124], [-111.2184, 35.7109], [-111.2215, 35.7121], [-111.2274, 35.7109], [-111.2347, 35.7117], [-111.2411, 35.7093], [-111.248, 35.7097], [-111.2529, 35.7081], [-111.2575, 35.7039], [-111.2738, 35.7009], [-111.2764, 35.7024], [-111.2904, 35.7023], [-111.2985, 35.7042], [-111.303, 35.703], [-111.3053, 35.7056], [-111.3102, 35.702], [-111.3242, 35.6994], [-111.3291, 35.6894], [-111.3228, 35.6802], [-111.3227, 35.6714], [-111.3293, 35.6647], [-111.3318, 35.658], [-111.33, 35.6524], [-111.3198, 35.6444], [-111.3147, 35.6358], [-111.3185, 35.6168], [-111.316, 35.6127], [-111.3065, 35.6051], [-111.3065, 35.6005], [-111.3097, 35.5951], [-111.3064, 35.5866], [-111.3041, 35.585], [-111.2951, 35.5843], [-111.293, 35.58], [-111.287, 35.5802], [-111.2858, 35.5791], [-111.2879, 35.5801], [-111.292, 35.5788], [-111.2939, 35.5803], [-111.2948, 35.583], [-111.3415, 35.5829], [-111.3414, 35.605], [-111.3457, 35.6045], [-111.3495, 35.6069], [-111.352, 35.6059], [-111.3524, 35.6099], [-111.3583, 35.6117], [-111.3706, 35.6035], [-111.3728, 35.6002], [-111.3732, 35.5886], [-111.3755, 35.5919], [-111.3788, 35.5901], [-111.4026, 35.5897], [-111.4083, 35.5915], [-111.4368, 35.5873], [-111.445, 35.5843], [-111.4556, 35.5852], [-111.4633, 35.5904], [-111.4896, 35.5946], [-111.493, 35.5899], [-111.5029, 35.5888], [-111.5055, 35.5922], [-111.5171, 35.5896], [-111.5279, 35.59], [-111.5292, 35.5835], [-111.5348, 35.5836], [-111.533, 35.5907], [-111.5367, 35.5908], [-111.5772, 35.5858], [-111.5919, 35.5821], [-111.6106, 35.5834], [-111.6139, 35.5863], [-111.6046, 35.5913], [-111.5971, 35.604], [-111.5997, 35.6139], [-111.6207, 35.6024], [-111.6303, 35.5893], [-111.6319, 35.5908], [-111.6374, 35.5891], [-111.6512, 35.5919], [-111.6531, 35.5934], [-111.6495, 35.5937], [-111.6471, 35.5964], [-111.6473, 35.605], [-111.6438, 35.6137], [-111.6454, 35.6199], [-111.6427, 35.6259], [-111.6407, 35.6468], [-111.6389, 35.6506], [-111.6395, 35.6571], [-111.6419, 35.6597], [-111.6503, 35.6548], [-111.6594, 35.6551], [-111.6657, 35.6528], [-111.6698, 35.6552], [-111.6779, 35.6499], [-111.6838, 35.6359], [-111.6858, 35.6368], [-111.6895, 35.6331], [-111.7041, 35.6299], [-111.7081, 35.6271], [-111.7099, 35.6278], [-111.7216, 35.6522], [-111.7262, 35.6528], [-111.7294, 35.6735], [-111.7328, 35.6721], [-111.613, 35.729], [-111.6002, 35.7241], [-111.6087, 35.7206], [-111.6151, 35.7145], [-111.6127, 35.7096], [-111.6138, 35.7081], [-111.5969, 35.6973], [-111.607, 35.6919], [-111.5942, 35.6894], [-111.5796, 35.6832], [-111.582, 35.6744], [-111.5782, 35.6663], [-111.5774, 35.6553], [-111.5601, 35.6663], [-111.5546, 35.6645], [-111.5544, 35.6989], [-111.5368, 35.6988], [-111.5366, 35.7525], [-111.5196, 35.7575], [-111.4923, 35.7573], [-111.4911, 35.7599], [-111.493, 35.7615], [-111.4912, 35.7645], [-111.5046, 35.7685], [-111.5026, 35.7715], [-111.5037, 35.7759], [-111.5112, 35.7728], [-111.5142, 35.7754], [-111.52, 35.7753], [-111.5195, 35.7728], [-111.5399, 35.7636], [-111.5412, 35.7654], [-111.5547, 35.766], [-111.5555, 35.7707], [-111.5538, 35.7726], [-111.5596, 35.7715], [-111.5607, 35.7751], [-111.5706, 35.7764], [-111.5776, 35.7823], [-111.5791, 35.7861], [-111.5944, 35.7879], [-111.6069, 35.787], [-111.6092, 35.7877], [-111.6095, 35.7916], [-111.6126, 35.7932], [-111.6205, 35.7901], [-111.6317, 35.8094], [-111.6338, 35.8096], [-111.6342, 35.8127], [-111.6383, 35.8125], [-111.6445, 35.8156], [-111.6657, 35.8137], [-111.6639, 35.8203], [-111.6716, 35.827], [-111.6719, 35.8336], [-111.6741, 35.838], [-111.685, 35.8396], [-111.6875, 35.8475], [-111.6899, 35.8488], [-111.6969, 35.8483], [-111.7094, 35.8444], [-111.7112, 35.8445], [-111.7112, 35.8471], [-111.7262, 35.847], [-111.7264, 35.9486], [-111.7174, 35.9484], [-111.7173, 35.9775], [-111.7263, 35.9774], [-111.7263, 35.992], [-111.7451, 35.992], [-111.7446, 36.0072], [-111.7604, 36.0073], [-111.7597, 36.0364], [-111.763, 36.1461], [-111.7626, 36.2082], [-111.7666, 36.2058], [-111.7694, 36.2063], [-111.7701, 36.2086], [-111.7732, 36.2084], [-111.7753, 36.2106], [-111.775, 36.2123], [-111.7776, 36.2135], [-111.7802, 36.2176], [-111.7852, 36.2141], [-111.792, 36.2191], [-111.7957, 36.2151], [-111.7967, 36.219], [-111.7987, 36.2188], [-111.7975, 36.2204], [-111.7988, 36.2231], [-111.7965, 36.2262], [-111.8032, 36.2232], [-111.8024, 36.2261], [-111.8037, 36.2267], [-111.801, 36.2298], [-111.8041, 36.2327], [-111.8078, 36.2328], [-111.8135, 36.2387]]]}}, {"type": "Feature", "properties": {"zip": "86436", "total": 4, "q1": 1, "q2": 1, "q3": 1, "q4": 1, "pop": 0, "acsPriv": 0, "seats": 0}, "geometry": {"type": "Polygon", "coordinates": [[[-114.5653, 34.7862], [-114.5524, 34.7673], [-114.5284, 34.7507], [-114.516, 34.7374], [-114.4939, 34.7278], [-114.4895, 34.7246], [-114.4855, 34.7187], [-114.4828, 34.7205], [-114.4816, 34.7188], [-114.4789, 34.7212], [-114.4795, 34.7229], [-114.478, 34.723], [-114.4774, 34.7323], [-114.4812, 34.7347], [-114.483, 34.7391], [-114.4922, 34.7403], [-114.5003, 34.7518], [-114.5001, 34.758], [-114.5052, 34.7629], [-114.5146, 34.8003], [-114.5183, 34.8033], [-114.5257, 34.8029], [-114.5292, 34.7992], [-114.5387, 34.7937], [-114.5297, 34.7994], [-114.5309, 34.7999], [-114.5305, 34.8034], [-114.5253, 34.8069], [-114.5236, 34.8106], [-114.5185, 34.8098], [-114.5136, 34.8152], [-114.5144, 34.8234], [-114.5198, 34.8368], [-114.5179, 34.8366], [-114.5146, 34.8312], [-114.5119, 34.8324], [-114.5098, 34.8309], [-114.5079, 34.8249], [-114.5048, 34.8228], [-114.5037, 34.8187], [-114.5003, 34.8153], [-114.5003, 34.8081], [-114.4709, 34.808], [-114.4659, 34.8115], [-114.466, 34.8194], [-114.4611, 34.8195], [-114.4529, 34.8267], [-114.4452, 34.8299], [-114.4432, 34.8345], [-114.4388, 34.8336], [-114.4367, 34.8353], [-114.4319, 34.8355], [-114.4315, 34.8377], [-114.4274, 34.8377], [-114.4163, 34.8079], [-114.3345, 34.8067], [-114.3451, 34.7981], [-114.3488, 34.7884], [-114.353, 34.7842], [-114.355, 34.7761], [-114.3626, 34.7646], [-114.3341, 34.7638], [-114.3341, 34.7494], [-114.3517, 34.7493], [-114.3517, 34.7287], [-114.3266, 34.7291], [-114.3517, 34.7281], [-114.3509, 34.6571], [-114.3637, 34.6669], [-114.371, 34.6854], [-114.3764, 34.6705], [-114.3801, 34.6682], [-114.384, 34.6618], [-114.381, 34.6473], [-114.3836, 34.6455], [-114.3839, 34.6456], [-114.3931, 34.6522], [-114.3944, 34.6556], [-114.3969, 34.6569], [-114.3973, 34.6532], [-114.4002, 34.6528], [-114.4016, 34.6452], [-114.4043, 34.6439], [-114.4045, 34.6218], [-114.4389, 34.6223], [-114.4414, 34.6302], [-114.4403, 34.6382], [-114.4415, 34.6425], [-114.4495, 34.6514], [-114.458, 34.6571], [-114.4577, 34.6593], [-114.4518, 34.6639], [-114.4505, 34.6668], [-114.4543, 34.6712], [-114.4555, 34.6773], [-114.4652, 34.6912], [-114.4686, 34.7076], [-114.471, 34.7122], [-114.4875, 34.7166], [-114.4924, 34.726], [-114.5166, 34.7367], [-114.5296, 34.7508], [-114.5527, 34.7669], [-114.5587, 34.7739], [-114.5653, 34.7862]]]}}, {"type": "Feature", "properties": {"zip": "86404", "total": 532, "q1": 122, "q2": 130, "q3": 138, "q4": 142, "pop": 1877, "acsPriv": 242, "seats": 0}, "geometry": {"type": "Polygon", "coordinates": [[[-114.4389, 34.6223], [-114.4045, 34.6218], [-114.4043, 34.6439], [-114.4016, 34.6452], [-114.4002, 34.6528], [-114.3973, 34.6532], [-114.3969, 34.6569], [-114.3944, 34.6556], [-114.3931, 34.6522], [-114.3839, 34.6456], [-114.381, 34.6473], [-114.384, 34.6618], [-114.3801, 34.6682], [-114.3764, 34.6705], [-114.371, 34.6854], [-114.3637, 34.6669], [-114.3509, 34.6571], [-114.3517, 34.7281], [-114.3166, 34.7294], [-114.3162, 34.7272], [-114.3018, 34.7295], [-114.2783, 34.7293], [-114.2731, 34.7269], [-114.2703, 34.7274], [-114.2673, 34.7244], [-114.2634, 34.7231], [-114.2603, 34.7243], [-114.2515, 34.7219], [-114.2422, 34.713], [-114.2382, 34.7123], [-114.2325, 34.7078], [-114.2133, 34.6903], [-114.1991, 34.6849], [-114.1898, 34.6697], [-114.1856, 34.6668], [-114.18, 34.6664], [-114.1707, 34.6448], [-114.1718, 34.6418], [-114.1704, 34.6406], [-114.1706, 34.6244], [-114.1718, 34.6207], [-114.1861, 34.6016], [-114.1857, 34.5965], [-114.1899, 34.5924], [-114.1882, 34.5805], [-114.1859, 34.5781], [-114.1857, 34.5749], [-114.1903, 34.5688], [-114.1931, 34.5678], [-114.1913, 34.5611], [-114.1931, 34.5553], [-114.1922, 34.5517], [-114.188, 34.5499], [-114.1878, 34.5432], [-114.1914, 34.5367], [-114.2002, 34.5325], [-114.2054, 34.5193], [-114.2155, 34.5222], [-114.2303, 34.5214], [-114.2346, 34.5194], [-114.2458, 34.5211], [-114.2528, 34.5243], [-114.2555, 34.5304], [-114.2696, 34.521], [-114.2727, 34.521], [-114.2727, 34.5177], [-114.2808, 34.5133], [-114.2815, 34.5029], [-114.2983, 34.4943], [-114.2975, 34.4961], [-114.3015, 34.4944], [-114.3051, 34.4955], [-114.3067, 34.4941], [-114.3113, 34.4944], [-114.3107, 34.4961], [-114.3156, 34.4979], [-114.3143, 34.5003], [-114.3178, 34.4992], [-114.3184, 34.5029], [-114.3156, 34.5039], [-114.3187, 34.5039], [-114.3213, 34.5062], [-114.3226, 34.5076], [-114.3212, 34.5113], [-114.3245, 34.5112], [-114.3247, 34.5131], [-114.3387, 34.5128], [-114.3444, 34.5105], [-114.3444, 34.5077], [-114.348, 34.5076], [-114.348, 34.5093], [-114.351, 34.5061], [-114.3567, 34.5064], [-114.3559, 34.4986], [-114.3579, 34.4972], [-114.3608, 34.497], [-114.3612, 34.5014], [-114.3806, 34.501], [-114.3781, 34.5073], [-114.3782, 34.5165], [-114.3808, 34.5297], [-114.4052, 34.5696], [-114.4224, 34.5807], [-114.4357, 34.5938], [-114.4364, 34.5968], [-114.4253, 34.6008], [-114.4242, 34.6105], [-114.4389, 34.6223]]]}}, {"type": "Feature", "properties": {"zip": "85139", "total": 1107, "q1": 249, "q2": 270, "q3": 298, "q4": 290, "pop": 4074, "acsPriv": 344, "seats": 0}, "geometry": {"type": "Polygon", "coordinates": [[[-112.513, 32.9426], [-112.5112, 32.9426], [-112.5111, 32.9854], [-112.5101, 32.984], [-112.4536, 32.9927], [-112.432, 32.9936], [-112.4239, 32.9965], [-112.425, 32.997], [-112.3541, 33.0337], [-112.2718, 33.0554], [-112.2719, 33.0648], [-112.2677, 33.0654], [-112.2673, 33.0633], [-112.2632, 33.0632], [-112.2628, 33.0577], [-112.2546, 33.0597], [-112.2545, 33.0727], [-112.2718, 33.0728], [-112.2718, 33.109], [-112.2774, 33.1094], [-112.2802, 33.1124], [-112.2803, 33.1161], [-112.2718, 33.1161], [-112.2718, 33.1525], [-112.2023, 33.1525], [-112.2021, 33.087], [-112.0364, 33.0871], [-112.0478, 33.0652], [-112.0483, 33.0565], [-112.038, 33.0501], [-112.0378, 33.05], [-112.049, 33.0507], [-112.0479, 33.0474], [-112.0477, 32.9639], [-112.0494, 32.923], [-112.0494, 32.8865], [-112.048, 32.8865], [-112.0479, 32.8793], [-112.0493, 32.8793], [-112.0493, 32.8751], [-112.0472, 32.8758], [-112.0446, 32.8715], [-112.033, 32.8644], [-112.0319, 32.8503], [-112.0155, 32.8503], [-112.013, 32.8489], [-112.0147, 32.844], [-112.0073, 32.8441], [-112.0064, 32.8405], [-111.9952, 32.8405], [-111.98, 32.8288], [-111.9636, 32.8284], [-111.9631, 32.8109], [-111.9578, 32.8097], [-111.9452, 32.799], [-111.9439, 32.7959], [-111.9407, 32.7953], [-111.9335, 32.7861], [-111.9291, 32.7784], [-111.9293, 32.7676], [-111.9636, 32.7665], [-111.9636, 32.7678], [-112.0495, 32.7676], [-112.0496, 32.7236], [-112.1517, 32.7231], [-112.1494, 32.6815], [-112.2036, 32.6836], [-112.2035, 32.8328], [-112.2129, 32.8202], [-112.2155, 32.8092], [-112.2203, 32.8028], [-112.2218, 32.8031], [-112.2283, 32.8059], [-112.2342, 32.8054], [-112.2516, 32.8099], [-112.2532, 32.8091], [-112.2546, 32.8195], [-112.2531, 32.8371], [-112.2569, 32.841], [-112.2552, 32.8422], [-112.3104, 32.8487], [-112.3583, 32.8513], [-112.439, 32.8721], [-112.4667, 32.885], [-112.5128, 32.9001], [-112.513, 32.9426]]]}}, {"type": "Feature", "properties": {"zip": "86413", "total": 327, "q1": 63, "q2": 77, "q3": 90, "q4": 97, "pop": 1037, "acsPriv": 96, "seats": 132}, "geometry": {"type": "Polygon", "coordinates": [[[-114.4465, 35.1798], [-114.4458, 35.1823], [-114.4426, 35.1832], [-114.4429, 35.1847], [-114.4122, 35.1799], [-114.4037, 35.1866], [-114.4077, 35.1945], [-114.4048, 35.1971], [-114.4028, 35.2091], [-114.3871, 35.2222], [-114.3882, 35.2314], [-114.3952, 35.2335], [-114.3971, 35.2421], [-114.3967, 35.2474], [-114.404, 35.2462], [-114.4029, 35.251], [-114.3992, 35.2526], [-114.3969, 35.2516], [-114.3902, 35.2563], [-114.3939, 35.2595], [-114.394, 35.2621], [-114.3998, 35.2689], [-114.3989, 35.2703], [-114.4053, 35.2864], [-114.404, 35.2889], [-114.4063, 35.2915], [-114.406, 35.2967], [-114.4077, 35.3012], [-114.4064, 35.303], [-114.4115, 35.3147], [-114.4083, 35.3146], [-114.4083, 35.3254], [-114.4015, 35.3397], [-114.3957, 35.3443], [-114.3944, 35.3475], [-114.3913, 35.3465], [-114.3887, 35.3497], [-114.3858, 35.3505], [-114.3948, 35.3571], [-114.3951, 35.3616], [-114.3811, 35.3804], [-114.3742, 35.3852], [-114.3683, 35.3853], [-114.3663, 35.3832], [-114.3476, 35.3905], [-114.3423, 35.3902], [-114.3386, 35.3941], [-114.332, 35.3969], [-114.3178, 35.3973], [-114.3025, 35.4014], [-114.2722, 35.4144], [-114.2518, 35.3862], [-114.2564, 35.3825], [-114.2621, 35.3728], [-114.2443, 35.3758], [-114.2354, 35.3635], [-114.2365, 35.3606], [-114.2398, 35.3606], [-114.2398, 35.3678], [-114.2539, 35.3677], [-114.2539, 35.3642], [-114.2497, 35.3642], [-114.2497, 35.3606], [-114.2534, 35.3606], [-114.2536, 35.3355], [-114.2473, 35.3458], [-114.2228, 35.346], [-114.1754, 35.2811], [-114.1646, 35.2876], [-114.167, 35.2958], [-114.1596, 35.3002], [-114.1474, 35.3057], [-114.1413, 35.3045], [-114.1382, 35.3055], [-114.1361, 35.3084], [-114.1286, 35.312], [-114.1261, 35.309], [-114.1225, 35.3098], [-114.1198, 35.3082], [-114.1192, 35.3124], [-114.112, 35.3161], [-114.1075, 35.3093], [-114.1091, 35.3056], [-114.1079, 35.2985], [-114.1017, 35.2941], [-114.1054, 35.288], [-114.1123, 35.2845], [-114.1126, 35.2755], [-114.1024, 35.2679], [-114.1016, 35.2633], [-114.104, 35.2473], [-114.1105, 35.2321], [-114.1108, 35.2179], [-114.1127, 35.213], [-114.0947, 35.206], [-114.0948, 35.1854], [-114.08, 35.1854], [-114.08, 35.1785], [-114.0739, 35.1784], [-114.0755, 35.1733], [-114.0741, 35.1646], [-114.0759, 35.1618], [-114.0855, 35.1565], [-114.0929, 35.1498], [-114.1135, 35.118], [-114.1173, 35.1058], [-114.1472, 34.9448], [-114.1467, 34.9498], [-114.1524, 34.9475], [-114.1586, 34.9422], [-114.1613, 34.9369], [-114.1665, 34.934], [-114.1672, 34.9304], [-114.1704, 34.9284], [-114.1716, 34.9255], [-114.175, 34.9242], [-114.1775, 34.9212], [-114.1838, 34.9196], [-114.1888, 34.9071], [-114.1848, 34.8981], [-114.189, 34.9026], [-114.1964, 34.9022], [-114.2041, 34.9042], [-114.2125, 34.8991], [-114.2243, 34.8988], [-114.2405, 34.9034], [-114.2427, 34.9065], [-114.2449, 34.9066], [-114.2451, 34.9687], [-114.2615, 34.9861], [-114.275, 35.0061], [-114.2806, 35.012], [-114.2808, 35.0254], [-114.2787, 35.0259], [-114.2787, 35.0276], [-114.3043, 35.0254], [-114.3203, 35.0306], [-114.328, 35.0356], [-114.3385, 35.0377], [-114.345, 35.037], [-114.3479, 35.0384], [-114.3535, 35.0373], [-114.3538, 35.0389], [-114.3562, 35.0387], [-114.3565, 35.0423], [-114.363, 35.0472], [-114.3623, 35.0457], [-114.368, 35.0441], [-114.3726, 35.0405], [-114.3771, 35.0454], [-114.3832, 35.0463], [-114.389, 35.0422], [-114.3919, 35.0439], [-114.3931, 35.0381], [-114.3943, 35.0386], [-114.4021, 35.0559], [-114.4134, 35.0628], [-114.4206, 35.0722], [-114.4172, 35.0742], [-114.4087, 35.0741], [-114.3934, 35.0824], [-114.3953, 35.0868], [-114.3931, 35.0928], [-114.404, 35.0952], [-114.4003, 35.1025], [-114.4032, 35.1101], [-114.4135, 35.1205], [-114.4191, 35.1221], [-114.4135, 35.137], [-114.411, 35.1398], [-114.4196, 35.1422], [-114.4207, 35.1443], [-114.4284, 35.1473], [-114.4242, 35.155], [-114.4221, 35.156], [-114.4286, 35.1633], [-114.4304, 35.1729], [-114.4364, 35.1767], [-114.4394, 35.1766], [-114.4417, 35.1746], [-114.4437, 35.1753], [-114.4465, 35.1798]]]}}, {"type": "Feature", "properties": {"zip": "85643", "total": 276, "q1": 50, "q2": 65, "q3": 75, "q4": 86, "pop": 1282, "acsPriv": 98, "seats": 0}, "geometry": {"type": "Polygon", "coordinates": [[[-110.4515, 32.514], [-110.4492, 32.514], [-110.4485, 32.5284], [-110.4494, 32.9882], [-110.4361, 32.9813], [-110.4174, 32.9813], [-110.4076, 32.9953], [-110.3951, 33.0066], [-110.3717, 33.0066], [-110.3132, 32.9977], [-110.2815, 32.9888], [-110.2304, 32.9895], [-110.1909, 32.9717], [-110.1367, 32.9584], [-110.1005, 32.9061], [-110.1051, 32.9003], [-110.114, 32.8953], [-110.1178, 32.887], [-110.1174, 32.88], [-110.1201, 32.8757], [-110.1321, 32.8758], [-110.1295, 32.8728], [-110.1303, 32.8684], [-110.1375, 32.8647], [-110.139, 32.861], [-110.1383, 32.8566], [-110.1403, 32.8511], [-110.1376, 32.844], [-110.1307, 32.8411], [-110.1196, 32.8404], [-110.1152, 32.8463], [-110.111, 32.8476], [-110.1098, 32.8509], [-110.1, 32.8539], [-110.08, 32.8515], [-110.0735, 32.8522], [-110.0616, 32.8496], [-110.052, 32.8441], [-110.0492, 32.8441], [-110.0517, 32.8414], [-110.0491, 32.8397], [-110.0474, 32.8405], [-110.0477, 32.8344], [-110.0438, 32.8309], [-110.0438, 32.8159], [-110.0368, 32.8219], [-110.0352, 32.8262], [-110.0339, 32.8249], [-110.0268, 32.828], [-110.0221, 32.8362], [-110.0132, 32.8407], [-110.0083, 32.8415], [-109.9915, 32.8383], [-109.9712, 32.841], [-109.9637, 32.8405], [-109.9602, 32.8394], [-109.9574, 32.8353], [-109.9672, 32.8249], [-109.9682, 32.8203], [-109.9736, 32.8134], [-109.9849, 32.8063], [-109.9869, 32.7999], [-109.9914, 32.7931], [-109.9903, 32.7836], [-109.9927, 32.782], [-109.9978, 32.7715], [-109.998, 32.7641], [-110.0054, 32.7542], [-110.0041, 32.7514], [-110.0069, 32.7461], [-110.0032, 32.7303], [-110.0002, 32.7272], [-109.9945, 32.7252], [-109.9913, 32.7266], [-109.9867, 32.7239], [-109.9848, 32.721], [-109.976, 32.7166], [-109.9701, 32.7196], [-109.9667, 32.719], [-109.9655, 32.7146], [-109.9569, 32.7088], [-109.9565, 32.7107], [-109.9535, 32.7095], [-109.9502, 32.7119], [-109.9439, 32.7131], [-109.9401, 32.7163], [-109.9368, 32.7119], [-109.9372, 32.7095], [-109.9349, 32.7055], [-109.9316, 32.7052], [-109.924, 32.699], [-109.9191, 32.704], [-109.9137, 32.7048], [-109.9104, 32.7017], [-109.9094, 32.6966], [-109.9072, 32.6968], [-109.9076, 32.6939], [-109.905, 32.6951], [-109.9045, 32.692], [-109.9027, 32.6934], [-109.8998, 32.6925], [-109.901, 32.6902], [-109.8996, 32.6875], [-109.8941, 32.6866], [-109.8968, 32.6839], [-109.8953, 32.6806], [-109.8902, 32.6789], [-109.8883, 32.6796], [-109.8873, 32.678], [-109.8848, 32.6786], [-109.8843, 32.6773], [-109.8874, 32.6746], [-109.8868, 32.6729], [-109.8833, 32.6725], [-109.8837, 32.6712], [-109.8805, 32.6685], [-109.878, 32.6702], [-109.8756, 32.6668], [-109.8727, 32.6675], [-109.8705, 32.5975], [-109.8615, 32.5967], [-109.8562, 32.5935], [-109.8539, 32.5852], [-109.8484, 32.5778], [-109.8354, 32.5744], [-109.8276, 32.5706], [-109.8139, 32.5705], [-109.8049, 32.5665], [-109.8045, 32.5354], [-109.7865, 32.5354], [-109.7863, 32.5144], [-109.7899, 32.5141], [-109.7895, 32.4271], [-109.6711, 32.4267], [-109.6712, 32.4175], [-109.6798, 32.4056], [-109.7054, 32.3814], [-109.7009, 32.3781], [-109.6977, 32.3716], [-109.6912, 32.3655], [-109.6813, 32.3629], [-109.6815, 32.3587], [-109.6489, 32.3623], [-109.6229, 32.3625], [-109.6154, 32.3592], [-109.6074, 32.3503], [-109.6099, 32.3445], [-109.6144, 32.3411], [-109.6197, 32.3397], [-109.6315, 32.3283], [-109.6351, 32.3088], [-109.6405, 32.2954], [-109.6406, 32.2852], [-109.6394, 32.2821], [-109.6218, 32.2722], [-109.6174, 32.2713], [-109.6072, 32.2637], [-109.6063, 32.2612], [-109.6103, 32.2589], [-109.6106, 32.2539], [-109.6123, 32.2533], [-109.588, 32.2533], [-109.5879, 32.2519], [-109.5917, 32.2497], [-109.5894, 32.245], [-109.5946, 32.2415], [-109.5951, 32.2328], [-109.5987, 32.2285], [-109.595, 32.2282], [-109.5973, 32.2268], [-109.5984, 32.2235], [-109.5971, 32.2234], [-109.5994, 32.2193], [-109.5975, 32.2159], [-109.5855, 32.2165], [-109.5838, 32.2135], [-109.578, 32.2117], [-109.5752, 32.2078], [-109.5538, 32.1996], [-109.5536, 32.1951], [-109.5471, 32.1923], [-109.534, 32.192], [-109.5185, 32.2013], [-109.5114, 32.2032], [-109.5136, 32.1975], [-109.5201, 32.1951], [-109.5185, 32.1912], [-109.5186, 32.1837], [-109.5132, 32.1771], [-109.5111, 32.1601], [-109.4993, 32.1498], [-109.4953, 32.1484], [-109.4904, 32.1425], [-109.4847, 32.1464], [-109.4796, 32.1536], [-109.4759, 32.1522], [-109.468, 32.1542], [-109.4647, 32.1541], [-109.4674, 32.1529], [-109.4686, 32.1467], [-109.4729, 32.1426], [-109.4544, 32.1299], [-109.4246, 32.1252], [-109.4141, 32.122], [-109.4022, 32.1146], [-109.397, 32.1157], [-109.3928, 32.1226], [-109.3872, 32.1204], [-109.384, 32.1239], [-109.3816, 32.1239], [-109.3786, 32.1297], [-109.3696, 32.1322], [-109.3579, 32.1248], [-109.3312, 32.1175], [-109.33, 32.1155], [-109.3308, 32.1128], [-109.3394, 32.1043], [-109.3445, 32.0956], [-109.3449, 32.0909], [-109.3415, 32.0813], [-109.3427, 32.0704], [-109.3292, 32.0541], [-109.3133, 32.0546], [-109.3052, 32.0582], [-109.3, 32.0586], [-109.3008, 32.0542], [-109.2983, 32.0513], [-109.299, 32.0389], [-109.2954, 32.0345], [-109.2961, 32.0268], [-109.2929, 32.0233], [-109.2924, 32.0183], [-109.2907, 32.0178], [-109.2871, 32.0115], [-109.284, 32.0104], [-109.2887, 32.0063], [-109.2886, 31.9993], [-109.2813, 31.9901], [-109.2811, 31.9823], [-109.2741, 31.9765], [-109.2746, 31.9708], [-109.3049, 31.971], [-109.311, 31.9678], [-109.3208, 31.9693], [-109.3137, 31.9603], [-109.3079, 31.9483], [-109.3127, 31.9442], [-109.3142, 31.9416], [-109.3131, 31.9399], [-109.3153, 31.9408], [-109.3211, 31.9336], [-109.313, 31.9178], [-109.3186, 31.9089], [-109.3134, 31.9024], [-109.3181, 31.9008], [-109.3167, 31.9002], [-109.3191, 31.8975], [-109.3203, 31.8982], [-109.3217, 31.8949], [-109.3345, 31.8978], [-109.3377, 31.8967], [-109.3379, 31.9062], [-109.3722, 31.9057], [-109.3781, 31.903], [-109.388, 31.9057], [-109.4407, 31.905], [-109.4405, 31.9489], [-109.548, 31.9488], [-109.5673, 31.9516], [-109.5752, 31.9556], [-109.593, 31.9555], [-109.593, 31.9636], [-109.5942, 31.9637], [-109.7121, 31.9635], [-109.7123, 31.9611], [-109.7187, 31.961], [-109.7244, 31.9581], [-109.7454, 31.9572], [-109.7504, 31.96], [-109.7549, 31.9653], [-109.7625, 31.9638], [-109.7625, 31.978], [-109.7961, 31.9779], [-109.7959, 31.9926], [-109.813, 31.9926], [-109.8139, 32.0504], [-109.8478, 32.0505], [-109.848, 32.0795], [-109.8412, 32.0796], [-109.8407, 32.1453], [-109.9808, 32.1446], [-109.9783, 32.15], [-109.9799, 32.1529], [-109.9791, 32.1554], [-109.9895, 32.1522], [-109.9957, 32.1472], [-110.0375, 32.0915], [-110.044, 32.0857], [-110.0516, 32.0816], [-110.0556, 32.085], [-110.0567, 32.0993], [-110.0702, 32.108], [-110.0692, 32.1107], [-110.0706, 32.1137], [-110.0688, 32.1201], [-110.0728, 32.1236], [-110.0758, 32.1322], [-110.0796, 32.1354], [-110.0812, 32.1451], [-110.0748, 32.1515], [-110.0678, 32.1559], [-110.0727, 32.1624], [-110.0827, 32.1707], [-110.1076, 32.1779], [-110.1351, 32.1765], [-110.1496, 32.1715], [-110.1545, 32.1716], [-110.1652, 32.1608], [-110.172, 32.1616], [-110.1743, 32.1658], [-110.1834, 32.1706], [-110.1861, 32.1745], [-110.1896, 32.1727], [-110.1922, 32.1744], [-110.1977, 32.1742], [-110.2014, 32.1752], [-110.2044, 32.1785], [-110.2052, 32.191], [-110.2074, 32.1948], [-110.2059, 32.2002], [-110.2023, 32.1992], [-110.1914, 32.204], [-110.1828, 32.1998], [-110.1606, 32.1966], [-110.1519, 32.1913], [-110.1434, 32.1919], [-110.1376, 32.1953], [-110.1316, 32.2039], [-110.1166, 32.2172], [-110.1027, 32.2167], [-110.0885, 32.2262], [-110.0852, 32.2305], [-110.0763, 32.2294], [-110.0883, 32.2439], [-110.1276, 32.2826], [-110.1376, 32.2882], [-110.1498, 32.2885], [-110.163, 32.2787], [-110.1885, 32.276], [-110.1871, 32.2741], [-110.1928, 32.2722], [-110.1942, 32.2671], [-110.2504, 32.2674], [-110.2516, 32.3779], [-110.2541, 32.384], [-110.2576, 32.3841], [-110.265, 32.3888], [-110.2673, 32.3928], [-110.2677, 32.3987], [-110.2709, 32.4014], [-110.2716, 32.4166], [-110.269, 32.4266], [-110.4515, 32.4275], [-110.4515, 32.514]]]}}, {"type": "Feature", "properties": {"zip": "85935", "total": 224, "q1": 53, "q2": 56, "q3": 58, "q4": 57, "pop": 464, "acsPriv": 74, "seats": 0}, "geometry": {"type": "Polygon", "coordinates": [[[-109.9694, 34.1097], [-109.9667, 34.1091], [-109.9631, 34.1121], [-109.9684, 34.114], [-109.9684, 34.1174], [-109.9642, 34.1177], [-109.964, 34.1221], [-109.9621, 34.1221], [-109.9616, 34.124], [-109.9589, 34.1233], [-109.9587, 34.1258], [-109.9558, 34.1259], [-109.9546, 34.1224], [-109.9503, 34.1223], [-109.9484, 34.1252], [-109.9553, 34.1288], [-109.9593, 34.1381], [-109.9622, 34.14], [-109.9534, 34.1404], [-109.9494, 34.1363], [-109.9459, 34.1403], [-109.9501, 34.1403], [-109.9502, 34.1475], [-109.9548, 34.1475], [-109.9559, 34.169], [-109.961, 34.172], [-109.9569, 34.1837], [-109.9514, 34.1831], [-109.9533, 34.1851], [-109.9568, 34.1841], [-109.9596, 34.1822], [-109.9634, 34.183], [-109.9514, 34.1865], [-109.9436, 34.1853], [-109.9368, 34.1893], [-109.9353, 34.1825], [-109.9368, 34.1816], [-109.9328, 34.1808], [-109.9241, 34.1879], [-109.914, 34.1836], [-109.9084, 34.1855], [-109.9032, 34.1819], [-109.9028, 34.1749], [-109.8934, 34.1714], [-109.8977, 34.1768], [-109.8951, 34.1806], [-109.8947, 34.1931], [-109.8913, 34.1999], [-109.8953, 34.2013], [-109.8956, 34.2055], [-109.8725, 34.2116], [-109.849, 34.223], [-109.8494, 34.1258], [-109.8592, 34.1258], [-109.8592, 34.1095], [-109.8624, 34.1081], [-109.8675, 34.108], [-109.8747, 34.1048], [-109.8827, 34.1047], [-109.8859, 34.1008], [-109.8922, 34.0983], [-109.8975, 34.0991], [-109.9035, 34.1022], [-109.9096, 34.1022], [-109.9073, 34.0856], [-109.9047, 34.0805], [-109.9068, 34.0752], [-109.9083, 34.0755], [-109.91, 34.0671], [-109.9175, 34.0607], [-109.9169, 34.0572], [-109.9191, 34.0489], [-109.9217, 34.0454], [-109.9284, 34.0526], [-109.9336, 34.0724], [-109.9373, 34.0772], [-109.9373, 34.0805], [-109.9476, 34.0846], [-109.944, 34.0883], [-109.9535, 34.096], [-109.9604, 34.0969], [-109.9656, 34.1025], [-109.9694, 34.1097]], [[-109.906, 34.0815], [-109.9071, 34.0807], [-109.9056, 34.0796], [-109.906, 34.0815]], [[-109.9064, 34.0787], [-109.9069, 34.0783], [-109.9061, 34.0784], [-109.9064, 34.0787]]]}}, {"type": "Feature", "properties": {"zip": "85551", "total": 8, "q1": 2, "q2": 2, "q3": 2, "q4": 2, "pop": 56, "acsPriv": 0, "seats": 0}, "geometry": {"type": "Polygon", "coordinates": [[[-109.6451, 32.8021], [-109.6308, 32.8021], [-109.6307, 32.8103], [-109.6266, 32.8111], [-109.6349, 32.8129], [-109.6348, 32.8166], [-109.6168, 32.8129], [-109.6006, 32.8128], [-109.6081, 32.8078], [-109.6128, 32.8066], [-109.6131, 32.8023], [-109.6089, 32.7992], [-109.6027, 32.7993], [-109.599, 32.7978], [-109.593, 32.7985], [-109.5882, 32.7967], [-109.5928, 32.7926], [-109.5852, 32.7897], [-109.5635, 32.7726], [-109.5566, 32.7439], [-109.5503, 32.7375], [-109.5392, 32.7322], [-109.5063, 32.701], [-109.511, 32.6758], [-109.5184, 32.6637], [-109.5197, 32.657], [-109.525, 32.6548], [-109.5242, 32.6482], [-109.5377, 32.647], [-109.5404, 32.6493], [-109.5449, 32.6479], [-109.5507, 32.6654], [-109.553, 32.6888], [-109.5572, 32.6964], [-109.5609, 32.7105], [-109.5829, 32.7407], [-109.6088, 32.7681], [-109.6132, 32.7787], [-109.6344, 32.7965], [-109.6451, 32.8021]]]}}, {"type": "Feature", "properties": {"zip": "86022", "total": 232, "q1": 48, "q2": 56, "q3": 63, "q4": 65, "pop": 316, "acsPriv": 22, "seats": 0}, "geometry": {"type": "Polygon", "coordinates": [[[-113.0572, 36.852], [-113.0495, 36.8702], [-113.0239, 36.8935], [-113.0168, 36.9191], [-113.01, 36.9252], [-113.01, 36.9434], [-113.0055, 36.947], [-112.8746, 36.9468], [-112.8746, 36.9616], [-112.8704, 36.9655], [-112.8719, 36.9704], [-112.8701, 36.973], [-112.8716, 36.9757], [-112.8694, 36.9784], [-112.8702, 36.982], [-112.8686, 36.989], [-112.8614, 37.0005], [-112.3754, 37.001], [-112.3765, 37.0002], [-112.3738, 36.9984], [-112.3802, 36.9925], [-112.3821, 36.9874], [-112.385, 36.9857], [-112.3785, 36.9736], [-112.3709, 36.9661], [-112.3709, 36.9612], [-112.3788, 36.956], [-112.3807, 36.9519], [-112.3836, 36.9505], [-112.3819, 36.9493], [-112.385, 36.9484], [-112.3851, 36.9461], [-112.3914, 36.9427], [-112.3914, 36.9438], [-112.3917, 36.9416], [-112.3951, 36.9403], [-112.3961, 36.9381], [-112.3967, 36.9391], [-112.3984, 36.9382], [-112.3965, 36.9376], [-112.4067, 36.9332], [-112.4096, 36.9338], [-112.4122, 36.9319], [-112.4118, 36.9305], [-112.413, 36.9312], [-112.4161, 36.9283], [-112.419, 36.9286], [-112.4214, 36.9253], [-112.4203, 36.9234], [-112.4235, 36.9234], [-112.4273, 36.9191], [-112.4315, 36.9176], [-112.4284, 36.9161], [-112.4291, 36.9154], [-112.4375, 36.9156], [-112.4309, 36.9104], [-112.4311, 36.9063], [-112.4296, 36.9036], [-112.4146, 36.8958], [-112.3969, 36.8702], [-112.3901, 36.8636], [-112.3678, 36.8499], [-112.3607, 36.8487], [-112.3526, 36.8422], [-112.3427, 36.841], [-112.3403, 36.8413], [-112.339, 36.845], [-112.3298, 36.8513], [-112.3197, 36.8469], [-112.3129, 36.84], [-112.311, 36.8407], [-112.3061, 36.8388], [-112.3063, 36.8301], [-112.3275, 36.8086], [-112.3344, 36.8038], [-112.3371, 36.7951], [-112.3297, 36.798], [-112.3162, 36.8075], [-112.2992, 36.8066], [-112.3015, 36.7998], [-112.2909, 36.8015], [-112.286, 36.8084], [-112.2752, 36.8075], [-112.2666, 36.801], [-112.2588, 36.7986], [-112.2566, 36.7932], [-112.2546, 36.8013], [-112.2572, 36.8078], [-112.2548, 36.8241], [-112.2563, 36.8319], [-112.2549, 36.835], [-112.2567, 36.8382], [-112.2556, 36.8441], [-112.2584, 36.8482], [-112.2539, 36.8482], [-112.2555, 36.8454], [-112.2541, 36.8419], [-112.2557, 36.8386], [-112.254, 36.8345], [-112.2555, 36.832], [-112.2528, 36.816], [-112.2557, 36.8079], [-112.2535, 36.8013], [-112.2551, 36.7925], [-112.2581, 36.7896], [-112.2565, 36.7782], [-112.2526, 36.772], [-112.2647, 36.7612], [-112.2691, 36.7553], [-112.2692, 36.7509], [-112.2668, 36.749], [-112.2495, 36.748], [-112.2412, 36.7443], [-112.2329, 36.7431], [-112.2248, 36.735], [-112.2156, 36.7364], [-112.2123, 36.7323], [-112.2127, 36.7266], [-112.2178, 36.7092], [-112.2201, 36.7081], [-112.2331, 36.7109], [-112.2355, 36.7084], [-112.2422, 36.7083], [-112.2452, 36.7039], [-112.2496, 36.7024], [-112.2531, 36.7031], [-112.2597, 36.7014], [-112.2625, 36.7034], [-112.266, 36.7008], [-112.2801, 36.6988], [-112.2846, 36.7], [-112.2893, 36.6972], [-112.2902, 36.6944], [-112.2879, 36.6922], [-112.2923, 36.6915], [-112.2866, 36.6915], [-112.286, 36.6947], [-112.2827, 36.6962], [-112.2808, 36.695], [-112.2805, 36.6922], [-112.2779, 36.6911], [-112.2774, 36.6883], [-112.2735, 36.6874], [-112.2701, 36.68], [-112.2748, 36.6767], [-112.277, 36.6697], [-112.2736, 36.6605], [-112.2765, 36.6556], [-112.2762, 36.6441], [-112.2781, 36.6369], [-112.2815, 36.6366], [-112.2885, 36.6443], [-112.2773, 36.6301], [-112.2776, 36.6256], [-112.2745, 36.6216], [-112.2701, 36.6234], [-112.254, 36.6189], [-112.2492, 36.6202], [-112.2417, 36.6165], [-112.2227, 36.6175], [-112.2192, 36.6206], [-112.2176, 36.6174], [-112.2124, 36.6162], [-112.1852, 36.6132], [-112.1857, 36.6073], [-112.1788, 36.598], [-112.1794, 36.5894], [-112.1743, 36.5819], [-112.1764, 36.5734], [-112.1708, 36.5632], [-112.1734, 36.5554], [-112.1801, 36.551], [-112.1806, 36.5483], [-112.1789, 36.5473], [-112.1636, 36.5456], [-112.1587, 36.5479], [-112.1569, 36.5537], [-112.1414, 36.556], [-112.1367, 36.559], [-112.1303, 36.5594], [-112.1139, 36.5552], [-112.1155, 36.543], [-112.1187, 36.5388], [-112.1188, 36.5349], [-112.1171, 36.5311], [-112.1126, 36.5299], [-112.1147, 36.527], [-112.1134, 36.516], [-112.1151, 36.5113], [-112.1134, 36.5078], [-112.1135, 36.5019], [-112.1194, 36.4962], [-112.1176, 36.494], [-112.1061, 36.4965], [-112.1145, 36.4852], [-112.1131, 36.4764], [-112.1098, 36.4765], [-112.1125, 36.473], [-112.1149, 36.4646], [-112.1221, 36.457], [-112.1286, 36.4532], [-112.1071, 36.46], [-112.1072, 36.4436], [-112.1096, 36.4325], [-112.1163, 36.42], [-112.1201, 36.405], [-112.1225, 36.4036], [-112.1247, 36.3976], [-112.1292, 36.4011], [-112.1374, 36.4015], [-112.136, 36.4042], [-112.1369, 36.408], [-112.1482, 36.4055], [-112.1471, 36.4076], [-112.1497, 36.411], [-112.1485, 36.4145], [-112.1497, 36.4187], [-112.1554, 36.4257], [-112.1597, 36.4354], [-112.1603, 36.4411], [-112.1576, 36.4428], [-112.1585, 36.449], [-112.1562, 36.4519], [-112.1524, 36.4526], [-112.1537, 36.4541], [-112.1538, 36.464], [-112.1508, 36.4664], [-112.1504, 36.4691], [-112.1532, 36.4727], [-112.1594, 36.4758], [-112.1616, 36.4812], [-112.1687, 36.4895], [-112.1674, 36.4927], [-112.1697, 36.4963], [-112.1756, 36.5], [-112.1828, 36.5093], [-112.1861, 36.5104], [-112.1855, 36.5089], [-112.1902, 36.5091], [-112.1963, 36.5126], [-112.2021, 36.5265], [-112.2194, 36.5512], [-112.2187, 36.5595], [-112.2213, 36.5653], [-112.2242, 36.5677], [-112.2245, 36.5705], [-112.2295, 36.5695], [-112.2331, 36.5737], [-112.2401, 36.5755], [-112.2608, 36.589], [-112.2676, 36.596], [-112.2665, 36.5936], [-112.268, 36.5921], [-112.2731, 36.598], [-112.2743, 36.5941], [-112.2802, 36.5915], [-112.2825, 36.5879], [-112.2772, 36.5842], [-112.2781, 36.5813], [-112.2871, 36.5802], [-112.2919, 36.5756], [-112.2968, 36.5743], [-112.2997, 36.5755], [-112.3032, 36.5741], [-112.3145, 36.5771], [-112.3164, 36.5801], [-112.3227, 36.5797], [-112.3251, 36.5857], [-112.3312, 36.5875], [-112.3382, 36.5849], [-112.347, 36.5856], [-112.3519, 36.6046], [-112.3518, 36.6179], [-112.3453, 36.6385], [-112.3442, 36.6514], [-112.3474, 36.668], [-112.3538, 36.6685], [-112.3582, 36.6715], [-112.3688, 36.6722], [-112.3701, 36.671], [-112.3706, 36.6657], [-112.3719, 36.6669], [-112.3727, 36.6649], [-112.375, 36.6643], [-112.3751, 36.6596], [-112.3802, 36.6554], [-112.3831, 36.6592], [-112.3825, 36.6656], [-112.3914, 36.6762], [-112.3881, 36.6833], [-112.3904, 36.686], [-112.4036, 36.6884], [-112.4068, 36.6865], [-112.421, 36.6845], [-112.4273, 36.6853], [-112.4276, 36.6839], [-112.4245, 36.6835], [-112.4241, 36.6792], [-112.4309, 36.6761], [-112.4349, 36.6835], [-112.4438, 36.6875], [-112.4527, 36.6885], [-112.4598, 36.6934], [-112.4658, 36.7018], [-112.465, 36.6987], [-112.467, 36.6973], [-112.4837, 36.6926], [-112.4753, 36.6866], [-112.4789, 36.6833], [-112.486, 36.6827], [-112.4913, 36.6836], [-112.4969, 36.6881], [-112.5132, 36.6901], [-112.5236, 36.6995], [-112.5344, 36.6991], [-112.5332, 36.697], [-112.5354, 36.6942], [-112.5348, 36.6922], [-112.5409, 36.6888], [-112.5342, 36.6838], [-112.5407, 36.6822], [-112.5466, 36.6777], [-112.5446, 36.6713], [-112.5411, 36.6708], [-112.5297, 36.6761], [-112.5271, 36.6751], [-112.5167, 36.6808], [-112.511, 36.6764], [-112.5041, 36.6746], [-112.4959, 36.667], [-112.4876, 36.6649], [-112.4818, 36.6676], [-112.4795, 36.6669], [-112.4688, 36.6567], [-112.4744, 36.6543], [-112.4788, 36.6557], [-112.4829, 36.6529], [-112.4894, 36.6528], [-112.4879, 36.6485], [-112.49, 36.6462], [-112.4936, 36.6461], [-112.4931, 36.6399], [-112.4969, 36.6404], [-112.4971, 36.6377], [-112.5024, 36.6381], [-112.5035, 36.6401], [-112.5078, 36.6391], [-112.5083, 36.6362], [-112.5213, 36.6286], [-112.5226, 36.6073], [-112.5334, 36.6005], [-112.5353, 36.5955], [-112.5348, 36.5942], [-112.5277, 36.5942], [-112.5219, 36.5904], [-112.5122, 36.5904], [-112.5079, 36.5925], [-112.4981, 36.5874], [-112.497, 36.5831], [-112.493, 36.5781], [-112.4854, 36.5769], [-112.4678, 36.5808], [-112.4564, 36.5795], [-112.4484, 36.5814], [-112.4392, 36.5865], [-112.4233, 36.5873], [-112.4219, 36.5895], [-112.4142, 36.5933], [-112.4119, 36.5904], [-112.4061, 36.5888], [-112.4064, 36.5861], [-112.4085, 36.5846], [-112.4064, 36.576], [-112.4109, 36.5699], [-112.4097, 36.5668], [-112.4101, 36.557], [-112.4123, 36.5428], [-112.4145, 36.5389], [-112.4122, 36.5284], [-112.4077, 36.5238], [-112.4075, 36.5168], [-112.4061, 36.5144], [-112.4085, 36.5108], [-112.4062, 36.509], [-112.4077, 36.5078], [-112.4071, 36.505], [-112.4132, 36.5031], [-112.4149, 36.502], [-112.4141, 36.5008], [-112.4172, 36.5011], [-112.4154, 36.4979], [-112.4165, 36.4968], [-112.4156, 36.4917], [-112.411, 36.4832], [-112.4104, 36.4798], [-112.4126, 36.4739], [-112.4099, 36.4655], [-112.414, 36.4652], [-112.4117, 36.4631], [-112.4161, 36.4602], [-112.4169, 36.4569], [-112.4133, 36.4508], [-112.4074, 36.4492], [-112.4077, 36.4439], [-112.4052, 36.4398], [-112.4044, 36.4336], [-112.4269, 36.4329], [-112.4315, 36.4349], [-112.4399, 36.4307], [-112.4456, 36.4374], [-112.4433, 36.4422], [-112.4403, 36.4425], [-112.4382, 36.4451], [-112.4446, 36.4477], [-112.4669, 36.448], [-112.4764, 36.4501], [-112.4761, 36.4523], [-112.479, 36.4537], [-112.4923, 36.452], [-112.4992, 36.4556], [-112.511, 36.457], [-112.5202, 36.452], [-112.5367, 36.4504], [-112.5338, 36.4523], [-112.5343, 36.4537], [-112.542, 36.4559], [-112.5542, 36.4662], [-112.5612, 36.4671], [-112.564, 36.4713], [-112.5723, 36.4751], [-112.575, 36.4789], [-112.5774, 36.4789], [-112.5785, 36.4925], [-112.5813, 36.4946], [-112.5821, 36.4981], [-112.5908, 36.5019], [-112.5978, 36.4998], [-112.612, 36.5008], [-112.6152, 36.4985], [-112.6149, 36.4954], [-112.6177, 36.4924], [-112.6201, 36.4932], [-112.625, 36.4908], [-112.6281, 36.4865], [-112.636, 36.4843], [-112.6362, 36.487], [-112.6407, 36.4886], [-112.6397, 36.4904], [-112.6356, 36.4911], [-112.6368, 36.4948], [-112.6401, 36.4956], [-112.6406, 36.4983], [-112.6431, 36.4956], [-112.6458, 36.4969], [-112.6462, 36.4985], [-112.6426, 36.499], [-112.6416, 36.5016], [-112.6483, 36.5036], [-112.6449, 36.5061], [-112.6464, 36.5101], [-112.6516, 36.5091], [-112.6561, 36.5146], [-112.6525, 36.5184], [-112.6551, 36.5202], [-112.6557, 36.5228], [-112.6531, 36.5284], [-112.6589, 36.529], [-112.6587, 36.5347], [-112.6558, 36.5374], [-112.6603, 36.5385], [-112.6601, 36.5434], [-112.6517, 36.5446], [-112.6541, 36.546], [-112.6501, 36.5512], [-112.6564, 36.5539], [-112.6534, 36.5581], [-112.6474, 36.5616], [-112.6481, 36.5643], [-112.6416, 36.5657], [-112.6414, 36.5692], [-112.6442, 36.5711], [-112.6328, 36.5703], [-112.6323, 36.5744], [-112.6355, 36.5759], [-112.6343, 36.5776], [-112.6285, 36.5768], [-112.63, 36.5815], [-112.6261, 36.5817], [-112.6294, 36.5895], [-112.6226, 36.5914], [-112.6264, 36.5932], [-112.6209, 36.5956], [-112.6236, 36.6001], [-112.6198, 36.6024], [-112.6225, 36.6072], [-112.6189, 36.6104], [-112.6186, 36.6135], [-112.6234, 36.6151], [-112.6243, 36.6215], [-112.6227, 36.6268], [-112.627, 36.6299], [-112.6249, 36.6351], [-112.6291, 36.6376], [-112.6274, 36.6393], [-112.6294, 36.6458], [-112.6258, 36.6476], [-112.6299, 36.6493], [-112.6307, 36.6518], [-112.6275, 36.6548], [-112.6336, 36.6588], [-112.6328, 36.6618], [-112.6364, 36.6683], [-112.6346, 36.671], [-112.6387, 36.6745], [-112.6366, 36.6778], [-112.6334, 36.6789], [-112.6328, 36.6811], [-112.6352, 36.6844], [-112.6343, 36.6872], [-112.6313, 36.6881], [-112.6287, 36.6918], [-112.6304, 36.6965], [-112.6285, 36.6973], [-112.627, 36.7012], [-112.6312, 36.7054], [-112.6267, 36.7069], [-112.6238, 36.7112], [-112.6276, 36.7143], [-112.628, 36.7167], [-112.6238, 36.7173], [-112.6227, 36.7204], [-112.6166, 36.7215], [-112.6228, 36.7234], [-112.6202, 36.7281], [-112.6209, 36.7303], [-112.6182, 36.7302], [-112.6154, 36.7268], [-112.6172, 36.7312], [-112.6165, 36.7337], [-112.6225, 36.7346], [-112.6221, 36.7372], [-112.6188, 36.7381], [-112.6148, 36.7354], [-112.6122, 36.7369], [-112.6145, 36.7406], [-112.6183, 36.7411], [-112.6168, 36.7446], [-112.6121, 36.7429], [-112.6137, 36.7491], [-112.617, 36.7504], [-112.6169, 36.7549], [-112.6142, 36.755], [-112.6117, 36.752], [-112.6098, 36.7555], [-112.6117, 36.7577], [-112.6155, 36.7579], [-112.6154, 36.7626], [-112.6203, 36.7637], [-112.6195, 36.7663], [-112.6209, 36.7697], [-112.6183, 36.7691], [-112.6122, 36.7759], [-112.6135, 36.7768], [-112.6166, 36.7749], [-112.6197, 36.7827], [-112.6139, 36.7867], [-112.6142, 36.7917], [-112.6119, 36.795], [-112.6147, 36.7977], [-112.6084, 36.798], [-112.6106, 36.8021], [-112.6038, 36.7996], [-112.6055, 36.8023], [-112.6037, 36.8054], [-112.6065, 36.8076], [-112.603, 36.8087], [-112.6009, 36.8066], [-112.5973, 36.8092], [-112.6001, 36.8102], [-112.5992, 36.8156], [-112.6015, 36.8175], [-112.5996, 36.8202], [-112.6008, 36.8241], [-112.5974, 36.8244], [-112.5965, 36.8286], [-112.6004, 36.8319], [-112.8274, 36.832], [-112.8274, 36.8465], [-113.0091, 36.8464], [-113.0271, 36.8489], [-113.0359, 36.8485], [-113.0572, 36.852]]]}}, {"type": "Feature", "properties": {"zip": "85616", "total": 292, "q1": 65, "q2": 73, "q3": 78, "q4": 76, "pop": 648, "acsPriv": 111, "seats": 44}, "geometry": {"type": "Polygon", "coordinates": [[[-110.4608, 31.5851], [-110.4608, 31.6139], [-110.4522, 31.6139], [-110.4523, 31.7445], [-110.3843, 31.7449], [-110.3845, 31.7597], [-110.3675, 31.7596], [-110.3675, 31.779], [-110.3663, 31.7795], [-110.3466, 31.782], [-110.3338, 31.7804], [-110.2966, 31.7813], [-110.2714, 31.7798], [-110.2534, 31.8223], [-110.2496, 31.8383], [-110.2456, 31.8406], [-110.244, 31.8452], [-110.2401, 31.8491], [-110.2149, 31.8312], [-110.2177, 31.8225], [-110.2172, 31.8184], [-110.2079, 31.8059], [-110.2131, 31.8034], [-110.2175, 31.7969], [-110.218, 31.7898], [-110.2244, 31.7878], [-110.2193, 31.7839], [-110.2167, 31.7839], [-110.2161, 31.7784], [-110.2069, 31.7752], [-110.2052, 31.7731], [-110.2089, 31.771], [-110.2088, 31.7697], [-110.2013, 31.7661], [-110.2034, 31.7605], [-110.2032, 31.754], [-110.1957, 31.7461], [-110.1972, 31.7429], [-110.1949, 31.7419], [-110.1935, 31.7332], [-110.1964, 31.7272], [-110.1939, 31.7248], [-110.1915, 31.7157], [-110.1892, 31.7146], [-110.1898, 31.7117], [-110.1834, 31.7073], [-110.1803, 31.7004], [-110.1824, 31.6986], [-110.1829, 31.6913], [-110.1874, 31.6895], [-110.1923, 31.6917], [-110.1963, 31.6892], [-110.1841, 31.6781], [-110.1847, 31.6765], [-110.182, 31.6759], [-110.1828, 31.6728], [-110.1793, 31.6721], [-110.1767, 31.6694], [-110.1819, 31.6629], [-110.183, 31.657], [-110.1766, 31.6523], [-110.1762, 31.649], [-110.1796, 31.6424], [-110.1758, 31.6391], [-110.1749, 31.6345], [-110.1786, 31.633], [-110.1778, 31.6246], [-110.1829, 31.6165], [-110.1897, 31.6251], [-110.1912, 31.6352], [-110.2067, 31.6353], [-110.2058, 31.6869], [-110.2395, 31.6872], [-110.2396, 31.6724], [-110.2653, 31.6723], [-110.2653, 31.665], [-110.2823, 31.665], [-110.2816, 31.663], [-110.3119, 31.6542], [-110.3121, 31.6432], [-110.3252, 31.6431], [-110.3253, 31.6352], [-110.3294, 31.6351], [-110.3295, 31.6202], [-110.3338, 31.6201], [-110.3338, 31.614], [-110.3369, 31.6202], [-110.4468, 31.6078], [-110.4478, 31.5851], [-110.4608, 31.5851]]]}}, {"type": "Feature", "properties": {"zip": "85607", "total": 333, "q1": 79, "q2": 84, "q3": 85, "q4": 85, "pop": 3402, "acsPriv": 157, "seats": 222}, "geometry": {"type": "Polygon", "coordinates": [[[-109.7928, 31.3344], [-109.783, 31.3403], [-109.7832, 31.3785], [-109.7369, 31.3722], [-109.7598, 31.3851], [-109.773, 31.3966], [-109.7719, 31.3973], [-109.7665, 31.3927], [-109.7652, 31.3941], [-109.7596, 31.3941], [-109.7596, 31.4002], [-109.737, 31.3921], [-109.716, 31.3794], [-109.7059, 31.3759], [-109.707, 31.3652], [-109.6986, 31.3645], [-109.6983, 31.4377], [-109.633, 31.4373], [-109.6328, 31.452], [-109.6067, 31.4517], [-109.6128, 31.4592], [-109.6388, 31.5071], [-109.6319, 31.5114], [-109.6287, 31.5158], [-109.6275, 31.5259], [-109.6256, 31.5288], [-109.6256, 31.5381], [-109.623, 31.5378], [-109.6123, 31.5438], [-109.609, 31.5515], [-109.6048, 31.5546], [-109.596, 31.5544], [-109.5899, 31.5513], [-109.581, 31.5442], [-109.5788, 31.544], [-109.5787, 31.5398], [-109.5616, 31.5397], [-109.5616, 31.5544], [-109.5446, 31.5544], [-109.544, 31.5668], [-109.5267, 31.5754], [-109.5245, 31.5807], [-109.5191, 31.5855], [-109.5163, 31.5854], [-109.5147, 31.5833], [-109.5132, 31.5879], [-109.5091, 31.5889], [-109.5087, 31.5917], [-109.4895, 31.5952], [-109.4881, 31.6], [-109.4813, 31.6062], [-109.4797, 31.6152], [-109.4739, 31.6257], [-109.4731, 31.6465], [-109.4669, 31.646], [-109.4606, 31.6477], [-109.4547, 31.6552], [-109.4489, 31.6562], [-109.445, 31.6519], [-109.4365, 31.6473], [-109.4374, 31.6436], [-109.4338, 31.6463], [-109.4241, 31.6491], [-109.4199, 31.6493], [-109.4092, 31.6441], [-109.3837, 31.648], [-109.3697, 31.6478], [-109.3668, 31.6492], [-109.3658, 31.6518], [-109.3599, 31.6558], [-109.355, 31.662], [-109.3492, 31.6604], [-109.3502, 31.6639], [-109.3451, 31.6665], [-109.344, 31.6698], [-109.3465, 31.6751], [-109.3611, 31.6814], [-109.3664, 31.686], [-109.3678, 31.691], [-109.3629, 31.703], [-109.345, 31.6759], [-109.3322, 31.6656], [-109.3251, 31.657], [-109.3253, 31.7258], [-109.3117, 31.729], [-109.2237, 31.7292], [-109.2249, 31.7355], [-109.1846, 31.7358], [-109.1855, 31.7338], [-109.1898, 31.7331], [-109.1913, 31.7274], [-109.1806, 31.7241], [-109.1806, 31.7266], [-109.1792, 31.7254], [-109.1786, 31.7162], [-109.1744, 31.7095], [-109.1699, 31.7071], [-109.1647, 31.7068], [-109.1592, 31.7023], [-109.1451, 31.702], [-109.1439, 31.6992], [-109.1453, 31.6903], [-109.1344, 31.6895], [-109.1608, 31.6521], [-109.1951, 31.6326], [-109.1748, 31.642], [-109.1602, 31.6523], [-109.1556, 31.6501], [-109.1382, 31.6501], [-109.1334, 31.6472], [-109.1296, 31.639], [-109.1229, 31.6391], [-109.1117, 31.6318], [-109.1088, 31.6277], [-109.1078, 31.6227], [-109.1032, 31.6246], [-109.096, 31.6238], [-109.0917, 31.6196], [-109.0888, 31.6132], [-109.0795, 31.6107], [-109.0668, 31.5925], [-109.0555, 31.5889], [-109.05, 31.5923], [-109.05, 31.3323], [-109.7928, 31.3344]], [[-109.6002, 31.4455], [-109.596, 31.4415], [-109.5936, 31.4438], [-109.5878, 31.4442], [-109.5762, 31.45], [-109.5736, 31.453], [-109.5729, 31.4659], [-109.5878, 31.4657], [-109.5878, 31.4683], [-109.5944, 31.4683], [-109.5944, 31.4664], [-109.596, 31.468], [-109.5979, 31.4662], [-109.5979, 31.4611], [-109.5929, 31.4552], [-109.5957, 31.4553], [-109.5958, 31.4494], [-109.6002, 31.4455]], [[-109.5794, 31.3541], [-109.5761, 31.3541], [-109.5761, 31.3521], [-109.5701, 31.3515], [-109.5646, 31.3571], [-109.5539, 31.3569], [-109.556, 31.3593], [-109.5539, 31.3593], [-109.5539, 31.3642], [-109.5778, 31.3642], [-109.5778, 31.3657], [-109.5794, 31.3657], [-109.5794, 31.3541]]]}}, {"type": "Feature", "properties": {"zip": "86301", "total": 1108, "q1": 254, "q2": 269, "q3": 292, "q4": 293, "pop": 2519, "acsPriv": 382, "seats": 132}, "geometry": {"type": "Polygon", "coordinates": [[[-112.4866, 34.5617], [-112.4822, 34.5648], [-112.4835, 34.5736], [-112.4824, 34.5732], [-112.4811, 34.5833], [-112.4693, 34.5938], [-112.4627, 34.5978], [-112.457, 34.5991], [-112.4555, 34.6039], [-112.4516, 34.6071], [-112.4603, 34.6072], [-112.4602, 34.6215], [-112.4425, 34.6218], [-112.4324, 34.6439], [-112.4357, 34.6555], [-112.4281, 34.6542], [-112.4228, 34.6585], [-112.4133, 34.6615], [-112.412, 34.6633], [-112.4159, 34.6628], [-112.4072, 34.6688], [-112.4066, 34.6728], [-112.3981, 34.6816], [-112.3947, 34.6758], [-112.3985, 34.6642], [-112.3982, 34.6579], [-112.3998, 34.6535], [-112.4055, 34.6483], [-112.4068, 34.6442], [-112.3946, 34.6436], [-112.3946, 34.6342], [-112.3908, 34.6324], [-112.3754, 34.6305], [-112.377, 34.6287], [-112.377, 34.6149], [-112.3814, 34.6148], [-112.3817, 34.6003], [-112.3862, 34.6003], [-112.3861, 34.5886], [-112.3861, 34.5863], [-112.3779, 34.5866], [-112.3781, 34.5723], [-112.3693, 34.5722], [-112.3735, 34.5657], [-112.3794, 34.5599], [-112.3821, 34.5542], [-112.3888, 34.5494], [-112.4011, 34.5484], [-112.4103, 34.5517], [-112.4247, 34.553], [-112.425, 34.5514], [-112.428, 34.5519], [-112.4213, 34.5457], [-112.4474, 34.5457], [-112.4503, 34.5463], [-112.4493, 34.5477], [-112.4606, 34.5408], [-112.4772, 34.5427], [-112.4775, 34.5457], [-112.4761, 34.547], [-112.4829, 34.5522], [-112.4802, 34.5516], [-112.4832, 34.5534], [-112.4821, 34.5577], [-112.4844, 34.5596], [-112.4834, 34.5607], [-112.4866, 34.5617]], [[-112.4577, 34.5556], [-112.4554, 34.5491], [-112.4516, 34.5506], [-112.4499, 34.5492], [-112.4503, 34.5535], [-112.447, 34.5589], [-112.4577, 34.5556]]]}}, {"type": "Feature", "properties": {"zip": "85641", "total": 1510, "q1": 346, "q2": 369, "q3": 397, "q4": 398, "pop": 7124, "acsPriv": 462, "seats": 79}, "geometry": {"type": "Polygon", "coordinates": [[[-110.8582, 32.0066], [-110.8521, 32.0039], [-110.8333, 32.0], [-110.8095, 32.0052], [-110.7739, 32.005], [-110.7738, 32.0341], [-110.7188, 32.0339], [-110.7162, 32.0411], [-110.7232, 32.0412], [-110.7232, 32.0518], [-110.7274, 32.0518], [-110.7274, 32.0554], [-110.7359, 32.0555], [-110.7359, 32.0591], [-110.7399, 32.059], [-110.7399, 32.0625], [-110.7691, 32.0629], [-110.7345, 32.0631], [-110.7401, 32.0662], [-110.7399, 32.0776], [-110.7514, 32.0825], [-110.7471, 32.0827], [-110.747, 32.0868], [-110.7552, 32.0912], [-110.7564, 32.0952], [-110.7358, 32.0985], [-110.7324, 32.1006], [-110.7233, 32.0971], [-110.7241, 32.0998], [-110.7215, 32.1009], [-110.721, 32.1277], [-110.7107, 32.121], [-110.6876, 32.0976], [-110.6875, 32.1043], [-110.6831, 32.1042], [-110.683, 32.1079], [-110.6788, 32.1079], [-110.6787, 32.115], [-110.6702, 32.115], [-110.6702, 32.1186], [-110.6666, 32.1179], [-110.6657, 32.1198], [-110.6613, 32.1194], [-110.6551, 32.1237], [-110.6549, 32.1219], [-110.6533, 32.1223], [-110.6533, 32.1293], [-110.6486, 32.1293], [-110.6489, 32.133], [-110.6508, 32.1362], [-110.6569, 32.1408], [-110.6695, 32.1427], [-110.6755, 32.1416], [-110.6872, 32.133], [-110.6871, 32.1476], [-110.7348, 32.1483], [-110.734, 32.1586], [-110.7374, 32.163], [-110.6529, 32.1624], [-110.6524, 32.2351], [-110.5528, 32.2348], [-110.5529, 32.2372], [-110.4985, 32.2368], [-110.499, 32.1064], [-110.553, 32.1066], [-110.5536, 32.0559], [-110.5454, 32.056], [-110.5453, 32.0487], [-110.4683, 32.0494], [-110.4712, 32.043], [-110.471, 32.0351], [-110.4697, 32.0342], [-110.4871, 32.0253], [-110.5128, 32.0276], [-110.5205, 32.0326], [-110.5244, 32.0379], [-110.5273, 32.0388], [-110.5269, 32.0095], [-110.5283, 32.0058], [-110.5269, 32.0023], [-110.5285, 31.9943], [-110.5175, 31.9937], [-110.5095, 31.9901], [-110.4997, 31.9888], [-110.482, 31.9812], [-110.4548, 31.9898], [-110.4515, 31.99], [-110.4515, 31.9874], [-110.4706, 31.9842], [-110.481, 31.9784], [-110.4968, 31.9816], [-110.5061, 31.9786], [-110.5117, 31.9789], [-110.514, 31.9776], [-110.5122, 31.9766], [-110.5144, 31.9774], [-110.5191, 31.9748], [-110.5252, 31.9749], [-110.5272, 31.9729], [-110.5264, 31.963], [-110.5279, 31.9615], [-110.5305, 31.9634], [-110.5448, 31.9637], [-110.5705, 31.9675], [-110.5693, 31.9593], [-110.5727, 31.9533], [-110.5777, 31.948], [-110.5843, 31.948], [-110.5692, 31.9371], [-110.5579, 31.9152], [-110.5697, 31.9137], [-110.5765, 31.9056], [-110.5868, 31.9086], [-110.5901, 31.906], [-110.5878, 31.9052], [-110.591, 31.8951], [-110.5945, 31.8919], [-110.6156, 31.8569], [-110.6063, 31.8498], [-110.6057, 31.8475], [-110.6022, 31.8467], [-110.6013, 31.8455], [-110.613, 31.8452], [-110.6152, 31.8473], [-110.6173, 31.8455], [-110.6204, 31.8473], [-110.6218, 31.8466], [-110.6259, 31.8366], [-110.6298, 31.8321], [-110.6328, 31.8208], [-110.6416, 31.8089], [-110.6453, 31.7977], [-110.6613, 31.8019], [-110.6799, 31.8038], [-110.6836, 31.8057], [-110.6908, 31.8032], [-110.6897, 31.8061], [-110.6939, 31.8117], [-110.7036, 31.8156], [-110.7013, 31.818], [-110.758, 31.818], [-110.7573, 31.8902], [-110.7768, 31.8899], [-110.7785, 31.8925], [-110.7775, 31.8944], [-110.7789, 31.8952], [-110.7771, 31.8967], [-110.7782, 31.8987], [-110.7858, 31.9008], [-110.7838, 31.9024], [-110.7865, 31.9062], [-110.7867, 31.9115], [-110.7899, 31.9197], [-110.7941, 31.9258], [-110.7964, 31.9335], [-110.8022, 31.9407], [-110.8101, 31.9468], [-110.8149, 31.9539], [-110.825, 31.9589], [-110.825, 31.9631], [-110.8407, 31.963], [-110.8406, 31.9906], [-110.8582, 31.9906], [-110.8582, 32.0066]]]}}, {"type": "Feature", "properties": {"zip": "85645", "total": 144, "q1": 36, "q2": 36, "q3": 36, "q4": 36, "pop": 107, "acsPriv": 0, "seats": 0}, "geometry": {"type": "Polygon", "coordinates": [[[-111.3327, 31.6824], [-111.3314, 31.685], [-111.3254, 31.6874], [-111.3208, 31.684], [-111.3133, 31.6852], [-111.3098, 31.6831], [-111.3096, 31.6888], [-111.3045, 31.6933], [-111.3025, 31.7022], [-111.3102, 31.7068], [-111.3164, 31.7081], [-111.3202, 31.714], [-111.328, 31.7199], [-111.33, 31.7249], [-111.2647, 31.7262], [-111.2663, 31.766], [-111.2566, 31.7687], [-111.2453, 31.7755], [-111.2266, 31.7766], [-111.2183, 31.7697], [-111.2131, 31.7618], [-111.2026, 31.7599], [-111.1975, 31.7543], [-111.1909, 31.753], [-111.1849, 31.7491], [-111.1779, 31.7491], [-111.1721, 31.7454], [-111.1663, 31.7334], [-111.1582, 31.7259], [-111.121, 31.7261], [-111.1139, 31.7282], [-111.1081, 31.726], [-111.0787, 31.7261], [-111.0787, 31.7285], [-111.0884, 31.7322], [-111.0884, 31.7587], [-111.0796, 31.7551], [-111.0758, 31.7509], [-111.0729, 31.7506], [-111.0713, 31.7478], [-111.0679, 31.7469], [-111.0618, 31.7413], [-111.0597, 31.7416], [-111.0566, 31.7389], [-111.0517, 31.7398], [-111.0404, 31.758], [-111.035, 31.7686], [-111.0351, 31.7718], [-111.0323, 31.7738], [-111.0243, 31.786], [-111.0101, 31.8122], [-111.0135, 31.8044], [-111.0, 31.8054], [-110.9983, 31.8034], [-110.9971, 31.8062], [-110.9917, 31.8073], [-110.992, 31.8029], [-110.987, 31.8004], [-110.9883, 31.7977], [-110.9864, 31.7977], [-110.9832, 31.7927], [-110.9792, 31.7919], [-110.9679, 31.7845], [-110.9662, 31.7818], [-110.9693, 31.7775], [-110.9649, 31.7682], [-110.9659, 31.7598], [-110.9748, 31.7498], [-110.9813, 31.7544], [-110.989, 31.7538], [-110.9939, 31.7478], [-110.9938, 31.7265], [-110.9432, 31.7267], [-110.9451, 31.7245], [-110.9428, 31.7214], [-110.9471, 31.7119], [-110.9494, 31.7091], [-110.9508, 31.7139], [-110.9523, 31.7104], [-110.9463, 31.698], [-110.9395, 31.6931], [-110.9474, 31.6918], [-110.9564, 31.6927], [-110.959, 31.6916], [-110.9588, 31.6885], [-110.9627, 31.6869], [-110.9576, 31.6839], [-110.9576, 31.6585], [-110.9692, 31.66], [-110.9666, 31.6623], [-110.9683, 31.6636], [-110.9647, 31.6654], [-110.9635, 31.6684], [-110.9664, 31.672], [-110.9783, 31.6775], [-110.9786, 31.6821], [-110.9731, 31.6865], [-110.9743, 31.6895], [-110.9843, 31.6906], [-110.9901, 31.6941], [-111.0006, 31.6963], [-111.02, 31.6974], [-111.0305, 31.7003], [-111.0329, 31.7002], [-111.0351, 31.6975], [-111.0343, 31.6954], [-111.0374, 31.6972], [-111.0403, 31.6963], [-111.0442, 31.6976], [-111.0448, 31.6931], [-111.0528, 31.6965], [-111.0543, 31.6893], [-111.051, 31.6779], [-111.0471, 31.6522], [-111.044, 31.646], [-111.0475, 31.6459], [-111.0499, 31.6489], [-111.0587, 31.6445], [-111.0618, 31.6524], [-111.062, 31.6619], [-111.0671, 31.6639], [-111.0693, 31.6632], [-111.0761, 31.6579], [-111.0767, 31.6542], [-111.0844, 31.6526], [-111.0882, 31.6434], [-111.0948, 31.6385], [-111.1047, 31.6346], [-111.1054, 31.6326], [-111.1019, 31.6292], [-111.106, 31.6266], [-111.1158, 31.6274], [-111.1243, 31.6255], [-111.1297, 31.6225], [-111.1296, 31.6187], [-111.1271, 31.6153], [-111.1282, 31.6127], [-111.1398, 31.6066], [-111.1418, 31.6078], [-111.1413, 31.6034], [-111.1436, 31.5993], [-111.1417, 31.5962], [-111.1435, 31.5943], [-111.1519, 31.5935], [-111.1528, 31.591], [-111.1567, 31.591], [-111.1587, 31.5891], [-111.1626, 31.5902], [-111.17, 31.588], [-111.1777, 31.5917], [-111.1769, 31.5928], [-111.179, 31.5935], [-111.181, 31.6017], [-111.1861, 31.6027], [-111.1906, 31.6071], [-111.1923, 31.6049], [-111.1957, 31.607], [-111.2078, 31.6065], [-111.2087, 31.61], [-111.2121, 31.6091], [-111.218, 31.611], [-111.2263, 31.6084], [-111.2341, 31.6117], [-111.2369, 31.6193], [-111.2362, 31.6281], [-111.2438, 31.6318], [-111.2418, 31.6342], [-111.2387, 31.6347], [-111.2395, 31.6362], [-111.2477, 31.6345], [-111.2523, 31.6382], [-111.2665, 31.6449], [-111.2722, 31.6453], [-111.2781, 31.6406], [-111.2841, 31.6469], [-111.2928, 31.646], [-111.2967, 31.6487], [-111.2986, 31.6572], [-111.2972, 31.66], [-111.31, 31.66], [-111.3223, 31.657], [-111.3263, 31.6607], [-111.3212, 31.6692], [-111.327, 31.6721], [-111.3327, 31.6824]]]}}, {"type": "Feature", "properties": {"zip": "85735", "total": 304, "q1": 68, "q2": 78, "q3": 81, "q4": 77, "pop": 1725, "acsPriv": 248, "seats": 0}, "geometry": {"type": "Polygon", "coordinates": [[[-111.5769, 31.9233], [-111.5475, 31.9227], [-111.5481, 31.9524], [-111.5396, 31.9521], [-111.5385, 31.981], [-111.5474, 31.9811], [-111.5473, 32.0098], [-111.4785, 32.0107], [-111.4784, 32.0249], [-111.4193, 32.0279], [-111.4195, 32.043], [-111.3861, 32.0446], [-111.3861, 32.0586], [-111.4789, 32.0544], [-111.4789, 32.0688], [-111.4755, 32.0688], [-111.4749, 32.0999], [-111.4407, 32.1001], [-111.4409, 32.1725], [-111.3764, 32.1725], [-111.3735, 32.1726], [-111.3736, 32.175], [-111.291, 32.1757], [-111.291, 32.1973], [-111.2787, 32.1973], [-111.2787, 32.1901], [-111.218, 32.1902], [-111.218, 32.2045], [-111.1667, 32.2047], [-111.1666, 32.2207], [-111.1466, 32.2207], [-111.1404, 32.2271], [-111.1324, 32.2221], [-111.1316, 32.2155], [-111.1219, 32.2016], [-111.1135, 32.1985], [-111.0962, 32.1879], [-111.0964, 32.1846], [-111.0926, 32.1857], [-111.0718, 32.1726], [-111.0713, 32.1714], [-111.0968, 32.1641], [-111.1394, 32.1442], [-111.1833, 32.13], [-111.2658, 32.0957], [-111.265, 32.0718], [-111.2905, 32.0818], [-111.2907, 32.0857], [-111.3135, 32.0767], [-111.316, 32.0687], [-111.3316, 32.0455], [-111.3332, 32.05], [-111.3371, 32.0529], [-111.3443, 32.0526], [-111.3502, 32.0551], [-111.3464, 32.0643], [-111.3388, 32.0756], [-111.3457, 32.0757], [-111.3658, 32.0668], [-111.3784, 32.0641], [-111.3793, 32.0483], [-111.3825, 32.0439], [-111.4022, 32.0408], [-111.4023, 32.0142], [-111.3897, 32.0012], [-111.3905, 31.9829], [-111.4126, 31.9784], [-111.4264, 31.9716], [-111.4554, 31.9637], [-111.4672, 31.962], [-111.4749, 31.9629], [-111.4828, 31.9611], [-111.4888, 31.9646], [-111.5083, 31.9507], [-111.5169, 31.9399], [-111.5259, 31.9361], [-111.5288, 31.9312], [-111.5408, 31.9302], [-111.5416, 31.9284], [-111.5404, 31.9266], [-111.546, 31.9246], [-111.547, 31.9228], [-111.549, 31.9213], [-111.5503, 31.9226], [-111.5769, 31.9233]]]}}, {"type": "Feature", "properties": {"zip": "85332", "total": 81, "q1": 18, "q2": 18, "q3": 21, "q4": 24, "pop": 132, "acsPriv": 46, "seats": 0}, "geometry": {"type": "MultiPolygon", "coordinates": [[[[-112.6185, 34.3163], [-112.6181, 34.3161], [-112.6184, 34.3159], [-112.6185, 34.3163]]], [[[-113.1681, 34.3704], [-113.1586, 34.3686], [-113.1522, 34.3707], [-113.1341, 34.3656], [-113.1262, 34.3661], [-113.1238, 34.3678], [-113.1202, 34.3667], [-113.111, 34.3726], [-113.1043, 34.3701], [-113.101, 34.371], [-113.0915, 34.369], [-113.0909, 34.3658], [-113.0882, 34.3669], [-113.0831, 34.3639], [-113.0778, 34.3669], [-113.0691, 34.3657], [-113.0666, 34.3618], [-113.0683, 34.3599], [-113.0664, 34.3553], [-113.0631, 34.3549], [-113.0624, 34.3605], [-113.0519, 34.357], [-113.0412, 34.364], [-113.034, 34.3665], [-113.0334, 34.369], [-113.0239, 34.3761], [-113.0241, 34.382], [-113.0159, 34.385], [-113.0144, 34.3883], [-113.0091, 34.3881], [-113.0093, 34.3929], [-113.0036, 34.3938], [-112.9976, 34.3999], [-112.9933, 34.4001], [-112.9893, 34.4038], [-112.9736, 34.4042], [-112.9573, 34.399], [-112.9527, 34.3944], [-112.953, 34.3925], [-112.9498, 34.3894], [-112.9469, 34.3818], [-112.9392, 34.3731], [-112.9402, 34.368], [-112.9364, 34.3631], [-112.9278, 34.3308], [-112.923, 34.3217], [-112.9202, 34.3108], [-112.9091, 34.301], [-112.908, 34.3018], [-112.9051, 34.297], [-112.9047, 34.2842], [-112.9059, 34.2796], [-112.898, 34.2552], [-112.888, 34.2471], [-112.8688, 34.2419], [-112.8539, 34.2323], [-112.8458, 34.2337], [-112.847, 34.2269], [-112.8331, 34.218], [-112.8331, 34.2088], [-112.8289, 34.1984], [-112.827, 34.1912], [-112.828, 34.1874], [-112.8257, 34.1825], [-112.8009, 34.2079], [-112.7902, 34.2044], [-112.7806, 34.2061], [-112.7819, 34.2033], [-112.7807, 34.2013], [-112.7727, 34.2042], [-112.763, 34.2015], [-112.7615, 34.2048], [-112.7584, 34.204], [-112.7537, 34.2073], [-112.7554, 34.2099], [-112.7554, 34.2122], [-112.7539, 34.2128], [-112.7507, 34.2108], [-112.7487, 34.2118], [-112.7424, 34.2058], [-112.7291, 34.1998], [-112.7288, 34.1948], [-112.7253, 34.1925], [-112.7226, 34.1979], [-112.7205, 34.198], [-112.7183, 34.2043], [-112.7184, 34.2433], [-112.669, 34.2432], [-112.6612, 34.2512], [-112.6534, 34.255], [-112.6508, 34.263], [-112.6444, 34.271], [-112.6362, 34.2729], [-112.6257, 34.2792], [-112.6184, 34.2776], [-112.6185, 34.1578], [-112.6209, 34.1578], [-112.6211, 34.1126], [-112.6173, 34.1128], [-112.6176, 34.0712], [-112.6588, 34.07], [-112.6604, 34.0714], [-112.7094, 34.0711], [-112.7122, 34.0656], [-112.7113, 34.0599], [-112.7162, 34.0488], [-112.7215, 34.0534], [-112.7323, 34.0583], [-112.739, 34.0567], [-112.7478, 34.06], [-112.7555, 34.0692], [-112.7596, 34.0712], [-112.7957, 34.071], [-112.8004, 34.0658], [-112.8088, 34.0675], [-112.8193, 34.0631], [-112.8113, 34.0301], [-112.8089, 34.0252], [-112.8173, 34.0309], [-112.816, 34.0365], [-112.8171, 34.0472], [-112.8216, 34.0626], [-112.8358, 34.0822], [-112.8386, 34.0908], [-112.8447, 34.0999], [-112.8969, 34.0996], [-112.8989, 34.1008], [-112.902, 34.0999], [-112.9035, 34.0951], [-112.9064, 34.0927], [-112.8975, 34.0865], [-112.9004, 34.0774], [-112.9048, 34.0709], [-112.9047, 34.0619], [-112.9122, 34.061], [-112.9193, 34.0573], [-112.9206, 34.0581], [-112.9188, 34.0476], [-112.9224, 34.0291], [-112.9247, 34.0268], [-112.9231, 34.0209], [-112.9069, 34.0023], [-112.9174, 33.9999], [-113.0373, 34.0], [-113.0221, 34.002], [-113.0184, 34.0011], [-113.0161, 34.0032], [-113.0023, 34.0419], [-113.0273, 34.0931], [-113.0871, 34.2303], [-113.0824, 34.2414], [-113.0935, 34.2448], [-113.1528, 34.341], [-113.1612, 34.3602], [-113.1681, 34.3704]]]]}}, {"type": "Feature", "properties": {"zip": "85739", "total": 525, "q1": 128, "q2": 135, "q3": 132, "q4": 130, "pop": 1167, "acsPriv": 337, "seats": 0}, "geometry": {"type": "MultiPolygon", "coordinates": [[[[-110.94, 32.4426], [-110.9339, 32.4435], [-110.9339, 32.4403], [-110.9374, 32.4407], [-110.94, 32.4426]]], [[[-111.3159, 32.6111], [-111.2186, 32.6894], [-111.1425, 32.7576], [-111.1291, 32.7466], [-111.0966, 32.7058], [-111.0868, 32.695], [-111.0791, 32.689], [-111.0776, 32.6896], [-111.0834, 32.6959], [-111.0541, 32.7171], [-111.0433, 32.7214], [-111.0323, 32.731], [-111.0228, 32.7365], [-110.9726, 32.7115], [-110.9656, 32.7121], [-110.9608, 32.7096], [-110.96, 32.7071], [-110.927, 32.6945], [-110.9247, 32.7028], [-110.9223, 32.7018], [-110.9158, 32.7033], [-110.9074, 32.7089], [-110.9006, 32.7109], [-110.8949, 32.7105], [-110.8943, 32.712], [-110.8821, 32.6985], [-110.88, 32.6935], [-110.8978, 32.6878], [-110.8951, 32.6773], [-110.8898, 32.6693], [-110.887, 32.6585], [-110.8667, 32.6276], [-110.8656, 32.6215], [-110.8742, 32.6198], [-110.8814, 32.6215], [-110.8962, 32.6215], [-110.8968, 32.6144], [-110.9481, 32.6067], [-110.9397, 32.5951], [-110.9378, 32.5877], [-110.9478, 32.5746], [-110.935, 32.5577], [-110.9329, 32.5568], [-110.9174, 32.5765], [-110.8884, 32.5935], [-110.8614, 32.6047], [-110.856, 32.6011], [-110.8483, 32.5919], [-110.8329, 32.5886], [-110.8324, 32.5868], [-110.826, 32.5841], [-110.826, 32.5775], [-110.8285, 32.5778], [-110.8364, 32.572], [-110.8179, 32.5667], [-110.8172, 32.5643], [-110.8069, 32.5625], [-110.807, 32.5604], [-110.8006, 32.5571], [-110.7974, 32.5575], [-110.7975, 32.554], [-110.7957, 32.5524], [-110.7889, 32.5496], [-110.7898, 32.5483], [-110.7876, 32.5475], [-110.789, 32.5446], [-110.7865, 32.5451], [-110.7844, 32.542], [-110.7864, 32.5394], [-110.7838, 32.5388], [-110.7857, 32.5353], [-110.7813, 32.5305], [-110.7843, 32.5286], [-110.7825, 32.5225], [-110.7836, 32.5195], [-110.7818, 32.5183], [-110.7836, 32.517], [-110.7836, 32.5147], [-110.7858, 32.5143], [-110.7826, 32.5095], [-110.784, 32.5073], [-110.7814, 32.5045], [-110.7833, 32.5033], [-110.7837, 32.5], [-110.7814, 32.4923], [-110.789, 32.4881], [-110.7913, 32.4808], [-110.795, 32.4792], [-110.7976, 32.4691], [-110.8028, 32.4642], [-110.8031, 32.4602], [-110.8121, 32.447], [-110.8121, 32.4405], [-110.8688, 32.4612], [-110.8743, 32.4613], [-110.8761, 32.4631], [-110.8763, 32.4545], [-110.8891, 32.4557], [-110.8891, 32.4531], [-110.9099, 32.453], [-110.9102, 32.4607], [-110.9216, 32.4606], [-110.9214, 32.4514], [-110.9265, 32.4513], [-110.9265, 32.459], [-110.9287, 32.4589], [-110.932, 32.454], [-110.9339, 32.4549], [-110.9324, 32.46], [-110.9356, 32.46], [-110.9329, 32.4863], [-110.9305, 32.4911], [-110.9315, 32.4977], [-110.9276, 32.5103], [-110.965, 32.5113], [-110.9757, 32.5958], [-110.9823, 32.6012], [-110.9993, 32.6007], [-110.9993, 32.5984], [-111.0511, 32.5977], [-111.0575, 32.5978], [-111.0572, 32.5995], [-111.059, 32.6], [-111.0729, 32.6012], [-111.0797, 32.5984], [-111.209, 32.5988], [-111.2091, 32.6234], [-111.2201, 32.6212], [-111.2226, 32.6177], [-111.2368, 32.6128], [-111.2607, 32.6165], [-111.2866, 32.611], [-111.3159, 32.6111]]]]}}, {"type": "Feature", "properties": {"zip": "85716", "total": 771, "q1": 182, "q2": 193, "q3": 200, "q4": 196, "pop": 4344, "acsPriv": 745, "seats": 225}, "geometry": {"type": "Polygon", "coordinates": [[[-110.9438, 32.2841], [-110.9397, 32.2818], [-110.9281, 32.2821], [-110.9256, 32.2796], [-110.9237, 32.2719], [-110.9095, 32.2715], [-110.9111, 32.2624], [-110.9098, 32.26], [-110.9109, 32.2542], [-110.9097, 32.241], [-110.9109, 32.2383], [-110.9097, 32.238], [-110.9097, 32.2344], [-110.9111, 32.2307], [-110.9096, 32.2307], [-110.9096, 32.207], [-110.9352, 32.2075], [-110.9351, 32.2173], [-110.9377, 32.2179], [-110.9378, 32.2197], [-110.9351, 32.2207], [-110.9353, 32.2407], [-110.9367, 32.2407], [-110.9367, 32.2427], [-110.9354, 32.2427], [-110.9353, 32.2522], [-110.9364, 32.2522], [-110.9352, 32.273], [-110.9363, 32.273], [-110.9376, 32.2795], [-110.9438, 32.2795], [-110.9438, 32.2841]]]}}, {"type": "Feature", "properties": {"zip": "85650", "total": 1056, "q1": 241, "q2": 265, "q3": 274, "q4": 276, "pop": 2494, "acsPriv": 181, "seats": 102}, "geometry": {"type": "Polygon", "coordinates": [[[-110.2914, 31.4874], [-110.2719, 31.5116], [-110.2806, 31.5191], [-110.273, 31.5231], [-110.2717, 31.5256], [-110.2319, 31.5255], [-110.232, 31.5216], [-110.2251, 31.5251], [-110.2167, 31.5323], [-110.2068, 31.5322], [-110.2069, 31.5256], [-110.1922, 31.5254], [-110.1942, 31.5254], [-110.1941, 31.5182], [-110.1898, 31.5182], [-110.1898, 31.5273], [-110.1811, 31.5304], [-110.1727, 31.5295], [-110.1622, 31.5331], [-110.1607, 31.5323], [-110.1542, 31.5365], [-110.1475, 31.5366], [-110.1429, 31.5393], [-110.13, 31.5425], [-110.1222, 31.5065], [-110.1119, 31.4829], [-110.1068, 31.4773], [-110.1096, 31.4758], [-110.1181, 31.482], [-110.1213, 31.4791], [-110.1179, 31.4717], [-110.1392, 31.466], [-110.1391, 31.4673], [-110.2864, 31.4673], [-110.2911, 31.4638], [-110.2914, 31.4874]]]}}, {"type": "Feature", "properties": {"zip": "85618", "total": 17, "q1": 4, "q2": 4, "q3": 4, "q4": 5, "pop": 190, "acsPriv": 0, "seats": 0}, "geometry": {"type": "Polygon", "coordinates": [[[-110.9325, 32.8355], [-110.9277, 32.8398], [-110.9228, 32.8397], [-110.9177, 32.8421], [-110.9164, 32.8466], [-110.8928, 32.8642], [-110.9044, 32.8808], [-110.9047, 32.8846], [-110.897, 32.8949], [-110.8968, 32.9036], [-110.8941, 32.9069], [-110.892, 32.907], [-110.8936, 32.9093], [-110.8908, 32.915], [-110.8715, 32.922], [-110.8595, 32.9317], [-110.8484, 32.9346], [-110.844, 32.9376], [-110.8395, 32.9468], [-110.7918, 32.9476], [-110.7918, 32.9684], [-110.7825, 32.9761], [-110.772, 32.9659], [-110.7574, 32.9419], [-110.7483, 32.9335], [-110.746, 32.9268], [-110.7321, 32.9086], [-110.7327, 32.898], [-110.7292, 32.8898], [-110.7334, 32.879], [-110.729, 32.8678], [-110.7295, 32.8564], [-110.7206, 32.8372], [-110.7091, 32.8284], [-110.7086, 32.8244], [-110.7027, 32.8184], [-110.6973, 32.8073], [-110.6886, 32.8057], [-110.6831, 32.7946], [-110.6836, 32.7875], [-110.6762, 32.7843], [-110.6752, 32.7775], [-110.6714, 32.7724], [-110.4485, 32.7712], [-110.4486, 32.6433], [-110.6008, 32.6445], [-110.5982, 32.6423], [-110.5991, 32.641], [-110.6038, 32.6424], [-110.6039, 32.6446], [-110.6354, 32.6449], [-110.6366, 32.6564], [-110.6425, 32.6611], [-110.6477, 32.6629], [-110.6553, 32.6562], [-110.6538, 32.6546], [-110.6546, 32.6524], [-110.6618, 32.6493], [-110.6607, 32.6467], [-110.6617, 32.6454], [-110.6754, 32.6371], [-110.6802, 32.6305], [-110.6804, 32.6243], [-110.7426, 32.6282], [-110.7395, 32.6323], [-110.74, 32.6358], [-110.7361, 32.6374], [-110.7352, 32.6458], [-110.7216, 32.6593], [-110.7176, 32.6663], [-110.7165, 32.6699], [-110.7189, 32.6709], [-110.7228, 32.6767], [-110.7228, 32.6867], [-110.7138, 32.6867], [-110.714, 32.6939], [-110.7055, 32.6939], [-110.7057, 32.7011], [-110.6935, 32.701], [-110.6934, 32.7047], [-110.6901, 32.7047], [-110.6928, 32.708], [-110.689, 32.7136], [-110.6886, 32.7228], [-110.6789, 32.7229], [-110.6652, 32.7338], [-110.655, 32.7344], [-110.6594, 32.7446], [-110.6567, 32.7446], [-110.6585, 32.7489], [-110.6653, 32.7548], [-110.6746, 32.7716], [-110.9212, 32.7716], [-110.9262, 32.7917], [-110.9199, 32.7999], [-110.917, 32.8001], [-110.9141, 32.8077], [-110.9167, 32.8201], [-110.9198, 32.823], [-110.9239, 32.8227], [-110.9273, 32.8248], [-110.9325, 32.8355]]]}}, {"type": "Feature", "properties": {"zip": "85623", "total": 95, "q1": 22, "q2": 23, "q3": 25, "q4": 25, "pop": 425, "acsPriv": 27, "seats": 0}, "geometry": {"type": "Polygon", "coordinates": [[[-110.9481, 32.6067], [-110.8968, 32.6144], [-110.8962, 32.6215], [-110.8693, 32.6199], [-110.8655, 32.6222], [-110.8669, 32.6279], [-110.887, 32.6585], [-110.8898, 32.6693], [-110.895, 32.6771], [-110.8976, 32.6862], [-110.8958, 32.6894], [-110.8866, 32.6906], [-110.88, 32.6933], [-110.8821, 32.6985], [-110.8947, 32.7127], [-110.8944, 32.7154], [-110.8893, 32.7183], [-110.8879, 32.7218], [-110.8953, 32.7329], [-110.8976, 32.7458], [-110.9031, 32.755], [-110.9187, 32.7647], [-110.9212, 32.7716], [-110.6757, 32.7722], [-110.6653, 32.7548], [-110.6585, 32.7489], [-110.6567, 32.7446], [-110.6594, 32.7446], [-110.655, 32.7344], [-110.6652, 32.7338], [-110.6789, 32.7229], [-110.6886, 32.7228], [-110.689, 32.7136], [-110.6928, 32.708], [-110.6901, 32.7047], [-110.6934, 32.7047], [-110.6935, 32.701], [-110.7057, 32.7011], [-110.7055, 32.6939], [-110.714, 32.6939], [-110.7138, 32.6867], [-110.7228, 32.6867], [-110.7228, 32.6767], [-110.7189, 32.6709], [-110.7165, 32.6699], [-110.7176, 32.6663], [-110.7216, 32.6593], [-110.7352, 32.6458], [-110.7361, 32.6374], [-110.74, 32.6358], [-110.7395, 32.6323], [-110.7426, 32.6282], [-110.6804, 32.6243], [-110.6838, 32.6157], [-110.6881, 32.6125], [-110.6915, 32.6008], [-110.6937, 32.5996], [-110.6809, 32.5931], [-110.686, 32.5886], [-110.6803, 32.5857], [-110.6813, 32.5829], [-110.6778, 32.5774], [-110.6841, 32.5759], [-110.6798, 32.5709], [-110.6731, 32.5687], [-110.6723, 32.5665], [-110.6683, 32.5656], [-110.667, 32.5637], [-110.665, 32.5641], [-110.6658, 32.5632], [-110.6737, 32.5629], [-110.6715, 32.5591], [-110.667, 32.5571], [-110.6669, 32.5517], [-110.6614, 32.552], [-110.66, 32.5484], [-110.6579, 32.5474], [-110.6609, 32.5452], [-110.6799, 32.541], [-110.6825, 32.5382], [-110.6778, 32.5367], [-110.6628, 32.5398], [-110.6528, 32.5374], [-110.6529, 32.5138], [-110.7857, 32.5138], [-110.7836, 32.5147], [-110.7836, 32.517], [-110.7818, 32.5183], [-110.7836, 32.5195], [-110.7825, 32.5225], [-110.7843, 32.5286], [-110.7813, 32.5305], [-110.7857, 32.5353], [-110.7838, 32.5388], [-110.7864, 32.5394], [-110.7844, 32.542], [-110.7865, 32.5451], [-110.789, 32.5446], [-110.7876, 32.5475], [-110.7898, 32.5483], [-110.789, 32.5498], [-110.7957, 32.5524], [-110.7975, 32.554], [-110.7974, 32.5575], [-110.8006, 32.5571], [-110.807, 32.5604], [-110.8069, 32.5625], [-110.8172, 32.5643], [-110.8179, 32.5667], [-110.8364, 32.572], [-110.8285, 32.5778], [-110.826, 32.5775], [-110.826, 32.5841], [-110.8324, 32.5868], [-110.8329, 32.5886], [-110.8483, 32.5919], [-110.856, 32.6011], [-110.8614, 32.6047], [-110.8873, 32.5941], [-110.9115, 32.5805], [-110.9205, 32.5739], [-110.9337, 32.5569], [-110.9478, 32.5746], [-110.9378, 32.5877], [-110.9397, 32.5951], [-110.9481, 32.6067]]]}}, {"type": "Feature", "properties": {"zip": "86331", "total": 20, "q1": 4, "q2": 4, "q3": 6, "q4": 6, "pop": 25, "acsPriv": 6, "seats": 0}, "geometry": {"type": "Polygon", "coordinates": [[[-112.1539, 34.7595], [-112.1509, 34.7611], [-112.1521, 34.7624], [-112.1425, 34.7631], [-112.1407, 34.7655], [-112.144, 34.7698], [-112.1356, 34.771], [-112.1278, 34.7752], [-112.1256, 34.7749], [-112.1196, 34.7797], [-112.1035, 34.7771], [-112.0885, 34.7805], [-112.0832, 34.7765], [-112.0873, 34.777], [-112.0905, 34.7732], [-112.1019, 34.7694], [-112.1019, 34.7671], [-112.0969, 34.7635], [-112.0886, 34.7611], [-112.0762, 34.7614], [-112.0874, 34.7578], [-112.0998, 34.7501], [-112.0949, 34.7444], [-112.1098, 34.7397], [-112.1146, 34.7447], [-112.1177, 34.7447], [-112.1212, 34.7436], [-112.1216, 34.7414], [-112.1237, 34.74], [-112.1239, 34.7404], [-112.1227, 34.7412], [-112.1224, 34.7425], [-112.129, 34.7385], [-112.1341, 34.7417], [-112.1337, 34.7437], [-112.1329, 34.7422], [-112.1304, 34.7449], [-112.1311, 34.7467], [-112.1373, 34.7475], [-112.1424, 34.754], [-112.1453, 34.7526], [-112.1486, 34.7538], [-112.152, 34.7573], [-112.1514, 34.7585], [-112.1539, 34.7595]]]}}, {"type": "Feature", "properties": {"zip": "85354", "total": 409, "q1": 85, "q2": 101, "q3": 107, "q4": 116, "pop": 1477, "acsPriv": 542, "seats": 0}, "geometry": {"type": "Polygon", "coordinates": [[[-113.3339, 33.1508], [-113.335, 33.566], [-113.1759, 33.5418], [-113.1557, 33.5375], [-113.1573, 33.5412], [-113.1618, 33.5425], [-113.1617, 33.5513], [-113.1013, 33.5512], [-113.0866, 33.5391], [-113.0713, 33.5334], [-113.063, 33.5328], [-113.0566, 33.537], [-113.0553, 33.5413], [-113.0492, 33.5412], [-113.0191, 33.5513], [-113.0127, 33.5557], [-112.9833, 33.5668], [-112.9868, 33.5796], [-112.9935, 33.589], [-113.0006, 33.6085], [-112.9633, 33.6084], [-112.9545, 33.6057], [-112.951, 33.5993], [-112.9463, 33.5952], [-112.942, 33.5952], [-112.9339, 33.601], [-112.9143, 33.5911], [-112.9077, 33.5942], [-112.8795, 33.5952], [-112.8683, 33.5926], [-112.8606, 33.5954], [-112.8501, 33.5922], [-112.8399, 33.596], [-112.8357, 33.5911], [-112.8473, 33.5838], [-112.8507, 33.576], [-112.8563, 33.5735], [-112.8517, 33.5694], [-112.8467, 33.5688], [-112.8418, 33.5654], [-112.8373, 33.5683], [-112.8308, 33.5663], [-112.8282, 33.5693], [-112.8212, 33.5665], [-112.818, 33.5803], [-112.8194, 33.5938], [-112.8138, 33.597], [-112.806, 33.5917], [-112.8046, 33.5789], [-112.8077, 33.5713], [-112.8064, 33.5673], [-112.8033, 33.5647], [-112.8043, 33.5562], [-112.802, 33.5532], [-112.7967, 33.551], [-112.7894, 33.5616], [-112.7784, 33.5645], [-112.7839, 33.5776], [-112.7602, 33.5762], [-112.7606, 33.5809], [-112.7588, 33.5839], [-112.7592, 33.5953], [-112.7475, 33.5952], [-112.7474, 33.5879], [-112.7353, 33.588], [-112.7347, 33.5835], [-112.7411, 33.5771], [-112.738, 33.5702], [-112.7375, 33.5644], [-112.7408, 33.5584], [-112.7411, 33.5505], [-112.745, 33.5366], [-112.7458, 33.5232], [-112.7408, 33.5099], [-112.7446, 33.4937], [-112.749, 33.484], [-112.7296, 33.4782], [-112.7301, 33.4648], [-112.7123, 33.4648], [-112.7296, 33.4647], [-112.7295, 33.4511], [-112.6773, 33.4391], [-112.7606, 33.4578], [-112.7602, 33.4516], [-112.757, 33.4475], [-112.7554, 33.4356], [-112.7511, 33.4356], [-112.751, 33.4193], [-112.7499, 33.4193], [-112.751, 33.4139], [-112.7467, 33.4139], [-112.7465, 33.3776], [-112.7363, 33.3643], [-112.7624, 33.3575], [-112.7644, 33.3585], [-112.7639, 33.3631], [-112.803, 33.363], [-112.803, 33.3645], [-112.8074, 33.3645], [-112.8074, 33.363], [-112.8158, 33.3629], [-112.8157, 33.3774], [-112.8764, 33.3776], [-112.8763, 33.3484], [-112.8777, 33.3479], [-112.8783, 33.3372], [-112.8763, 33.3263], [-112.8839, 33.3254], [-112.9022, 33.327], [-112.9023, 33.3338], [-112.9537, 33.3338], [-112.9536, 33.3255], [-112.9454, 33.3251], [-112.9028, 33.3013], [-112.9236, 33.2877], [-112.9294, 33.2797], [-112.9371, 33.2866], [-112.9744, 33.2686], [-113.0027, 33.2394], [-113.0065, 33.2192], [-113.0142, 33.2092], [-113.0229, 33.207], [-113.0266, 33.2044], [-113.0333, 33.2041], [-113.1605, 33.2044], [-113.1617, 33.2101], [-113.172, 33.2194], [-113.1728, 33.2276], [-113.1766, 33.2313], [-113.1817, 33.2331], [-113.1818, 33.2351], [-113.1851, 33.2358], [-113.1867, 33.2381], [-113.1923, 33.2358], [-113.199, 33.2404], [-113.205, 33.2407], [-113.2056, 33.2369], [-113.2081, 33.235], [-113.2152, 33.2338], [-113.217, 33.2325], [-113.2168, 33.2292], [-113.2194, 33.2289], [-113.2218, 33.2254], [-113.2285, 33.2246], [-113.2289, 33.2188], [-113.2347, 33.2045], [-113.2891, 33.2046], [-113.2941, 33.1952], [-113.3017, 33.1891], [-113.3031, 33.1853], [-113.3209, 33.1782], [-113.3236, 33.1789], [-113.3227, 33.1765], [-113.327, 33.1725], [-113.3339, 33.1508]]]}}, {"type": "Feature", "properties": {"zip": "85387", "total": 1535, "q1": 326, "q2": 364, "q3": 412, "q4": 433, "pop": 2852, "acsPriv": 243, "seats": 0}, "geometry": {"type": "Polygon", "coordinates": [[[-112.5695, 33.6614], [-112.5558, 33.6824], [-112.5488, 33.6824], [-112.5613, 33.6996], [-112.5463, 33.7153], [-112.5452, 33.7201], [-112.5401, 33.7241], [-112.5237, 33.724], [-112.5217, 33.7208], [-112.5216, 33.7143], [-112.5129, 33.71], [-112.5129, 33.7115], [-112.4612, 33.7113], [-112.46, 33.7079], [-112.4569, 33.7057], [-112.4568, 33.7077], [-112.4525, 33.7077], [-112.4526, 33.7113], [-112.4464, 33.7135], [-112.4603, 33.7244], [-112.4469, 33.7247], [-112.4469, 33.7386], [-112.4644, 33.7531], [-112.4644, 33.7677], [-112.4731, 33.7677], [-112.4731, 33.7749], [-112.4819, 33.7749], [-112.4818, 33.7823], [-112.3948, 33.7821], [-112.398, 33.7719], [-112.3867, 33.7615], [-112.387, 33.7531], [-112.3602, 33.7531], [-112.3599, 33.6967], [-112.3752, 33.6957], [-112.3922, 33.6909], [-112.4097, 33.6746], [-112.4178, 33.6598], [-112.4181, 33.6531], [-112.4513, 33.6533], [-112.4603, 33.6384], [-112.4787, 33.6384], [-112.4794, 33.6448], [-112.4845, 33.6538], [-112.4948, 33.6629], [-112.4967, 33.6675], [-112.5034, 33.6725], [-112.5042, 33.6753], [-112.5127, 33.6823], [-112.5237, 33.6834], [-112.5302, 33.6825], [-112.5303, 33.6612], [-112.529, 33.6607], [-112.5695, 33.6614]]]}}, {"type": "Feature", "properties": {"zip": "86314", "total": 1626, "q1": 362, "q2": 398, "q3": 421, "q4": 445, "pop": 5907, "acsPriv": 496, "seats": 0}, "geometry": {"type": "Polygon", "coordinates": [[[-112.3862, 34.6003], [-112.3817, 34.6003], [-112.3814, 34.6148], [-112.377, 34.6149], [-112.377, 34.6287], [-112.3708, 34.6304], [-112.3595, 34.6305], [-112.3275, 34.6386], [-112.3067, 34.6421], [-112.307, 34.6288], [-112.2978, 34.6287], [-112.2948, 34.6231], [-112.2925, 34.6216], [-112.2897, 34.6225], [-112.2901, 34.6114], [-112.2859, 34.6113], [-112.2858, 34.6073], [-112.2815, 34.6073], [-112.2812, 34.6146], [-112.2723, 34.6143], [-112.2728, 34.6003], [-112.2799, 34.6002], [-112.2757, 34.5971], [-112.2748, 34.5919], [-112.2707, 34.5868], [-112.2767, 34.5857], [-112.2785, 34.5831], [-112.281, 34.5827], [-112.2905, 34.586], [-112.2968, 34.586], [-112.2985, 34.5845], [-112.2964, 34.579], [-112.2738, 34.5707], [-112.2682, 34.5674], [-112.2739, 34.5691], [-112.274, 34.5657], [-112.2668, 34.5645], [-112.3026, 34.5664], [-112.3221, 34.5707], [-112.325, 34.5698], [-112.3261, 34.5534], [-112.3604, 34.5618], [-112.3604, 34.5701], [-112.3621, 34.5685], [-112.3693, 34.5686], [-112.3693, 34.5722], [-112.3781, 34.5723], [-112.3779, 34.5866], [-112.3861, 34.5863], [-112.3862, 34.6003]]]}}, {"type": "Feature", "properties": {"zip": "85322", "total": 9, "q1": 3, "q2": 2, "q3": 2, "q4": 2, "pop": 56, "acsPriv": 1, "seats": 0}, "geometry": {"type": "Polygon", "coordinates": [[[-113.0264, 33.2045], [-113.0229, 33.207], [-113.0142, 33.2092], [-113.0108, 33.2125], [-113.0065, 33.2192], [-113.0027, 33.2394], [-112.974, 33.2689], [-112.9371, 33.2866], [-112.9294, 33.2797], [-112.9236, 33.2877], [-112.9028, 33.3013], [-112.9454, 33.3251], [-112.9536, 33.3255], [-112.9537, 33.3338], [-112.9023, 33.3338], [-112.9022, 33.327], [-112.8839, 33.3254], [-112.8763, 33.3263], [-112.8783, 33.3372], [-112.8777, 33.3479], [-112.8763, 33.3484], [-112.8764, 33.3776], [-112.8157, 33.3774], [-112.8158, 33.3629], [-112.8074, 33.363], [-112.8074, 33.3645], [-112.803, 33.3645], [-112.803, 33.363], [-112.7639, 33.3631], [-112.7644, 33.3585], [-112.7624, 33.3575], [-112.7364, 33.3643], [-112.727, 33.3522], [-112.7217, 33.3485], [-112.7149, 33.3339], [-112.7116, 33.3339], [-112.7118, 33.3124], [-112.7087, 33.3124], [-112.7222, 33.3099], [-112.7276, 33.3073], [-112.7376, 33.3118], [-112.7467, 33.3128], [-112.7558, 33.3115], [-112.7598, 33.309], [-112.762, 33.3043], [-112.7701, 33.2966], [-112.769, 33.2933], [-112.7653, 33.2915], [-112.7723, 33.2824], [-112.7745, 33.2768], [-112.7716, 33.271], [-112.7636, 33.264], [-112.7635, 33.2621], [-112.7669, 33.2572], [-112.7682, 33.251], [-112.7688, 33.2319], [-112.7681, 33.2294], [-112.7667, 33.2295], [-112.7692, 33.2201], [-112.7664, 33.2143], [-112.756, 33.2047], [-112.7371, 33.1958], [-112.7299, 33.1939], [-112.7249, 33.1903], [-112.7178, 33.1791], [-112.7092, 33.1706], [-112.7025, 33.1565], [-112.7012, 33.1522], [-112.7013, 33.1454], [-112.7031, 33.1419], [-112.7019, 33.1304], [-112.6992, 33.128], [-112.6964, 33.1212], [-112.6961, 33.1117], [-112.691, 33.0964], [-112.691, 33.0916], [-112.6877, 33.0883], [-112.6827, 33.0772], [-112.6832, 33.0713], [-112.6882, 33.0613], [-112.6879, 33.0573], [-112.6827, 33.0522], [-112.6832, 33.0464], [-112.6814, 33.041], [-112.6946, 33.0126], [-112.7025, 33.0054], [-112.7112, 33.0023], [-112.7175, 33.0043], [-112.7175, 33.0063], [-112.7228, 33.0071], [-112.7239, 33.0052], [-112.736, 33.0099], [-112.7474, 33.009], [-112.7469, 33.0072], [-112.7507, 33.0054], [-112.7546, 33.0059], [-112.7591, 33.0098], [-112.7641, 33.0085], [-112.767, 33.0056], [-112.7781, 33.0135], [-112.7766, 33.0193], [-112.7794, 33.0223], [-112.8073, 33.0262], [-112.8112, 33.0301], [-112.8131, 33.0301], [-112.8123, 33.0329], [-112.8202, 33.0371], [-112.8217, 33.0342], [-112.8215, 33.0279], [-112.8236, 33.026], [-112.8359, 33.0306], [-112.8415, 33.0372], [-112.8554, 33.0451], [-112.875, 33.0456], [-112.887, 33.0386], [-112.9103, 33.0378], [-112.9154, 33.0437], [-112.9316, 33.0452], [-112.947, 33.0534], [-112.9592, 33.0573], [-112.9671, 33.0577], [-112.9779, 33.053], [-112.9834, 33.0532], [-112.9923, 33.0563], [-112.9979, 33.0603], [-113.0047, 33.0738], [-113.0089, 33.0786], [-113.0158, 33.0737], [-113.019, 33.0771], [-113.0184, 33.0787], [-113.026, 33.0865], [-113.0264, 33.2045]]]}}, {"type": "Feature", "properties": {"zip": "85361", "total": 440, "q1": 93, "q2": 107, "q3": 120, "q4": 120, "pop": 1506, "acsPriv": 49, "seats": 0}, "geometry": {"type": "Polygon", "coordinates": [[[-112.7895, 33.7242], [-112.7769, 33.7345], [-112.7629, 33.7325], [-112.7553, 33.7404], [-112.7589, 33.76], [-112.7622, 33.7662], [-112.7618, 33.7678], [-112.7595, 33.7677], [-112.7595, 33.7714], [-112.7769, 33.7714], [-112.7769, 33.775], [-112.7421, 33.775], [-112.7421, 33.7787], [-112.7595, 33.7787], [-112.7595, 33.7823], [-112.7769, 33.7823], [-112.7769, 33.7932], [-112.7596, 33.7932], [-112.7595, 33.8113], [-112.7562, 33.8114], [-112.7575, 33.8155], [-112.7683, 33.8229], [-112.7598, 33.8239], [-112.7571, 33.8312], [-112.7569, 33.8355], [-112.7656, 33.8405], [-112.7629, 33.8507], [-112.7636, 33.8531], [-112.7604, 33.8534], [-112.7583, 33.8556], [-112.7566, 33.8609], [-112.7531, 33.8605], [-112.7493, 33.8572], [-112.7451, 33.8591], [-112.7434, 33.8617], [-112.7368, 33.8614], [-112.7402, 33.8669], [-112.7382, 33.878], [-112.7344, 33.8807], [-112.7278, 33.8786], [-112.7245, 33.8826], [-112.7152, 33.8757], [-112.711, 33.8771], [-112.7075, 33.8806], [-112.7076, 33.804], [-112.6788, 33.8041], [-112.6747, 33.7946], [-112.6747, 33.7895], [-112.6765, 33.7895], [-112.6797, 33.7823], [-112.664, 33.7822], [-112.664, 33.7858], [-112.6596, 33.7858], [-112.6596, 33.7931], [-112.664, 33.7931], [-112.664, 33.8112], [-112.6683, 33.8119], [-112.6718, 33.8201], [-112.6662, 33.8213], [-112.6629, 33.8272], [-112.663, 33.8308], [-112.6606, 33.836], [-112.6613, 33.8524], [-112.6566, 33.8507], [-112.6516, 33.851], [-112.6469, 33.8483], [-112.625, 33.8522], [-112.6323, 33.8299], [-112.6323, 33.7822], [-112.5511, 33.7822], [-112.5508, 33.7965], [-112.5335, 33.7964], [-112.5336, 33.8112], [-112.5162, 33.8112], [-112.5162, 33.7822], [-112.4818, 33.7823], [-112.4819, 33.7749], [-112.4731, 33.7749], [-112.4731, 33.7677], [-112.4644, 33.7677], [-112.4644, 33.7531], [-112.4469, 33.7386], [-112.4469, 33.7247], [-112.4603, 33.7244], [-112.4464, 33.7135], [-112.4526, 33.7113], [-112.4525, 33.7077], [-112.4568, 33.7077], [-112.4569, 33.7057], [-112.46, 33.7079], [-112.4612, 33.7113], [-112.5129, 33.7115], [-112.5129, 33.71], [-112.5216, 33.7143], [-112.5217, 33.7208], [-112.5237, 33.724], [-112.5393, 33.7244], [-112.5452, 33.7201], [-112.5463, 33.7153], [-112.5627, 33.6982], [-112.5726, 33.6918], [-112.5769, 33.6901], [-112.6013, 33.6898], [-112.6085, 33.6876], [-112.6099, 33.6876], [-112.6085, 33.6881], [-112.6085, 33.7026], [-112.623, 33.6904], [-112.6261, 33.7243], [-112.6253, 33.7387], [-112.6553, 33.7387], [-112.6552, 33.7333], [-112.6607, 33.7312], [-112.6616, 33.728], [-112.6646, 33.7257], [-112.6777, 33.7247], [-112.6813, 33.7262], [-112.6813, 33.7242], [-112.6778, 33.7242], [-112.6778, 33.6968], [-112.6865, 33.6968], [-112.6865, 33.7041], [-112.6951, 33.7041], [-112.6951, 33.7114], [-112.7124, 33.7114], [-112.7124, 33.7241], [-112.7298, 33.7241], [-112.7298, 33.7114], [-112.7471, 33.7114], [-112.7471, 33.7242], [-112.7895, 33.7242]]]}}, {"type": "Feature", "properties": {"zip": "85145", "total": 156, "q1": 36, "q2": 40, "q3": 41, "q4": 39, "pop": 736, "acsPriv": 79, "seats": 0}, "geometry": {"type": "Polygon", "coordinates": [[[-111.4772, 32.5015], [-111.4745, 32.5049], [-111.4762, 32.509], [-111.4734, 32.5101], [-111.4732, 32.514], [-111.4674, 32.5168], [-111.4657, 32.5206], [-111.4658, 32.5593], [-111.4179, 32.559], [-111.4219, 32.5595], [-111.4238, 32.5623], [-111.424, 32.5667], [-111.4194, 32.5666], [-111.4191, 32.5702], [-111.4154, 32.5703], [-111.4149, 32.5762], [-111.407, 32.5703], [-111.3979, 32.5703], [-111.3978, 32.5823], [-111.4034, 32.5886], [-111.3443, 32.5885], [-111.3394, 32.5927], [-111.3022, 32.5483], [-111.3731, 32.5287], [-111.3609, 32.5014], [-111.4772, 32.5015]]]}}, {"type": "Feature", "properties": {"zip": "85320", "total": 9, "q1": 1, "q2": 1, "q3": 2, "q4": 5, "pop": 109, "acsPriv": 0, "seats": 0}, "geometry": {"type": "Polygon", "coordinates": [[[-113.3351, 33.6386], [-113.3338, 34.0], [-113.0452, 34.0], [-113.0481, 33.9855], [-113.0526, 33.9813], [-113.0591, 33.9783], [-113.0605, 33.9733], [-113.0841, 33.9704], [-113.0917, 33.9757], [-113.1114, 33.9728], [-113.1416, 33.9513], [-113.142, 33.7246], [-113.1272, 33.7245], [-113.1272, 33.6558], [-113.1325, 33.6575], [-113.1373, 33.6616], [-113.16, 33.6678], [-113.1645, 33.6667], [-113.1782, 33.6688], [-113.2229, 33.6655], [-113.2557, 33.6738], [-113.2581, 33.6763], [-113.2644, 33.6782], [-113.2676, 33.6772], [-113.2734, 33.6781], [-113.2876, 33.6693], [-113.2943, 33.6609], [-113.2968, 33.6624], [-113.3006, 33.6618], [-113.3006, 33.6386], [-113.3351, 33.6386]]]}}, {"type": "Feature", "properties": {"zip": "85707", "total": 24, "q1": 5, "q2": 7, "q3": 6, "q4": 6, "pop": 0, "acsPriv": 0, "seats": 0}, "geometry": {"type": "Polygon", "coordinates": [[[-110.9092, 32.178], [-110.9093, 32.1952], [-110.8751, 32.196], [-110.8752, 32.1719], [-110.8662, 32.163], [-110.8965, 32.1631], [-110.8974, 32.1691], [-110.9029, 32.1743], [-110.905, 32.1743], [-110.9072, 32.178], [-110.9092, 32.178]]]}}, {"type": "Feature", "properties": {"zip": "86018", "total": 125, "q1": 28, "q2": 34, "q3": 32, "q4": 31, "pop": 138, "acsPriv": 0, "seats": 0}, "geometry": {"type": "Polygon", "coordinates": [[[-112.0744, 35.2196], [-112.0662, 35.2184], [-112.0529, 35.2215], [-112.0495, 35.2234], [-112.0499, 35.226], [-112.0454, 35.2292], [-112.0348, 35.2341], [-112.0275, 35.2348], [-112.0255, 35.236], [-112.0296, 35.2404], [-112.0303, 35.2443], [-112.023, 35.236], [-112.0024, 35.2368], [-111.9989, 35.2398], [-111.9988, 35.2424], [-111.9965, 35.2418], [-111.9929, 35.2438], [-111.9789, 35.2435], [-111.9791, 35.2479], [-112.0306, 35.2603], [-112.0311, 35.264], [-112.0036, 35.2604], [-111.9983, 35.2708], [-111.9962, 35.2733], [-111.992, 35.2745], [-111.991, 35.2783], [-111.9969, 35.2798], [-112.0007, 35.2857], [-112.0057, 35.2885], [-112.0091, 35.2971], [-112.0124, 35.2983], [-112.0123, 35.3059], [-112.0189, 35.3096], [-112.0192, 35.3133], [-112.0172, 35.3167], [-112.018, 35.3221], [-112.0195, 35.3234], [-112.0406, 35.3233], [-112.038, 35.3289], [-112.0511, 35.3426], [-112.0502, 35.352], [-112.0519, 35.3545], [-112.0598, 35.3577], [-112.0527, 35.3584], [-112.0422, 35.3652], [-112.0452, 35.3678], [-112.0459, 35.3863], [-112.0563, 35.3885], [-112.0526, 35.39], [-112.0488, 35.395], [-112.0393, 35.3989], [-112.0312, 35.4078], [-112.0205, 35.4102], [-112.0214, 35.4167], [-112.0243, 35.4228], [-112.0252, 35.4324], [-112.024, 35.4358], [-112.0057, 35.4369], [-112.0027, 35.4401], [-112.0051, 35.4446], [-111.9968, 35.4478], [-111.987, 35.4471], [-111.9768, 35.4401], [-111.9596, 35.42], [-111.9519, 35.4277], [-111.9504, 35.4396], [-111.9474, 35.4399], [-111.9381, 35.4347], [-111.9206, 35.4303], [-111.9189, 35.4275], [-111.9191, 35.4237], [-111.9115, 35.4239], [-111.9081, 35.4085], [-111.8861, 35.3862], [-111.8604, 35.3791], [-111.8618, 35.3755], [-111.8573, 35.3676], [-111.8578, 35.3651], [-111.8668, 35.3618], [-111.8705, 35.3588], [-111.8723, 35.3526], [-111.881, 35.3436], [-111.8823, 35.337], [-111.8968, 35.3297], [-111.9019, 35.3297], [-111.8969, 35.3242], [-111.8981, 35.3204], [-111.9009, 35.3182], [-111.8988, 35.3116], [-111.8959, 35.3049], [-111.8907, 35.3032], [-111.889, 35.2988], [-111.8908, 35.2908], [-111.8901, 35.2846], [-111.9003, 35.2837], [-111.917, 35.2793], [-111.9168, 35.2699], [-111.9187, 35.2658], [-111.9232, 35.2611], [-111.9317, 35.259], [-111.9193, 35.2556], [-111.9197, 35.2545], [-111.9119, 35.2518], [-111.9121, 35.0253], [-111.9172, 35.023], [-111.9143, 35.0192], [-111.9172, 35.0164], [-111.9177, 35.0119], [-111.9122, 35.0076], [-111.9121, 34.9763], [-112.0081, 34.9759], [-112.0059, 34.9777], [-111.9985, 34.9793], [-111.9946, 34.9833], [-111.9896, 34.9851], [-111.9886, 34.9877], [-111.9804, 34.99], [-111.9792, 34.9954], [-111.9726, 34.9949], [-111.9733, 34.9971], [-111.9691, 35.0021], [-111.9744, 35.0102], [-111.9743, 35.0131], [-111.9697, 35.0154], [-111.9659, 35.0236], [-111.9664, 35.0301], [-111.9643, 35.0294], [-111.9635, 35.031], [-111.9649, 35.0376], [-111.9682, 35.0393], [-111.9673, 35.0447], [-111.9604, 35.0492], [-111.9605, 35.0512], [-111.958, 35.0518], [-111.9599, 35.054], [-111.9585, 35.0613], [-111.9506, 35.071], [-111.9491, 35.0759], [-111.9535, 35.0831], [-111.9605, 35.088], [-111.9601, 35.09], [-111.9679, 35.1027], [-111.979, 35.1103], [-111.9814, 35.1102], [-111.9877, 35.114], [-111.9905, 35.1185], [-111.9904, 35.1228], [-111.9939, 35.1254], [-111.9941, 35.1273], [-111.9958, 35.1271], [-111.9951, 35.1305], [-111.9913, 35.1317], [-111.9894, 35.1343], [-111.9792, 35.1348], [-111.9766, 35.137], [-111.9784, 35.1402], [-111.9771, 35.1443], [-111.979, 35.148], [-112.0326, 35.1477], [-112.0379, 35.1509], [-112.0403, 35.1577], [-112.0399, 35.1638], [-112.0329, 35.1823], [-112.0348, 35.1856], [-112.0402, 35.1886], [-112.044, 35.1948], [-112.0568, 35.2011], [-112.0744, 35.2196]]]}}, {"type": "Feature", "properties": {"zip": "85540", "total": 22, "q1": 4, "q2": 5, "q3": 7, "q4": 6, "pop": 1105, "acsPriv": 117, "seats": 0}, "geometry": {"type": "Polygon", "coordinates": [[[-109.4874, 33.0666], [-109.4764, 33.0619], [-109.4707, 33.0624], [-109.4647, 33.0607], [-109.4612, 33.0619], [-109.4594, 33.0605], [-109.4586, 33.0619], [-109.457, 33.0611], [-109.4515, 33.0632], [-109.4461, 33.062], [-109.4404, 33.0578], [-109.4394, 33.0596], [-109.4385, 33.0581], [-109.4363, 33.0598], [-109.4353, 33.0577], [-109.4317, 33.0594], [-109.4238, 33.0568], [-109.3974, 33.0677], [-109.3932, 33.0719], [-109.3885, 33.0708], [-109.3843, 33.0733], [-109.3788, 33.0707], [-109.3767, 33.0719], [-109.3807, 33.0758], [-109.3793, 33.0799], [-109.3829, 33.0878], [-109.3787, 33.0964], [-109.3817, 33.1011], [-109.3778, 33.1035], [-109.3743, 33.1117], [-109.3756, 33.1163], [-109.374, 33.1186], [-109.3784, 33.1207], [-109.3779, 33.125], [-109.375, 33.1262], [-109.377, 33.1339], [-109.3746, 33.1452], [-109.3734, 33.1453], [-109.3717, 33.1392], [-109.3695, 33.138], [-109.3683, 33.133], [-109.3645, 33.1287], [-109.3665, 33.1259], [-109.3663, 33.118], [-109.3643, 33.11], [-109.3624, 33.1084], [-109.3619, 33.0997], [-109.3587, 33.0949], [-109.3527, 33.0922], [-109.3495, 33.0855], [-109.3428, 33.0825], [-109.3273, 33.0671], [-109.3296, 33.0656], [-109.3233, 33.0524], [-109.3093, 33.0507], [-109.3063, 33.0511], [-109.3062, 33.0528], [-109.302, 33.0529], [-109.3015, 33.0404], [-109.3095, 33.0328], [-109.3068, 33.0317], [-109.3043, 33.0261], [-109.3008, 33.025], [-109.2997, 33.0209], [-109.3076, 33.0141], [-109.3079, 33.0095], [-109.3121, 33.0076], [-109.3157, 33.0076], [-109.3174, 33.0106], [-109.321, 33.0118], [-109.3231, 33.0072], [-109.3254, 33.0068], [-109.3292, 33.012], [-109.3327, 33.0117], [-109.3366, 33.0012], [-109.3428, 33.0017], [-109.3452, 32.9997], [-109.3464, 32.9972], [-109.3445, 32.9935], [-109.3523, 32.995], [-109.3534, 32.9894], [-109.3556, 32.988], [-109.362, 32.9876], [-109.3646, 32.9899], [-109.367, 32.9892], [-109.3671, 32.9801], [-109.3715, 32.9792], [-109.3724, 32.9772], [-109.3713, 32.9759], [-109.3653, 32.9765], [-109.3605, 32.9691], [-109.3545, 32.9729], [-109.3507, 32.973], [-109.3441, 32.9687], [-109.3438, 32.9674], [-109.3465, 32.9659], [-109.3453, 32.9617], [-109.3411, 32.96], [-109.3364, 32.963], [-109.3407, 32.9699], [-109.3389, 32.9713], [-109.3354, 32.9701], [-109.3352, 32.9672], [-109.3325, 32.9645], [-109.3227, 32.9643], [-109.3165, 32.968], [-109.3099, 32.9659], [-109.3005, 32.961], [-109.3002, 32.9526], [-109.2871, 32.9554], [-109.2843, 32.9518], [-109.2845, 32.947], [-109.282, 32.9471], [-109.279, 32.9446], [-109.2702, 32.9455], [-109.2667, 32.9475], [-109.2637, 32.9467], [-109.2616, 32.9506], [-109.259, 32.9518], [-109.2536, 32.9508], [-109.255, 32.9446], [-109.2518, 32.9395], [-109.2493, 32.9386], [-109.2429, 32.9422], [-109.2364, 32.9345], [-109.2391, 32.9278], [-109.2456, 32.9229], [-109.2553, 32.9105], [-109.2714, 32.8966], [-109.2737, 32.8888], [-109.2787, 32.8844], [-109.2917, 32.8676], [-109.2959, 32.8536], [-109.31, 32.8496], [-109.323, 32.852], [-109.3381, 32.85], [-109.4874, 33.0666]]]}}, {"type": "Feature", "properties": {"zip": "85925", "total": 379, "q1": 82, "q2": 94, "q3": 102, "q4": 101, "pop": 717, "acsPriv": 0, "seats": 0}, "geometry": {"type": "Polygon", "coordinates": [[[-109.4412, 33.9692], [-109.4384, 33.9729], [-109.4378, 33.9853], [-109.4359, 33.9877], [-109.428, 33.9911], [-109.4157, 33.992], [-109.4152, 33.9955], [-109.4126, 33.9953], [-109.4087, 33.9915], [-109.4098, 34.0035], [-109.4061, 34.0054], [-109.404, 34.0106], [-109.4047, 34.0137], [-109.3986, 34.0233], [-109.3947, 34.0256], [-109.389, 34.0333], [-109.3856, 34.0417], [-109.3864, 34.0486], [-109.3978, 34.0496], [-109.4025, 34.0571], [-109.4046, 34.0577], [-109.4054, 34.0634], [-109.4119, 34.0729], [-109.4128, 34.0804], [-109.4156, 34.084], [-109.4126, 34.0887], [-109.4091, 34.0893], [-109.4046, 34.0878], [-109.3949, 34.09], [-109.3848, 34.1006], [-109.3532, 34.1043], [-109.3533, 34.1114], [-109.3272, 34.1114], [-109.3274, 34.1219], [-109.3228, 34.1218], [-109.32, 34.1253], [-109.3183, 34.1327], [-109.3109, 34.1327], [-109.307, 34.136], [-109.3049, 34.1343], [-109.3091, 34.1306], [-109.3056, 34.1314], [-109.3044, 34.1261], [-109.2997, 34.1242], [-109.3011, 34.1242], [-109.3002, 34.1234], [-109.3042, 34.1181], [-109.2984, 34.1187], [-109.294, 34.1215], [-109.294, 34.1182], [-109.2915, 34.1182], [-109.2905, 34.1253], [-109.2819, 34.1255], [-109.2792, 34.1183], [-109.2661, 34.1183], [-109.2661, 34.1219], [-109.261, 34.1206], [-109.2608, 34.1221], [-109.2482, 34.1074], [-109.2544, 34.1055], [-109.2544, 34.1073], [-109.2525, 34.1076], [-109.2538, 34.1108], [-109.2565, 34.111], [-109.2567, 34.108], [-109.2712, 34.1072], [-109.2748, 34.1054], [-109.2748, 34.0991], [-109.2785, 34.0983], [-109.2757, 34.0977], [-109.2756, 34.089], [-109.2836, 34.0892], [-109.2836, 34.0816], [-109.2903, 34.0816], [-109.2897, 34.0772], [-109.2954, 34.0517], [-109.2988, 34.0466], [-109.2978, 34.0449], [-109.2995, 34.044], [-109.2985, 34.0419], [-109.295, 34.0426], [-109.2981, 34.0386], [-109.3011, 34.0291], [-109.2988, 34.0276], [-109.3083, 34.023], [-109.3103, 34.0158], [-109.3168, 34.0137], [-109.3201, 34.01], [-109.324, 34.0003], [-109.3256, 33.9998], [-109.3226, 33.9971], [-109.3246, 33.9921], [-109.3205, 33.9887], [-109.3217, 33.9848], [-109.314, 33.984], [-109.3153, 33.9759], [-109.3179, 33.9728], [-109.3193, 33.9666], [-109.3224, 33.9615], [-109.327, 33.9577], [-109.3225, 33.9519], [-109.3234, 33.9473], [-109.3275, 33.9453], [-109.3323, 33.937], [-109.3352, 33.9408], [-109.3425, 33.9432], [-109.3415, 33.9353], [-109.3457, 33.9346], [-109.3439, 33.925], [-109.3492, 33.9233], [-109.3444, 33.9149], [-109.3454, 33.9108], [-109.3622, 33.9028], [-109.3671, 33.8971], [-109.3725, 33.8944], [-109.3758, 33.8843], [-109.378, 33.8821], [-109.3906, 33.8787], [-109.3937, 33.8727], [-109.4017, 33.8849], [-109.402, 33.888], [-109.4122, 33.8973], [-109.4151, 33.9054], [-109.4145, 33.9118], [-109.4118, 33.9153], [-109.4121, 33.925], [-109.4048, 33.9379], [-109.4058, 33.9446], [-109.3973, 33.9511], [-109.3937, 33.9602], [-109.3874, 33.9633], [-109.3792, 33.9726], [-109.3854, 33.9737], [-109.3977, 33.9685], [-109.428, 33.9655], [-109.433, 33.9622], [-109.4384, 33.9543], [-109.4412, 33.9692]]]}}, {"type": "Feature", "properties": {"zip": "85936", "total": 252, "q1": 50, "q2": 60, "q3": 65, "q4": 77, "pop": 1389, "acsPriv": 564, "seats": 0}, "geometry": {"type": "Polygon", "coordinates": [[[-109.6243, 34.5656], [-109.6242, 34.5955], [-109.6121, 34.5928], [-109.6182, 34.5908], [-109.6181, 34.5784], [-109.5834, 34.5799], [-109.582, 34.5812], [-109.582, 34.58], [-109.5475, 34.5809], [-109.5477, 34.5874], [-109.5411, 34.5851], [-109.5339, 34.579], [-109.5308, 34.5796], [-109.529, 34.5847], [-109.5227, 34.5908], [-109.5239, 34.5934], [-109.5218, 34.5936], [-109.5207, 34.6007], [-109.5263, 34.609], [-109.5268, 34.6154], [-109.5129, 34.6164], [-109.513, 34.6211], [-109.5149, 34.625], [-109.5253, 34.6326], [-109.526, 34.6395], [-109.5317, 34.6509], [-109.527, 34.6525], [-109.5198, 34.6585], [-109.5089, 34.6625], [-109.5015, 34.6749], [-109.5064, 34.6767], [-109.5183, 34.6879], [-109.4956, 34.6875], [-109.4932, 34.6952], [-109.491, 34.7139], [-109.4734, 34.7251], [-109.4688, 34.7296], [-109.4634, 34.7483], [-109.4652, 34.7528], [-109.4644, 34.7584], [-109.4718, 34.769], [-109.4773, 34.7834], [-109.4689, 34.7852], [-109.4664, 34.7874], [-109.4732, 34.7936], [-109.4754, 34.8024], [-109.481, 34.7979], [-109.4885, 34.7876], [-109.503, 34.7786], [-109.501, 34.7834], [-109.5061, 34.7975], [-109.5216, 34.8052], [-109.5248, 34.8093], [-109.5259, 34.8134], [-109.4928, 34.8132], [-109.4934, 34.8215], [-109.5069, 34.8216], [-109.5068, 34.8503], [-109.4922, 34.8502], [-109.496, 34.8598], [-109.4777, 34.8593], [-109.4778, 34.8531], [-109.4741, 34.8575], [-109.4704, 34.8567], [-109.4669, 34.8645], [-109.4683, 34.8645], [-109.4678, 34.879], [-109.4769, 34.8789], [-109.4761, 34.8923], [-109.4693, 34.8934], [-109.4571, 34.8986], [-109.4457, 34.9072], [-109.4455, 34.9285], [-109.4481, 34.9408], [-109.4523, 34.945], [-109.4504, 34.9493], [-109.4165, 34.949], [-109.4001, 34.9778], [-109.3938, 34.9776], [-109.3837, 34.9808], [-109.3762, 34.9858], [-109.3629, 34.9912], [-109.3539, 34.9853], [-109.3472, 34.9862], [-109.3421, 34.9881], [-109.3389, 34.9927], [-109.329, 34.9938], [-109.3159, 34.9993], [-109.316, 35.004], [-109.3104, 35.0039], [-109.3109, 35.0005], [-109.3142, 35.0004], [-109.3139, 34.9657], [-109.3403, 34.9659], [-109.3574, 34.9492], [-109.3535, 34.9379], [-109.3469, 34.9256], [-109.346, 34.9197], [-109.3356, 34.9078], [-109.2266, 34.9075], [-109.2264, 34.9221], [-109.2099, 34.9221], [-109.21, 34.9073], [-109.0461, 34.9049], [-109.0465, 34.3873], [-109.1516, 34.3882], [-109.1525, 34.3866], [-109.1622, 34.3853], [-109.1628, 34.3806], [-109.1605, 34.3773], [-109.1655, 34.3755], [-109.1712, 34.3763], [-109.1766, 34.3804], [-109.1761, 34.3829], [-109.1783, 34.3817], [-109.1869, 34.3883], [-109.2206, 34.3887], [-109.2243, 34.3852], [-109.2261, 34.3759], [-109.2315, 34.3728], [-109.244, 34.3717], [-109.2456, 34.3693], [-109.2447, 34.3654], [-109.2474, 34.3622], [-109.2532, 34.3629], [-109.2574, 34.3583], [-109.2718, 34.3602], [-109.2785, 34.3573], [-109.2852, 34.3505], [-109.2948, 34.3493], [-109.2993, 34.3457], [-109.2787, 34.3372], [-109.2787, 34.3224], [-109.2687, 34.3001], [-109.2695, 34.2993], [-109.2673, 34.2997], [-109.2667, 34.2982], [-109.2675, 34.2822], [-109.2725, 34.2814], [-109.2716, 34.2758], [-109.2735, 34.2727], [-109.2655, 34.2693], [-109.2653, 34.2635], [-109.268, 34.2577], [-109.2686, 34.2517], [-109.2592, 34.2472], [-109.2574, 34.244], [-109.2586, 34.2414], [-109.2561, 34.2395], [-109.2417, 34.2329], [-109.2397, 34.2272], [-109.2409, 34.2169], [-109.2331, 34.207], [-109.2222, 34.2014], [-109.2108, 34.1878], [-109.209, 34.1734], [-109.1991, 34.1812], [-109.1983, 34.1835], [-109.1994, 34.1844], [-109.1966, 34.1887], [-109.1906, 34.1892], [-109.1886, 34.1908], [-109.1918, 34.1949], [-109.1874, 34.203], [-109.1784, 34.1997], [-109.1732, 34.2017], [-109.169, 34.2011], [-109.1657, 34.198], [-109.1661, 34.196], [-109.1606, 34.1911], [-109.1557, 34.1806], [-109.147, 34.1763], [-109.1416, 34.1768], [-109.1398, 34.1743], [-109.147, 34.1719], [-109.1452, 34.1622], [-109.1479, 34.1537], [-109.1835, 34.1634], [-109.2266, 34.1545], [-109.259, 34.15], [-109.256, 34.1562], [-109.2566, 34.16], [-109.2544, 34.162], [-109.2549, 34.1638], [-109.2589, 34.1655], [-109.2628, 34.1626], [-109.271, 34.1701], [-109.2879, 34.1699], [-109.2876, 34.198], [-109.2914, 34.1979], [-109.2914, 34.1941], [-109.2999, 34.194], [-109.3001, 34.1979], [-109.3233, 34.1982], [-109.323, 34.1778], [-109.3456, 34.194], [-109.3497, 34.2007], [-109.3647, 34.2161], [-109.3698, 34.2279], [-109.3767, 34.2309], [-109.3817, 34.2354], [-109.4032, 34.2635], [-109.4013, 34.2771], [-109.4096, 34.292], [-109.4086, 34.331], [-109.4141, 34.3499], [-109.4124, 34.3576], [-109.4198, 34.38], [-109.4164, 34.3883], [-109.4561, 34.388], [-109.4676, 34.3699], [-109.4668, 34.3615], [-109.4741, 34.3641], [-109.4771, 34.3678], [-109.4834, 34.3657], [-109.4901, 34.3682], [-109.4937, 34.3733], [-109.496, 34.384], [-109.4936, 34.3966], [-109.4944, 34.4009], [-109.4913, 34.4098], [-109.4945, 34.4131], [-109.4925, 34.4164], [-109.4937, 34.4182], [-109.4907, 34.4258], [-109.4918, 34.4307], [-109.4969, 34.4318], [-109.5029, 34.4419], [-109.5062, 34.4432], [-109.5152, 34.4411], [-109.5206, 34.4313], [-109.533, 34.4314], [-109.5329, 34.4746], [-109.5249, 34.4753], [-109.5251, 34.489], [-109.5396, 34.4857], [-109.567, 34.4827], [-109.5782, 34.4861], [-109.5762, 34.4928], [-109.576, 34.5087], [-109.5781, 34.5196], [-109.581, 34.5232], [-109.5776, 34.5316], [-109.581, 34.5314], [-109.5827, 34.5286], [-109.5861, 34.5283], [-109.5932, 34.5225], [-109.5968, 34.5216], [-109.5969, 34.5148], [-109.5954, 34.5126], [-109.5966, 34.5069], [-109.6051, 34.5068], [-109.6052, 34.5002], [-109.6087, 34.5002], [-109.6105, 34.5024], [-109.6124, 34.5014], [-109.6107, 34.497], [-109.6052, 34.4971], [-109.605, 34.4925], [-109.6212, 34.4928], [-109.6202, 34.5328], [-109.6241, 34.5514], [-109.6207, 34.5595], [-109.6214, 34.563], [-109.6243, 34.5656]]]}}, {"type": "Feature", "properties": {"zip": "85282", "total": 1298, "q1": 313, "q2": 322, "q3": 334, "q4": 329, "pop": 6107, "acsPriv": 422, "seats": 1448}, "geometry": {"type": "Polygon", "coordinates": [[[-111.9777, 33.3805], [-111.9784, 33.4219], [-111.9762, 33.4219], [-111.9778, 33.4159], [-111.9747, 33.4159], [-111.9746, 33.4136], [-111.9676, 33.4116], [-111.9675, 33.4098], [-111.9584, 33.4094], [-111.9583, 33.4074], [-111.9478, 33.4088], [-111.9443, 33.4088], [-111.9439, 33.4074], [-111.9398, 33.4074], [-111.9393, 33.4087], [-111.9383, 33.4075], [-111.9177, 33.4075], [-111.9155, 33.4086], [-111.9154, 33.411], [-111.9091, 33.411], [-111.9091, 33.4075], [-111.9042, 33.4075], [-111.9042, 33.4101], [-111.9026, 33.4101], [-111.9025, 33.4075], [-111.9005, 33.4075], [-111.9006, 33.4111], [-111.8984, 33.4111], [-111.8985, 33.4075], [-111.8961, 33.4075], [-111.8962, 33.4102], [-111.8941, 33.4102], [-111.8941, 33.4082], [-111.8903, 33.4075], [-111.8905, 33.4111], [-111.8883, 33.4111], [-111.8889, 33.4091], [-111.8862, 33.4023], [-111.8802, 33.3932], [-111.8798, 33.388], [-111.8807, 33.3857], [-111.8913, 33.3857], [-111.8932, 33.3785], [-111.9006, 33.3785], [-111.9006, 33.3798], [-111.9077, 33.3807], [-111.9092, 33.3806], [-111.9092, 33.3784], [-111.9266, 33.3783], [-111.9284, 33.3799], [-111.9287, 33.3783], [-111.9352, 33.3782], [-111.9352, 33.38], [-111.9372, 33.38], [-111.9372, 33.3782], [-111.9439, 33.3782], [-111.9437, 33.3855], [-111.9523, 33.3855], [-111.9503, 33.385], [-111.9503, 33.3832], [-111.9524, 33.3838], [-111.9451, 33.3782], [-111.9477, 33.3782], [-111.9492, 33.3807], [-111.9525, 33.3803], [-111.9525, 33.3782], [-111.9671, 33.3781], [-111.9671, 33.377], [-111.9681, 33.3783], [-111.9741, 33.3782], [-111.9741, 33.3804], [-111.9777, 33.3805]]]}}, {"type": "Feature", "properties": {"zip": "85345", "total": 1731, "q1": 400, "q2": 441, "q3": 449, "q4": 441, "pop": 9530, "acsPriv": 951, "seats": 613}, "geometry": {"type": "Polygon", "coordinates": [[[-112.3112, 33.5654], [-112.2761, 33.5657], [-112.2759, 33.5688], [-112.2726, 33.5734], [-112.2725, 33.5873], [-112.2639, 33.5877], [-112.2639, 33.5913], [-112.2611, 33.5917], [-112.2605, 33.5939], [-112.2551, 33.5925], [-112.2552, 33.5953], [-112.2028, 33.5962], [-112.2029, 33.5865], [-112.2065, 33.5865], [-112.2065, 33.5826], [-112.2029, 33.5843], [-112.203, 33.5712], [-112.2072, 33.5719], [-112.2073, 33.5699], [-112.203, 33.57], [-112.2029, 33.5609], [-112.2052, 33.5599], [-112.2073, 33.5599], [-112.2073, 33.5635], [-112.2116, 33.5634], [-112.2116, 33.5671], [-112.2205, 33.5669], [-112.2117, 33.5598], [-112.2378, 33.5593], [-112.2378, 33.552], [-112.3091, 33.5508], [-112.3112, 33.5654]]]}}, {"type": "Feature", "properties": {"zip": "85255", "total": 4033, "q1": 966, "q2": 1022, "q3": 1034, "q4": 1011, "pop": 6721, "acsPriv": 1309, "seats": 0}, "geometry": {"type": "Polygon", "coordinates": [[[-111.96, 33.6987], [-111.9598, 33.7142], [-111.9553, 33.7236], [-111.9522, 33.7265], [-111.8162, 33.7272], [-111.8043, 33.7269], [-111.8046, 33.7247], [-111.7936, 33.7259], [-111.7875, 33.7237], [-111.7872, 33.7269], [-111.6835, 33.7269], [-111.6834, 33.7098], [-111.6888, 33.7089], [-111.6985, 33.6405], [-111.7874, 33.6401], [-111.7874, 33.6534], [-111.796, 33.6534], [-111.8009, 33.6432], [-111.8045, 33.6409], [-111.8126, 33.6443], [-111.8372, 33.6443], [-111.8372, 33.6396], [-111.8204, 33.6398], [-111.8224, 33.638], [-111.8226, 33.6319], [-111.8252, 33.6303], [-111.8298, 33.6191], [-111.8322, 33.6162], [-111.8394, 33.6132], [-111.8394, 33.6115], [-111.8586, 33.6115], [-111.87, 33.6251], [-111.8608, 33.6322], [-111.8613, 33.6437], [-111.8659, 33.6402], [-111.9074, 33.6402], [-111.9074, 33.6388], [-111.8966, 33.6365], [-111.8976, 33.6327], [-111.9385, 33.6404], [-111.9552, 33.6484], [-111.9489, 33.6593], [-111.9403, 33.6559], [-111.9433, 33.6459], [-111.9386, 33.6446], [-111.937, 33.6475], [-111.9345, 33.6459], [-111.9256, 33.645], [-111.9256, 33.6987], [-111.96, 33.6987]]]}}, {"type": "Feature", "properties": {"zip": "85268", "total": 540, "q1": 120, "q2": 134, "q3": 142, "q4": 144, "pop": 2253, "acsPriv": 576, "seats": 52}, "geometry": {"type": "Polygon", "coordinates": [[[-111.7873, 33.6114], [-111.7874, 33.6401], [-111.6985, 33.6405], [-111.7084, 33.5679], [-111.7701, 33.5679], [-111.7701, 33.5897], [-111.7612, 33.5899], [-111.7621, 33.5981], [-111.761, 33.5996], [-111.764, 33.6052], [-111.7692, 33.6068], [-111.7701, 33.6056], [-111.7702, 33.6114], [-111.7873, 33.6114]]]}}, {"type": "Feature", "properties": {"zip": "85022", "total": 1346, "q1": 317, "q2": 336, "q3": 353, "q4": 340, "pop": 8198, "acsPriv": 955, "seats": 0}, "geometry": {"type": "MultiPolygon", "coordinates": [[[[-112.0341, 33.6514], [-112.0331, 33.6532], [-112.0326, 33.6514], [-112.0341, 33.6514]]], [[[-112.0785, 33.6438], [-112.0742, 33.6436], [-112.0742, 33.6547], [-112.0456, 33.6549], [-112.0451, 33.6531], [-112.0429, 33.6531], [-112.0429, 33.655], [-112.0363, 33.655], [-112.0356, 33.6495], [-112.0309, 33.6496], [-112.0309, 33.6478], [-112.033, 33.6478], [-112.0336, 33.646], [-112.033, 33.6432], [-112.0308, 33.6432], [-112.0307, 33.6263], [-112.032, 33.6263], [-112.032, 33.6204], [-112.0306, 33.6204], [-112.031, 33.6187], [-112.0263, 33.6187], [-112.0259, 33.6164], [-112.0232, 33.6165], [-112.0245, 33.6127], [-112.0226, 33.6114], [-112.0253, 33.6114], [-112.0253, 33.6095], [-112.0305, 33.605], [-112.0305, 33.5962], [-112.0344, 33.5958], [-112.0326, 33.5935], [-112.0344, 33.5912], [-112.0327, 33.5912], [-112.0327, 33.5895], [-112.0384, 33.5895], [-112.039, 33.5957], [-112.0379, 33.5969], [-112.0454, 33.599], [-112.0588, 33.6073], [-112.0651, 33.6076], [-112.0651, 33.6053], [-112.0685, 33.6053], [-112.0709, 33.6005], [-112.0726, 33.6008], [-112.0747, 33.6044], [-112.0745, 33.612], [-112.0741, 33.6148], [-112.0719, 33.6148], [-112.0719, 33.6169], [-112.0736, 33.618], [-112.0734, 33.6231], [-112.075, 33.6257], [-112.0742, 33.633], [-112.0759, 33.6341], [-112.0743, 33.6349], [-112.0742, 33.642], [-112.0785, 33.6438]]]]}}, {"type": "Feature", "properties": {"zip": "85308", "total": 3080, "q1": 726, "q2": 765, "q3": 805, "q4": 784, "pop": 9217, "acsPriv": 1359, "seats": 1064}, "geometry": {"type": "Polygon", "coordinates": [[[-112.2401, 33.6385], [-112.2377, 33.6421], [-112.2377, 33.6527], [-112.2366, 33.6527], [-112.2356, 33.6599], [-112.2269, 33.6717], [-112.2225, 33.6816], [-112.1945, 33.6827], [-112.1918, 33.6816], [-112.1867, 33.683], [-112.1878, 33.6908], [-112.179, 33.6977], [-112.1758, 33.6978], [-112.1697, 33.6978], [-112.1693, 33.6685], [-112.1514, 33.6696], [-112.1512, 33.6753], [-112.1533, 33.6778], [-112.1416, 33.6844], [-112.1422, 33.6831], [-112.1348, 33.6838], [-112.1344, 33.6396], [-112.1648, 33.6391], [-112.1645, 33.637], [-112.169, 33.6369], [-112.1693, 33.639], [-112.1778, 33.6389], [-112.1786, 33.6371], [-112.184, 33.6356], [-112.1884, 33.6355], [-112.1908, 33.6386], [-112.1952, 33.6386], [-112.1949, 33.6365], [-112.2027, 33.6362], [-112.2029, 33.6375], [-112.2072, 33.6383], [-112.2367, 33.6379], [-112.2376, 33.64], [-112.2401, 33.6385]]]}}, {"type": "Feature", "properties": {"zip": "85203", "total": 1781, "q1": 405, "q2": 437, "q3": 468, "q4": 471, "pop": 7293, "acsPriv": 685, "seats": 199}, "geometry": {"type": "Polygon", "coordinates": [[[-111.8229, 33.4151], [-111.8228, 33.426], [-111.8208, 33.426], [-111.8228, 33.4267], [-111.8226, 33.4368], [-111.8161, 33.4368], [-111.8165, 33.4421], [-111.8169, 33.4397], [-111.8226, 33.4378], [-111.8224, 33.4601], [-111.8202, 33.4601], [-111.8218, 33.4628], [-111.8207, 33.4644], [-111.8223, 33.4644], [-111.8221, 33.4734], [-111.8178, 33.4812], [-111.8135, 33.4838], [-111.8022, 33.4878], [-111.7927, 33.4874], [-111.7875, 33.4891], [-111.7874, 33.4745], [-111.7832, 33.4745], [-111.7832, 33.4691], [-111.7873, 33.4691], [-111.7874, 33.464], [-111.7898, 33.4606], [-111.7876, 33.4571], [-111.7876, 33.4518], [-111.7838, 33.4518], [-111.7847, 33.4491], [-111.7877, 33.4492], [-111.7881, 33.4227], [-111.7852, 33.4222], [-111.7841, 33.4194], [-111.7826, 33.4193], [-111.7826, 33.4154], [-111.7944, 33.4153], [-111.7951, 33.4135], [-111.7968, 33.4135], [-111.7997, 33.4153], [-111.8141, 33.4151], [-111.8169, 33.4133], [-111.8171, 33.4151], [-111.8229, 33.4151]]]}}, {"type": "Feature", "properties": {"zip": "85286", "total": 2370, "q1": 549, "q2": 592, "q3": 615, "q4": 614, "pop": 9741, "acsPriv": 1882, "seats": 404}, "geometry": {"type": "Polygon", "coordinates": [[[-111.8936, 33.2914], [-111.8897, 33.2918], [-111.8762, 33.2873], [-111.8762, 33.2914], [-111.8633, 33.2915], [-111.8623, 33.2897], [-111.8619, 33.2915], [-111.8589, 33.2915], [-111.8587, 33.2874], [-111.8545, 33.2873], [-111.8547, 33.2915], [-111.8503, 33.2916], [-111.8502, 33.2873], [-111.8427, 33.2874], [-111.8416, 33.2874], [-111.8417, 33.2916], [-111.807, 33.2918], [-111.8069, 33.2881], [-111.8026, 33.2889], [-111.8026, 33.2918], [-111.7896, 33.2919], [-111.7896, 33.2738], [-111.7749, 33.2739], [-111.7794, 33.2702], [-111.7816, 33.263], [-111.7728, 33.2631], [-111.7726, 33.2486], [-111.7813, 33.2485], [-111.7816, 33.2503], [-111.7856, 33.2502], [-111.7856, 33.2484], [-111.8296, 33.2478], [-111.8254, 33.2551], [-111.8369, 33.2549], [-111.8369, 33.2477], [-111.8413, 33.2476], [-111.8414, 33.2621], [-111.8445, 33.2621], [-111.8438, 33.2636], [-111.8466, 33.2636], [-111.8473, 33.262], [-111.8529, 33.2621], [-111.853, 33.2645], [-111.8584, 33.2618], [-111.8933, 33.2614], [-111.8936, 33.2914]]]}}, {"type": "Feature", "properties": {"zip": "85226", "total": 1384, "q1": 317, "q2": 348, "q3": 359, "q4": 360, "pop": 6840, "acsPriv": 898, "seats": 2397}, "geometry": {"type": "Polygon", "coordinates": [[[-111.9954, 33.2047], [-111.9954, 33.2907], [-111.9715, 33.2908], [-111.9722, 33.3271], [-111.9633, 33.3271], [-111.9632, 33.32], [-111.9558, 33.3201], [-111.9533, 33.3273], [-111.9458, 33.3273], [-111.9457, 33.3236], [-111.937, 33.3237], [-111.937, 33.3201], [-111.9282, 33.3201], [-111.928, 33.3237], [-111.9197, 33.3237], [-111.9197, 33.3274], [-111.8934, 33.3276], [-111.8945, 33.3152], [-111.8936, 33.2922], [-111.8932, 33.2483], [-111.8934, 33.2614], [-111.9342, 33.2608], [-111.9481, 33.2556], [-111.92, 33.2193], [-111.8931, 33.2192], [-111.8931, 33.2047], [-111.9954, 33.2047]]]}}, {"type": "Feature", "properties": {"zip": "85142", "total": 6698, "q1": 1549, "q2": 1653, "q3": 1739, "q4": 1757, "pop": 21077, "acsPriv": 2470, "seats": 225}, "geometry": {"type": "Polygon", "coordinates": [[[-111.8402, 33.204], [-111.7294, 33.2047], [-111.7291, 33.2121], [-111.7205, 33.212], [-111.7205, 33.2193], [-111.6859, 33.2196], [-111.6858, 33.2307], [-111.6881, 33.2309], [-111.6881, 33.2344], [-111.6858, 33.2345], [-111.6858, 33.2419], [-111.6945, 33.2416], [-111.6945, 33.2452], [-111.7032, 33.2449], [-111.7032, 33.2465], [-111.7032, 33.2485], [-111.6856, 33.2494], [-111.6862, 33.2883], [-111.6696, 33.2779], [-111.5832, 33.2774], [-111.5806, 33.278], [-111.5806, 33.2925], [-111.5634, 33.2928], [-111.5634, 33.2635], [-111.583, 33.2632], [-111.5813, 33.1847], [-111.5863, 33.1771], [-111.5807, 33.1719], [-111.5796, 33.1678], [-111.5773, 33.1182], [-111.686, 33.1177], [-111.686, 33.1461], [-111.6977, 33.1495], [-111.7011, 33.147], [-111.7042, 33.1397], [-111.708, 33.1359], [-111.714, 33.1331], [-111.722, 33.1367], [-111.7302, 33.1357], [-111.7374, 33.1268], [-111.7376, 33.1213], [-111.7407, 33.1221], [-111.7461, 33.1253], [-111.7576, 33.1402], [-111.8224, 33.1949], [-111.8402, 33.204]]]}}, {"type": "Feature", "properties": {"zip": "85120", "total": 790, "q1": 172, "q2": 198, "q3": 209, "q4": 211, "pop": 3441, "acsPriv": 178, "seats": 1}, "geometry": {"type": "MultiPolygon", "coordinates": [[[[-111.6077, 33.4151], [-111.6077, 33.4223], [-111.5807, 33.4223], [-111.5818, 33.4365], [-111.5807, 33.4368], [-111.5806, 33.4586], [-111.5871, 33.4587], [-111.5871, 33.4604], [-111.5817, 33.4606], [-111.5817, 33.466], [-111.5461, 33.4659], [-111.5461, 33.4567], [-111.5483, 33.4567], [-111.5483, 33.4549], [-111.5461, 33.4549], [-111.5461, 33.4296], [-111.5482, 33.4296], [-111.5482, 33.4269], [-111.5461, 33.4269], [-111.5461, 33.4127], [-111.5504, 33.4116], [-111.5516, 33.4078], [-111.5494, 33.4075], [-111.5502, 33.4058], [-111.5534, 33.4058], [-111.5535, 33.4041], [-111.5527, 33.4009], [-111.5478, 33.4006], [-111.5466, 33.402], [-111.5461, 33.4005], [-111.5461, 33.3962], [-111.5475, 33.395], [-111.5475, 33.3934], [-111.5461, 33.3933], [-111.5461, 33.3788], [-111.5608, 33.3788], [-111.5612, 33.366], [-111.5509, 33.3615], [-111.5291, 33.3271], [-111.524, 33.3072], [-111.5432, 33.307], [-111.5771, 33.3292], [-111.5837, 33.3366], [-111.5841, 33.3788], [-111.5807, 33.3787], [-111.5806, 33.3969], [-111.585, 33.3969], [-111.5851, 33.4031], [-111.5839, 33.4009], [-111.5827, 33.402], [-111.5811, 33.4009], [-111.5807, 33.4078], [-111.598, 33.4078], [-111.598, 33.4115], [-111.5904, 33.4114], [-111.5904, 33.4151], [-111.6077, 33.4151]], [[-111.548, 33.4236], [-111.5464, 33.4226], [-111.5464, 33.4239], [-111.548, 33.4236]]], [[[-111.614, 33.4154], [-111.6116, 33.417], [-111.6126, 33.4188], [-111.6079, 33.4196], [-111.6079, 33.4151], [-111.614, 33.4154]]]]}}, {"type": "Feature", "properties": {"zip": "85215", "total": 405, "q1": 94, "q2": 103, "q3": 107, "q4": 101, "pop": 1811, "acsPriv": 152, "seats": 0}, "geometry": {"type": "Polygon", "coordinates": [[[-111.7875, 33.4845], [-111.7443, 33.4847], [-111.7443, 33.4825], [-111.7409, 33.4823], [-111.7316, 33.4882], [-111.7278, 33.4863], [-111.7233, 33.4933], [-111.72, 33.4943], [-111.7198, 33.4964], [-111.7108, 33.5049], [-111.6908, 33.5141], [-111.6902, 33.516], [-111.6932, 33.5171], [-111.6932, 33.5191], [-111.6878, 33.5191], [-111.6878, 33.517], [-111.6858, 33.5166], [-111.6788, 33.5174], [-111.6728, 33.5274], [-111.6715, 33.5316], [-111.672, 33.5411], [-111.6689, 33.5451], [-111.6664, 33.5447], [-111.662, 33.5475], [-111.6514, 33.5502], [-111.6461, 33.549], [-111.6347, 33.5554], [-111.6225, 33.5548], [-111.6205, 33.5577], [-111.6135, 33.5607], [-111.6097, 33.56], [-111.6065, 33.557], [-111.6059, 33.5514], [-111.6033, 33.5489], [-111.5932, 33.5492], [-111.5886, 33.555], [-111.5814, 33.558], [-111.5751, 33.5569], [-111.5754, 33.5542], [-111.5573, 33.5515], [-111.5479, 33.554], [-111.5398, 33.5587], [-111.5396, 33.5611], [-111.5431, 33.5641], [-111.5445, 33.5679], [-111.5446, 33.5708], [-111.542, 33.5751], [-111.5383, 33.5724], [-111.5371, 33.575], [-111.5332, 33.576], [-111.5185, 33.5743], [-111.5169, 33.5726], [-111.5162, 33.574], [-111.5147, 33.5735], [-111.5149, 33.5722], [-111.513, 33.5725], [-111.5173, 33.5692], [-111.517, 33.566], [-111.5124, 33.563], [-111.5142, 33.5616], [-111.5118, 33.5588], [-111.5064, 33.5569], [-111.4967, 33.5613], [-111.503, 33.5686], [-111.499, 33.5716], [-111.4998, 33.569], [-111.4952, 33.575], [-111.4969, 33.5759], [-111.4966, 33.5807], [-111.4947, 33.5786], [-111.4948, 33.5808], [-111.493, 33.5805], [-111.4815, 33.5733], [-111.4841, 33.5719], [-111.4816, 33.5685], [-111.4828, 33.5611], [-111.4818, 33.5585], [-111.4783, 33.5574], [-111.4728, 33.5588], [-111.4647, 33.5642], [-111.4611, 33.5612], [-111.4616, 33.5567], [-111.46, 33.5552], [-111.4487, 33.5569], [-111.438, 33.5484], [-111.442, 33.5452], [-111.4416, 33.5435], [-111.4438, 33.5433], [-111.4418, 33.5409], [-111.4442, 33.54], [-111.4435, 33.5389], [-111.4448, 33.5401], [-111.4428, 33.5408], [-111.4443, 33.5434], [-111.4481, 33.5452], [-111.4499, 33.5437], [-111.4493, 33.5412], [-111.4518, 33.541], [-111.4535, 33.539], [-111.4548, 33.535], [-111.4541, 33.525], [-111.4501, 33.5213], [-111.4519, 33.5189], [-111.4558, 33.52], [-111.4581, 33.5182], [-111.456, 33.5086], [-111.4582, 33.5077], [-111.4587, 33.5026], [-111.4617, 33.502], [-111.466, 33.4951], [-111.4682, 33.4872], [-111.4747, 33.4784], [-111.4756, 33.4734], [-111.4801, 33.4659], [-111.5806, 33.4658], [-111.6031, 33.4672], [-111.6004, 33.4861], [-111.6038, 33.4958], [-111.6839, 33.4953], [-111.6839, 33.4726], [-111.6798, 33.4663], [-111.6818, 33.4663], [-111.6748, 33.4534], [-111.6758, 33.4539], [-111.6755, 33.4515], [-111.6928, 33.4519], [-111.6929, 33.4483], [-111.7016, 33.4482], [-111.7015, 33.4519], [-111.7061, 33.4519], [-111.7096, 33.4496], [-111.7102, 33.4519], [-111.712, 33.4519], [-111.712, 33.4502], [-111.7165, 33.4488], [-111.7154, 33.4503], [-111.7163, 33.4519], [-111.7317, 33.4518], [-111.7318, 33.4481], [-111.7361, 33.4473], [-111.7362, 33.4425], [-111.7398, 33.4518], [-111.7534, 33.4519], [-111.7534, 33.4754], [-111.748, 33.4805], [-111.7564, 33.4829], [-111.7688, 33.4809], [-111.7873, 33.4809], [-111.7875, 33.4845]], [[-111.6841, 33.4593], [-111.68, 33.4588], [-111.6811, 33.4612], [-111.6798, 33.4619], [-111.683, 33.462], [-111.6841, 33.4593]]]}}, {"type": "Feature", "properties": {"zip": "85258", "total": 1201, "q1": 286, "q2": 300, "q3": 307, "q4": 308, "pop": 3169, "acsPriv": 509, "seats": 337}, "geometry": {"type": "Polygon", "coordinates": [[[-111.9261, 33.5517], [-111.926, 33.5784], [-111.9236, 33.5784], [-111.9239, 33.5811], [-111.921, 33.5807], [-111.9208, 33.5821], [-111.848, 33.5825], [-111.848, 33.5754], [-111.846, 33.5752], [-111.847, 33.5736], [-111.8457, 33.5698], [-111.8459, 33.5684], [-111.8598, 33.568], [-111.8691, 33.5535], [-111.8791, 33.5535], [-111.8791, 33.5459], [-111.8816, 33.5384], [-111.9156, 33.5383], [-111.9179, 33.5391], [-111.9197, 33.5432], [-111.9231, 33.5458], [-111.9254, 33.551], [-111.924, 33.5517], [-111.9261, 33.5517]]]}}, {"type": "Feature", "properties": {"zip": "85015", "total": 816, "q1": 195, "q2": 205, "q3": 215, "q4": 201, "pop": 7501, "acsPriv": 676, "seats": 1674}, "geometry": {"type": "Polygon", "coordinates": [[[-112.113, 33.4806], [-112.1122, 33.5386], [-112.1007, 33.5386], [-112.1007, 33.5363], [-112.0956, 33.5358], [-112.0954, 33.5386], [-112.0905, 33.5385], [-112.0914, 33.4805], [-112.113, 33.4806]]]}}, {"type": "Feature", "properties": {"zip": "85212", "total": 3395, "q1": 775, "q2": 842, "q3": 890, "q4": 888, "pop": 11245, "acsPriv": 1096, "seats": 38}, "geometry": {"type": "Polygon", "coordinates": [[[-111.6958, 33.3433], [-111.6873, 33.3433], [-111.6876, 33.3614], [-111.6919, 33.3614], [-111.6919, 33.3634], [-111.6876, 33.3621], [-111.6877, 33.365], [-111.5998, 33.3644], [-111.5917, 33.3613], [-111.5839, 33.3618], [-111.5837, 33.3366], [-111.5771, 33.3292], [-111.5634, 33.3203], [-111.5634, 33.2928], [-111.5806, 33.2925], [-111.5806, 33.278], [-111.5832, 33.2774], [-111.6696, 33.2779], [-111.6864, 33.2885], [-111.6867, 33.3011], [-111.6891, 33.3052], [-111.6868, 33.3119], [-111.6872, 33.3361], [-111.6956, 33.336], [-111.6958, 33.3433]]]}}, {"type": "Feature", "properties": {"zip": "85634", "total": 20, "q1": 5, "q2": 5, "q3": 5, "q4": 5, "pop": 1206, "acsPriv": 21, "seats": 50}, "geometry": {"type": "Polygon", "coordinates": [[[-112.7028, 32.0763], [-112.6975, 32.0806], [-112.6976, 32.0875], [-112.6954, 32.0911], [-112.6977, 32.0926], [-112.6974, 32.0972], [-112.6934, 32.098], [-112.6914, 32.1023], [-112.6785, 32.1036], [-112.6761, 32.1111], [-112.6716, 32.1109], [-112.6695, 32.1136], [-112.6718, 32.1223], [-112.6708, 32.1255], [-112.6679, 32.1278], [-112.668, 32.1375], [-112.6542, 32.1407], [-112.6433, 32.1367], [-112.6464, 32.1422], [-112.5863, 32.1406], [-112.5792, 32.1393], [-112.5802, 32.1547], [-112.5734, 32.1718], [-112.5732, 32.182], [-112.4349, 32.1818], [-112.4326, 32.1927], [-112.3724, 32.1855], [-112.3702, 32.1871], [-112.3695, 32.1902], [-112.3681, 32.2136], [-112.3658, 32.2261], [-112.3517, 32.2441], [-112.3499, 32.2529], [-112.3418, 32.2712], [-112.3325, 32.2751], [-112.3285, 32.2816], [-112.2746, 32.2647], [-112.2678, 32.2658], [-112.2591, 32.2631], [-112.2495, 32.2469], [-112.2435, 32.2435], [-112.2428, 32.2399], [-112.2333, 32.2307], [-112.2324, 32.2266], [-112.2342, 32.223], [-112.2325, 32.2204], [-112.2271, 32.2141], [-112.2241, 32.2153], [-112.2206, 32.2212], [-112.2196, 32.2266], [-112.2179, 32.2282], [-112.2135, 32.2262], [-112.2129, 32.2274], [-112.2204, 32.2367], [-112.2233, 32.2367], [-112.2263, 32.2437], [-112.2374, 32.2573], [-112.2491, 32.2629], [-112.2438, 32.2698], [-112.2475, 32.295], [-112.2506, 32.302], [-112.2474, 32.3109], [-112.2474, 32.3192], [-112.2296, 32.3229], [-112.2201, 32.3277], [-112.2133, 32.3285], [-112.2092, 32.3315], [-112.2031, 32.3304], [-112.194, 32.3331], [-112.1863, 32.34], [-112.1825, 32.3509], [-112.1654, 32.3648], [-112.1799, 32.3693], [-112.1747, 32.3882], [-112.1761, 32.3933], [-112.1756, 32.4053], [-112.1909, 32.4128], [-112.1796, 32.4256], [-112.1809, 32.4346], [-112.1761, 32.4421], [-112.1763, 32.4447], [-112.1795, 32.4542], [-112.1833, 32.4517], [-112.1903, 32.458], [-112.1991, 32.4587], [-112.1941, 32.4598], [-112.1865, 32.4642], [-112.185, 32.4671], [-112.1929, 32.477], [-112.2045, 32.4818], [-112.2062, 32.4854], [-112.2029, 32.4897], [-112.2102, 32.4989], [-112.209, 32.5067], [-112.0968, 32.5067], [-112.1003, 32.5106], [-112.0322, 32.5443], [-112.0098, 32.5468], [-112.0125, 32.5487], [-112.0158, 32.5626], [-112.0341, 32.5767], [-112.0434, 32.5949], [-112.0453, 32.6031], [-112.0373, 32.6002], [-112.0071, 32.5996], [-111.9936, 32.5942], [-111.9675, 32.615], [-111.9297, 32.55], [-111.9303, 32.5488], [-111.9127, 32.5252], [-111.9058, 32.5198], [-111.8948, 32.5146], [-111.8892, 32.5153], [-111.8916, 32.5067], [-111.7946, 32.5066], [-111.7949, 32.4196], [-111.8068, 32.4197], [-111.8066, 32.3792], [-111.8094, 32.3747], [-111.8189, 32.3681], [-111.8692, 32.3588], [-111.8669, 32.3651], [-111.9675, 32.3632], [-111.9674, 32.3569], [-111.9819, 32.3476], [-111.9905, 32.3373], [-112.0054, 32.325], [-111.9886, 32.3216], [-111.963, 32.3228], [-111.9667, 32.3146], [-111.9652, 32.3096], [-111.9728, 32.289], [-111.9686, 32.2886], [-111.9636, 32.2832], [-111.9637, 32.2757], [-111.9655, 32.271], [-111.9608, 32.2555], [-111.966, 32.2539], [-111.9781, 32.2568], [-111.9869, 32.2675], [-111.9923, 32.2716], [-111.9991, 32.2735], [-111.9986, 32.2762], [-111.9998, 32.276], [-112.0008, 32.272], [-112.0004, 32.2663], [-111.9991, 32.2654], [-112.0013, 32.2541], [-112.001, 32.2466], [-111.9985, 32.2413], [-111.9925, 32.2361], [-111.992, 32.2302], [-111.9897, 32.2258], [-111.9755, 32.2058], [-111.9695, 32.1904], [-111.9653, 32.1735], [-111.9595, 32.166], [-111.9586, 32.1572], [-111.9537, 32.1477], [-111.9467, 32.1424], [-111.9428, 32.1419], [-111.9381, 32.1381], [-111.9336, 32.1373], [-111.9273, 32.1331], [-111.9176, 32.121], [-111.911, 32.1195], [-111.8977, 32.1113], [-111.8984, 32.1043], [-111.8932, 32.099], [-111.8924, 32.0898], [-111.8829, 32.0789], [-111.8889, 32.0737], [-111.9036, 32.0754], [-111.8877, 32.0316], [-111.883, 32.0266], [-111.8735, 32.023], [-111.8706, 32.0194], [-111.8678, 32.0205], [-111.8641, 32.0191], [-111.8596, 32.0225], [-111.8531, 32.0224], [-111.8517, 32.0237], [-111.839, 32.0235], [-111.8331, 32.0282], [-111.835, 32.1402], [-111.8339, 32.1439], [-111.8358, 32.1462], [-111.8352, 32.1541], [-111.8373, 32.1557], [-111.8751, 32.2366], [-111.8666, 32.2346], [-111.8527, 32.2241], [-111.8335, 32.2243], [-111.8337, 32.2283], [-111.8273, 32.2335], [-111.8127, 32.2297], [-111.8127, 32.2325], [-111.8079, 32.2381], [-111.7987, 32.2668], [-111.7913, 32.3011], [-111.7443, 32.2804], [-111.7243, 32.2793], [-111.709, 32.274], [-111.6801, 32.2723], [-111.6552, 32.2745], [-111.633, 32.2736], [-111.6269, 32.2838], [-111.6145, 32.2791], [-111.6088, 32.2794], [-111.602, 32.2821], [-111.5941, 32.2794], [-111.5796, 32.2779], [-111.5412, 32.2926], [-111.5198, 32.3061], [-111.514, 32.3065], [-111.5043, 32.3109], [-111.5031, 32.3098], [-111.4992, 32.3113], [-111.481, 32.3102], [-111.4743, 32.3077], [-111.4743, 32.2159], [-111.3729, 32.2163], [-111.3729, 32.2188], [-111.3532, 32.2191], [-111.2351, 32.2193], [-111.2352, 32.2264], [-111.2181, 32.2265], [-111.218, 32.1902], [-111.2787, 32.1901], [-111.2787, 32.1973], [-111.291, 32.1973], [-111.291, 32.1757], [-111.3736, 32.175], [-111.3735, 32.1726], [-111.3764, 32.1725], [-111.4409, 32.1725], [-111.4407, 32.1001], [-111.4749, 32.0999], [-111.4755, 32.0688], [-111.4789, 32.0688], [-111.4789, 32.0544], [-111.3861, 32.0586], [-111.3861, 32.0446], [-111.4195, 32.043], [-111.4193, 32.0279], [-111.4784, 32.0249], [-111.4785, 32.0107], [-111.5473, 32.0098], [-111.5474, 31.9811], [-111.5385, 31.981], [-111.5396, 31.9521], [-111.5481, 31.9524], [-111.5475, 31.9227], [-111.5812, 31.9237], [-111.5817, 31.8948], [-111.6052, 31.8947], [-111.6052, 31.8989], [-111.6062, 31.8985], [-111.6094, 31.8935], [-111.617, 31.8923], [-111.6216, 31.8872], [-111.6203, 31.8855], [-111.6214, 31.8848], [-111.6191, 31.8831], [-111.6211, 31.8752], [-111.6246, 31.8747], [-111.6289, 31.8773], [-111.6351, 31.8755], [-111.641, 31.8728], [-111.6463, 31.8658], [-111.6548, 31.862], [-111.6576, 31.8583], [-111.6609, 31.8463], [-111.6604, 31.8423], [-111.6515, 31.8383], [-111.6607, 31.8356], [-111.6644, 31.832], [-111.6744, 31.8267], [-111.6762, 31.8238], [-111.6744, 31.8169], [-111.6764, 31.814], [-111.6818, 31.8112], [-111.6801, 31.8105], [-111.6805, 31.8093], [-111.6929, 31.8087], [-111.7006, 31.8099], [-111.702, 31.8116], [-111.708, 31.8098], [-111.709, 31.8065], [-111.7174, 31.8046], [-111.7271, 31.8093], [-111.7709, 31.8144], [-111.784, 31.8154], [-111.801, 31.8142], [-111.8051, 31.8185], [-111.8222, 31.817], [-111.8219, 31.8186], [-111.8255, 31.817], [-111.8291, 31.8261], [-111.8337, 31.8242], [-111.8374, 31.8299], [-111.8514, 31.8188], [-111.8533, 31.8156], [-111.8523, 31.81], [-111.8552, 31.8048], [-111.851, 31.8043], [-111.8529, 31.8032], [-111.8488, 31.8034], [-111.8483, 31.7984], [-111.8443, 31.7992], [-111.8416, 31.7975], [-111.8407, 31.7942], [-111.8309, 31.7943], [-111.8298, 31.7922], [-111.8241, 31.7935], [-111.8095, 31.7909], [-111.7905, 31.759], [-111.7832, 31.7305], [-111.7715, 31.7302], [-111.7649, 31.7318], [-111.7612, 31.7306], [-111.7341, 31.7385], [-111.7111, 31.7511], [-111.7027, 31.7521], [-111.7047, 31.7397], [-111.7384, 31.7215], [-111.7359, 31.7085], [-111.724, 31.7091], [-111.7249, 31.7067], [-111.6968, 31.7046], [-111.7047, 31.6998], [-111.7063, 31.6923], [-111.7118, 31.6921], [-111.7234, 31.6879], [-111.7218, 31.6812], [-111.7305, 31.6817], [-111.7304, 31.6775], [-111.7216, 31.6787], [-111.7208, 31.664], [-111.7119, 31.6637], [-111.7126, 31.6599], [-111.7035, 31.6619], [-111.6812, 31.66], [-111.6731, 31.6569], [-111.6635, 31.6587], [-111.663, 31.6602], [-111.6603, 31.6593], [-111.66, 31.6614], [-111.658, 31.6623], [-111.6506, 31.6606], [-111.6509, 31.6625], [-111.6452, 31.6689], [-111.6428, 31.6684], [-111.6411, 31.6701], [-111.6419, 31.6728], [-111.6407, 31.6746], [-111.6344, 31.6749], [-111.6338, 31.6711], [-111.6382, 31.6654], [-111.6381, 31.662], [-111.6416, 31.6593], [-111.6408, 31.6536], [-111.6428, 31.6524], [-111.6439, 31.6488], [-111.6426, 31.6458], [-111.6408, 31.646], [-111.6369, 31.6429], [-111.6373, 31.6341], [-111.6432, 31.6298], [-111.648, 31.6214], [-111.6485, 31.6092], [-111.6511, 31.6059], [-111.6516, 31.6015], [-111.6453, 31.5963], [-111.6454, 31.5924], [-111.6516, 31.5896], [-111.6492, 31.5855], [-111.6508, 31.5831], [-111.6454, 31.5749], [-111.6432, 31.5764], [-111.6389, 31.5735], [-111.6379, 31.57], [-111.6313, 31.5689], [-111.6275, 31.5653], [-111.6244, 31.5646], [-111.6195, 31.5675], [-111.6163, 31.5671], [-111.6147, 31.5641], [-111.6091, 31.5612], [-111.6038, 31.5631], [-111.6003, 31.5621], [-111.598, 31.5596], [-111.5963, 31.5534], [-111.5942, 31.5523], [-111.5943, 31.5502], [-111.6231, 31.5501], [-111.6231, 31.5079], [-112.0753, 31.6506], [-112.6078, 31.8158], [-112.607, 31.8956], [-112.6238, 31.8956], [-112.6237, 31.9241], [-112.6282, 31.9285], [-112.6327, 31.9294], [-112.6385, 31.9366], [-112.6424, 31.9366], [-112.6456, 31.9407], [-112.6497, 31.9424], [-112.6566, 31.9521], [-112.6598, 31.9513], [-112.6615, 31.9565], [-112.6576, 31.9596], [-112.6623, 31.9711], [-112.6596, 31.9748], [-112.662, 31.9769], [-112.6629, 31.9828], [-112.6601, 31.9863], [-112.6585, 31.9954], [-112.6556, 31.9991], [-112.6595, 32.0001], [-112.6643, 32.0046], [-112.6646, 32.0076], [-112.6754, 32.0103], [-112.6752, 32.0116], [-112.6827, 32.014], [-112.6884, 32.0264], [-112.6909, 32.0274], [-112.6911, 32.0302], [-112.6894, 32.031], [-112.6903, 32.0376], [-112.6875, 32.0399], [-112.6866, 32.0448], [-112.6879, 32.0461], [-112.6878, 32.0519], [-112.696, 32.056], [-112.6959, 32.0598], [-112.7011, 32.0633], [-112.6993, 32.0668], [-112.7027, 32.0716], [-112.7028, 32.0763]]]}}, {"type": "Feature", "properties": {"zip": "85344", "total": 246, "q1": 64, "q2": 62, "q3": 64, "q4": 56, "pop": 1650, "acsPriv": 117, "seats": 0}, "geometry": {"type": "Polygon", "coordinates": [[[-114.5359, 33.9287], [-114.5345, 33.9369], [-114.5287, 33.9478], [-114.5227, 33.955], [-114.5159, 33.9581], [-114.5087, 33.9575], [-114.4999, 33.9618], [-114.4848, 33.9755], [-114.4815, 33.9813], [-114.4711, 33.988], [-114.4679, 33.9929], [-114.4593, 33.9947], [-114.458, 33.9972], [-114.4592, 34.0], [-114.4673, 34.0052], [-114.4659, 34.011], [-114.4633, 34.0123], [-114.4548, 34.011], [-114.4502, 34.0126], [-114.4438, 34.0162], [-114.4383, 34.0226], [-114.4349, 34.0378], [-114.4394, 34.0538], [-114.4377, 34.0719], [-114.4342, 34.0874], [-114.428, 34.0928], [-114.4205, 34.1035], [-114.4117, 34.11], [-114.4013, 34.1116], [-114.3906, 34.1101], [-114.3792, 34.116], [-114.3665, 34.1186], [-114.3604, 34.1236], [-114.3564, 34.1304], [-114.3505, 34.1341], [-114.3361, 34.134], [-114.3216, 34.1381], [-114.3122, 34.1448], [-114.2928, 34.1667], [-114.287, 34.1707], [-114.2753, 34.1721], [-114.2685, 34.1702], [-114.257, 34.1728], [-114.2444, 34.1794], [-114.2407, 34.1832], [-114.2297, 34.1869], [-114.227, 34.1889], [-114.2249, 34.1939], [-114.2252, 34.2036], [-114.2118, 34.2115], [-114.1909, 34.2309], [-114.178, 34.24], [-114.1746, 34.2473], [-114.1661, 34.25], [-114.1639, 34.2533], [-114.1646, 34.2597], [-114.1533, 34.2583], [-114.1448, 34.2596], [-114.1355, 34.2579], [-114.1315, 34.2604], [-114.1312, 34.2627], [-114.1367, 34.2744], [-114.136, 34.2808], [-114.1395, 34.2958], [-114.1383, 34.3032], [-114.1367, 34.3043], [-114.1284, 34.3041], [-114.1165, 34.2964], [-114.1116, 34.295], [-114.0982, 34.3006], [-114.0874, 34.2986], [-114.0797, 34.2921], [-114.0754, 34.2929], [-114.0692, 34.2905], [-114.0583, 34.2799], [-114.0525, 34.278], [-114.0506, 34.2749], [-114.0474, 34.2736], [-114.0469, 34.27], [-114.0376, 34.2639], [-114.0365, 34.2604], [-114.0309, 34.26], [-114.0242, 34.2681], [-114.0189, 34.266], [-114.0115, 34.2561], [-114.0062, 34.2538], [-113.9633, 34.2581], [-113.9396, 34.2549], [-113.9291, 34.2494], [-113.9055, 34.2484], [-113.8929, 34.2493], [-113.8725, 34.2549], [-113.8577, 34.2534], [-113.8517, 34.2513], [-113.8497, 34.2425], [-113.8443, 34.2366], [-113.839, 34.2248], [-113.8349, 34.2232], [-113.8204, 34.2281], [-113.8196, 34.2323], [-113.8163, 34.2353], [-113.8126, 34.2325], [-113.8014, 34.2362], [-113.7946, 34.2367], [-113.791, 34.2348], [-113.7937, 34.224], [-113.7985, 34.2177], [-113.7989, 34.2052], [-113.8026, 34.2022], [-113.8061, 34.2025], [-113.8057, 34.198], [-113.8112, 34.1986], [-113.8142, 34.1963], [-113.8163, 34.1966], [-113.8243, 34.1861], [-113.8314, 34.1844], [-113.8377, 34.1767], [-113.8382, 34.1737], [-113.8408, 34.1729], [-113.8431, 34.169], [-113.8489, 34.1693], [-113.8559, 34.1649], [-113.8631, 34.1633], [-113.8638, 34.1615], [-113.8696, 34.1622], [-113.8819, 34.1527], [-113.8955, 34.1535], [-113.9025, 34.1587], [-113.9087, 34.1603], [-113.9131, 34.1644], [-113.9161, 34.1585], [-113.9188, 34.1467], [-113.929, 34.1363], [-113.93, 34.1302], [-113.9351, 34.1275], [-113.9418, 34.1212], [-113.9419, 34.1192], [-113.9501, 34.1131], [-113.9616, 34.1091], [-114.0415, 34.1465], [-114.047, 34.138], [-114.072, 34.1287], [-114.0747, 34.1252], [-114.0672, 34.1252], [-114.0658, 34.1207], [-114.0632, 34.121], [-114.0511, 34.1155], [-114.0233, 34.1129], [-114.0184, 34.1105], [-114.0135, 34.1108], [-114.0097, 34.1079], [-114.0058, 34.0986], [-114.002, 34.095], [-114.0029, 34.0894], [-113.9951, 34.0706], [-113.975, 34.0511], [-113.9653, 34.0387], [-113.9835, 34.0271], [-113.9862, 34.0276], [-113.9961, 34.0199], [-113.9997, 34.0134], [-114.0004, 34.0087], [-114.0107, 33.9955], [-114.0188, 33.9895], [-114.0338, 33.9895], [-114.0435, 33.9801], [-114.0495, 33.9766], [-114.0749, 33.9886], [-114.0789, 33.9847], [-114.0784, 33.983], [-114.0804, 33.9835], [-114.078, 33.9699], [-114.0837, 33.9648], [-114.085, 33.9555], [-114.0833, 33.9458], [-114.0785, 33.94], [-114.0775, 33.9381], [-114.0777, 33.9374], [-114.0896, 33.9412], [-114.0931, 33.9411], [-114.0945, 33.9389], [-114.0974, 33.9408], [-114.1, 33.9359], [-114.104, 33.9333], [-114.0939, 33.9241], [-114.0985, 33.9144], [-114.0984, 33.9093], [-114.0919, 33.9104], [-114.095, 33.9021], [-114.0941, 33.8955], [-114.0991, 33.8877], [-114.0974, 33.884], [-114.0976, 33.8795], [-114.0871, 33.87], [-114.0865, 33.8672], [-114.0934, 33.865], [-114.0978, 33.8602], [-114.114, 33.8519], [-114.1142, 33.8395], [-114.1178, 33.8395], [-114.1191, 33.8294], [-114.1222, 33.8267], [-114.1216, 33.8226], [-114.1254, 33.8087], [-114.1246, 33.801], [-114.117, 33.7936], [-114.1128, 33.7838], [-114.1086, 33.782], [-114.217, 33.7817], [-114.217, 33.7391], [-114.2259, 33.7408], [-114.2371, 33.7405], [-114.2558, 33.7358], [-114.2601, 33.7303], [-114.2725, 33.7377], [-114.2746, 33.7434], [-114.2822, 33.75], [-114.3219, 33.7706], [-114.3277, 33.7763], [-114.34, 33.778], [-114.3485, 33.7809], [-114.353, 33.75], [-114.354, 33.75], [-114.3626, 33.6802], [-114.3644, 33.6482], [-114.3763, 33.6464], [-114.3927, 33.6344], [-114.4231, 33.6279], [-114.4253, 33.6313], [-114.4337, 33.6339], [-114.4551, 33.6344], [-114.459, 33.6363], [-114.4769, 33.6361], [-114.4941, 33.6387], [-114.5249, 33.6387], [-114.5332, 33.6484], [-114.5332, 33.6517], [-114.5306, 33.6545], [-114.5183, 33.6559], [-114.5146, 33.658], [-114.5141, 33.6602], [-114.5171, 33.6629], [-114.5264, 33.6639], [-114.5303, 33.6668], [-114.5321, 33.6697], [-114.5303, 33.6792], [-114.524, 33.6859], [-114.5191, 33.6885], [-114.4965, 33.6969], [-114.4942, 33.7079], [-114.4966, 33.7192], [-114.5008, 33.7222], [-114.5042, 33.7281], [-114.5123, 33.7342], [-114.5045, 33.751], [-114.5049, 33.7605], [-114.5167, 33.7883], [-114.5189, 33.7973], [-114.528, 33.815], [-114.5227, 33.819], [-114.52, 33.8254], [-114.5296, 33.8481], [-114.5299, 33.8576], [-114.5243, 33.8601], [-114.5147, 33.8586], [-114.5056, 33.8643], [-114.503, 33.868], [-114.5043, 33.8769], [-114.5228, 33.8926], [-114.5259, 33.901], [-114.5137, 33.898], [-114.5087, 33.9006], [-114.5079, 33.9038], [-114.5145, 33.9142], [-114.5234, 33.9212], [-114.5346, 33.9254], [-114.5359, 33.9287]], [[-114.4166, 33.9845], [-114.4033, 33.9844], [-114.4123, 33.9663], [-114.3987, 33.9664], [-114.4033, 33.9563], [-114.4033, 33.9265], [-114.3817, 33.9265], [-114.3816, 33.9555], [-114.3647, 33.9565], [-114.3643, 33.9793], [-114.3668, 33.9796], [-114.3709, 33.9863], [-114.3814, 33.9916], [-114.3815, 33.999], [-114.4164, 33.999], [-114.4166, 33.9845]]]}}, {"type": "Feature", "properties": {"zip": "86535", "total": 4, "q1": 1, "q2": 1, "q3": 1, "q4": 1, "pop": 203, "acsPriv": 0, "seats": 0}, "geometry": {"type": "Polygon", "coordinates": [[[-110.0007, 36.8905], [-109.9914, 36.8912], [-109.9691, 36.9081], [-109.9631, 36.911], [-109.9549, 36.9084], [-109.9358, 36.8928], [-109.9364, 36.8913], [-109.933, 36.8836], [-109.9366, 36.8759], [-109.9161, 36.8806], [-109.885, 36.8966], [-109.8763, 36.9041], [-109.8621, 36.9239], [-109.8596, 36.9298], [-109.8608, 36.9311], [-109.8529, 36.9321], [-109.8464, 36.9389], [-109.848, 36.9572], [-109.845, 36.9677], [-109.8457, 36.9821], [-109.8419, 36.9914], [-109.835, 36.9983], [-109.7462, 36.9983], [-109.7551, 36.9902], [-109.7574, 36.9903], [-109.7612, 36.9831], [-109.7583, 36.9762], [-109.7643, 36.9681], [-109.7573, 36.9645], [-109.7531, 36.958], [-109.743, 36.9519], [-109.7105, 36.9436], [-109.7115, 36.9407], [-109.7155, 36.9429], [-109.7214, 36.9399], [-109.7214, 36.9368], [-109.7247, 36.9385], [-109.7246, 36.9355], [-109.7278, 36.9359], [-109.7253, 36.9333], [-109.7278, 36.9322], [-109.7276, 36.9301], [-109.7292, 36.9294], [-109.7289, 36.9317], [-109.7309, 36.9315], [-109.731, 36.9301], [-109.7359, 36.9289], [-109.7333, 36.9265], [-109.7335, 36.9227], [-109.7315, 36.9207], [-109.734, 36.9199], [-109.7308, 36.9179], [-109.7309, 36.9166], [-109.7328, 36.9168], [-109.731, 36.9133], [-109.7332, 36.9154], [-109.7347, 36.9135], [-109.7342, 36.9108], [-109.7317, 36.9098], [-109.7343, 36.9076], [-109.7385, 36.9079], [-109.7368, 36.9048], [-109.7388, 36.9013], [-109.736, 36.9006], [-109.7402, 36.8999], [-109.739, 36.8978], [-109.742, 36.8983], [-109.7414, 36.8968], [-109.7436, 36.894], [-109.7375, 36.8918], [-109.7326, 36.894], [-109.7311, 36.8916], [-109.7344, 36.8886], [-109.7332, 36.8866], [-109.736, 36.8853], [-109.7293, 36.8845], [-109.7317, 36.8809], [-109.731, 36.8795], [-109.734, 36.8789], [-109.7313, 36.8765], [-109.7362, 36.8749], [-109.7304, 36.873], [-109.7324, 36.8725], [-109.7301, 36.8692], [-109.7324, 36.8646], [-109.7378, 36.8648], [-109.7352, 36.863], [-109.7389, 36.8597], [-109.7338, 36.8585], [-109.7368, 36.8575], [-109.7351, 36.8526], [-109.7332, 36.8532], [-109.7351, 36.8488], [-109.7321, 36.8477], [-109.7343, 36.8474], [-109.735, 36.8449], [-109.7295, 36.8411], [-109.7283, 36.8372], [-109.7634, 36.8304], [-109.7805, 36.8189], [-109.7834, 36.8137], [-109.7848, 36.8142], [-109.7856, 36.8107], [-109.7923, 36.8059], [-109.8003, 36.8043], [-109.8081, 36.7999], [-109.8194, 36.7859], [-109.808, 36.7556], [-109.7948, 36.7594], [-109.7907, 36.7626], [-109.7866, 36.7616], [-109.7821, 36.7628], [-109.7843, 36.7603], [-109.7801, 36.7601], [-109.7748, 36.7561], [-109.7784, 36.7544], [-109.7855, 36.745], [-109.7847, 36.7401], [-109.7748, 36.7342], [-109.7795, 36.7321], [-109.7904, 36.7307], [-109.7937, 36.7321], [-109.8081, 36.7241], [-109.8096, 36.7211], [-109.811, 36.7161], [-109.8105, 36.7058], [-109.8159, 36.6895], [-109.8176, 36.6883], [-109.8076, 36.6518], [-109.8234, 36.644], [-109.8348, 36.6447], [-109.8359, 36.6424], [-109.8409, 36.6447], [-109.8464, 36.6399], [-109.8576, 36.6352], [-109.8552, 36.6312], [-109.8722, 36.629], [-109.8717, 36.6384], [-109.8613, 36.6433], [-109.8512, 36.6626], [-109.852, 36.6677], [-109.8735, 36.6631], [-109.8791, 36.6637], [-109.8647, 36.6757], [-109.8629, 36.6804], [-109.8864, 36.678], [-109.9116, 36.6794], [-109.9175, 36.6777], [-109.9181, 36.6655], [-109.9426, 36.6508], [-109.9441, 36.6463], [-109.9503, 36.6463], [-109.965, 36.6499], [-109.9635, 36.6514], [-109.9637, 36.659], [-109.9734, 36.6592], [-109.9641, 36.6708], [-109.9543, 36.6781], [-109.9451, 36.6913], [-109.9262, 36.7047], [-109.9205, 36.7171], [-109.9204, 36.7251], [-109.9329, 36.7235], [-109.9322, 36.7358], [-109.9515, 36.7167], [-109.9523, 36.7255], [-109.9562, 36.7297], [-109.9579, 36.7562], [-109.9635, 36.7569], [-109.9618, 36.7609], [-109.982, 36.7823], [-110.0007, 36.7788], [-110.0007, 36.8905]]]}}, {"type": "Feature", "properties": {"zip": "85234", "total": 2637, "q1": 616, "q2": 662, "q3": 681, "q4": 678, "pop": 9923, "acsPriv": 1060, "seats": 155}, "geometry": {"type": "Polygon", "coordinates": [[[-111.7922, 33.3681], [-111.7899, 33.368], [-111.79, 33.3717], [-111.7916, 33.3717], [-111.7916, 33.3732], [-111.7901, 33.3737], [-111.7884, 33.379], [-111.7224, 33.3793], [-111.7209, 33.3823], [-111.7279, 33.3829], [-111.728, 33.3864], [-111.7194, 33.3865], [-111.7195, 33.3793], [-111.6912, 33.3794], [-111.6907, 33.3765], [-111.6878, 33.3757], [-111.6876, 33.3621], [-111.6919, 33.3634], [-111.6919, 33.3614], [-111.6876, 33.3614], [-111.6874, 33.3506], [-111.7643, 33.3501], [-111.7644, 33.3446], [-111.7684, 33.3445], [-111.7686, 33.3501], [-111.7913, 33.3506], [-111.7896, 33.3516], [-111.7897, 33.3549], [-111.7917, 33.356], [-111.7917, 33.3572], [-111.7897, 33.3572], [-111.7898, 33.3644], [-111.7921, 33.3653], [-111.7922, 33.3681]]]}}, {"type": "Feature", "properties": {"zip": "85533", "total": 28, "q1": 2, "q2": 8, "q3": 8, "q4": 10, "pop": 288, "acsPriv": 55, "seats": 0}, "geometry": {"type": "Polygon", "coordinates": [[[-109.6684, 33.3617], [-109.6661, 33.3609], [-109.664, 33.3627], [-109.6638, 33.3661], [-109.6599, 33.3724], [-109.6544, 33.3743], [-109.6546, 33.3775], [-109.6247, 33.3778], [-109.6262, 33.5896], [-109.6233, 33.5841], [-109.6209, 33.5832], [-109.6155, 33.5941], [-109.6094, 33.5932], [-109.608, 33.5971], [-109.604, 33.6014], [-109.6069, 33.6073], [-109.6042, 33.6125], [-109.5981, 33.6102], [-109.5984, 33.613], [-109.5897, 33.6164], [-109.5872, 33.6155], [-109.5856, 33.6128], [-109.5818, 33.6126], [-109.5797, 33.6161], [-109.582, 33.618], [-109.5769, 33.6179], [-109.5716, 33.622], [-109.5681, 33.6223], [-109.5618, 33.6262], [-109.5576, 33.6246], [-109.5549, 33.6198], [-109.5471, 33.6209], [-109.5469, 33.618], [-109.5438, 33.6167], [-109.5441, 33.619], [-109.5416, 33.6198], [-109.5401, 33.6246], [-109.5377, 33.6242], [-109.5339, 33.6196], [-109.525, 33.6186], [-109.5256, 33.6221], [-109.5281, 33.6229], [-109.5224, 33.6309], [-109.5173, 33.6348], [-109.5194, 33.6458], [-109.5146, 33.6415], [-109.5119, 33.6419], [-109.5111, 33.6449], [-109.5045, 33.6435], [-109.5024, 33.6458], [-109.5027, 33.65], [-109.5005, 33.6508], [-109.5006, 33.6525], [-109.4954, 33.6526], [-109.4902, 33.659], [-109.4902, 33.6551], [-109.4868, 33.6565], [-109.4835, 33.6541], [-109.4819, 33.6546], [-109.4838, 33.6594], [-109.4863, 33.6614], [-109.4826, 33.6615], [-109.4797, 33.6646], [-109.4801, 33.6683], [-109.484, 33.6726], [-109.4812, 33.684], [-109.4836, 33.6867], [-109.4802, 33.6876], [-109.4803, 33.6913], [-109.4751, 33.6904], [-109.4748, 33.6952], [-109.4727, 33.6968], [-109.468, 33.6939], [-109.462, 33.6927], [-109.4615, 33.6967], [-109.4559, 33.6994], [-109.453, 33.7036], [-109.4459, 33.7084], [-109.4495, 33.7085], [-109.4486, 33.7111], [-109.4441, 33.7105], [-109.4404, 33.7132], [-109.4324, 33.7112], [-109.4266, 33.7121], [-109.4236, 33.7101], [-109.4215, 33.7119], [-109.4181, 33.709], [-109.4136, 33.7079], [-109.4098, 33.7158], [-109.4049, 33.7104], [-109.401, 33.7176], [-109.399, 33.7168], [-109.398, 33.7133], [-109.396, 33.7129], [-109.3952, 33.7165], [-109.3788, 33.7246], [-109.3689, 33.7224], [-109.3611, 33.728], [-109.3572, 33.7278], [-109.3538, 33.7246], [-109.3526, 33.7253], [-109.3536, 33.7269], [-109.3528, 33.7289], [-109.3536, 33.727], [-109.3525, 33.7262], [-109.3525, 33.7256], [-109.3528, 33.7249], [-109.3533, 33.7244], [-109.3549, 33.7247], [-109.3539, 33.7228], [-109.3487, 33.7233], [-109.353, 33.719], [-109.3647, 33.7199], [-109.3695, 33.7177], [-109.3689, 33.7144], [-109.3631, 33.709], [-109.365, 33.6993], [-109.3632, 33.6864], [-109.3645, 33.6807], [-109.3595, 33.6774], [-109.3539, 33.6697], [-109.3613, 33.6742], [-109.3617, 33.6677], [-109.3589, 33.6629], [-109.3609, 33.6617], [-109.3625, 33.6558], [-109.3517, 33.656], [-109.3528, 33.6434], [-109.3433, 33.6392], [-109.341, 33.635], [-109.3416, 33.6295], [-109.3404, 33.6271], [-109.3488, 33.6203], [-109.3507, 33.6125], [-109.354, 33.6109], [-109.3599, 33.6029], [-109.3619, 33.5947], [-109.3687, 33.5905], [-109.3639, 33.5889], [-109.3637, 33.5854], [-109.3616, 33.5837], [-109.3642, 33.5824], [-109.3643, 33.5803], [-109.3592, 33.576], [-109.358, 33.5695], [-109.3546, 33.5665], [-109.3498, 33.5667], [-109.3479, 33.5717], [-109.3442, 33.5724], [-109.3416, 33.5711], [-109.3402, 33.574], [-109.3364, 33.5707], [-109.3322, 33.5699], [-109.3319, 33.5671], [-109.3286, 33.5643], [-109.3297, 33.5605], [-109.3265, 33.559], [-109.3268, 33.5575], [-109.3233, 33.5559], [-109.3215, 33.5529], [-109.3181, 33.5524], [-109.3189, 33.5449], [-109.3161, 33.5406], [-109.3095, 33.5381], [-109.3081, 33.5343], [-109.3093, 33.5314], [-109.3046, 33.5282], [-109.3085, 33.5261], [-109.306, 33.5211], [-109.3069, 33.5174], [-109.3123, 33.5146], [-109.3169, 33.5161], [-109.3224, 33.5113], [-109.3229, 33.5058], [-109.3297, 33.4999], [-109.3321, 33.4952], [-109.3391, 33.4924], [-109.3434, 33.4875], [-109.3583, 33.4845], [-109.3642, 33.4855], [-109.3748, 33.4819], [-109.3744, 33.4729], [-109.3663, 33.4699], [-109.3592, 33.465], [-109.3613, 33.4633], [-109.3715, 33.4614], [-109.3695, 33.4547], [-109.3637, 33.4535], [-109.3636, 33.451], [-109.3611, 33.4485], [-109.3647, 33.4486], [-109.3693, 33.4511], [-109.3705, 33.4461], [-109.3768, 33.4421], [-109.3747, 33.4381], [-109.377, 33.4331], [-109.3764, 33.4285], [-109.3748, 33.428], [-109.3723, 33.4304], [-109.3703, 33.4295], [-109.3724, 33.4207], [-109.3693, 33.4166], [-109.3696, 33.4146], [-109.3651, 33.412], [-109.3616, 33.4145], [-109.3557, 33.4093], [-109.3525, 33.4103], [-109.3521, 33.4083], [-109.3491, 33.4068], [-109.3491, 33.4031], [-109.3473, 33.4005], [-109.3419, 33.4032], [-109.3384, 33.4027], [-109.3371, 33.3984], [-109.3294, 33.3941], [-109.3324, 33.3889], [-109.3311, 33.3851], [-109.3327, 33.3789], [-109.3294, 33.3768], [-109.3302, 33.3732], [-109.3269, 33.3734], [-109.3261, 33.3709], [-109.3295, 33.3691], [-109.3298, 33.3671], [-109.3322, 33.3668], [-109.3328, 33.3643], [-109.3409, 33.3624], [-109.3459, 33.3527], [-109.3444, 33.3508], [-109.3467, 33.3471], [-109.3469, 33.3405], [-109.3516, 33.3237], [-109.3499, 33.316], [-109.35, 33.3054], [-109.3609, 33.2967], [-109.3597, 33.2938], [-109.3544, 33.2907], [-109.3559, 33.2871], [-109.3545, 33.283], [-109.3571, 33.2784], [-109.3562, 33.275], [-109.3581, 33.2707], [-109.3554, 33.2691], [-109.3563, 33.2677], [-109.3562, 33.2666], [-109.3541, 33.269], [-109.341, 33.2687], [-109.3322, 33.2721], [-109.3227, 33.2718], [-109.3224, 33.2696], [-109.3197, 33.2691], [-109.3176, 33.2696], [-109.3177, 33.2714], [-109.3149, 33.2693], [-109.305, 33.2708], [-109.305, 33.2963], [-109.233, 33.2969], [-109.2331, 33.293], [-109.2289, 33.2892], [-109.2295, 33.2874], [-109.2246, 33.2867], [-109.2193, 33.2796], [-109.2161, 33.2795], [-109.2126, 33.277], [-109.2036, 33.2782], [-109.2034, 33.2757], [-109.1982, 33.2715], [-109.2011, 33.2716], [-109.2014, 33.271], [-109.1955, 33.2687], [-109.1995, 33.2638], [-109.1993, 33.2617], [-109.1929, 33.2572], [-109.1932, 33.2543], [-109.1888, 33.2538], [-109.1912, 33.2505], [-109.188, 33.246], [-109.1893, 33.2426], [-109.1953, 33.2387], [-109.1938, 33.2338], [-109.1912, 33.2327], [-109.192, 33.2289], [-109.196, 33.2318], [-109.2022, 33.2274], [-109.2033, 33.2222], [-109.1958, 33.2175], [-109.1969, 33.2147], [-109.1955, 33.2103], [-109.1844, 33.2094], [-109.1782, 33.2059], [-109.1743, 33.2072], [-109.1719, 33.2046], [-109.1694, 33.2089], [-109.1641, 33.2068], [-109.1608, 33.2084], [-109.1599, 33.2026], [-109.1584, 33.2015], [-109.1581, 33.2031], [-109.1535, 33.199], [-109.1544, 33.1981], [-109.1524, 33.1952], [-109.1545, 33.1929], [-109.1528, 33.192], [-109.153, 33.1895], [-109.1484, 33.1891], [-109.1462, 33.1868], [-109.1444, 33.1878], [-109.1434, 33.1844], [-109.1408, 33.1848], [-109.1389, 33.1791], [-109.132, 33.1729], [-109.1234, 33.1606], [-109.1227, 33.1552], [-109.1124, 33.15], [-109.1017, 33.1353], [-109.1031, 33.1324], [-109.1022, 33.1295], [-109.0986, 33.127], [-109.0915, 33.1087], [-109.0932, 33.1053], [-109.0981, 33.1043], [-109.0999, 33.0969], [-109.0963, 33.0979], [-109.0939, 33.0958], [-109.0891, 33.097], [-109.0902, 33.0917], [-109.088, 33.09], [-109.0888, 33.0881], [-109.0858, 33.087], [-109.083, 33.0832], [-109.0803, 33.0826], [-109.0775, 33.0894], [-109.0787, 33.0911], [-109.0751, 33.0912], [-109.0721, 33.0934], [-109.071, 33.0983], [-109.0673, 33.1035], [-109.0632, 33.104], [-109.0576, 33.1013], [-109.0549, 33.1042], [-109.0526, 33.1029], [-109.0475, 33.1074], [-109.0475, 32.9764], [-109.1944, 32.9764], [-109.2064, 32.9677], [-109.207, 32.9623], [-109.2188, 32.9581], [-109.2268, 32.9494], [-109.2313, 32.9477], [-109.2364, 32.9345], [-109.2429, 32.9422], [-109.2493, 32.9386], [-109.2518, 32.9395], [-109.255, 32.9446], [-109.2536, 32.9508], [-109.259, 32.9518], [-109.2616, 32.9506], [-109.2637, 32.9467], [-109.2667, 32.9475], [-109.2702, 32.9455], [-109.279, 32.9446], [-109.282, 32.9471], [-109.2845, 32.947], [-109.2843, 32.9518], [-109.2871, 32.9554], [-109.2996, 32.9523], [-109.3005, 32.961], [-109.3162, 32.9679], [-109.3227, 32.9643], [-109.3323, 32.9645], [-109.335, 32.967], [-109.3354, 32.9701], [-109.3393, 32.9712], [-109.3407, 32.9699], [-109.3364, 32.963], [-109.3409, 32.9599], [-109.3453, 32.9617], [-109.3465, 32.9659], [-109.3438, 32.9674], [-109.3441, 32.9687], [-109.3508, 32.9731], [-109.3545, 32.9729], [-109.3607, 32.9692], [-109.3653, 32.9765], [-109.3713, 32.9759], [-109.3725, 32.9774], [-109.3715, 32.9792], [-109.3671, 32.9801], [-109.367, 32.9891], [-109.3646, 32.9899], [-109.362, 32.9876], [-109.3556, 32.988], [-109.3534, 32.9894], [-109.3523, 32.995], [-109.3448, 32.9933], [-109.3464, 32.9973], [-109.3445, 33.0008], [-109.3366, 33.0012], [-109.3321, 33.012], [-109.3291, 33.0119], [-109.3252, 33.0068], [-109.323, 33.0073], [-109.3211, 33.0118], [-109.3179, 33.011], [-109.3151, 33.0074], [-109.3087, 33.0089], [-109.3076, 33.0141], [-109.2999, 33.0205], [-109.3008, 33.025], [-109.3043, 33.0261], [-109.3068, 33.0317], [-109.3095, 33.0328], [-109.3015, 33.0404], [-109.302, 33.0529], [-109.3062, 33.0528], [-109.3063, 33.0511], [-109.3093, 33.0507], [-109.3233, 33.0524], [-109.3296, 33.0656], [-109.3273, 33.0671], [-109.3428, 33.0825], [-109.3495, 33.0855], [-109.3527, 33.0922], [-109.3587, 33.0949], [-109.3619, 33.0997], [-109.3624, 33.1084], [-109.3643, 33.11], [-109.3663, 33.118], [-109.3665, 33.1259], [-109.3645, 33.1287], [-109.3683, 33.133], [-109.3695, 33.138], [-109.3717, 33.1392], [-109.3734, 33.1453], [-109.3746, 33.1452], [-109.377, 33.1339], [-109.375, 33.1262], [-109.3779, 33.125], [-109.3784, 33.1207], [-109.374, 33.1186], [-109.3756, 33.1163], [-109.3743, 33.1117], [-109.3778, 33.1035], [-109.3817, 33.1011], [-109.3787, 33.0964], [-109.3829, 33.0878], [-109.3793, 33.0799], [-109.3807, 33.0758], [-109.3767, 33.0719], [-109.3788, 33.0707], [-109.3843, 33.0733], [-109.3885, 33.0708], [-109.3932, 33.0719], [-109.3974, 33.0677], [-109.4236, 33.0569], [-109.4317, 33.0594], [-109.4353, 33.0577], [-109.4363, 33.0598], [-109.4385, 33.0581], [-109.4394, 33.0596], [-109.4404, 33.0578], [-109.4461, 33.062], [-109.4515, 33.0632], [-109.457, 33.0611], [-109.4586, 33.0619], [-109.4594, 33.0605], [-109.4612, 33.0619], [-109.4647, 33.0607], [-109.479, 33.0626], [-109.4875, 33.0666], [-109.4957, 33.0784], [-109.5007, 33.0676], [-109.5072, 33.0699], [-109.5083, 33.0686], [-109.5088, 33.0708], [-109.5126, 33.0709], [-109.5136, 33.0785], [-109.517, 33.0819], [-109.5195, 33.0798], [-109.5238, 33.0816], [-109.5264, 33.09], [-109.5289, 33.0948], [-109.5332, 33.0981], [-109.5337, 33.1031], [-109.5362, 33.1063], [-109.5541, 33.1075], [-109.558, 33.1097], [-109.559, 33.1127], [-109.5614, 33.1116], [-109.5643, 33.1138], [-109.5711, 33.1118], [-109.5732, 33.1126], [-109.5778, 33.1173], [-109.583, 33.1274], [-109.5852, 33.1265], [-109.5904, 33.1278], [-109.5974, 33.1387], [-109.6011, 33.14], [-109.6017, 33.1441], [-109.6046, 33.1444], [-109.6047, 33.1465], [-109.6111, 33.1507], [-109.613, 33.1541], [-109.6228, 33.159], [-109.6234, 33.1614], [-109.6268, 33.1598], [-109.6249, 33.1629], [-109.6261, 33.166], [-109.6252, 33.1693], [-109.6269, 33.1702], [-109.6261, 33.1783], [-109.6317, 33.1928], [-109.6283, 33.197], [-109.6278, 33.2047], [-109.6311, 33.2118], [-109.6343, 33.2147], [-109.6337, 33.2165], [-109.6357, 33.2176], [-109.6383, 33.2295], [-109.6435, 33.2337], [-109.6533, 33.2349], [-109.6627, 33.2481], [-109.6679, 33.2501], [-109.6684, 33.3617]]]}}, {"type": "Feature", "properties": {"zip": "85306", "total": 948, "q1": 229, "q2": 237, "q3": 243, "q4": 239, "pop": 3730, "acsPriv": 376, "seats": 118}, "geometry": {"type": "Polygon", "coordinates": [[[-112.2026, 33.6106], [-112.2027, 33.6362], [-112.1949, 33.6365], [-112.1952, 33.6386], [-112.1908, 33.6386], [-112.1884, 33.6355], [-112.184, 33.6356], [-112.1786, 33.6371], [-112.1778, 33.6389], [-112.1693, 33.639], [-112.169, 33.6369], [-112.1645, 33.637], [-112.1648, 33.6391], [-112.1518, 33.6393], [-112.1513, 33.6071], [-112.1546, 33.6071], [-112.1556, 33.6054], [-112.1634, 33.6054], [-112.1642, 33.6107], [-112.1711, 33.6107], [-112.1711, 33.6089], [-112.1833, 33.6108], [-112.1833, 33.6088], [-112.1859, 33.6089], [-112.1859, 33.6059], [-112.1901, 33.6107], [-112.2026, 33.6106]]]}}, {"type": "Feature", "properties": {"zip": "85016", "total": 1685, "q1": 408, "q2": 423, "q3": 432, "q4": 422, "pop": 3518, "acsPriv": 1056, "seats": 635}, "geometry": {"type": "Polygon", "coordinates": [[[-112.0502, 33.5281], [-112.0492, 33.531], [-112.0475, 33.531], [-112.0475, 33.5383], [-112.0306, 33.538], [-112.0302, 33.543], [-112.0302, 33.5384], [-112.0281, 33.5384], [-112.0278, 33.5368], [-112.0128, 33.5446], [-112.013, 33.5141], [-112.0157, 33.5134], [-112.0154, 33.5117], [-112.013, 33.5118], [-112.013, 33.5035], [-112.0152, 33.5025], [-112.013, 33.5026], [-112.013, 33.493], [-112.0151, 33.4929], [-112.013, 33.492], [-112.0151, 33.4886], [-112.0129, 33.4879], [-112.0129, 33.4842], [-112.0151, 33.4835], [-112.0151, 33.4823], [-112.0129, 33.4823], [-112.0129, 33.4787], [-112.0151, 33.4786], [-112.0151, 33.4805], [-112.0216, 33.4804], [-112.0216, 33.4786], [-112.0237, 33.4786], [-112.0237, 33.4804], [-112.0269, 33.4803], [-112.0302, 33.4794], [-112.0302, 33.4773], [-112.0338, 33.4803], [-112.0383, 33.4803], [-112.0387, 33.4776], [-112.0449, 33.4794], [-112.0449, 33.4781], [-112.0465, 33.4793], [-112.0476, 33.4775], [-112.0477, 33.4854], [-112.0495, 33.4854], [-112.0495, 33.4874], [-112.0477, 33.4874], [-112.0476, 33.5038], [-112.0497, 33.5038], [-112.0497, 33.5074], [-112.0475, 33.5074], [-112.0475, 33.5165], [-112.0493, 33.5165], [-112.0492, 33.5183], [-112.0475, 33.5183], [-112.0475, 33.5273], [-112.0502, 33.5281]]]}}, {"type": "Feature", "properties": {"zip": "85172", "total": 32, "q1": 8, "q2": 8, "q3": 8, "q4": 8, "pop": 159, "acsPriv": 0, "seats": 0}, "geometry": {"type": "Polygon", "coordinates": [[[-112.0319, 32.8503], [-112.032, 32.8793], [-111.9977, 32.8793], [-111.9966, 32.9993], [-111.9546, 32.9992], [-111.8949, 32.9615], [-111.8949, 32.8939], [-111.8775, 32.894], [-111.8776, 32.8795], [-111.912, 32.8794], [-111.912, 32.7968], [-111.9215, 32.7966], [-111.921, 32.7826], [-111.9292, 32.7824], [-111.9291, 32.7784], [-111.9407, 32.7953], [-111.9439, 32.7959], [-111.9452, 32.799], [-111.9581, 32.8099], [-111.963, 32.8108], [-111.9636, 32.8284], [-111.98, 32.8288], [-111.9952, 32.8405], [-112.0064, 32.8405], [-112.0073, 32.8441], [-112.0147, 32.844], [-112.013, 32.8489], [-112.0155, 32.8503], [-112.0319, 32.8503]]]}}, {"type": "Feature", "properties": {"zip": "85035", "total": 712, "q1": 155, "q2": 185, "q3": 193, "q4": 179, "pop": 13709, "acsPriv": 582, "seats": 0}, "geometry": {"type": "Polygon", "coordinates": [[[-112.2379, 33.4659], [-112.2378, 33.4798], [-112.227, 33.4801], [-112.2221, 33.4781], [-112.2207, 33.4783], [-112.2206, 33.4802], [-112.1951, 33.4804], [-112.1951, 33.4786], [-112.1895, 33.4789], [-112.1895, 33.4805], [-112.1603, 33.4805], [-112.1603, 33.4772], [-112.1583, 33.4769], [-112.1582, 33.4805], [-112.1548, 33.4805], [-112.1548, 33.4779], [-112.1517, 33.4779], [-112.1518, 33.4696], [-112.1537, 33.4696], [-112.1538, 33.4666], [-112.1534, 33.4676], [-112.1518, 33.4666], [-112.1519, 33.4621], [-112.1604, 33.4626], [-112.16, 33.466], [-112.166, 33.4646], [-112.167, 33.466], [-112.1777, 33.466], [-112.1776, 33.4627], [-112.2206, 33.4624], [-112.2296, 33.4627], [-112.2292, 33.4655], [-112.2379, 33.4659]]]}}, {"type": "Feature", "properties": {"zip": "85353", "total": 1029, "q1": 232, "q2": 253, "q3": 270, "q4": 274, "pop": 11827, "acsPriv": 1077, "seats": 0}, "geometry": {"type": "Polygon", "coordinates": [[[-112.3237, 33.4205], [-112.2896, 33.421], [-112.2898, 33.4499], [-112.2725, 33.4502], [-112.2725, 33.4614], [-112.2692, 33.4618], [-112.2685, 33.4648], [-112.2382, 33.4653], [-112.2384, 33.4518], [-112.2213, 33.4517], [-112.2213, 33.4444], [-112.2336, 33.4439], [-112.234, 33.4408], [-112.2383, 33.4408], [-112.2379, 33.4084], [-112.2455, 33.4076], [-112.2455, 33.4027], [-112.2393, 33.4027], [-112.2393, 33.3991], [-112.2369, 33.399], [-112.2371, 33.3877], [-112.2419, 33.384], [-112.2494, 33.3826], [-112.2626, 33.3834], [-112.2885, 33.3793], [-112.3023, 33.383], [-112.3088, 33.3808], [-112.3188, 33.3809], [-112.319, 33.3845], [-112.323, 33.3845], [-112.3237, 33.4205]]]}}, {"type": "Feature", "properties": {"zip": "86443", "total": 7, "q1": 1, "q2": 2, "q3": 2, "q4": 2, "pop": 0, "acsPriv": 0, "seats": 0}, "geometry": {"type": "Polygon", "coordinates": [[[-114.7545, 36.0862], [-114.7489, 36.0952], [-114.7349, 36.1044], [-114.7037, 36.1083], [-114.6937, 36.1125], [-114.6818, 36.1092], [-114.6719, 36.116], [-114.6643, 36.1163], [-114.6555, 36.1262], [-114.6401, 36.1351], [-114.6358, 36.1362], [-114.6305, 36.1422], [-114.6271, 36.1408], [-114.6206, 36.1318], [-114.6155, 36.1297], [-114.6093, 36.1322], [-114.5965, 36.1415], [-114.5807, 36.146], [-114.5711, 36.1511], [-114.5612, 36.1509], [-114.5562, 36.1525], [-114.5487, 36.1507], [-114.5392, 36.1518], [-114.5311, 36.1476], [-114.5143, 36.1508], [-114.5081, 36.1497], [-114.5002, 36.1432], [-114.5003, 36.1407], [-114.5052, 36.1381], [-114.5092, 36.1332], [-114.5072, 36.1285], [-114.5018, 36.1266], [-114.4838, 36.1297], [-114.4687, 36.1389], [-114.4626, 36.1396], [-114.4565, 36.138], [-114.4513, 36.1298], [-114.4471, 36.126], [-114.4437, 36.1256], [-114.4231, 36.1373], [-114.4153, 36.1451], [-114.4091, 36.147], [-114.3815, 36.1413], [-114.3753, 36.1436], [-114.3717, 36.1432], [-114.3686, 36.1409], [-114.3606, 36.1294], [-114.3451, 36.1186], [-114.3346, 36.1068], [-114.3258, 36.1039], [-114.3209, 36.0965], [-114.3069, 36.0825], [-114.3044, 36.074], [-114.3124, 36.0661], [-114.3143, 36.062], [-114.3136, 36.059], [-114.3086, 36.057], [-114.2986, 36.0573], [-114.288, 36.0491], [-114.2796, 36.0461], [-114.2709, 36.0455], [-114.2686, 36.035], [-114.2644, 36.0279], [-114.2439, 36.0153], [-114.2334, 36.0128], [-114.228, 36.0147], [-114.2248, 36.0137], [-114.2119, 36.0148], [-114.1912, 36.02], [-114.1747, 36.0267], [-114.1631, 36.0266], [-114.167, 36.016], [-114.1658, 36.0134], [-114.1609, 36.0112], [-114.1613, 36.0099], [-114.1717, 36.0026], [-114.1842, 36.0026], [-114.1893, 35.9989], [-114.1825, 35.9889], [-114.1873, 35.9863], [-114.1891, 35.9789], [-114.1854, 35.9731], [-114.1813, 35.9517], [-114.1763, 35.9444], [-114.1738, 35.9367], [-114.174, 35.9303], [-114.1715, 35.925], [-114.1814, 35.918], [-114.1922, 35.9129], [-114.2318, 35.9109], [-114.2418, 35.9163], [-114.2473, 35.9166], [-114.2528, 35.9231], [-114.2614, 35.9275], [-114.2666, 35.9368], [-114.2694, 35.9363], [-114.2732, 35.9289], [-114.2738, 35.9208], [-114.2829, 35.9116], [-114.2909, 35.8988], [-114.2928, 35.899], [-114.2924, 35.8941], [-114.2959, 35.8864], [-114.3011, 35.879], [-114.3055, 35.8799], [-114.3058, 35.8758], [-114.3089, 35.8756], [-114.3089, 35.8724], [-114.3061, 35.871], [-114.3044, 35.8661], [-114.3027, 35.8667], [-114.3001, 35.8649], [-114.2996, 35.8666], [-114.2977, 35.8642], [-114.2983, 35.861], [-114.2962, 35.8578], [-114.3032, 35.8423], [-114.3, 35.8358], [-114.2921, 35.8332], [-114.2902, 35.8206], [-114.2875, 35.8171], [-114.2977, 35.8123], [-114.3147, 35.8087], [-114.322, 35.7925], [-114.3304, 35.7863], [-114.3438, 35.7638], [-114.3472, 35.7656], [-114.3803, 35.7713], [-114.3816, 35.7684], [-114.4025, 35.7642], [-114.4727, 35.7636], [-114.5032, 35.7533], [-114.522, 35.786], [-114.5731, 35.8432], [-114.5913, 35.8514], [-114.5948, 35.8572], [-114.6012, 35.862], [-114.6228, 35.891], [-114.6255, 35.896], [-114.6288, 35.9131], [-114.6346, 35.9298], [-114.647, 35.9491], [-114.6753, 35.9682], [-114.6875, 35.9721], [-114.6997, 35.9804], [-114.7128, 35.986], [-114.7262, 36.0068], [-114.7411, 36.0125], [-114.7289, 36.0214], [-114.7221, 36.029], [-114.7334, 36.0379], [-114.7413, 36.038], [-114.7425, 36.0457], [-114.7357, 36.0534], [-114.7353, 36.0566], [-114.7401, 36.0624], [-114.7435, 36.071], [-114.7489, 36.075], [-114.7545, 36.0862]]]}}, {"type": "Feature", "properties": {"zip": "86024", "total": 4, "q1": 0, "q2": 0, "q3": 2, "q4": 2, "pop": 7, "acsPriv": 0, "seats": 0}, "geometry": {"type": "Polygon", "coordinates": [[[-111.5534, 34.6213], [-111.5519, 34.6515], [-111.5521, 34.7768], [-111.5399, 34.7814], [-111.5381, 34.7839], [-111.5349, 34.7816], [-111.5267, 34.7799], [-111.5237, 34.7832], [-111.5154, 34.7843], [-111.5111, 34.7831], [-111.5095, 34.7788], [-111.5064, 34.7773], [-111.5022, 34.7813], [-111.497, 34.7833], [-111.4902, 34.7912], [-111.4838, 34.7932], [-111.4785, 34.7913], [-111.466, 34.7946], [-111.4539, 34.7896], [-111.4442, 34.7892], [-111.4379, 34.7992], [-111.4344, 34.8155], [-111.4382, 34.8328], [-111.4381, 34.8389], [-111.4409, 34.8405], [-111.4445, 34.8391], [-111.444, 34.8411], [-111.4487, 34.8471], [-111.4581, 34.8551], [-111.4641, 34.8723], [-111.4759, 34.881], [-111.4803, 34.8877], [-111.4763, 34.8897], [-111.4771, 34.8923], [-111.4721, 34.8938], [-111.4682, 34.9024], [-111.4602, 34.9024], [-111.4594, 34.905], [-111.4515, 34.9049], [-111.4486, 34.9035], [-111.4398, 34.9071], [-111.4364, 34.905], [-111.4318, 34.905], [-111.4305, 34.9066], [-111.4273, 34.9014], [-111.4263, 34.8964], [-111.4229, 34.8923], [-111.421, 34.8843], [-111.4225, 34.8826], [-111.4173, 34.8821], [-111.4156, 34.8758], [-111.4169, 34.874], [-111.4126, 34.8657], [-111.4076, 34.864], [-111.3992, 34.8573], [-111.395, 34.8583], [-111.3889, 34.8569], [-111.3803, 34.8599], [-111.3758, 34.8593], [-111.3715, 34.8561], [-111.3639, 34.7822], [-111.41, 34.6631], [-111.4125, 34.6603], [-111.4219, 34.6579], [-111.4176, 34.6547], [-111.4216, 34.6502], [-111.4169, 34.6476], [-111.4072, 34.6475], [-111.4004, 34.6492], [-111.3925, 34.6461], [-111.3805, 34.6493], [-111.3792, 34.6531], [-111.3723, 34.6515], [-111.3696, 34.6535], [-111.3622, 34.6612], [-111.3624, 34.6657], [-111.357, 34.67], [-111.358, 34.6712], [-111.3512, 34.6743], [-111.3498, 34.6791], [-111.3431, 34.6837], [-111.3417, 34.6945], [-111.3217, 34.7071], [-111.2957, 34.7115], [-111.2821, 34.7033], [-111.2744, 34.7037], [-111.2696, 34.6982], [-111.2684, 34.694], [-111.2644, 34.6913], [-111.2625, 34.6934], [-111.2634, 34.697], [-111.2586, 34.7056], [-111.2507, 34.7085], [-111.2412, 34.7025], [-111.2364, 34.6962], [-111.2342, 34.7009], [-111.2274, 34.7058], [-111.2158, 34.7185], [-111.2112, 34.7186], [-111.208, 34.717], [-111.2068, 34.7146], [-111.2039, 34.7183], [-111.1979, 34.7214], [-111.1989, 34.725], [-111.2019, 34.7259], [-111.2081, 34.7341], [-111.2092, 34.7537], [-111.2048, 34.7562], [-111.2027, 34.7629], [-111.1995, 34.7653], [-111.1962, 34.7671], [-111.1926, 34.7669], [-111.1785, 34.7739], [-111.1702, 34.7751], [-111.1621, 34.7736], [-111.1596, 34.7713], [-111.1451, 34.7725], [-111.1427, 34.7742], [-111.1413, 34.7781], [-111.1403, 34.7747], [-111.1363, 34.7715], [-111.1237, 34.7653], [-111.1168, 34.7541], [-111.1102, 34.7511], [-111.1083, 34.7483], [-111.1045, 34.7482], [-111.091, 34.7413], [-111.0917, 34.7393], [-111.09, 34.7388], [-111.0894, 34.7359], [-111.0917, 34.7211], [-111.09, 34.718], [-111.0802, 34.7287], [-111.0729, 34.7302], [-111.009, 34.7683], [-111.0013, 34.7799], [-110.9561, 34.8265], [-110.9089, 34.8655], [-110.8282, 34.9158], [-110.7951, 34.9321], [-110.7507, 34.9569], [-110.7507, 34.7208], [-110.9705, 34.7204], [-110.9704, 34.7161], [-110.9671, 34.7147], [-110.9687, 34.7122], [-110.9678, 34.7104], [-110.9664, 34.7098], [-110.9648, 34.712], [-110.9592, 34.7096], [-110.9635, 34.7078], [-110.9643, 34.7049], [-110.9688, 34.7039], [-110.9669, 34.7008], [-110.9676, 34.6977], [-110.9632, 34.6968], [-110.9629, 34.6956], [-110.9685, 34.6958], [-110.9707, 34.6924], [-110.973, 34.6942], [-110.9758, 34.6902], [-110.9718, 34.6902], [-110.9721, 34.6861], [-110.9737, 34.6847], [-110.9775, 34.6853], [-110.9777, 34.6804], [-110.9824, 34.6798], [-110.9785, 34.6714], [-110.9888, 34.6667], [-110.9908, 34.6698], [-110.9969, 34.6715], [-110.997, 34.6673], [-110.9984, 34.6694], [-111.0079, 34.6679], [-110.9977, 34.6553], [-111.0003, 34.6514], [-111.0039, 34.6504], [-110.9982, 34.6496], [-111.0002, 34.6461], [-110.9977, 34.6435], [-110.9981, 34.6419], [-111.0028, 34.6438], [-111.0046, 34.6406], [-111.0094, 34.6395], [-111.0081, 34.6361], [-111.0087, 34.6342], [-111.0099, 34.6343], [-111.009, 34.6362], [-111.0145, 34.6355], [-111.0195, 34.6332], [-111.0219, 34.6298], [-111.0244, 34.6296], [-111.026, 34.6317], [-111.0282, 34.6302], [-111.0323, 34.6319], [-111.0319, 34.6338], [-111.037, 34.6343], [-111.0388, 34.633], [-111.0389, 34.6302], [-111.0419, 34.6287], [-111.0401, 34.6236], [-111.0512, 34.6294], [-111.0548, 34.6266], [-111.0596, 34.6276], [-111.0649, 34.6255], [-111.0706, 34.6253], [-111.0714, 34.622], [-111.0741, 34.6218], [-111.077, 34.624], [-111.0782, 34.6193], [-111.0764, 34.6176], [-111.0808, 34.6157], [-111.0794, 34.6199], [-111.0816, 34.6176], [-111.0861, 34.6198], [-111.0913, 34.6175], [-111.0959, 34.6215], [-111.0979, 34.6215], [-111.0981, 34.6181], [-111.1011, 34.6193], [-111.1035, 34.6181], [-111.1019, 34.6138], [-111.1074, 34.6145], [-111.1069, 34.6086], [-111.1135, 34.6064], [-111.1113, 34.6045], [-111.1127, 34.5999], [-111.1193, 34.5992], [-111.1153, 34.5949], [-111.1156, 34.592], [-111.1186, 34.5934], [-111.1239, 34.5872], [-111.1254, 34.5911], [-111.1271, 34.5913], [-111.1269, 34.5881], [-111.1307, 34.5851], [-111.1308, 34.583], [-111.1447, 34.579], [-111.1501, 34.5709], [-111.1494, 34.5699], [-111.1438, 34.5703], [-111.1431, 34.5659], [-111.1457, 34.5652], [-111.1496, 34.5671], [-111.1508, 34.5659], [-111.1475, 34.5641], [-111.1453, 34.5603], [-111.1469, 34.5593], [-111.1509, 34.561], [-111.1497, 34.5551], [-111.1523, 34.5514], [-111.1544, 34.557], [-111.1561, 34.5573], [-111.1582, 34.5531], [-111.1569, 34.5483], [-111.1616, 34.5509], [-111.1649, 34.5498], [-111.1667, 34.5467], [-111.1657, 34.544], [-111.1698, 34.5427], [-111.1685, 34.5396], [-111.1754, 34.5309], [-111.176, 34.5229], [-111.182, 34.5123], [-111.1898, 34.5109], [-111.1907, 34.5091], [-111.1891, 34.5077], [-111.1946, 34.5089], [-111.1969, 34.5116], [-111.1972, 34.4902], [-111.2014, 34.4785], [-111.1998, 34.4757], [-111.2002, 34.4676], [-111.3419, 34.4682], [-111.3419, 34.4651], [-111.3438, 34.4656], [-111.3501, 34.4622], [-111.3512, 34.4662], [-111.3565, 34.4678], [-111.3617, 34.4721], [-111.3654, 34.4731], [-111.3684, 34.4705], [-111.3737, 34.4708], [-111.3783, 34.4762], [-111.381, 34.4747], [-111.381, 34.4833], [-111.3712, 34.491], [-111.3691, 34.498], [-111.3631, 34.5076], [-111.3676, 34.5059], [-111.3734, 34.5062], [-111.375, 34.5092], [-111.3783, 34.5117], [-111.3792, 34.5093], [-111.3824, 34.5133], [-111.3847, 34.5104], [-111.3908, 34.5114], [-111.3935, 34.5093], [-111.393, 34.5124], [-111.3961, 34.5132], [-111.3973, 34.5103], [-111.4039, 34.5087], [-111.4048, 34.5067], [-111.4089, 34.508], [-111.4111, 34.5069], [-111.4158, 34.513], [-111.4255, 34.5067], [-111.441, 34.506], [-111.4503, 34.5172], [-111.455, 34.5204], [-111.458, 34.5219], [-111.4663, 34.5219], [-111.4763, 34.5306], [-111.483, 34.532], [-111.4892, 34.53], [-111.4899, 34.5281], [-111.4923, 34.5298], [-111.4921, 34.5281], [-111.4976, 34.528], [-111.5031, 34.5257], [-111.5092, 34.527], [-111.5079, 34.5214], [-111.5234, 34.521], [-111.5423, 34.5115], [-111.5457, 34.5111], [-111.5531, 34.5029], [-111.5534, 34.6213]]]}}, {"type": "Feature", "properties": {"zip": "85745", "total": 1581, "q1": 389, "q2": 397, "q3": 398, "q4": 397, "pop": 4540, "acsPriv": 831, "seats": 275}, "geometry": {"type": "Polygon", "coordinates": [[[-111.1844, 32.2482], [-111.1669, 32.2482], [-111.167, 32.2508], [-111.0969, 32.2507], [-111.0969, 32.258], [-111.1054, 32.258], [-111.1054, 32.2616], [-111.1011, 32.2616], [-111.1011, 32.2644], [-111.1139, 32.2651], [-111.1139, 32.2724], [-111.1224, 32.2725], [-111.1225, 32.2942], [-111.1054, 32.2943], [-111.1054, 32.2977], [-111.1018, 32.2977], [-111.1011, 32.296], [-111.1003, 32.3004], [-111.0969, 32.3], [-111.0969, 32.3051], [-111.0884, 32.3051], [-111.0884, 32.3087], [-111.0834, 32.3087], [-111.0799, 32.3049], [-111.0798, 32.3087], [-111.0527, 32.3087], [-111.0504, 32.3039], [-111.0504, 32.3051], [-111.0461, 32.3051], [-111.046, 32.3087], [-111.0424, 32.3088], [-111.0305, 32.2942], [-111.0373, 32.2942], [-111.0358, 32.2908], [-111.0312, 32.2882], [-111.0293, 32.2852], [-111.0271, 32.2782], [-111.0166, 32.2743], [-111.0136, 32.2672], [-111.0092, 32.2629], [-111.0085, 32.2576], [-111.0003, 32.2566], [-110.9967, 32.2505], [-110.9932, 32.2504], [-110.9866, 32.2421], [-110.9804, 32.2218], [-110.9794, 32.2067], [-110.9805, 32.2068], [-110.9803, 32.2096], [-110.9853, 32.2069], [-110.9932, 32.2055], [-110.9997, 32.2069], [-111.0329, 32.2069], [-111.0335, 32.1986], [-111.029, 32.1924], [-111.0372, 32.1923], [-111.0362, 32.1906], [-111.0379, 32.189], [-111.0461, 32.1911], [-111.046, 32.1995], [-111.0545, 32.1995], [-111.0545, 32.2031], [-111.0588, 32.2031], [-111.0587, 32.2068], [-111.0545, 32.2068], [-111.0547, 32.2112], [-111.0604, 32.2098], [-111.0824, 32.2112], [-111.0883, 32.2186], [-111.0969, 32.2208], [-111.1001, 32.2208], [-111.103, 32.2177], [-111.1086, 32.2203], [-111.1321, 32.2208], [-111.1375, 32.2262], [-111.1431, 32.2285], [-111.1473, 32.234], [-111.1682, 32.2475], [-111.1804, 32.2462], [-111.1844, 32.2482]]]}}, {"type": "Feature", "properties": {"zip": "85629", "total": 2724, "q1": 641, "q2": 673, "q3": 704, "q4": 706, "pop": 7675, "acsPriv": 727, "seats": 0}, "geometry": {"type": "Polygon", "coordinates": [[[-111.2266, 31.7763], [-111.2258, 31.7839], [-111.2152, 31.7839], [-111.2163, 31.99], [-111.2132, 31.993], [-111.2234, 31.9929], [-111.2248, 31.9941], [-111.2246, 31.9958], [-111.215, 31.9978], [-111.2163, 32.0004], [-110.9613, 32.0015], [-110.9613, 32.0303], [-110.9484, 32.0304], [-110.9515, 32.0014], [-110.9506, 31.9992], [-110.9273, 31.9993], [-110.9275, 31.9827], [-110.915, 31.9827], [-110.9148, 31.9869], [-110.859, 31.9868], [-110.859, 31.9906], [-110.8406, 31.9906], [-110.8407, 31.963], [-110.825, 31.9631], [-110.825, 31.9589], [-110.8149, 31.9539], [-110.8101, 31.9468], [-110.8022, 31.9407], [-110.7964, 31.9335], [-110.7941, 31.9258], [-110.7899, 31.9197], [-110.7867, 31.9115], [-110.7865, 31.9062], [-110.7838, 31.9024], [-110.7858, 31.9008], [-110.7782, 31.8987], [-110.7771, 31.8967], [-110.7789, 31.8952], [-110.7775, 31.8944], [-110.7785, 31.8925], [-110.7768, 31.8899], [-110.7573, 31.8902], [-110.758, 31.818], [-110.8069, 31.8183], [-110.8068, 31.805], [-110.8132, 31.8062], [-110.827, 31.8183], [-110.858, 31.8183], [-110.858, 31.8455], [-110.9194, 31.8992], [-110.9265, 31.8992], [-110.9267, 31.9135], [-110.944, 31.9135], [-110.9523, 31.9064], [-110.9609, 31.9065], [-110.9688, 31.8854], [-110.9516, 31.8773], [-110.9442, 31.8777], [-110.9482, 31.8774], [-110.9481, 31.8724], [-110.9497, 31.8724], [-110.9561, 31.8564], [-110.965, 31.861], [-110.972, 31.8612], [-110.9822, 31.8641], [-110.9817, 31.8701], [-110.9787, 31.8746], [-110.9783, 31.8799], [-110.9751, 31.8875], [-110.9754, 31.8963], [-110.9709, 31.9052], [-110.9668, 31.9089], [-110.9615, 31.9213], [-110.9618, 31.9228], [-110.9728, 31.9154], [-110.9739, 31.9251], [-110.9785, 31.9251], [-110.9789, 31.943], [-110.9822, 31.9433], [-110.9866, 31.9408], [-110.9858, 31.907], [-110.9948, 31.9071], [-110.9948, 31.9013], [-110.9974, 31.8996], [-111.0034, 31.8995], [-111.0036, 31.9359], [-111.0179, 31.9359], [-111.0346, 31.9329], [-111.0505, 31.9263], [-111.0601, 31.9267], [-111.0594, 31.917], [-111.0692, 31.9149], [-111.0798, 31.9067], [-111.0796, 31.8959], [-111.0783, 31.8933], [-111.0642, 31.8829], [-111.0598, 31.8736], [-111.056, 31.8701], [-111.1023, 31.8702], [-111.109, 31.8726], [-111.1132, 31.8772], [-111.1202, 31.8761], [-111.1321, 31.8714], [-111.1379, 31.8754], [-111.141, 31.8738], [-111.1382, 31.87], [-111.142, 31.8641], [-111.146, 31.8653], [-111.1457, 31.8601], [-111.1485, 31.8541], [-111.1453, 31.8492], [-111.1375, 31.8434], [-111.1429, 31.8323], [-111.1413, 31.8314], [-111.1417, 31.8288], [-111.1465, 31.8216], [-111.1476, 31.8162], [-111.1533, 31.8148], [-111.1548, 31.8128], [-111.1598, 31.8148], [-111.1658, 31.8143], [-111.1658, 31.8045], [-111.1701, 31.8048], [-111.1713, 31.7985], [-111.1756, 31.7978], [-111.176, 31.7943], [-111.1724, 31.7889], [-111.1737, 31.7832], [-111.1629, 31.7589], [-111.1647, 31.7538], [-111.1696, 31.753], [-111.1698, 31.7487], [-111.1745, 31.7474], [-111.1789, 31.7494], [-111.1849, 31.7491], [-111.1909, 31.753], [-111.1975, 31.7543], [-111.2026, 31.7599], [-111.2131, 31.7618], [-111.2183, 31.7697], [-111.2266, 31.7763]]]}}, {"type": "Feature", "properties": {"zip": "85351", "total": 15, "q1": 3, "q2": 4, "q3": 4, "q4": 4, "pop": 160, "acsPriv": 84, "seats": 0}, "geometry": {"type": "Polygon", "coordinates": [[[-112.31, 33.6307], [-112.3026, 33.6307], [-112.3022, 33.6383], [-112.255, 33.638], [-112.2548, 33.6242], [-112.257, 33.6241], [-112.2571, 33.6097], [-112.2638, 33.6095], [-112.2639, 33.595], [-112.2605, 33.5939], [-112.2611, 33.5917], [-112.2639, 33.5913], [-112.2639, 33.5877], [-112.2725, 33.5873], [-112.2726, 33.5734], [-112.2759, 33.5688], [-112.2761, 33.5657], [-112.3002, 33.5655], [-112.3031, 33.5755], [-112.3029, 33.5794], [-112.2987, 33.58], [-112.2987, 33.6052], [-112.3046, 33.6068], [-112.3031, 33.6107], [-112.3032, 33.6234], [-112.3075, 33.6235], [-112.31, 33.6307]]]}}, {"type": "Feature", "properties": {"zip": "85309", "total": 4, "q1": 1, "q2": 1, "q3": 1, "q4": 1, "pop": 0, "acsPriv": 0, "seats": 0}, "geometry": {"type": "Polygon", "coordinates": [[[-112.4038, 33.5227], [-112.4011, 33.5242], [-112.4011, 33.5263], [-112.3951, 33.5297], [-112.3841, 33.5397], [-112.3849, 33.5514], [-112.3589, 33.5513], [-112.3586, 33.5448], [-112.3521, 33.5433], [-112.3517, 33.5403], [-112.3583, 33.5401], [-112.3581, 33.5298], [-112.3754, 33.5299], [-112.3754, 33.5264], [-112.3667, 33.5263], [-112.3667, 33.5226], [-112.3719, 33.5226], [-112.3718, 33.5192], [-112.3753, 33.5191], [-112.3754, 33.5227], [-112.3893, 33.5227], [-112.3925, 33.5191], [-112.4038, 33.5191], [-112.4038, 33.5227]]]}}, {"type": "Feature", "properties": {"zip": "86032", "total": 130, "q1": 31, "q2": 33, "q3": 34, "q4": 32, "pop": 716, "acsPriv": 97, "seats": 0}, "geometry": {"type": "Polygon", "coordinates": [[[-110.4865, 34.8723], [-110.4862, 34.9578], [-110.4842, 34.9592], [-110.4793, 34.961], [-110.4682, 34.9586], [-110.4501, 34.9598], [-110.4499, 34.9705], [-110.4333, 34.9693], [-110.3772, 34.9605], [-110.3779, 35.083], [-110.3758, 35.17], [-110.3679, 35.17], [-110.3685, 35.2177], [-110.3651, 35.2167], [-110.3633, 35.2185], [-110.3579, 35.2159], [-110.3527, 35.2181], [-110.3402, 35.2167], [-110.3334, 35.2128], [-110.3285, 35.2169], [-110.3211, 35.2181], [-110.3179, 35.2212], [-110.3168, 35.2205], [-110.3173, 35.2235], [-110.3143, 35.2256], [-110.3057, 35.2229], [-110.2972, 35.2127], [-110.288, 35.21], [-110.2959, 35.2201], [-110.2969, 35.2263], [-110.2796, 35.2255], [-110.2739, 35.2136], [-110.2702, 35.2111], [-110.2763, 35.1972], [-110.2765, 35.1707], [-110.1988, 35.1704], [-110.1991, 35.0556], [-110.2456, 35.0], [-110.2768, 34.966], [-110.2879, 34.9509], [-110.2948, 34.9462], [-110.3038, 34.9499], [-110.3037, 34.948], [-110.3, 34.9453], [-110.2811, 34.9394], [-110.268, 34.9258], [-110.2658, 34.9133], [-110.27, 34.9169], [-110.2702, 34.8925], [-110.2731, 34.8941], [-110.2882, 34.8942], [-110.3834, 34.8917], [-110.396, 34.8939], [-110.4182, 34.9075], [-110.4315, 34.9077], [-110.4468, 34.8794], [-110.4592, 34.8741], [-110.4591, 34.8768], [-110.4621, 34.8795], [-110.4702, 34.8795], [-110.4826, 34.8756], [-110.4821, 34.8724], [-110.4834, 34.8719], [-110.4865, 34.8723]]]}}, {"type": "Feature", "properties": {"zip": "85939", "total": 324, "q1": 71, "q2": 80, "q3": 86, "q4": 87, "pop": 645, "acsPriv": 0, "seats": 0}, "geometry": {"type": "Polygon", "coordinates": [[[-110.1947, 34.4449], [-110.1913, 34.4479], [-110.1894, 34.4523], [-110.1899, 34.4589], [-110.1913, 34.4582], [-110.1938, 34.4602], [-110.177, 34.461], [-110.176, 34.4693], [-110.1671, 34.4694], [-110.1671, 34.4753], [-110.1662, 34.4719], [-110.1595, 34.4756], [-110.1531, 34.4837], [-110.0962, 34.4843], [-110.0962, 34.481], [-110.0842, 34.4808], [-110.0911, 34.4685], [-110.0897, 34.4678], [-110.0896, 34.4651], [-110.0929, 34.4651], [-110.093, 34.4625], [-110.0912, 34.4624], [-110.092, 34.4523], [-110.0909, 34.4523], [-110.0905, 34.4461], [-110.0841, 34.4404], [-110.0817, 34.4404], [-110.0769, 34.4455], [-110.08, 34.4501], [-110.0829, 34.4497], [-110.0899, 34.4535], [-110.0898, 34.4594], [-110.0873, 34.4651], [-110.088, 34.4678], [-110.082, 34.47], [-110.0814, 34.4756], [-110.0779, 34.4776], [-110.0768, 34.4808], [-110.0699, 34.4808], [-110.0697, 34.4783], [-110.0539, 34.4771], [-110.0511, 34.4746], [-110.036, 34.4754], [-110.0408, 34.4711], [-110.0404, 34.4697], [-110.0258, 34.4615], [-110.0205, 34.4593], [-110.0179, 34.4603], [-110.0116, 34.4541], [-110.0118, 34.4523], [-110.0066, 34.4514], [-110.0066, 34.447], [-109.9894, 34.447], [-109.9893, 34.444], [-109.9815, 34.442], [-109.9936, 34.4382], [-109.9936, 34.4325], [-109.9781, 34.4324], [-109.9757, 34.4273], [-109.9791, 34.4181], [-109.9934, 34.418], [-109.9938, 34.4108], [-110.0024, 34.4109], [-110.0026, 34.4001], [-109.9981, 34.3999], [-109.9981, 34.3963], [-110.0025, 34.3963], [-110.0025, 34.3926], [-110.0061, 34.3926], [-110.0023, 34.3879], [-110.0109, 34.388], [-110.0221, 34.3992], [-110.0312, 34.4005], [-110.0433, 34.3979], [-110.043, 34.4021], [-110.0498, 34.4022], [-110.0625, 34.4092], [-110.066, 34.4049], [-110.0703, 34.4061], [-110.0711, 34.4104], [-110.0699, 34.4137], [-110.0715, 34.4162], [-110.0704, 34.4199], [-110.0675, 34.4211], [-110.0671, 34.4231], [-110.0708, 34.4259], [-110.0747, 34.4259], [-110.0738, 34.4246], [-110.0776, 34.4246], [-110.0776, 34.4175], [-110.0823, 34.4175], [-110.0823, 34.4138], [-110.0663, 34.3954], [-110.0627, 34.388], [-110.0697, 34.388], [-110.0698, 34.382], [-110.1055, 34.3821], [-110.1051, 34.3966], [-110.1228, 34.3967], [-110.1228, 34.4094], [-110.1299, 34.4097], [-110.1292, 34.4114], [-110.1585, 34.4115], [-110.1584, 34.426], [-110.1756, 34.4261], [-110.1756, 34.4309], [-110.1928, 34.4311], [-110.1934, 34.4433], [-110.1947, 34.4449]]]}}, {"type": "Feature", "properties": {"zip": "85362", "total": 31, "q1": 4, "q2": 5, "q3": 9, "q4": 13, "pop": 44, "acsPriv": 44, "seats": 0}, "geometry": {"type": "Polygon", "coordinates": [[[-112.9208, 34.3261], [-112.919, 34.344], [-112.91, 34.3522], [-112.9099, 34.3617], [-112.913, 34.369], [-112.9059, 34.3675], [-112.9016, 34.3693], [-112.8921, 34.3693], [-112.8899, 34.3724], [-112.8837, 34.3723], [-112.8816, 34.37], [-112.8784, 34.3721], [-112.874, 34.3709], [-112.8582, 34.3758], [-112.8518, 34.3747], [-112.8509, 34.3762], [-112.846, 34.3741], [-112.8376, 34.3773], [-112.8234, 34.3773], [-112.824, 34.2433], [-112.783, 34.2433], [-112.7788, 34.2526], [-112.7679, 34.2546], [-112.7656, 34.2528], [-112.7553, 34.2547], [-112.7425, 34.2533], [-112.7366, 34.2586], [-112.7331, 34.2591], [-112.7272, 34.2658], [-112.7279, 34.2623], [-112.7348, 34.2525], [-112.7365, 34.246], [-112.7373, 34.2356], [-112.7353, 34.2352], [-112.7353, 34.2332], [-112.7368, 34.2318], [-112.7366, 34.2163], [-112.75, 34.2108], [-112.7554, 34.2122], [-112.7537, 34.2073], [-112.7584, 34.204], [-112.7615, 34.2048], [-112.763, 34.2015], [-112.7727, 34.2042], [-112.7807, 34.2013], [-112.7819, 34.2033], [-112.7806, 34.2061], [-112.7902, 34.2044], [-112.8009, 34.2079], [-112.8257, 34.1825], [-112.828, 34.1874], [-112.827, 34.1912], [-112.8289, 34.1984], [-112.8331, 34.2088], [-112.8331, 34.218], [-112.847, 34.2269], [-112.8458, 34.2337], [-112.8539, 34.2323], [-112.8688, 34.2419], [-112.888, 34.2471], [-112.898, 34.2552], [-112.9059, 34.2796], [-112.9047, 34.2842], [-112.9051, 34.297], [-112.9084, 34.3022], [-112.9134, 34.3047], [-112.9174, 34.3092], [-112.9208, 34.3261]]]}}, {"type": "Feature", "properties": {"zip": "86303", "total": 819, "q1": 188, "q2": 200, "q3": 212, "q4": 219, "pop": 2023, "acsPriv": 424, "seats": 157}, "geometry": {"type": "Polygon", "coordinates": [[[-112.5577, 34.4858], [-112.5563, 34.4868], [-112.5567, 34.49], [-112.5528, 34.4894], [-112.5515, 34.4904], [-112.5523, 34.4929], [-112.5476, 34.493], [-112.5456, 34.4951], [-112.5506, 34.5027], [-112.5556, 34.5047], [-112.5553, 34.5083], [-112.5575, 34.5133], [-112.555, 34.5133], [-112.5512, 34.5172], [-112.5503, 34.5234], [-112.545, 34.5275], [-112.5486, 34.5345], [-112.551, 34.533], [-112.5521, 34.5338], [-112.5461, 34.5457], [-112.5311, 34.5466], [-112.5262, 34.5504], [-112.5198, 34.5516], [-112.5149, 34.5501], [-112.5109, 34.546], [-112.5075, 34.5462], [-112.5044, 34.5421], [-112.498, 34.5401], [-112.4958, 34.5402], [-112.492, 34.544], [-112.4872, 34.5424], [-112.4787, 34.5426], [-112.478, 34.5412], [-112.4772, 34.5423], [-112.4606, 34.5408], [-112.4493, 34.5477], [-112.4503, 34.5463], [-112.4474, 34.5457], [-112.4213, 34.5457], [-112.428, 34.5519], [-112.425, 34.5514], [-112.4247, 34.553], [-112.4103, 34.5517], [-112.4011, 34.5484], [-112.3901, 34.5491], [-112.3821, 34.5542], [-112.3794, 34.5599], [-112.3693, 34.5715], [-112.3693, 34.5686], [-112.3621, 34.5685], [-112.3604, 34.5701], [-112.3604, 34.5618], [-112.3261, 34.5534], [-112.3268, 34.5433], [-112.3164, 34.5433], [-112.3053, 34.5301], [-112.3091, 34.5308], [-112.3093, 34.5074], [-112.2854, 34.5065], [-112.2835, 34.5042], [-112.2876, 34.498], [-112.2947, 34.4945], [-112.3025, 34.486], [-112.3077, 34.4828], [-112.3155, 34.4799], [-112.3281, 34.4824], [-112.333, 34.4813], [-112.3491, 34.4747], [-112.3571, 34.4694], [-112.3574, 34.4671], [-112.3539, 34.461], [-112.3707, 34.4586], [-112.3666, 34.4563], [-112.3711, 34.4535], [-112.3724, 34.4491], [-112.3762, 34.4479], [-112.3769, 34.4503], [-112.3813, 34.4471], [-112.3803, 34.4423], [-112.3819, 34.4361], [-112.3864, 34.4361], [-112.3875, 34.4349], [-112.3869, 34.4315], [-112.3903, 34.4307], [-112.3912, 34.4289], [-112.3877, 34.4282], [-112.388, 34.4264], [-112.3848, 34.4271], [-112.3877, 34.4236], [-112.3875, 34.4213], [-112.38, 34.4109], [-112.3795, 34.3977], [-112.3826, 34.3976], [-112.3844, 34.3901], [-112.3885, 34.3872], [-112.3882, 34.3859], [-112.3913, 34.3864], [-112.3927, 34.3823], [-112.3947, 34.3827], [-112.397, 34.3783], [-112.4015, 34.3802], [-112.4087, 34.3786], [-112.4098, 34.3768], [-112.4143, 34.3829], [-112.4159, 34.3924], [-112.423, 34.3955], [-112.423, 34.3992], [-112.4289, 34.4055], [-112.4349, 34.405], [-112.4349, 34.4075], [-112.4373, 34.408], [-112.4363, 34.4096], [-112.44, 34.411], [-112.439, 34.4123], [-112.4416, 34.4118], [-112.4426, 34.4096], [-112.4492, 34.4103], [-112.4474, 34.4131], [-112.449, 34.4152], [-112.447, 34.4165], [-112.4479, 34.4185], [-112.4517, 34.4182], [-112.4617, 34.4216], [-112.4674, 34.4267], [-112.4753, 34.427], [-112.4876, 34.4501], [-112.4842, 34.4511], [-112.4852, 34.453], [-112.4968, 34.4547], [-112.497, 34.4516], [-112.5003, 34.4522], [-112.4984, 34.4479], [-112.5021, 34.447], [-112.5017, 34.4486], [-112.5032, 34.4486], [-112.502, 34.4449], [-112.5084, 34.4439], [-112.5105, 34.4475], [-112.5179, 34.4492], [-112.5219, 34.4523], [-112.5225, 34.457], [-112.5238, 34.4592], [-112.5242, 34.4538], [-112.5323, 34.4543], [-112.535, 34.453], [-112.5371, 34.4547], [-112.5424, 34.4664], [-112.5525, 34.4747], [-112.5577, 34.4858]]]}}, {"type": "Feature", "properties": {"zip": "85635", "total": 1699, "q1": 400, "q2": 431, "q3": 432, "q4": 436, "pop": 5348, "acsPriv": 552, "seats": 225}, "geometry": {"type": "Polygon", "coordinates": [[[-110.3215, 31.5729], [-110.3153, 31.574], [-110.3114, 31.5655], [-110.3082, 31.5655], [-110.3081, 31.5694], [-110.2743, 31.5694], [-110.2743, 31.5764], [-110.2577, 31.5767], [-110.2574, 31.5839], [-110.2404, 31.5839], [-110.2406, 31.591], [-110.2238, 31.5908], [-110.2235, 31.5981], [-110.2066, 31.5983], [-110.2063, 31.6134], [-110.1896, 31.6132], [-110.1897, 31.6251], [-110.1829, 31.6165], [-110.1783, 31.6232], [-110.1777, 31.6302], [-110.1738, 31.6242], [-110.1713, 31.6237], [-110.1644, 31.6177], [-110.1682, 31.6144], [-110.1668, 31.6116], [-110.1627, 31.6108], [-110.1601, 31.6063], [-110.1548, 31.6078], [-110.1513, 31.6046], [-110.1472, 31.5974], [-110.1468, 31.5897], [-110.1432, 31.5814], [-110.1388, 31.5825], [-110.1339, 31.5878], [-110.129, 31.5867], [-110.1256, 31.5883], [-110.1219, 31.5862], [-110.1164, 31.5887], [-110.1148, 31.5867], [-110.1083, 31.5917], [-110.1052, 31.5896], [-110.1034, 31.5903], [-110.1036, 31.5786], [-110.0975, 31.5728], [-110.1036, 31.5728], [-110.1041, 31.5555], [-110.0663, 31.5557], [-110.0534, 31.5525], [-110.0533, 31.5063], [-110.0624, 31.4942], [-110.0684, 31.4918], [-110.0743, 31.4928], [-110.0781, 31.4888], [-110.0888, 31.49], [-110.0915, 31.4883], [-110.0927, 31.4897], [-110.0964, 31.4888], [-110.1023, 31.4902], [-110.1078, 31.4854], [-110.1126, 31.4845], [-110.1222, 31.5065], [-110.13, 31.5425], [-110.1429, 31.5393], [-110.1475, 31.5366], [-110.1542, 31.5365], [-110.1607, 31.5323], [-110.1622, 31.5331], [-110.1727, 31.5295], [-110.1811, 31.5304], [-110.1898, 31.5273], [-110.1898, 31.5182], [-110.1941, 31.5182], [-110.1942, 31.5254], [-110.1922, 31.5254], [-110.2069, 31.5256], [-110.2068, 31.5322], [-110.2123, 31.5326], [-110.2167, 31.5323], [-110.2251, 31.5251], [-110.232, 31.5216], [-110.2319, 31.5255], [-110.2699, 31.5259], [-110.2806, 31.5191], [-110.2971, 31.5338], [-110.3086, 31.5583], [-110.3114, 31.5581], [-110.3126, 31.5605], [-110.3145, 31.5599], [-110.3215, 31.5729]]]}}, {"type": "Feature", "properties": {"zip": "86333", "total": 295, "q1": 59, "q2": 68, "q3": 84, "q4": 84, "pop": 1008, "acsPriv": 41, "seats": 75}, "geometry": {"type": "Polygon", "coordinates": [[[-112.397, 34.3783], [-112.3947, 34.3827], [-112.3927, 34.3823], [-112.3913, 34.3864], [-112.3882, 34.3859], [-112.3885, 34.3872], [-112.3844, 34.3901], [-112.3826, 34.3976], [-112.3795, 34.3977], [-112.38, 34.4109], [-112.3875, 34.4213], [-112.3877, 34.4236], [-112.3848, 34.4271], [-112.388, 34.4264], [-112.3877, 34.4282], [-112.3912, 34.4289], [-112.3903, 34.4307], [-112.3869, 34.4315], [-112.3875, 34.4349], [-112.3864, 34.4361], [-112.3819, 34.4361], [-112.3803, 34.4423], [-112.3813, 34.4471], [-112.3769, 34.4503], [-112.3762, 34.4479], [-112.3724, 34.4491], [-112.3711, 34.4535], [-112.3666, 34.4563], [-112.3707, 34.4586], [-112.3459, 34.4617], [-112.3356, 34.4593], [-112.3165, 34.4587], [-112.3148, 34.4569], [-112.2961, 34.46], [-112.2864, 34.4569], [-112.2837, 34.4596], [-112.2806, 34.46], [-112.2836, 34.4639], [-112.2801, 34.4661], [-112.2823, 34.4703], [-112.269, 34.47], [-112.2676, 34.4659], [-112.2635, 34.4712], [-112.2618, 34.4767], [-112.254, 34.4846], [-112.2374, 34.4846], [-112.2365, 34.4828], [-112.2377, 34.4816], [-112.2352, 34.4814], [-112.2342, 34.4786], [-112.2375, 34.4772], [-112.2348, 34.4746], [-112.2382, 34.4655], [-112.2337, 34.4636], [-112.2346, 34.4617], [-112.23, 34.4612], [-112.2294, 34.458], [-112.2269, 34.458], [-112.2268, 34.4541], [-112.2223, 34.4544], [-112.2235, 34.4522], [-112.2227, 34.4472], [-112.219, 34.45], [-112.2176, 34.4484], [-112.2148, 34.4502], [-112.213, 34.4468], [-112.1996, 34.4457], [-112.1997, 34.4379], [-112.2046, 34.435], [-112.1841, 34.4351], [-112.0906, 34.4079], [-112.0771, 34.4073], [-112.0764, 34.4112], [-112.0785, 34.4144], [-112.0829, 34.4166], [-112.0796, 34.4267], [-112.0827, 34.439], [-112.0814, 34.4438], [-112.0825, 34.4493], [-112.0857, 34.4513], [-112.0885, 34.4565], [-111.9853, 34.4564], [-111.9853, 34.4428], [-111.9916, 34.4374], [-111.9924, 34.4338], [-111.9975, 34.434], [-111.9997, 34.4306], [-111.9909, 34.4204], [-111.9853, 34.4201], [-111.9857, 34.3725], [-111.9786, 34.3694], [-111.8402, 34.3691], [-111.824, 34.3638], [-111.8171, 34.3657], [-111.8148, 34.3637], [-111.8119, 34.3637], [-111.8105, 34.3587], [-111.7985, 34.3484], [-111.7865, 34.3516], [-111.7562, 34.3523], [-111.7544, 34.3504], [-111.7492, 34.3515], [-111.7468, 34.3504], [-111.7394, 34.3529], [-111.7037, 34.3527], [-111.6969, 34.3466], [-111.6962, 34.3432], [-111.7136, 34.3201], [-111.7147, 34.3206], [-111.7138, 34.3187], [-111.7302, 34.2839], [-111.8125, 34.1821], [-111.82, 34.1571], [-111.8219, 34.1557], [-111.8271, 34.1589], [-111.8279, 34.1612], [-111.838, 34.1633], [-111.844, 34.1676], [-111.849, 34.1728], [-111.8445, 34.1733], [-111.8434, 34.1758], [-111.8483, 34.1768], [-111.8483, 34.1787], [-111.8541, 34.1809], [-111.8547, 34.1834], [-111.8629, 34.1901], [-111.8642, 34.1966], [-111.8678, 34.197], [-111.8742, 34.2021], [-111.8798, 34.2022], [-111.8805, 34.2036], [-111.8854, 34.2027], [-111.8875, 34.2081], [-111.8866, 34.21], [-111.8886, 34.2074], [-111.8894, 34.2118], [-111.9028, 34.2127], [-111.9052, 34.21], [-111.9079, 34.2097], [-111.9183, 34.2126], [-111.924, 34.2102], [-111.9269, 34.2102], [-111.9278, 34.2116], [-111.9301, 34.2071], [-111.9328, 34.2077], [-111.936, 34.2051], [-111.9449, 34.2057], [-111.9485, 34.2103], [-111.9687, 34.2172], [-111.9997, 34.2318], [-112.0187, 34.2318], [-112.0339, 34.2373], [-112.0451, 34.2382], [-112.0503, 34.2466], [-112.0519, 34.2449], [-112.0563, 34.2445], [-112.0554, 34.2467], [-112.0579, 34.2475], [-112.0551, 34.2532], [-112.0636, 34.2569], [-112.062, 34.2595], [-112.0621, 34.263], [-112.0644, 34.262], [-112.0754, 34.2671], [-112.0889, 34.2655], [-112.0936, 34.2665], [-112.0971, 34.2632], [-112.0992, 34.2653], [-112.1079, 34.2681], [-112.1078, 34.2699], [-112.111, 34.2716], [-112.1137, 34.2755], [-112.111, 34.2645], [-112.1124, 34.2537], [-112.1112, 34.2371], [-112.1116, 34.2385], [-112.1487, 34.2385], [-112.1414, 34.2293], [-112.1408, 34.2244], [-112.1391, 34.2241], [-112.1403, 34.2168], [-112.1442, 34.2136], [-112.1436, 34.2103], [-112.1504, 34.2], [-112.1554, 34.1965], [-112.1521, 34.1947], [-112.1604, 34.1906], [-112.1633, 34.1919], [-112.1681, 34.1903], [-112.1696, 34.1837], [-112.1748, 34.187], [-112.1772, 34.1825], [-112.1801, 34.1826], [-112.1839, 34.1851], [-112.1904, 34.1989], [-112.1954, 34.2002], [-112.1993, 34.1993], [-112.1993, 34.2011], [-112.2739, 34.2015], [-112.2738, 34.2453], [-112.3577, 34.2451], [-112.359, 34.2466], [-112.3602, 34.245], [-112.3775, 34.2449], [-112.3775, 34.2905], [-112.3756, 34.2925], [-112.3763, 34.2955], [-112.3732, 34.3053], [-112.375, 34.3059], [-112.3763, 34.3097], [-112.3743, 34.3129], [-112.3697, 34.3155], [-112.3667, 34.3245], [-112.3682, 34.328], [-112.3708, 34.328], [-112.3722, 34.3321], [-112.3745, 34.3337], [-112.3743, 34.3385], [-112.3771, 34.341], [-112.3778, 34.3568], [-112.3812, 34.3562], [-112.3866, 34.3607], [-112.3868, 34.366], [-112.3903, 34.3672], [-112.3901, 34.3706], [-112.397, 34.3783]]]}}, {"type": "Feature", "properties": {"zip": "85934", "total": 31, "q1": 7, "q2": 7, "q3": 8, "q4": 9, "pop": 199, "acsPriv": 0, "seats": 0}, "geometry": {"type": "Polygon", "coordinates": [[[-110.3163, 34.238], [-110.313, 34.2359], [-110.3066, 34.2354], [-110.3068, 34.2398], [-110.3034, 34.2514], [-110.3035, 34.2623], [-110.3068, 34.2668], [-110.304, 34.2723], [-110.3053, 34.2736], [-110.3031, 34.2786], [-110.3039, 34.2839], [-110.2995, 34.2905], [-110.299, 34.2942], [-110.3013, 34.298], [-110.2934, 34.3087], [-110.2849, 34.3293], [-110.2737, 34.3364], [-110.2862, 34.3429], [-110.2877, 34.3581], [-110.2814, 34.3576], [-110.2794, 34.3625], [-110.2719, 34.3675], [-110.2577, 34.3705], [-110.252, 34.375], [-110.2492, 34.3802], [-110.2428, 34.3847], [-110.2424, 34.3876], [-110.2073, 34.3877], [-110.1778, 34.3683], [-110.1878, 34.3588], [-110.183, 34.3525], [-110.1827, 34.3484], [-110.1748, 34.3457], [-110.1738, 34.342], [-110.1771, 34.3374], [-110.1809, 34.3375], [-110.1894, 34.3319], [-110.1818, 34.329], [-110.1818, 34.3149], [-110.1839, 34.3081], [-110.191, 34.2989], [-110.1974, 34.3018], [-110.2004, 34.3009], [-110.2114, 34.3034], [-110.2092, 34.3003], [-110.2078, 34.291], [-110.2053, 34.2882], [-110.2078, 34.2867], [-110.2071, 34.2828], [-110.2099, 34.279], [-110.202, 34.2646], [-110.2058, 34.2599], [-110.2059, 34.2557], [-110.2026, 34.251], [-110.204, 34.2461], [-110.2191, 34.2427], [-110.2307, 34.2307], [-110.2317, 34.2247], [-110.2392, 34.2197], [-110.2507, 34.2194], [-110.2616, 34.2168], [-110.2778, 34.2172], [-110.2926, 34.2205], [-110.2991, 34.226], [-110.3046, 34.2342], [-110.3135, 34.2357], [-110.3163, 34.238]]]}}, {"type": "Feature", "properties": {"zip": "86029", "total": 10, "q1": 2, "q2": 2, "q3": 2, "q4": 4, "pop": 0, "acsPriv": 0, "seats": 28}, "geometry": {"type": "Polygon", "coordinates": [[[-110.0918, 34.9191], [-110.0876, 34.9303], [-110.0892, 34.9324], [-110.0877, 34.9361], [-110.0894, 34.9397], [-110.0871, 34.9416], [-110.0874, 34.9447], [-110.0848, 34.9493], [-110.0866, 34.9516], [-110.0836, 34.9555], [-110.0856, 34.9614], [-110.0827, 34.9669], [-110.0881, 34.9755], [-110.0719, 34.9856], [-110.0395, 34.9895], [-110.0395, 34.9967], [-110.0131, 34.9968], [-110.0131, 34.9882], [-109.9923, 34.9913], [-109.9711, 34.9906], [-109.9498, 34.9924], [-109.8983, 34.9999], [-109.8985, 34.9717], [-109.906, 34.9728], [-109.9071, 34.9716], [-109.9295, 34.9702], [-109.931, 34.9684], [-109.9456, 34.9671], [-109.9465, 34.9741], [-109.9499, 34.9766], [-109.9587, 34.9694], [-109.9666, 34.9693], [-109.9772, 34.9656], [-109.9796, 34.9619], [-109.9917, 34.9572], [-109.9936, 34.9534], [-110.0076, 34.9521], [-110.0903, 34.9153], [-110.0918, 34.9191]]]}}, {"type": "Feature", "properties": {"zip": "85704", "total": 1320, "q1": 320, "q2": 334, "q3": 340, "q4": 326, "pop": 3508, "acsPriv": 473, "seats": 1073}, "geometry": {"type": "MultiPolygon", "coordinates": [[[[-110.961, 32.2975], [-110.9628, 32.301], [-110.9611, 32.301], [-110.961, 32.2975]]], [[[-111.012, 32.3029], [-111.0127, 32.3386], [-111.0104, 32.3393], [-111.0104, 32.3451], [-111.0128, 32.3452], [-111.0127, 32.3641], [-111.0112, 32.3639], [-111.0101, 32.3659], [-111.0128, 32.3663], [-111.0128, 32.3735], [-111.0022, 32.3732], [-110.9958, 32.3797], [-110.9958, 32.3844], [-110.988, 32.388], [-110.988, 32.3807], [-110.9829, 32.3818], [-110.9641, 32.3809], [-110.9641, 32.3846], [-110.9664, 32.3846], [-110.9667, 32.3881], [-110.9642, 32.3882], [-110.9629, 32.3922], [-110.9527, 32.3916], [-110.9522, 32.3806], [-110.9612, 32.3805], [-110.9612, 32.3539], [-110.9599, 32.3537], [-110.9596, 32.3477], [-110.9567, 32.3451], [-110.9609, 32.3394], [-110.9611, 32.3022], [-110.9642, 32.3011], [-110.9644, 32.2975], [-110.9618, 32.2956], [-110.9611, 32.289], [-110.9702, 32.2897], [-110.9819, 32.2951], [-110.9918, 32.2928], [-111.012, 32.3029]]]]}}, {"type": "Feature", "properties": {"zip": "85367", "total": 1080, "q1": 251, "q2": 270, "q3": 282, "q4": 277, "pop": 2136, "acsPriv": 164, "seats": 0}, "geometry": {"type": "Polygon", "coordinates": [[[-114.4951, 32.6371], [-114.486, 32.6372], [-114.486, 32.6412], [-114.4606, 32.6414], [-114.4608, 32.656], [-114.4441, 32.6559], [-114.4441, 32.6642], [-114.4471, 32.6642], [-114.4471, 32.6664], [-114.4527, 32.6664], [-114.4527, 32.6693], [-114.4511, 32.6702], [-114.4441, 32.6682], [-114.4443, 32.693], [-114.4458, 32.6998], [-114.4413, 32.7005], [-114.4352, 32.7055], [-114.4331, 32.7033], [-114.4272, 32.7115], [-114.4102, 32.7001], [-114.4073, 32.6997], [-114.4047, 32.6954], [-114.3709, 32.7182], [-114.3633, 32.7018], [-114.3627, 32.6949], [-114.3542, 32.6892], [-114.3525, 32.6804], [-114.3446, 32.6799], [-114.3373, 32.673], [-114.3351, 32.6681], [-114.3244, 32.6611], [-114.3205, 32.661], [-114.3224, 32.6532], [-114.317, 32.6438], [-114.3297, 32.6339], [-114.3279, 32.6298], [-114.3304, 32.6263], [-114.3282, 32.6199], [-114.358, 32.6198], [-114.3582, 32.6269], [-114.4605, 32.6267], [-114.4606, 32.6341], [-114.4951, 32.6339], [-114.4951, 32.6371]]]}}, {"type": "Feature", "properties": {"zip": "85718", "total": 1874, "q1": 450, "q2": 468, "q3": 482, "q4": 474, "pop": 3192, "acsPriv": 566, "seats": 423}, "geometry": {"type": "Polygon", "coordinates": [[[-110.9644, 32.2975], [-110.9642, 32.3011], [-110.9611, 32.3022], [-110.9609, 32.3394], [-110.9567, 32.3451], [-110.9596, 32.3477], [-110.9593, 32.3513], [-110.9612, 32.3557], [-110.9435, 32.3554], [-110.9432, 32.3518], [-110.9271, 32.3517], [-110.9272, 32.3446], [-110.9102, 32.3446], [-110.9095, 32.3372], [-110.8751, 32.3374], [-110.8751, 32.3244], [-110.877, 32.3218], [-110.8749, 32.3171], [-110.8751, 32.2735], [-110.8697, 32.2738], [-110.8666, 32.2684], [-110.8708, 32.2702], [-110.8838, 32.2685], [-110.9012, 32.2751], [-110.9135, 32.2713], [-110.9216, 32.2712], [-110.9245, 32.2724], [-110.9256, 32.2796], [-110.9281, 32.2821], [-110.9397, 32.2818], [-110.9494, 32.2871], [-110.9611, 32.289], [-110.9618, 32.2956], [-110.9644, 32.2975]], [[-110.963, 32.2992], [-110.9613, 32.2984], [-110.961, 32.2975], [-110.9611, 32.301], [-110.9628, 32.301], [-110.963, 32.2992]]]}}, {"type": "Feature", "properties": {"zip": "85119", "total": 801, "q1": 181, "q2": 197, "q3": 210, "q4": 213, "pop": 2641, "acsPriv": 304, "seats": 0}, "geometry": {"type": "MultiPolygon", "coordinates": [[[[-111.5464, 33.4226], [-111.548, 33.4236], [-111.5464, 33.4239], [-111.5464, 33.4226]]], [[[-111.5607, 33.3654], [-111.5608, 33.3788], [-111.5461, 33.3788], [-111.5461, 33.3933], [-111.5475, 33.3934], [-111.5475, 33.395], [-111.5461, 33.3962], [-111.5461, 33.4005], [-111.5466, 33.402], [-111.5478, 33.4006], [-111.5527, 33.4009], [-111.5535, 33.4041], [-111.5534, 33.4058], [-111.5502, 33.4058], [-111.5494, 33.4075], [-111.5516, 33.4078], [-111.5504, 33.4116], [-111.5461, 33.4127], [-111.5461, 33.4269], [-111.5482, 33.4269], [-111.5482, 33.4296], [-111.5461, 33.4296], [-111.5461, 33.4549], [-111.5483, 33.4549], [-111.5483, 33.4567], [-111.5461, 33.4567], [-111.5461, 33.4659], [-111.4768, 33.4659], [-111.4769, 33.4078], [-111.4596, 33.4077], [-111.4596, 33.3935], [-111.4768, 33.3934], [-111.4769, 33.3789], [-111.4887, 33.3791], [-111.4769, 33.3695], [-111.478, 33.3666], [-111.4769, 33.3654], [-111.477, 33.3404], [-111.471, 33.3401], [-111.4594, 33.3446], [-111.4595, 33.3071], [-111.524, 33.3072], [-111.5286, 33.3263], [-111.5509, 33.3615], [-111.5607, 33.3654]]]]}}, {"type": "Feature", "properties": {"zip": "85135", "total": 12, "q1": 3, "q2": 3, "q3": 3, "q4": 3, "pop": 35, "acsPriv": 0, "seats": 0}, "geometry": {"type": "Polygon", "coordinates": [[[-110.7957, 33.0053], [-110.7919, 33.0055], [-110.7881, 33.0104], [-110.7745, 33.0104], [-110.7748, 32.9847], [-110.7831, 32.9847], [-110.7957, 33.0053]]]}}, {"type": "Feature", "properties": {"zip": "86338", "total": 50, "q1": 12, "q2": 13, "q3": 13, "q4": 12, "pop": 44, "acsPriv": 5, "seats": 0}, "geometry": {"type": "Polygon", "coordinates": [[[-112.995, 34.5344], [-112.9848, 34.5414], [-112.9771, 34.544], [-112.9726, 34.5438], [-112.9715, 34.5489], [-112.9667, 34.5502], [-112.9646, 34.5529], [-112.9623, 34.5521], [-112.9583, 34.5602], [-112.9545, 34.5591], [-112.9493, 34.5619], [-112.9549, 34.5708], [-112.9479, 34.5737], [-112.9551, 34.5763], [-112.9503, 34.5835], [-112.9497, 34.5879], [-112.9513, 34.5915], [-112.9477, 34.5943], [-112.949, 34.5972], [-112.9481, 34.5996], [-112.9424, 34.6037], [-112.9381, 34.6095], [-112.93, 34.6136], [-112.928, 34.6172], [-112.9182, 34.6147], [-112.9171, 34.6187], [-112.913, 34.6195], [-112.9147, 34.6215], [-112.9131, 34.627], [-112.9153, 34.6325], [-112.9132, 34.6347], [-112.9163, 34.6384], [-112.9156, 34.6402], [-112.9183, 34.642], [-112.9177, 34.645], [-112.9226, 34.6496], [-112.9165, 34.6583], [-112.9163, 34.6609], [-112.9105, 34.6624], [-112.9071, 34.6664], [-112.9074, 34.6694], [-112.9106, 34.671], [-112.9077, 34.679], [-112.9097, 34.6903], [-112.9063, 34.6932], [-112.9102, 34.6955], [-112.9073, 34.6977], [-112.9123, 34.7015], [-112.9128, 34.7048], [-112.9206, 34.7057], [-112.9269, 34.712], [-112.9299, 34.713], [-112.9339, 34.7118], [-112.9389, 34.7154], [-112.9417, 34.7198], [-112.9412, 34.7304], [-112.938, 34.7305], [-112.9352, 34.7332], [-112.9307, 34.73], [-112.9246, 34.731], [-112.9237, 34.7334], [-112.9184, 34.7358], [-112.9008, 34.7317], [-112.8999, 34.7303], [-112.8966, 34.7324], [-112.8914, 34.731], [-112.8923, 34.7281], [-112.8895, 34.7187], [-112.8677, 34.716], [-112.853, 34.708], [-112.8503, 34.7105], [-112.8516, 34.7146], [-112.8442, 34.7106], [-112.8419, 34.7127], [-112.836, 34.7132], [-112.8293, 34.7176], [-112.8243, 34.7181], [-112.8151, 34.7122], [-112.8114, 34.7141], [-112.8065, 34.7072], [-112.7998, 34.7052], [-112.8016, 34.7004], [-112.79, 34.6978], [-112.7835, 34.6942], [-112.7806, 34.6896], [-112.773, 34.6948], [-112.7609, 34.6939], [-112.7505, 34.6956], [-112.7472, 34.7021], [-112.7284, 34.7186], [-112.6329, 34.7188], [-112.6265, 34.7131], [-112.6313, 34.6901], [-112.6302, 34.6751], [-112.6379, 34.6592], [-112.6441, 34.6262], [-112.6487, 34.6188], [-112.6408, 34.615], [-112.6252, 34.6155], [-112.6248, 34.5819], [-112.6295, 34.5797], [-112.6267, 34.577], [-112.6248, 34.5695], [-112.6245, 34.5481], [-112.6212, 34.5468], [-112.622, 34.5453], [-112.6171, 34.5411], [-112.618, 34.5394], [-112.6145, 34.5402], [-112.6151, 34.5419], [-112.6115, 34.5453], [-112.6044, 34.5461], [-112.5975, 34.5435], [-112.5949, 34.5396], [-112.5813, 34.539], [-112.5865, 34.5337], [-112.5862, 34.5322], [-112.5733, 34.5282], [-112.5673, 34.5235], [-112.5615, 34.523], [-112.5611, 34.5185], [-112.5578, 34.5171], [-112.5573, 34.5105], [-112.5553, 34.5083], [-112.5556, 34.5047], [-112.5506, 34.5027], [-112.5455, 34.4955], [-112.5476, 34.493], [-112.5523, 34.4929], [-112.5515, 34.4904], [-112.5527, 34.4894], [-112.5567, 34.49], [-112.5573, 34.483], [-112.55, 34.4714], [-112.5453, 34.4698], [-112.5424, 34.4664], [-112.5371, 34.4549], [-112.5397, 34.4545], [-112.5379, 34.4506], [-112.5408, 34.4475], [-112.5434, 34.4473], [-112.5484, 34.4431], [-112.5475, 34.4389], [-112.544, 34.4351], [-112.5462, 34.4332], [-112.5453, 34.43], [-112.5485, 34.4277], [-112.5524, 34.4291], [-112.556, 34.4247], [-112.5619, 34.4255], [-112.5696, 34.4321], [-112.5776, 34.4355], [-112.5869, 34.4443], [-112.5982, 34.4439], [-112.6037, 34.4467], [-112.6149, 34.442], [-112.6246, 34.4419], [-112.6279, 34.4382], [-112.6451, 34.4325], [-112.6468, 34.4299], [-112.6562, 34.4261], [-112.6678, 34.4266], [-112.6725, 34.4304], [-112.6805, 34.429], [-112.6931, 34.4319], [-112.7007, 34.4212], [-112.7103, 34.4172], [-112.7021, 34.421], [-112.6975, 34.4268], [-112.6959, 34.4321], [-112.7266, 34.4314], [-112.7296, 34.4326], [-112.7322, 34.4293], [-112.7316, 34.4262], [-112.7333, 34.4227], [-112.7429, 34.4162], [-112.7518, 34.4158], [-112.7581, 34.4236], [-112.7715, 34.4287], [-112.7742, 34.431], [-112.774, 34.4343], [-112.7792, 34.4382], [-112.7814, 34.4381], [-112.7818, 34.4398], [-112.791, 34.441], [-112.7929, 34.4372], [-112.7964, 34.4379], [-112.7961, 34.4545], [-112.8037, 34.4681], [-112.8161, 34.4781], [-112.8129, 34.491], [-112.8178, 34.4944], [-112.8192, 34.499], [-112.8166, 34.4994], [-112.8159, 34.5032], [-112.8501, 34.5032], [-112.8498, 34.4995], [-112.8536, 34.4967], [-112.8551, 34.4926], [-112.8651, 34.496], [-112.8706, 34.4961], [-112.8768, 34.4993], [-112.8788, 34.4932], [-112.8842, 34.4863], [-112.8884, 34.4898], [-112.89, 34.4988], [-112.9078, 34.5054], [-112.9123, 34.5053], [-112.9235, 34.5087], [-112.934, 34.5162], [-112.935, 34.5209], [-112.939, 34.5214], [-112.9425, 34.5244], [-112.9592, 34.527], [-112.9713, 34.5261], [-112.9727, 34.5243], [-112.9779, 34.5241], [-112.9875, 34.5258], [-112.9912, 34.528], [-112.995, 34.5344]]]}}, {"type": "Feature", "properties": {"zip": "86351", "total": 177, "q1": 35, "q2": 44, "q3": 51, "q4": 47, "pop": 257, "acsPriv": 72, "seats": 123}, "geometry": {"type": "Polygon", "coordinates": [[[-111.8731, 34.7987], [-111.8663, 34.8039], [-111.8652, 34.8088], [-111.8618, 34.8127], [-111.8597, 34.8108], [-111.8628, 34.8095], [-111.8625, 34.8075], [-111.8568, 34.809], [-111.8521, 34.8053], [-111.8481, 34.8074], [-111.8432, 34.8076], [-111.8468, 34.811], [-111.8468, 34.8131], [-111.8347, 34.8181], [-111.833, 34.8169], [-111.8312, 34.8111], [-111.826, 34.8096], [-111.8253, 34.8192], [-111.8176, 34.8145], [-111.8155, 34.8163], [-111.8177, 34.82], [-111.8169, 34.8223], [-111.8086, 34.8253], [-111.7972, 34.8234], [-111.7959, 34.8256], [-111.788, 34.8254], [-111.7882, 34.8181], [-111.78, 34.8181], [-111.7783, 34.8033], [-111.6856, 34.8035], [-111.685, 34.8], [-111.692, 34.7924], [-111.6882, 34.7854], [-111.6887, 34.783], [-111.6929, 34.7785], [-111.6985, 34.7772], [-111.703, 34.773], [-111.7083, 34.7707], [-111.71, 34.7668], [-111.7142, 34.7663], [-111.7226, 34.7604], [-111.7342, 34.7606], [-111.7388, 34.7581], [-111.7436, 34.7579], [-111.7571, 34.75], [-111.7612, 34.7495], [-111.7654, 34.7419], [-111.7731, 34.7378], [-111.7747, 34.7307], [-111.7767, 34.7339], [-111.7838, 34.7385], [-111.8011, 34.7343], [-111.8128, 34.7261], [-111.8189, 34.7129], [-111.828, 34.7213], [-111.8313, 34.7268], [-111.8313, 34.7306], [-111.8274, 34.7353], [-111.8273, 34.7386], [-111.8336, 34.7439], [-111.8359, 34.7517], [-111.8396, 34.7539], [-111.8424, 34.7536], [-111.8416, 34.7553], [-111.8455, 34.7721], [-111.8472, 34.7725], [-111.8457, 34.777], [-111.847, 34.7797], [-111.853, 34.7828], [-111.8552, 34.789], [-111.861, 34.7902], [-111.8632, 34.7887], [-111.8653, 34.7894], [-111.8657, 34.7912], [-111.8706, 34.7917], [-111.8726, 34.7954], [-111.8715, 34.7973], [-111.8731, 34.7987]], [[-111.8441, 34.8112], [-111.8401, 34.8092], [-111.8357, 34.8115], [-111.8355, 34.8139], [-111.838, 34.8153], [-111.8441, 34.8112]]]}}, {"type": "Feature", "properties": {"zip": "85379", "total": 2377, "q1": 545, "q2": 595, "q3": 622, "q4": 615, "pop": 11520, "acsPriv": 1833, "seats": 0}, "geometry": {"type": "Polygon", "coordinates": [[[-112.4096, 33.5807], [-112.4096, 33.5954], [-112.3938, 33.5951], [-112.3938, 33.6096], [-112.4095, 33.6097], [-112.4094, 33.6243], [-112.3422, 33.6236], [-112.3418, 33.5801], [-112.4096, 33.5807]]]}}, {"type": "Feature", "properties": {"zip": "85545", "total": 4, "q1": 1, "q2": 1, "q3": 1, "q4": 1, "pop": 24, "acsPriv": 0, "seats": 0}, "geometry": {"type": "Polygon", "coordinates": [[[-111.4801, 33.466], [-111.4756, 33.4734], [-111.4747, 33.4784], [-111.4682, 33.4872], [-111.466, 33.4951], [-111.4617, 33.502], [-111.4587, 33.5026], [-111.4582, 33.5077], [-111.456, 33.5086], [-111.4581, 33.5182], [-111.4558, 33.52], [-111.4519, 33.5189], [-111.4502, 33.5212], [-111.454, 33.5248], [-111.4548, 33.535], [-111.452, 33.5409], [-111.4493, 33.5412], [-111.449, 33.545], [-111.4443, 33.5434], [-111.4428, 33.5409], [-111.4448, 33.5402], [-111.4436, 33.539], [-111.4345, 33.5386], [-111.4311, 33.5366], [-111.4274, 33.5373], [-111.4244, 33.5333], [-111.423, 33.534], [-111.4233, 33.536], [-111.4151, 33.5334], [-111.4153, 33.5357], [-111.4122, 33.5352], [-111.4098, 33.5353], [-111.4153, 33.5365], [-111.417, 33.5357], [-111.4293, 33.5413], [-111.4301, 33.5439], [-111.4323, 33.5448], [-111.4299, 33.5527], [-111.4238, 33.5541], [-111.4211, 33.5565], [-111.4226, 33.5568], [-111.4218, 33.5591], [-111.4138, 33.5583], [-111.4136, 33.5535], [-111.4116, 33.5519], [-111.4082, 33.5534], [-111.4057, 33.5572], [-111.4014, 33.558], [-111.4023, 33.5586], [-111.4004, 33.5608], [-111.3969, 33.5617], [-111.4002, 33.5616], [-111.3998, 33.5654], [-111.3956, 33.5673], [-111.3891, 33.5778], [-111.3857, 33.5775], [-111.3842, 33.5799], [-111.3784, 33.5776], [-111.3746, 33.5739], [-111.3687, 33.5782], [-111.367, 33.5743], [-111.364, 33.573], [-111.3594, 33.5765], [-111.3548, 33.5762], [-111.3533, 33.5792], [-111.3574, 33.5811], [-111.3575, 33.5837], [-111.3492, 33.586], [-111.3473, 33.5893], [-111.3403, 33.5918], [-111.3275, 33.5865], [-111.3218, 33.5874], [-111.32, 33.5905], [-111.3188, 33.5883], [-111.3173, 33.5903], [-111.3109, 33.5889], [-111.3099, 33.5902], [-111.3091, 33.5891], [-111.307, 33.5912], [-111.3021, 33.5844], [-111.2956, 33.5852], [-111.2948, 33.5875], [-111.2926, 33.5849], [-111.2942, 33.5835], [-111.2924, 33.5818], [-111.2883, 33.5828], [-111.2828, 33.5809], [-111.2805, 33.577], [-111.2755, 33.575], [-111.2729, 33.5764], [-111.2715, 33.5748], [-111.27, 33.5764], [-111.2687, 33.5732], [-111.2672, 33.5744], [-111.2657, 33.5727], [-111.2633, 33.5739], [-111.2609, 33.5728], [-111.26, 33.5744], [-111.2562, 33.5729], [-111.2572, 33.5757], [-111.2527, 33.577], [-111.2516, 33.5795], [-111.2507, 33.5784], [-111.2508, 33.5817], [-111.2376, 33.5804], [-111.2376, 33.5825], [-111.2322, 33.5837], [-111.2359, 33.5856], [-111.2303, 33.5885], [-111.2325, 33.5929], [-111.2287, 33.5927], [-111.2284, 33.5942], [-111.2236, 33.5964], [-111.2233, 33.594], [-111.2211, 33.5961], [-111.223, 33.5975], [-111.2196, 33.5994], [-111.2215, 33.6002], [-111.2214, 33.6037], [-111.2167, 33.6083], [-111.2161, 33.6127], [-111.2075, 33.6206], [-111.2087, 33.6351], [-111.2003, 33.6403], [-111.1806, 33.6598], [-111.1735, 33.6601], [-111.1695, 33.6675], [-111.1534, 33.6776], [-111.1307, 33.677], [-111.1071, 33.6785], [-111.0943, 33.6815], [-111.0743, 33.6825], [-111.0764, 33.6849], [-111.0729, 33.6855], [-111.0823, 33.6856], [-111.0824, 33.6994], [-111.0866, 33.6993], [-111.0866, 33.7069], [-111.0974, 33.7069], [-111.1043, 33.7198], [-111.1103, 33.7243], [-111.1134, 33.7348], [-111.0865, 33.7297], [-111.0751, 33.7361], [-111.0711, 33.7322], [-111.0718, 33.7296], [-111.0653, 33.7256], [-111.0629, 33.7219], [-111.0595, 33.723], [-111.048, 33.7191], [-111.045, 33.723], [-111.0429, 33.7232], [-111.0377, 33.7111], [-111.035, 33.7164], [-111.0257, 33.7095], [-111.0247, 33.7116], [-111.0229, 33.7106], [-111.0189, 33.7129], [-111.0103, 33.7136], [-111.0079, 33.7095], [-111.0145, 33.6854], [-111.0136, 33.6766], [-111.0188, 33.6736], [-111.022, 33.6646], [-111.0178, 33.6588], [-110.9979, 33.6597], [-110.996, 33.6572], [-110.9947, 33.6497], [-110.9919, 33.648], [-110.9869, 33.6488], [-110.9858, 33.647], [-110.9845, 33.647], [-110.9829, 33.649], [-110.9854, 33.6475], [-110.9846, 33.6483], [-110.9865, 33.6492], [-110.9923, 33.649], [-110.9807, 33.6543], [-110.9747, 33.654], [-110.9635, 33.6481], [-110.961, 33.6421], [-110.9706, 33.6327], [-110.9711, 33.6304], [-110.9696, 33.6253], [-110.9652, 33.6219], [-110.9548, 33.6203], [-110.9523, 33.6312], [-110.9484, 33.6325], [-110.9317, 33.6234], [-110.9271, 33.6232], [-110.9217, 33.6193], [-110.9291, 33.6166], [-110.9482, 33.5872], [-110.9492, 33.5792], [-110.9459, 33.5684], [-110.9464, 33.5655], [-110.9438, 33.5593], [-110.9306, 33.546], [-110.9283, 33.5407], [-110.9199, 33.5351], [-110.9137, 33.5335], [-110.913, 33.5288], [-110.9103, 33.5256], [-110.9036, 33.5238], [-110.9007, 33.5255], [-110.8932, 33.5241], [-110.8872, 33.5181], [-110.873, 33.5204], [-110.8697, 33.5184], [-110.868, 33.5028], [-110.8624, 33.4904], [-110.8625, 33.4659], [-110.8606, 33.4659], [-110.86, 33.4577], [-110.8613, 33.4555], [-110.8606, 33.437], [-110.8486, 33.4369], [-110.8508, 33.4319], [-110.8558, 33.4268], [-110.8598, 33.4279], [-110.8693, 33.4262], [-110.8708, 33.4242], [-110.8814, 33.4208], [-110.8836, 33.4174], [-110.8889, 33.4146], [-110.8907, 33.4114], [-110.9003, 33.4106], [-110.9101, 33.4049], [-110.9144, 33.3822], [-110.9245, 33.3718], [-110.9416, 33.3683], [-110.9722, 33.359], [-110.9648, 33.3519], [-110.9692, 33.3441], [-110.9746, 33.3418], [-111.04, 33.466], [-111.4801, 33.466]]]}}, {"type": "Feature", "properties": {"zip": "85932", "total": 40, "q1": 10, "q2": 10, "q3": 10, "q4": 10, "pop": 0, "acsPriv": 0, "seats": 0}, "geometry": {"type": "Polygon", "coordinates": [[[-109.3492, 33.9233], [-109.3439, 33.925], [-109.3457, 33.9346], [-109.3415, 33.9353], [-109.3425, 33.9432], [-109.3352, 33.9408], [-109.3323, 33.937], [-109.3275, 33.9453], [-109.3234, 33.9473], [-109.3225, 33.9519], [-109.327, 33.9577], [-109.3224, 33.9615], [-109.3193, 33.9666], [-109.3179, 33.9728], [-109.3153, 33.9759], [-109.314, 33.984], [-109.3217, 33.9848], [-109.3205, 33.9887], [-109.3246, 33.9921], [-109.3226, 33.9971], [-109.3256, 33.9998], [-109.324, 34.0003], [-109.3201, 34.01], [-109.3168, 34.0137], [-109.3103, 34.0158], [-109.3083, 34.023], [-109.2988, 34.0275], [-109.3011, 34.0281], [-109.3, 34.0303], [-109.2935, 34.03], [-109.295, 34.0288], [-109.2933, 34.0271], [-109.294, 34.0208], [-109.2919, 34.0167], [-109.2864, 34.0167], [-109.2784, 34.0138], [-109.2862, 34.0106], [-109.2744, 34.0108], [-109.2745, 34.0083], [-109.2525, 34.0047], [-109.252, 34.0031], [-109.2475, 34.0015], [-109.2396, 34.0036], [-109.2333, 34.009], [-109.2262, 34.006], [-109.2136, 34.012], [-109.2117, 34.0093], [-109.2072, 34.0127], [-109.208, 34.0162], [-109.2161, 34.0392], [-109.2199, 34.0415], [-109.2165, 34.0435], [-109.2121, 34.05], [-109.2112, 34.0547], [-109.213, 34.058], [-109.2107, 34.0598], [-109.2103, 34.0628], [-109.2004, 34.0687], [-109.1973, 34.0625], [-109.1905, 34.0582], [-109.1885, 34.0549], [-109.1865, 34.0454], [-109.1873, 34.04], [-109.1836, 34.0273], [-109.179, 34.0273], [-109.1732, 34.03], [-109.1667, 34.0357], [-109.1655, 34.0321], [-109.1571, 34.0314], [-109.1403, 34.0244], [-109.1082, 34.0219], [-109.0983, 34.0119], [-109.099, 34.0021], [-109.1015, 33.9929], [-109.1035, 33.9906], [-109.0902, 33.9945], [-109.0868, 33.992], [-109.0871, 33.9899], [-109.08, 33.989], [-109.0774, 33.9867], [-109.073, 33.9887], [-109.069, 33.9852], [-109.0805, 33.9762], [-109.0831, 33.9725], [-109.083, 33.9657], [-109.0794, 33.9635], [-109.0819, 33.9574], [-109.0786, 33.9579], [-109.0742, 33.9625], [-109.0705, 33.9636], [-109.0693, 33.9635], [-109.0699, 33.9619], [-109.0565, 33.9586], [-109.0469, 33.9579], [-109.0469, 33.908], [-109.1132, 33.9083], [-109.1168, 33.9115], [-109.1171, 33.9215], [-109.1193, 33.9204], [-109.1287, 33.9219], [-109.1288, 33.9249], [-109.1324, 33.9279], [-109.1465, 33.9295], [-109.1517, 33.9335], [-109.1573, 33.9342], [-109.1599, 33.9319], [-109.1592, 33.9297], [-109.1611, 33.9273], [-109.1595, 33.9247], [-109.1634, 33.9207], [-109.1632, 33.9177], [-109.1686, 33.9159], [-109.1703, 33.9137], [-109.1666, 33.9073], [-109.1686, 33.9076], [-109.1688, 33.9073], [-109.1614, 33.9037], [-109.1569, 33.8989], [-109.1655, 33.8979], [-109.1659, 33.8934], [-109.1676, 33.8927], [-109.1668, 33.8902], [-109.172, 33.8902], [-109.1823, 33.886], [-109.1918, 33.8882], [-109.1857, 33.8795], [-109.186, 33.8773], [-109.1956, 33.8749], [-109.1981, 33.8754], [-109.2006, 33.8789], [-109.2006, 33.8758], [-109.2037, 33.8723], [-109.2036, 33.8678], [-109.2012, 33.8637], [-109.2228, 33.863], [-109.2374, 33.87], [-109.2432, 33.8706], [-109.2455, 33.8688], [-109.2453, 33.905], [-109.2511, 33.9063], [-109.2531, 33.91], [-109.2568, 33.9122], [-109.261, 33.9121], [-109.2713, 33.9184], [-109.2728, 33.9243], [-109.275, 33.9268], [-109.2747, 33.9334], [-109.2866, 33.927], [-109.2953, 33.9253], [-109.3001, 33.9221], [-109.3019, 33.9187], [-109.3053, 33.9176], [-109.3105, 33.9189], [-109.3144, 33.925], [-109.3225, 33.9264], [-109.3317, 33.927], [-109.3357, 33.9236], [-109.3371, 33.9187], [-109.3394, 33.9179], [-109.3454, 33.9184], [-109.3492, 33.9233]]]}}, {"type": "Feature", "properties": {"zip": "85621", "total": 914, "q1": 222, "q2": 235, "q3": 232, "q4": 225, "pop": 4171, "acsPriv": 63, "seats": 626}, "geometry": {"type": "Polygon", "coordinates": [[[-111.3669, 31.5214], [-111.1637, 31.5217], [-111.1649, 31.4932], [-111.164, 31.4215], [-111.1602, 31.415], [-111.1606, 31.4122], [-111.1579, 31.4095], [-111.1521, 31.4097], [-111.1494, 31.4054], [-111.1465, 31.4049], [-111.1425, 31.3984], [-111.1373, 31.3971], [-111.1337, 31.3927], [-111.1244, 31.3886], [-111.1237, 31.3897], [-111.1144, 31.3892], [-111.1139, 31.3912], [-111.1112, 31.3916], [-111.0945, 31.3884], [-111.0874, 31.3955], [-111.084, 31.3955], [-111.0761, 31.3942], [-111.0741, 31.39], [-111.0723, 31.3907], [-111.0715, 31.3883], [-111.0689, 31.3872], [-111.0613, 31.3892], [-111.0607, 31.3857], [-111.0539, 31.3855], [-111.0435, 31.3948], [-111.0305, 31.3993], [-111.0148, 31.4202], [-111.005, 31.4293], [-110.96, 31.4302], [-110.9564, 31.4199], [-110.9491, 31.4199], [-110.9401, 31.4244], [-110.9397, 31.4298], [-110.9362, 31.4309], [-110.9038, 31.43], [-110.9001, 31.4363], [-110.8928, 31.441], [-110.8921, 31.4433], [-110.8789, 31.4486], [-110.8882, 31.4479], [-110.8906, 31.4567], [-110.8782, 31.4636], [-110.8817, 31.4652], [-110.8812, 31.4724], [-110.8843, 31.4778], [-110.8953, 31.4757], [-110.8989, 31.4725], [-110.9007, 31.4742], [-110.909, 31.4755], [-110.9115, 31.4779], [-110.9168, 31.4789], [-110.9249, 31.4832], [-110.9214, 31.483], [-110.9215, 31.4852], [-110.9191, 31.4863], [-110.9202, 31.4873], [-110.8984, 31.4873], [-110.8958, 31.4858], [-110.8908, 31.4949], [-110.8925, 31.4965], [-110.8915, 31.5], [-110.8953, 31.5072], [-110.8919, 31.5089], [-110.8907, 31.5143], [-110.8969, 31.52], [-110.896, 31.5239], [-110.893, 31.524], [-110.8885, 31.5286], [-110.886, 31.5259], [-110.8767, 31.5282], [-110.8748, 31.5292], [-110.8752, 31.531], [-110.8667, 31.5331], [-110.8658, 31.535], [-110.8596, 31.5333], [-110.8529, 31.5462], [-110.8525, 31.5514], [-110.8502, 31.5533], [-110.8372, 31.5521], [-110.8258, 31.5436], [-110.8155, 31.5394], [-110.8133, 31.534], [-110.808, 31.528], [-110.8019, 31.5267], [-110.7965, 31.5209], [-110.7958, 31.5181], [-110.7921, 31.5155], [-110.7954, 31.5146], [-110.8031, 31.507], [-110.8078, 31.5051], [-110.8112, 31.4969], [-110.8047, 31.4865], [-110.7998, 31.4817], [-110.7972, 31.4707], [-110.7607, 31.4704], [-110.761, 31.3894], [-110.7553, 31.3889], [-110.7537, 31.3912], [-110.7548, 31.3926], [-110.754, 31.3952], [-110.7527, 31.3958], [-110.7442, 31.3887], [-110.7579, 31.3773], [-110.761, 31.3707], [-110.761, 31.3335], [-111.075, 31.3323], [-111.3664, 31.4261], [-111.3669, 31.5214]]]}}, {"type": "Feature", "properties": {"zip": "85924", "total": 324, "q1": 69, "q2": 81, "q3": 88, "q4": 86, "pop": 400, "acsPriv": 19, "seats": 0}, "geometry": {"type": "Polygon", "coordinates": [[[-109.8652, 34.5598], [-109.8505, 34.6473], [-109.8516, 34.7934], [-109.8439, 34.7926], [-109.8295, 34.779], [-109.7811, 34.7796], [-109.7812, 34.808], [-109.7774, 34.807], [-109.7724, 34.8081], [-109.7582, 34.8055], [-109.744, 34.8154], [-109.739, 34.8118], [-109.7388, 34.8131], [-109.728, 34.816], [-109.7241, 34.8218], [-109.7192, 34.8245], [-109.713, 34.824], [-109.7103, 34.8258], [-109.7053, 34.8232], [-109.6968, 34.8231], [-109.6904, 34.8213], [-109.6797, 34.8241], [-109.6682, 34.8384], [-109.6604, 34.8365], [-109.6547, 34.8381], [-109.6474, 34.8359], [-109.6344, 34.8396], [-109.635, 34.817], [-109.6285, 34.8241], [-109.6169, 34.8244], [-109.6165, 34.8352], [-109.5409, 34.8358], [-109.5362, 34.8305], [-109.5269, 34.8265], [-109.509, 34.8276], [-109.5068, 34.8301], [-109.5069, 34.8216], [-109.4934, 34.8215], [-109.4928, 34.8132], [-109.5259, 34.8134], [-109.5248, 34.8093], [-109.5216, 34.8052], [-109.5061, 34.7975], [-109.501, 34.7834], [-109.503, 34.7786], [-109.4885, 34.7876], [-109.481, 34.7979], [-109.4756, 34.8024], [-109.4732, 34.7936], [-109.4664, 34.7874], [-109.4689, 34.7852], [-109.4773, 34.7834], [-109.4718, 34.769], [-109.4644, 34.7584], [-109.4652, 34.7528], [-109.4634, 34.7483], [-109.4685, 34.73], [-109.4734, 34.7251], [-109.4908, 34.7143], [-109.4932, 34.6952], [-109.4956, 34.6875], [-109.5183, 34.6879], [-109.5064, 34.6767], [-109.5015, 34.6749], [-109.5025, 34.6714], [-109.5097, 34.6619], [-109.5136, 34.6617], [-109.527, 34.6525], [-109.5317, 34.6509], [-109.526, 34.6395], [-109.5253, 34.6326], [-109.5149, 34.625], [-109.513, 34.6207], [-109.5129, 34.6164], [-109.5268, 34.6154], [-109.5263, 34.609], [-109.5217, 34.6036], [-109.5206, 34.5988], [-109.5218, 34.5936], [-109.5239, 34.5934], [-109.5227, 34.5908], [-109.529, 34.5847], [-109.5308, 34.5796], [-109.5339, 34.579], [-109.5411, 34.5851], [-109.5477, 34.5874], [-109.5475, 34.5809], [-109.582, 34.58], [-109.582, 34.5812], [-109.5834, 34.5799], [-109.6181, 34.5784], [-109.6182, 34.5908], [-109.6121, 34.5928], [-109.6242, 34.5955], [-109.6244, 34.5666], [-109.6214, 34.563], [-109.6207, 34.5595], [-109.6241, 34.5514], [-109.6202, 34.5328], [-109.6212, 34.4928], [-109.605, 34.4925], [-109.6052, 34.4971], [-109.6107, 34.497], [-109.6124, 34.5014], [-109.6105, 34.5024], [-109.6087, 34.5002], [-109.6052, 34.5002], [-109.6051, 34.5068], [-109.5966, 34.5069], [-109.5954, 34.5126], [-109.5969, 34.5148], [-109.5968, 34.5216], [-109.5932, 34.5225], [-109.5861, 34.5283], [-109.5827, 34.5286], [-109.581, 34.5314], [-109.5776, 34.5316], [-109.581, 34.5232], [-109.5781, 34.5196], [-109.576, 34.5087], [-109.5762, 34.4928], [-109.5782, 34.4861], [-109.567, 34.4827], [-109.5396, 34.4857], [-109.5251, 34.489], [-109.5249, 34.4753], [-109.5329, 34.4746], [-109.533, 34.4314], [-109.5206, 34.4313], [-109.5152, 34.4411], [-109.5062, 34.4432], [-109.5029, 34.4419], [-109.4969, 34.4318], [-109.4919, 34.4308], [-109.4907, 34.4258], [-109.4937, 34.4182], [-109.4925, 34.4164], [-109.4945, 34.4131], [-109.4913, 34.4098], [-109.4944, 34.4009], [-109.4936, 34.3966], [-109.496, 34.384], [-109.4936, 34.3731], [-109.4901, 34.3682], [-109.4858, 34.3663], [-109.4767, 34.3676], [-109.4682, 34.3601], [-109.4632, 34.3597], [-109.4605, 34.3554], [-109.472, 34.3483], [-109.4716, 34.3388], [-109.4827, 34.3276], [-109.4857, 34.3213], [-109.4838, 34.3173], [-109.4865, 34.3132], [-109.4911, 34.3117], [-109.4932, 34.3086], [-109.5069, 34.3014], [-109.5177, 34.282], [-109.5274, 34.278], [-109.5359, 34.2796], [-109.5417, 34.2775], [-109.5433, 34.2752], [-109.5423, 34.2711], [-109.5531, 34.2606], [-109.5625, 34.2638], [-109.5941, 34.2686], [-109.6097, 34.2665], [-109.6399, 34.2704], [-109.6299, 34.2783], [-109.6279, 34.2926], [-109.6325, 34.3011], [-109.6228, 34.309], [-109.6226, 34.3296], [-109.6311, 34.3254], [-109.6382, 34.3186], [-109.6403, 34.316], [-109.6407, 34.3096], [-109.6418, 34.3111], [-109.6456, 34.3107], [-109.6479, 34.3156], [-109.646, 34.3265], [-109.6532, 34.3268], [-109.6532, 34.3302], [-109.6578, 34.3302], [-109.6578, 34.3344], [-109.6722, 34.3344], [-109.6708, 34.3368], [-109.6727, 34.338], [-109.677, 34.3495], [-109.6816, 34.3498], [-109.6873, 34.3436], [-109.6898, 34.3338], [-109.7043, 34.336], [-109.7044, 34.3447], [-109.7105, 34.3447], [-109.7106, 34.3581], [-109.7657, 34.3171], [-109.7699, 34.3121], [-109.765, 34.3086], [-109.7652, 34.3049], [-109.7696, 34.3049], [-109.7709, 34.3018], [-109.7741, 34.3031], [-109.7739, 34.3084], [-109.7772, 34.3013], [-109.7958, 34.3014], [-109.7958, 34.2995], [-109.8047, 34.2996], [-109.805, 34.2959], [-109.8112, 34.2959], [-109.8112, 34.2978], [-109.8135, 34.2978], [-109.8135, 34.2956], [-109.8156, 34.2955], [-109.8155, 34.3001], [-109.8258, 34.3003], [-109.8267, 34.2964], [-109.8254, 34.2908], [-109.8156, 34.2925], [-109.8156, 34.2899], [-109.8132, 34.2901], [-109.8287, 34.2874], [-109.8308, 34.2991], [-109.8308, 34.3451], [-109.8482, 34.3452], [-109.8482, 34.4734], [-109.8468, 34.4735], [-109.8652, 34.5598]]]}}, {"type": "Feature", "properties": {"zip": "85210", "total": 961, "q1": 231, "q2": 237, "q3": 248, "q4": 245, "pop": 6597, "acsPriv": 648, "seats": 113}, "geometry": {"type": "Polygon", "coordinates": [[[-111.864, 33.3787], [-111.8623, 33.3793], [-111.8595, 33.3834], [-111.8598, 33.3851], [-111.864, 33.3847], [-111.8633, 33.3905], [-111.8605, 33.3931], [-111.8572, 33.3931], [-111.8571, 33.3967], [-111.8599, 33.3967], [-111.8598, 33.3984], [-111.8587, 33.4029], [-111.8569, 33.4029], [-111.8568, 33.404], [-111.8592, 33.404], [-111.8592, 33.4059], [-111.8568, 33.4065], [-111.8566, 33.4149], [-111.8546, 33.4149], [-111.8545, 33.4131], [-111.8442, 33.4133], [-111.8442, 33.4151], [-111.8376, 33.4141], [-111.8328, 33.4151], [-111.8328, 33.4129], [-111.8263, 33.4129], [-111.8263, 33.4151], [-111.8224, 33.4146], [-111.823, 33.4065], [-111.821, 33.4065], [-111.822, 33.4034], [-111.8197, 33.4025], [-111.823, 33.4027], [-111.8229, 33.3933], [-111.8208, 33.3933], [-111.8208, 33.3915], [-111.8229, 33.3915], [-111.8231, 33.3828], [-111.8248, 33.3789], [-111.8411, 33.3788], [-111.8423, 33.3762], [-111.8418, 33.357], [-111.8591, 33.3571], [-111.8591, 33.3642], [-111.8618, 33.3642], [-111.8617, 33.3665], [-111.8592, 33.3662], [-111.8598, 33.3787], [-111.864, 33.3787]]]}}, {"type": "Feature", "properties": {"zip": "85024", "total": 903, "q1": 215, "q2": 220, "q3": 229, "q4": 239, "pop": 3831, "acsPriv": 468, "seats": 0}, "geometry": {"type": "Polygon", "coordinates": [[[-112.0832, 33.6985], [-112.0825, 33.7054], [-112.0777, 33.7061], [-112.0768, 33.7081], [-112.0818, 33.713], [-112.0677, 33.7121], [-112.0658, 33.7097], [-112.0657, 33.7038], [-112.0602, 33.7042], [-112.0537, 33.7098], [-112.0471, 33.7102], [-112.048, 33.7264], [-112.0084, 33.7265], [-112.0257, 33.6994], [-112.0294, 33.6875], [-112.0311, 33.6875], [-112.0311, 33.6808], [-112.0298, 33.6794], [-112.0139, 33.6761], [-112.0138, 33.6757], [-112.031, 33.6768], [-112.0301, 33.6668], [-112.0266, 33.6669], [-112.0302, 33.665], [-112.0308, 33.6623], [-112.0266, 33.6623], [-112.0266, 33.6606], [-112.0309, 33.6605], [-112.0309, 33.655], [-112.033, 33.655], [-112.0341, 33.6514], [-112.0363, 33.655], [-112.0429, 33.655], [-112.0429, 33.6531], [-112.0451, 33.6531], [-112.0456, 33.6549], [-112.0742, 33.6547], [-112.0727, 33.6617], [-112.0759, 33.662], [-112.0741, 33.6687], [-112.0656, 33.6688], [-112.0654, 33.6946], [-112.0772, 33.6946], [-112.0681, 33.6984], [-112.0832, 33.6985]]]}}, {"type": "Feature", "properties": {"zip": "85027", "total": 972, "q1": 220, "q2": 243, "q3": 250, "q4": 259, "pop": 5741, "acsPriv": 561, "seats": 0}, "geometry": {"type": "Polygon", "coordinates": [[[-112.1349, 33.6983], [-112.1243, 33.7011], [-112.1185, 33.6994], [-112.108, 33.7005], [-112.1026, 33.6986], [-112.1019, 33.702], [-112.1, 33.702], [-112.1, 33.6983], [-112.0681, 33.6984], [-112.0772, 33.6946], [-112.0654, 33.6946], [-112.0656, 33.6688], [-112.0741, 33.6687], [-112.0759, 33.662], [-112.0727, 33.6617], [-112.0742, 33.6547], [-112.0998, 33.6547], [-112.0997, 33.6525], [-112.1024, 33.6525], [-112.1024, 33.6538], [-112.1109, 33.6534], [-112.111, 33.6547], [-112.1143, 33.6547], [-112.1149, 33.6472], [-112.1171, 33.6474], [-112.1171, 33.6547], [-112.1345, 33.6546], [-112.1349, 33.6983]]]}}, {"type": "Feature", "properties": {"zip": "85281", "total": 451, "q1": 103, "q2": 114, "q3": 121, "q4": 113, "pop": 4492, "acsPriv": 179, "seats": 31}, "geometry": {"type": "Polygon", "coordinates": [[[-111.9785, 33.4365], [-111.9613, 33.4362], [-111.9611, 33.4489], [-111.9561, 33.4488], [-111.9542, 33.4445], [-111.9519, 33.4486], [-111.9509, 33.4473], [-111.9415, 33.4474], [-111.9401, 33.4499], [-111.9433, 33.4549], [-111.9393, 33.4646], [-111.9394, 33.4583], [-111.9263, 33.4585], [-111.9265, 33.4512], [-111.9093, 33.4513], [-111.9096, 33.4368], [-111.8911, 33.4368], [-111.8912, 33.4294], [-111.8828, 33.4294], [-111.883, 33.4221], [-111.8772, 33.4221], [-111.8883, 33.4111], [-111.8905, 33.4111], [-111.8903, 33.4075], [-111.8941, 33.4082], [-111.8941, 33.4102], [-111.8962, 33.4102], [-111.8961, 33.4075], [-111.8985, 33.4075], [-111.8984, 33.4111], [-111.9006, 33.4111], [-111.9005, 33.4075], [-111.9025, 33.4075], [-111.9026, 33.4101], [-111.9042, 33.4101], [-111.9042, 33.4075], [-111.9091, 33.4075], [-111.9091, 33.411], [-111.9154, 33.411], [-111.9155, 33.4086], [-111.9177, 33.4075], [-111.9383, 33.4075], [-111.9393, 33.4087], [-111.9398, 33.4074], [-111.9439, 33.4074], [-111.9443, 33.4088], [-111.9478, 33.4088], [-111.9583, 33.4074], [-111.9584, 33.4094], [-111.9675, 33.4098], [-111.9676, 33.4116], [-111.9746, 33.4136], [-111.9747, 33.4159], [-111.9778, 33.4159], [-111.9762, 33.4219], [-111.9784, 33.4219], [-111.9785, 33.4365]]]}}, {"type": "Feature", "properties": {"zip": "85339", "total": 2067, "q1": 467, "q2": 508, "q3": 539, "q4": 553, "pop": 12300, "acsPriv": 1388, "seats": 18}, "geometry": {"type": "Polygon", "coordinates": [[[-112.3087, 33.381], [-112.3023, 33.383], [-112.2885, 33.3793], [-112.2626, 33.3834], [-112.2494, 33.3826], [-112.2424, 33.3838], [-112.2371, 33.3877], [-112.2369, 33.3919], [-112.22, 33.3918], [-112.2201, 33.3964], [-112.2127, 33.3975], [-112.2127, 33.4013], [-112.1923, 33.4003], [-112.192, 33.4082], [-112.1811, 33.408], [-112.1735, 33.4113], [-112.1692, 33.4115], [-112.1674, 33.4037], [-112.1681, 33.3957], [-112.153, 33.3987], [-112.1535, 33.3922], [-112.1511, 33.3922], [-112.1509, 33.394], [-112.151, 33.3776], [-112.1399, 33.3777], [-112.1381, 33.3803], [-112.1381, 33.384], [-112.1338, 33.3848], [-112.1338, 33.3777], [-112.1165, 33.3777], [-112.1176, 33.3541], [-112.1175, 33.3523], [-112.1159, 33.3522], [-112.1177, 33.3456], [-112.1005, 33.345], [-112.1004, 33.3051], [-112.1479, 33.3046], [-112.1338, 33.2903], [-111.9954, 33.2907], [-111.9955, 33.1983], [-112.008, 33.1658], [-112.0075, 33.1431], [-112.0175, 33.1234], [-112.0038, 33.1185], [-111.9956, 33.1176], [-111.9961, 33.0877], [-112.2021, 33.087], [-112.2021, 33.2469], [-112.3062, 33.2469], [-112.3061, 33.3806], [-112.3071, 33.3791], [-112.3065, 33.3808], [-112.3087, 33.381]]]}}, {"type": "Feature", "properties": {"zip": "86005", "total": 585, "q1": 144, "q2": 152, "q3": 146, "q4": 143, "pop": 3096, "acsPriv": 648, "seats": 0}, "geometry": {"type": "Polygon", "coordinates": [[[-111.8136, 35.1135], [-111.811, 35.1217], [-111.8039, 35.1223], [-111.7956, 35.1312], [-111.7887, 35.1359], [-111.7947, 35.1367], [-111.7976, 35.1413], [-111.8006, 35.1427], [-111.7971, 35.1449], [-111.7981, 35.1488], [-111.8029, 35.1487], [-111.8037, 35.15], [-111.8016, 35.1511], [-111.8041, 35.1569], [-111.8018, 35.1617], [-111.795, 35.1641], [-111.798, 35.1653], [-111.7718, 35.1655], [-111.7722, 35.2102], [-111.7692, 35.2059], [-111.7648, 35.2033], [-111.7435, 35.1982], [-111.7377, 35.195], [-111.723, 35.1929], [-111.7239, 35.1904], [-111.6764, 35.178], [-111.6614, 35.1714], [-111.6507, 35.1717], [-111.6413, 35.1771], [-111.6131, 35.1769], [-111.6131, 35.1706], [-111.6109, 35.1706], [-111.6109, 35.1768], [-111.6073, 35.1769], [-111.6082, 35.1734], [-111.6015, 35.1726], [-111.605, 35.1595], [-111.6043, 35.156], [-111.5995, 35.1504], [-111.5988, 35.1465], [-111.5982, 35.1352], [-111.6016, 35.1303], [-111.5959, 35.128], [-111.5954, 35.1232], [-111.5932, 35.1222], [-111.5936, 35.1197], [-111.5901, 35.1153], [-111.5411, 35.0937], [-111.5348, 35.0884], [-111.5287, 35.0776], [-111.52, 35.0706], [-111.5065, 35.0653], [-111.4919, 35.0655], [-111.4785, 35.06], [-111.4636, 35.0573], [-111.4588, 35.0538], [-111.4567, 35.0498], [-111.4564, 35.0426], [-111.4533, 35.0341], [-111.4533, 35.0263], [-111.4511, 35.0202], [-111.4539, 34.9974], [-111.4484, 34.9819], [-111.4648, 34.987], [-111.4731, 34.9856], [-111.4765, 34.9812], [-111.4843, 34.9894], [-111.4882, 34.9969], [-111.4962, 34.998], [-111.5042, 34.9951], [-111.518, 34.9845], [-111.5232, 34.983], [-111.5267, 34.9786], [-111.5256, 34.9752], [-111.5286, 34.9748], [-111.5399, 34.9865], [-111.5472, 34.9875], [-111.5497, 34.9863], [-111.5751, 35.0014], [-111.5769, 34.9992], [-111.5761, 34.9904], [-111.581, 34.987], [-111.5768, 34.9847], [-111.577, 34.9805], [-111.5834, 34.9776], [-111.5919, 34.9793], [-111.5948, 34.9718], [-111.5929, 34.967], [-111.6009, 34.9676], [-111.6039, 34.9695], [-111.6084, 34.9683], [-111.6124, 34.9737], [-111.6164, 34.975], [-111.6284, 34.9845], [-111.6359, 34.9873], [-111.6394, 34.9843], [-111.6498, 34.987], [-111.6514, 34.9921], [-111.6613, 34.9988], [-111.6605, 35.0048], [-111.6626, 35.0099], [-111.6607, 35.0092], [-111.6582, 35.0166], [-111.6607, 35.0213], [-111.6577, 35.0294], [-111.6581, 35.0324], [-111.6655, 35.0426], [-111.6671, 35.0491], [-111.6734, 35.051], [-111.6768, 35.0552], [-111.6806, 35.0571], [-111.6825, 35.0521], [-111.6854, 35.0621], [-111.6833, 35.0691], [-111.6889, 35.0674], [-111.6908, 35.0649], [-111.692, 35.0668], [-111.6939, 35.0653], [-111.6994, 35.0675], [-111.7023, 35.0641], [-111.7058, 35.0635], [-111.7059, 35.062], [-111.7109, 35.0619], [-111.7115, 35.0596], [-111.7169, 35.0591], [-111.7193, 35.0543], [-111.7233, 35.0544], [-111.7259, 35.0515], [-111.7263, 35.0479], [-111.7231, 35.0447], [-111.7241, 35.0441], [-111.721, 35.0426], [-111.7207, 35.0386], [-111.7168, 35.0351], [-111.7214, 35.0344], [-111.7254, 35.0306], [-111.7296, 35.031], [-111.7352, 35.0284], [-111.7333, 35.0376], [-111.733, 35.0651], [-111.7295, 35.0832], [-111.7309, 35.0889], [-111.7357, 35.0907], [-111.7414, 35.1015], [-111.7338, 35.115], [-111.7273, 35.1164], [-111.7261, 35.1188], [-111.7261, 35.1205], [-111.7309, 35.1238], [-111.7348, 35.1342], [-111.7331, 35.1417], [-111.7454, 35.1374], [-111.8001, 35.0991], [-111.8082, 35.1063], [-111.812, 35.1062], [-111.8136, 35.1135]]]}}, {"type": "Feature", "properties": {"zip": "85048", "total": 1586, "q1": 381, "q2": 399, "q3": 410, "q4": 396, "pop": 6531, "acsPriv": 555, "seats": 603}, "geometry": {"type": "Polygon", "coordinates": [[[-112.0836, 33.3197], [-112.0318, 33.3197], [-112.0318, 33.3233], [-112.0163, 33.3233], [-112.0146, 33.3223], [-112.015, 33.3185], [-112.0134, 33.3176], [-112.013, 33.317], [-112.0156, 33.3164], [-112.0141, 33.3116], [-112.016, 33.3105], [-112.0116, 33.3098], [-112.0105, 33.3053], [-111.9999, 33.3052], [-111.9975, 33.3065], [-111.9959, 33.3052], [-111.9965, 33.307], [-111.9932, 33.3077], [-111.9931, 33.3065], [-111.9891, 33.3071], [-111.989, 33.3052], [-111.9803, 33.3053], [-111.9804, 33.3089], [-111.9761, 33.309], [-111.976, 33.3053], [-111.972, 33.3053], [-111.9715, 33.2908], [-112.0835, 33.2905], [-112.0803, 33.2997], [-112.0759, 33.3042], [-112.0767, 33.305], [-112.0719, 33.3063], [-112.072, 33.308], [-112.0702, 33.3067], [-112.0689, 33.3089], [-112.0728, 33.3135], [-112.0764, 33.312], [-112.0766, 33.3148], [-112.0836, 33.3197]]]}}, {"type": "Feature", "properties": {"zip": "85207", "total": 1813, "q1": 418, "q2": 444, "q3": 477, "q4": 474, "pop": 7751, "acsPriv": 584, "seats": 12}, "geometry": {"type": "MultiPolygon", "coordinates": [[[[-111.6275, 33.4118], [-111.6264, 33.4142], [-111.6265, 33.4119], [-111.6275, 33.4118]]], [[[-111.6275, 33.4095], [-111.6275, 33.4111], [-111.6264, 33.4111], [-111.6264, 33.41], [-111.6275, 33.4095]]], [[[-111.6841, 33.4596], [-111.683, 33.462], [-111.6798, 33.4619], [-111.6811, 33.4612], [-111.68, 33.4588], [-111.6841, 33.4596]]], [[[-111.6845, 33.4194], [-111.6841, 33.4517], [-111.6755, 33.4515], [-111.6758, 33.4539], [-111.6748, 33.4533], [-111.6818, 33.4663], [-111.6798, 33.4663], [-111.6839, 33.4726], [-111.6839, 33.4953], [-111.6038, 33.4958], [-111.6004, 33.4861], [-111.6031, 33.4672], [-111.5817, 33.466], [-111.5817, 33.4606], [-111.5871, 33.4604], [-111.5871, 33.4587], [-111.5806, 33.4586], [-111.5807, 33.4368], [-111.5818, 33.4365], [-111.5807, 33.4223], [-111.6077, 33.4223], [-111.6077, 33.4151], [-111.6079, 33.4196], [-111.6126, 33.4188], [-111.6116, 33.417], [-111.6125, 33.4154], [-111.6153, 33.4151], [-111.6154, 33.4114], [-111.6197, 33.4114], [-111.6197, 33.4133], [-111.6229, 33.4134], [-111.624, 33.4151], [-111.6317, 33.4151], [-111.6316, 33.4116], [-111.6327, 33.4115], [-111.6327, 33.4151], [-111.637, 33.4151], [-111.6405, 33.4078], [-111.6417, 33.4078], [-111.6408, 33.4151], [-111.6436, 33.4113], [-111.6468, 33.4108], [-111.6468, 33.413], [-111.6484, 33.413], [-111.6484, 33.4078], [-111.6501, 33.4079], [-111.6501, 33.4152], [-111.6643, 33.4152], [-111.6637, 33.411], [-111.6675, 33.4103], [-111.6674, 33.4152], [-111.6761, 33.4153], [-111.6766, 33.4222], [-111.6808, 33.4222], [-111.6809, 33.4198], [-111.6845, 33.4194]]], [[[-111.6845, 33.4145], [-111.6845, 33.4171], [-111.6833, 33.4171], [-111.6832, 33.4157], [-111.6782, 33.4154], [-111.6782, 33.4134], [-111.6822, 33.4125], [-111.6845, 33.4145]]]]}}, {"type": "Feature", "properties": {"zip": "85009", "total": 548, "q1": 120, "q2": 151, "q3": 141, "q4": 136, "pop": 10566, "acsPriv": 428, "seats": 0}, "geometry": {"type": "Polygon", "coordinates": [[[-112.1691, 33.4102], [-112.152, 33.4139], [-112.1518, 33.4666], [-112.1534, 33.4676], [-112.1538, 33.4666], [-112.1537, 33.4696], [-112.1518, 33.4696], [-112.1516, 33.4805], [-112.1283, 33.4805], [-112.1284, 33.4768], [-112.1235, 33.4786], [-112.1214, 33.4786], [-112.1214, 33.4768], [-112.1203, 33.4768], [-112.1203, 33.4804], [-112.1, 33.4806], [-112.1, 33.4604], [-112.0978, 33.4604], [-112.1, 33.4595], [-112.0998, 33.4249], [-112.0938, 33.4249], [-112.0938, 33.4227], [-112.0997, 33.4226], [-112.0995, 33.4106], [-112.1339, 33.4109], [-112.1345, 33.4184], [-112.1431, 33.4157], [-112.1421, 33.4065], [-112.1688, 33.4077], [-112.1691, 33.4102]]]}}, {"type": "Feature", "properties": {"zip": "86053", "total": 4, "q1": 0, "q2": 0, "q3": 0, "q4": 4, "pop": 456, "acsPriv": 41, "seats": 0}, "geometry": {"type": "Polygon", "coordinates": [[[-111.4115, 37.0015], [-111.1506, 37.001], [-111.06, 37.0023], [-111.0212, 36.9211], [-111.0152, 36.9093], [-111.01, 36.9029], [-110.8316, 36.8655], [-110.7507, 36.8525], [-110.7507, 36.7385], [-110.7674, 36.7451], [-110.7775, 36.7517], [-110.7788, 36.7549], [-110.7884, 36.7618], [-110.7946, 36.7639], [-110.7989, 36.7631], [-110.8004, 36.7653], [-110.8061, 36.7657], [-110.8121, 36.7701], [-110.8163, 36.7704], [-110.8164, 36.772], [-110.822, 36.7716], [-110.8326, 36.7787], [-110.8392, 36.7776], [-110.8353, 36.7688], [-110.8405, 36.764], [-110.8384, 36.7612], [-110.8408, 36.7544], [-110.8398, 36.7529], [-110.8417, 36.7523], [-110.8407, 36.748], [-110.8419, 36.7461], [-110.8453, 36.746], [-110.8418, 36.7364], [-110.8441, 36.7369], [-110.8452, 36.7356], [-110.844, 36.7346], [-110.8492, 36.7318], [-110.8477, 36.7301], [-110.8506, 36.7305], [-110.8503, 36.7283], [-110.8522, 36.7277], [-110.8513, 36.7267], [-110.8565, 36.7233], [-110.858, 36.7207], [-110.8566, 36.7182], [-110.8576, 36.7154], [-110.8599, 36.7155], [-110.8627, 36.7126], [-110.8661, 36.7132], [-110.8658, 36.7118], [-110.8697, 36.7124], [-110.8759, 36.7041], [-110.8772, 36.7051], [-110.8813, 36.7041], [-110.8808, 36.6987], [-110.8829, 36.6989], [-110.8828, 36.6969], [-110.8863, 36.6941], [-110.8841, 36.6885], [-110.884, 36.6825], [-110.8818, 36.6814], [-110.8825, 36.6787], [-110.88, 36.6759], [-110.881, 36.6746], [-110.88, 36.6725], [-110.885, 36.6651], [-110.8893, 36.6637], [-110.8971, 36.657], [-110.8966, 36.6555], [-110.8985, 36.6537], [-110.8979, 36.6507], [-110.9016, 36.649], [-110.9002, 36.6473], [-110.9007, 36.645], [-110.9035, 36.6439], [-110.9014, 36.6409], [-110.9034, 36.6406], [-110.9031, 36.6384], [-110.9045, 36.6377], [-110.9052, 36.6349], [-110.9037, 36.6324], [-110.906, 36.6286], [-110.904, 36.6268], [-110.9064, 36.625], [-110.9017, 36.6187], [-110.9121, 36.6083], [-110.9156, 36.6067], [-110.9186, 36.6], [-110.9204, 36.6002], [-110.9313, 36.5918], [-110.9321, 36.59], [-110.9303, 36.5893], [-110.9353, 36.5796], [-110.9371, 36.5643], [-110.9421, 36.5588], [-110.9545, 36.551], [-110.9587, 36.5427], [-110.9569, 36.5353], [-110.9652, 36.5316], [-110.9671, 36.5295], [-110.966, 36.5263], [-110.973, 36.5239], [-110.9782, 36.5185], [-110.9867, 36.5029], [-110.9947, 36.5013], [-110.9995, 36.4884], [-111.0045, 36.484], [-111.0068, 36.4853], [-111.0173, 36.4813], [-111.0308, 36.4836], [-111.0473, 36.4816], [-111.047, 36.4734], [-111.0516, 36.4652], [-111.0557, 36.4685], [-111.0621, 36.4628], [-111.0623, 36.4645], [-111.0664, 36.4634], [-111.0737, 36.4665], [-111.0745, 36.4711], [-111.0793, 36.4755], [-111.08, 36.4783], [-111.0862, 36.4815], [-111.0939, 36.4792], [-111.0918, 36.4754], [-111.0932, 36.4718], [-111.1215, 36.4739], [-111.1279, 36.4773], [-111.1331, 36.4738], [-111.1427, 36.4719], [-111.1496, 36.4682], [-111.1594, 36.4688], [-111.1592, 36.4626], [-111.1644, 36.4602], [-111.1666, 36.4597], [-111.1817, 36.4645], [-111.2021, 36.4553], [-111.2062, 36.4557], [-111.2029, 36.4657], [-111.1982, 36.4732], [-111.1987, 36.4777], [-111.2108, 36.4788], [-111.2163, 36.482], [-111.2188, 36.4766], [-111.2166, 36.4717], [-111.2259, 36.4651], [-111.2248, 36.4633], [-111.229, 36.461], [-111.2532, 36.4807], [-111.2394, 36.4885], [-111.2494, 36.4912], [-111.252, 36.4899], [-111.2574, 36.4943], [-111.2475, 36.5009], [-111.2443, 36.5104], [-111.245, 36.513], [-111.25, 36.5158], [-111.2513, 36.5204], [-111.2545, 36.5242], [-111.2544, 36.5288], [-111.2393, 36.5306], [-111.2317, 36.537], [-111.214, 36.5296], [-111.1963, 36.531], [-111.1922, 36.5292], [-111.1838, 36.5331], [-111.1726, 36.532], [-111.155, 36.5402], [-111.1568, 36.5505], [-111.1555, 36.557], [-111.1568, 36.559], [-111.1209, 36.5589], [-111.1216, 36.5622], [-111.131, 36.571], [-111.1362, 36.571], [-111.154, 36.5652], [-111.1605, 36.5656], [-111.1663, 36.5688], [-111.173, 36.5792], [-111.177, 36.5825], [-111.195, 36.585], [-111.1874, 36.5962], [-111.1829, 36.61], [-111.1843, 36.614], [-111.1778, 36.6183], [-111.1759, 36.6232], [-111.1769, 36.6285], [-111.1739, 36.6306], [-111.1751, 36.641], [-111.1729, 36.6475], [-111.1674, 36.6555], [-111.1637, 36.658], [-111.1607, 36.6645], [-111.1557, 36.6651], [-111.1543, 36.6683], [-111.1443, 36.6701], [-111.1383, 36.6764], [-111.1384, 36.6786], [-111.134, 36.6814], [-111.1372, 36.687], [-111.1378, 36.6955], [-111.1407, 36.7004], [-111.1425, 36.7172], [-111.147, 36.7256], [-111.1251, 36.716], [-111.1223, 36.7154], [-111.1222, 36.7176], [-111.1321, 36.7224], [-111.1402, 36.7314], [-111.1454, 36.7347], [-111.1429, 36.7398], [-111.151, 36.7467], [-111.1506, 36.7514], [-111.1535, 36.753], [-111.1543, 36.7556], [-111.153, 36.7568], [-111.1547, 36.7603], [-111.1531, 36.7612], [-111.1537, 36.764], [-111.1564, 36.7654], [-111.1573, 36.7641], [-111.1578, 36.7673], [-111.161, 36.7685], [-111.1641, 36.7765], [-111.1668, 36.7768], [-111.1696, 36.7795], [-111.173, 36.7794], [-111.1747, 36.7827], [-111.1817, 36.7866], [-111.184, 36.7862], [-111.1839, 36.7876], [-111.1871, 36.7892], [-111.1921, 36.7989], [-111.1981, 36.8011], [-111.1992, 36.8042], [-111.2024, 36.8053], [-111.2015, 36.8068], [-111.2109, 36.8081], [-111.2138, 36.8128], [-111.2178, 36.8141], [-111.2177, 36.8208], [-111.2149, 36.8231], [-111.218, 36.8232], [-111.2156, 36.8249], [-111.2175, 36.8292], [-111.2159, 36.8305], [-111.2171, 36.8319], [-111.2158, 36.8339], [-111.2203, 36.8372], [-111.2127, 36.8487], [-111.2109, 36.8569], [-111.2169, 36.8595], [-111.2192, 36.8631], [-111.2247, 36.8643], [-111.225, 36.8677], [-111.2289, 36.8692], [-111.2272, 36.8721], [-111.2305, 36.8728], [-111.2336, 36.8789], [-111.2375, 36.8773], [-111.2387, 36.8796], [-111.2377, 36.8801], [-111.2376, 36.8811], [-111.246, 36.8819], [-111.2455, 36.8846], [-111.2491, 36.8849], [-111.2499, 36.8876], [-111.2478, 36.8898], [-111.2507, 36.8869], [-111.2546, 36.8898], [-111.2587, 36.8889], [-111.2634, 36.8919], [-111.2642, 36.8943], [-111.2716, 36.8952], [-111.282, 36.8989], [-111.2827, 36.9027], [-111.2786, 36.9108], [-111.2794, 36.9129], [-111.3017, 36.9131], [-111.3104, 36.9177], [-111.3177, 36.9241], [-111.3192, 36.928], [-111.316, 36.9382], [-111.3273, 36.9424], [-111.3281, 36.9451], [-111.3257, 36.947], [-111.3256, 36.951], [-111.3294, 36.9512], [-111.3308, 36.9541], [-111.3344, 36.9559], [-111.3377, 36.9537], [-111.3431, 36.9533], [-111.3454, 36.9587], [-111.3512, 36.9587], [-111.3539, 36.9627], [-111.3584, 36.9619], [-111.3601, 36.9639], [-111.3598, 36.9685], [-111.3647, 36.9704], [-111.3648, 36.9727], [-111.366, 36.9711], [-111.3734, 36.9763], [-111.3732, 36.9803], [-111.3754, 36.9826], [-111.3848, 36.9841], [-111.3848, 36.9825], [-111.3881, 36.9805], [-111.3918, 36.9841], [-111.3935, 36.9814], [-111.3944, 36.9857], [-111.3951, 36.983], [-111.3998, 36.9895], [-111.3998, 36.9931], [-111.4038, 36.9946], [-111.405, 36.9972], [-111.4066, 36.9968], [-111.4066, 37.0], [-111.4113, 37.0002], [-111.4115, 37.0015]]]}}, {"type": "Feature", "properties": {"zip": "85930", "total": 57, "q1": 12, "q2": 15, "q3": 15, "q4": 15, "pop": 467, "acsPriv": 16, "seats": 0}, "geometry": {"type": "MultiPolygon", "coordinates": [[[[-109.9072, 34.0784], [-109.9061, 34.0786], [-109.9061, 34.0784], [-109.9072, 34.0784]]], [[[-109.9071, 34.0807], [-109.906, 34.0815], [-109.9056, 34.0796], [-109.9071, 34.0807]]], [[[-109.9222, 34.044], [-109.9191, 34.0489], [-109.9169, 34.0572], [-109.9175, 34.0607], [-109.91, 34.0671], [-109.9083, 34.0755], [-109.9068, 34.0752], [-109.9047, 34.0805], [-109.9073, 34.0856], [-109.9096, 34.1022], [-109.9035, 34.1022], [-109.8975, 34.0991], [-109.8922, 34.0983], [-109.8859, 34.1008], [-109.8827, 34.1047], [-109.8747, 34.1048], [-109.8592, 34.1095], [-109.8592, 34.1258], [-109.799, 34.1259], [-109.7889, 34.1242], [-109.7776, 34.1182], [-109.7643, 34.1187], [-109.7678, 34.1153], [-109.7628, 34.1072], [-109.7635, 34.1053], [-109.7533, 34.1067], [-109.7474, 34.1101], [-109.7373, 34.1095], [-109.7329, 34.1119], [-109.729, 34.1114], [-109.7256, 34.1161], [-109.7209, 34.1193], [-109.7197, 34.1228], [-109.7179, 34.118], [-109.72, 34.1158], [-109.7207, 34.1069], [-109.7193, 34.1064], [-109.7216, 34.0959], [-109.7336, 34.0912], [-109.7362, 34.0864], [-109.7363, 34.0819], [-109.7473, 34.0707], [-109.7347, 34.0729], [-109.7231, 34.07], [-109.7186, 34.0673], [-109.7088, 34.0685], [-109.705, 34.0669], [-109.7031, 34.0631], [-109.7158, 34.0637], [-109.7252, 34.0603], [-109.7326, 34.0664], [-109.7354, 34.0621], [-109.7423, 34.063], [-109.7495, 34.0597], [-109.7501, 34.0573], [-109.7545, 34.0535], [-109.7569, 34.0541], [-109.7594, 34.0522], [-109.7604, 34.0538], [-109.765, 34.0544], [-109.7671, 34.0515], [-109.7766, 34.0459], [-109.7782, 34.0436], [-109.7767, 34.0414], [-109.7691, 34.0377], [-109.7654, 34.0401], [-109.7545, 34.0384], [-109.7539, 34.0421], [-109.7481, 34.0414], [-109.7431, 34.045], [-109.7437, 34.0465], [-109.74, 34.0453], [-109.7397, 34.0484], [-109.7351, 34.0478], [-109.7345, 34.0462], [-109.728, 34.0464], [-109.7229, 34.0435], [-109.7226, 34.0404], [-109.718, 34.037], [-109.7181, 34.035], [-109.7157, 34.0326], [-109.7106, 34.0342], [-109.7027, 34.0306], [-109.7012, 34.0316], [-109.6922, 34.0303], [-109.6891, 34.0291], [-109.6885, 34.0268], [-109.6842, 34.0272], [-109.6817, 34.0257], [-109.6804, 34.0226], [-109.6761, 34.0209], [-109.6752, 34.0185], [-109.6679, 34.0162], [-109.6656, 34.0139], [-109.6667, 34.0115], [-109.6639, 34.012], [-109.6623, 34.0141], [-109.664, 34.0108], [-109.6614, 34.0097], [-109.6547, 34.0129], [-109.65, 34.0098], [-109.6464, 34.015], [-109.644, 34.0155], [-109.6422, 34.0132], [-109.6292, 34.0128], [-109.6264, 34.0122], [-109.6251, 34.0102], [-109.6238, 34.0122], [-109.6194, 34.0116], [-109.617, 34.013], [-109.6125, 34.0193], [-109.6002, 34.0211], [-109.5984, 34.02], [-109.5978, 34.0159], [-109.5916, 34.0095], [-109.5909, 34.0058], [-109.5835, 34.0061], [-109.5805, 34.0022], [-109.5809, 33.9975], [-109.5682, 33.989], [-109.5646, 33.9847], [-109.567, 33.9787], [-109.5734, 33.9801], [-109.6421, 33.98], [-109.6428, 33.9752], [-109.6381, 33.9664], [-109.6337, 33.9652], [-109.6324, 33.9694], [-109.6303, 33.9695], [-109.6254, 33.9595], [-109.6217, 33.9581], [-109.6199, 33.959], [-109.6231, 33.9539], [-109.6194, 33.9509], [-109.618, 33.9475], [-109.6239, 33.9513], [-109.6296, 33.9598], [-109.6399, 33.9608], [-109.6409, 33.9638], [-109.6473, 33.9663], [-109.6528, 33.9655], [-109.6554, 33.9671], [-109.6625, 33.967], [-109.6587, 33.9644], [-109.6554, 33.9646], [-109.6492, 33.9588], [-109.6435, 33.9558], [-109.6401, 33.9443], [-109.644, 33.9501], [-109.6485, 33.9474], [-109.6586, 33.9554], [-109.6589, 33.9528], [-109.6618, 33.9502], [-109.6651, 33.9514], [-109.6684, 33.9504], [-109.6645, 33.9452], [-109.669, 33.938], [-109.6768, 33.9384], [-109.6791, 33.9357], [-109.6859, 33.9336], [-109.6884, 33.9398], [-109.691, 33.9414], [-109.689, 33.9445], [-109.691, 33.9483], [-109.6965, 33.9509], [-109.7162, 33.9497], [-109.7327, 33.9511], [-109.7365, 33.95], [-109.7436, 33.9517], [-109.7552, 33.9513], [-109.7605, 33.9537], [-109.7663, 33.9529], [-109.7725, 33.9492], [-109.7765, 33.9513], [-109.7805, 33.9508], [-109.7925, 33.9438], [-109.8008, 33.9462], [-109.8071, 33.9449], [-109.8099, 33.946], [-109.8112, 33.9486], [-109.8153, 33.9456], [-109.8194, 33.9515], [-109.8235, 33.9507], [-109.8252, 33.9523], [-109.8241, 33.9541], [-109.8181, 33.9563], [-109.8182, 33.9575], [-109.8267, 33.9555], [-109.8324, 33.963], [-109.8444, 33.9661], [-109.8487, 33.9699], [-109.8459, 33.9722], [-109.8484, 33.9737], [-109.8481, 33.9751], [-109.8377, 33.9772], [-109.8356, 33.9798], [-109.8593, 33.9804], [-109.8593, 34.0405], [-109.8622, 34.0401], [-109.8617, 34.0372], [-109.8692, 34.0304], [-109.877, 34.0266], [-109.8834, 34.0273], [-109.8857, 34.0291], [-109.8902, 34.028], [-109.896, 34.0352], [-109.9007, 34.035], [-109.9019, 34.0364], [-109.9027, 34.0334], [-109.9064, 34.0334], [-109.9078, 34.0301], [-109.9105, 34.0289], [-109.921, 34.0368], [-109.9222, 34.044]]]]}}, {"type": "Feature", "properties": {"zip": "85209", "total": 1277, "q1": 288, "q2": 317, "q3": 342, "q4": 330, "pop": 6337, "acsPriv": 304, "seats": 419}, "geometry": {"type": "Polygon", "coordinates": [[[-111.6912, 33.3778], [-111.6912, 33.3794], [-111.6829, 33.3794], [-111.6821, 33.384], [-111.6851, 33.3839], [-111.6848, 33.3867], [-111.6785, 33.3867], [-111.6782, 33.3899], [-111.6817, 33.3904], [-111.6812, 33.3933], [-111.6847, 33.394], [-111.6847, 33.3958], [-111.682, 33.394], [-111.6762, 33.3933], [-111.6501, 33.3934], [-111.6501, 33.3988], [-111.6417, 33.3988], [-111.6462, 33.3934], [-111.6154, 33.3933], [-111.6154, 33.4012], [-111.6109, 33.4013], [-111.6093, 33.3933], [-111.598, 33.3933], [-111.598, 33.3867], [-111.5807, 33.3867], [-111.5807, 33.3787], [-111.5841, 33.3788], [-111.5839, 33.3618], [-111.5902, 33.3612], [-111.5998, 33.3644], [-111.6877, 33.365], [-111.6878, 33.3757], [-111.6912, 33.3778]]]}}, {"type": "Feature", "properties": {"zip": "85017", "total": 259, "q1": 58, "q2": 69, "q3": 71, "q4": 61, "pop": 9791, "acsPriv": 356, "seats": 794}, "geometry": {"type": "Polygon", "coordinates": [[[-112.1387, 33.4812], [-112.1343, 33.4841], [-112.1342, 33.495], [-112.1386, 33.4986], [-112.1385, 33.5006], [-112.1342, 33.5023], [-112.1343, 33.5363], [-112.1375, 33.5362], [-112.1375, 33.5385], [-112.1169, 33.5386], [-112.1147, 33.5368], [-112.1122, 33.5386], [-112.113, 33.4806], [-112.1203, 33.4804], [-112.1203, 33.4768], [-112.1214, 33.4786], [-112.1235, 33.4786], [-112.1284, 33.4768], [-112.1283, 33.4805], [-112.1387, 33.4812]]]}}, {"type": "Feature", "properties": {"zip": "86030", "total": 3, "q1": 0, "q2": 1, "q3": 1, "q4": 1, "pop": 127, "acsPriv": 0, "seats": 0}, "geometry": {"type": "Polygon", "coordinates": [[[-111.0007, 35.8179], [-111.0007, 35.844], [-110.9941, 35.842], [-110.973, 35.8689], [-110.9493, 35.8671], [-110.9314, 35.8747], [-110.9276, 35.8634], [-110.9283, 35.8475], [-110.9218, 35.834], [-110.9166, 35.8302], [-110.9071, 35.8167], [-110.9042, 35.8198], [-110.9015, 35.8352], [-110.8963, 35.8423], [-110.893, 35.8535], [-110.8791, 35.8574], [-110.8648, 35.8658], [-110.8595, 35.8672], [-110.8558, 35.8776], [-110.8452, 35.8787], [-110.8604, 35.9052], [-110.8587, 35.9081], [-110.8609, 35.9158], [-110.853, 35.9342], [-110.8515, 35.9606], [-110.8577, 35.9654], [-110.8648, 35.9632], [-110.8637, 35.967], [-110.849, 35.9708], [-110.8462, 35.9769], [-110.8403, 35.9836], [-110.84, 35.9851], [-110.8464, 35.9916], [-110.8385, 35.9916], [-110.8377, 35.9933], [-110.8314, 35.9914], [-110.83, 35.9944], [-110.8245, 35.9958], [-110.8245, 36.0055], [-110.8233, 36.004], [-110.8212, 36.0165], [-110.8122, 36.0283], [-110.806, 36.0265], [-110.8018, 36.0179], [-110.7992, 36.0162], [-110.7843, 36.0206], [-110.7769, 36.016], [-110.7745, 36.0172], [-110.775, 36.0152], [-110.7726, 36.0131], [-110.7645, 36.0099], [-110.7608, 36.0095], [-110.7507, 36.0127], [-110.7507, 35.9775], [-110.7094, 35.9842], [-110.7006, 35.977], [-110.6759, 35.9876], [-110.6647, 35.99], [-110.6639, 35.9836], [-110.6658, 35.9793], [-110.6656, 35.9669], [-110.6679, 35.9574], [-110.6558, 35.961], [-110.6489, 35.966], [-110.6482, 35.9512], [-110.6503, 35.9476], [-110.6478, 35.9412], [-110.648, 35.9359], [-110.6418, 35.9396], [-110.6437, 35.934], [-110.6386, 35.937], [-110.637, 35.9337], [-110.6327, 35.9327], [-110.6293, 35.9246], [-110.6304, 35.9229], [-110.6196, 35.9105], [-110.6214, 35.9094], [-110.6189, 35.9064], [-110.6209, 35.9055], [-110.6137, 35.8991], [-110.6196, 35.8991], [-110.623, 35.9014], [-110.6304, 35.9004], [-110.6393, 35.8957], [-110.6427, 35.8894], [-110.6458, 35.8882], [-110.6595, 35.8894], [-110.66, 35.8794], [-110.6637, 35.8746], [-110.6627, 35.8717], [-110.6663, 35.8678], [-110.6649, 35.8648], [-110.6675, 35.855], [-110.6658, 35.8505], [-110.669, 35.8488], [-110.6869, 35.8467], [-110.7006, 35.8401], [-110.7202, 35.8334], [-110.7453, 35.8317], [-110.7507, 35.8335], [-110.7507, 35.7948], [-110.7544, 35.7982], [-110.7541, 35.8025], [-110.7522, 35.8048], [-110.7533, 35.8065], [-110.755, 35.8045], [-110.7595, 35.8034], [-110.7674, 35.8064], [-110.7675, 35.8041], [-110.7727, 35.8035], [-110.7756, 35.8007], [-110.7809, 35.8003], [-110.7838, 35.8025], [-110.7953, 35.7985], [-110.7911, 35.7934], [-110.7964, 35.7889], [-110.795, 35.786], [-110.7959, 35.7836], [-110.8065, 35.7774], [-110.8147, 35.775], [-110.8149, 35.7706], [-110.8107, 35.7675], [-110.8112, 35.7655], [-110.8069, 35.7629], [-110.8069, 35.7611], [-110.8131, 35.7564], [-110.8157, 35.7521], [-110.8197, 35.7507], [-110.8199, 35.7464], [-110.8239, 35.7409], [-110.8211, 35.7383], [-110.8225, 35.7353], [-110.8355, 35.7317], [-110.8402, 35.7363], [-110.8457, 35.7335], [-110.8586, 35.7338], [-110.8616, 35.7275], [-110.868, 35.7215], [-110.8639, 35.7158], [-110.871, 35.7166], [-110.8735, 35.7138], [-110.8771, 35.713], [-110.8903, 35.7126], [-110.9014, 35.7173], [-110.9142, 35.7182], [-110.9198, 35.721], [-110.9307, 35.7183], [-110.9294, 35.7233], [-110.9243, 35.7276], [-110.9176, 35.7406], [-110.928, 35.7426], [-110.9342, 35.7535], [-110.9336, 35.7579], [-110.9272, 35.7644], [-110.9303, 35.768], [-110.9361, 35.7625], [-110.937, 35.7631], [-110.9366, 35.7656], [-110.9332, 35.7674], [-110.9365, 35.7682], [-110.9329, 35.7688], [-110.9364, 35.7705], [-110.9319, 35.7713], [-110.9331, 35.7726], [-110.9303, 35.7745], [-110.9319, 35.7754], [-110.9297, 35.7767], [-110.9304, 35.7806], [-110.9387, 35.7828], [-110.9435, 35.7815], [-110.9653, 35.7839], [-110.9805, 35.7885], [-110.9865, 35.7936], [-110.986, 35.797], [-110.9942, 35.8118], [-111.0007, 35.8179]]]}}, {"type": "Feature", "properties": {"zip": "85087", "total": 1025, "q1": 218, "q2": 238, "q3": 278, "q4": 291, "pop": 2125, "acsPriv": 300, "seats": 0}, "geometry": {"type": "Polygon", "coordinates": [[[-112.2644, 33.8992], [-112.2589, 33.905], [-112.243, 33.9054], [-112.2407, 33.9083], [-112.2436, 33.9131], [-112.2429, 33.9155], [-112.2366, 33.9151], [-112.2351, 33.9164], [-112.2316, 33.936], [-112.236, 33.9395], [-112.2414, 33.9405], [-112.2358, 33.9473], [-112.2403, 33.9505], [-112.2403, 33.9566], [-112.2292, 33.9542], [-112.223, 33.96], [-112.2146, 33.9636], [-112.215, 33.9671], [-112.2014, 33.9707], [-112.1965, 33.9742], [-112.1941, 33.9779], [-112.1927, 33.9919], [-112.1804, 34.0038], [-112.183, 34.0123], [-112.1716, 34.0178], [-112.1655, 34.0126], [-112.1611, 34.0177], [-112.1648, 34.027], [-112.1647, 34.0363], [-112.1587, 34.04], [-112.1536, 34.0409], [-112.1584, 34.0438], [-112.1616, 34.0423], [-112.1628, 34.0469], [-112.1648, 34.0482], [-112.1456, 34.0462], [-112.1452, 34.0253], [-112.1349, 34.009], [-112.1336, 33.9878], [-112.1273, 33.9738], [-112.1268, 33.9685], [-112.1217, 33.97], [-112.1187, 33.9729], [-112.1097, 33.9747], [-112.1052, 33.9736], [-112.096, 33.9746], [-112.0917, 33.973], [-112.0864, 33.9745], [-112.0847, 33.9731], [-112.0828, 33.9751], [-112.079, 33.9755], [-112.0743, 33.9738], [-112.0707, 33.9691], [-112.0651, 33.9715], [-112.0654, 33.9012], [-112.0308, 33.9011], [-112.0306, 33.8717], [-112.1348, 33.8712], [-112.1348, 33.8784], [-112.1435, 33.8784], [-112.1435, 33.8817], [-112.147, 33.8817], [-112.1471, 33.878], [-112.1523, 33.879], [-112.1522, 33.8711], [-112.1628, 33.8712], [-112.1653, 33.8695], [-112.1681, 33.863], [-112.1715, 33.8615], [-112.1718, 33.8566], [-112.1825, 33.8486], [-112.1868, 33.8485], [-112.1901, 33.8443], [-112.1958, 33.8485], [-112.2082, 33.8485], [-112.2156, 33.8406], [-112.2207, 33.84], [-112.2304, 33.8431], [-112.2321, 33.8416], [-112.2358, 33.8268], [-112.2493, 33.8269], [-112.221, 33.8612], [-112.2211, 33.8993], [-112.2644, 33.8992]]]}}, {"type": "Feature", "properties": {"zip": "85033", "total": 683, "q1": 140, "q2": 165, "q3": 188, "q4": 190, "pop": 14042, "acsPriv": 1397, "seats": 147}, "geometry": {"type": "Polygon", "coordinates": [[[-112.2423, 33.4943], [-112.2378, 33.4943], [-112.2377, 33.5088], [-112.1864, 33.5096], [-112.1864, 33.491], [-112.1777, 33.4878], [-112.1864, 33.4878], [-112.1864, 33.4805], [-112.1895, 33.4805], [-112.1895, 33.4789], [-112.1951, 33.4786], [-112.1951, 33.4804], [-112.2206, 33.4802], [-112.2207, 33.4783], [-112.2221, 33.4781], [-112.227, 33.4801], [-112.2378, 33.4798], [-112.2378, 33.4904], [-112.2414, 33.4891], [-112.2423, 33.4943]]]}}, {"type": "Feature", "properties": {"zip": "85021", "total": 2144, "q1": 518, "q2": 532, "q3": 556, "q4": 538, "pop": 6409, "acsPriv": 1115, "seats": 412}, "geometry": {"type": "Polygon", "coordinates": [[[-112.1172, 33.5687], [-112.1168, 33.582], [-112.1081, 33.582], [-112.1081, 33.5801], [-112.1062, 33.5798], [-112.1039, 33.5798], [-112.1039, 33.582], [-112.0869, 33.5822], [-112.0847, 33.5804], [-112.0825, 33.5804], [-112.0821, 33.5821], [-112.0712, 33.5821], [-112.0706, 33.5791], [-112.073, 33.5796], [-112.0737, 33.5772], [-112.0752, 33.5775], [-112.0739, 33.5677], [-112.08, 33.5676], [-112.0739, 33.5623], [-112.0751, 33.562], [-112.0739, 33.555], [-112.0751, 33.554], [-112.0739, 33.5533], [-112.0738, 33.5383], [-112.0845, 33.5384], [-112.0845, 33.5365], [-112.0857, 33.5365], [-112.0857, 33.5384], [-112.0889, 33.5385], [-112.0895, 33.5363], [-112.0895, 33.5385], [-112.0954, 33.5386], [-112.0956, 33.5358], [-112.1007, 33.5363], [-112.1007, 33.5386], [-112.1122, 33.5386], [-112.1124, 33.5557], [-112.1172, 33.5687]]]}}, {"type": "Feature", "properties": {"zip": "85019", "total": 326, "q1": 73, "q2": 83, "q3": 86, "q4": 84, "pop": 6081, "acsPriv": 251, "seats": 0}, "geometry": {"type": "Polygon", "coordinates": [[[-112.1517, 33.5102], [-112.1516, 33.5366], [-112.1471, 33.5362], [-112.1472, 33.5385], [-112.1375, 33.5385], [-112.1375, 33.5362], [-112.1343, 33.5363], [-112.1342, 33.5023], [-112.1385, 33.5006], [-112.1386, 33.4986], [-112.1342, 33.495], [-112.1343, 33.4841], [-112.1386, 33.4824], [-112.1387, 33.4804], [-112.1516, 33.4805], [-112.1516, 33.4986], [-112.1504, 33.4986], [-112.1497, 33.5071], [-112.1517, 33.5102]]]}}, {"type": "Feature", "properties": {"zip": "86035", "total": 5, "q1": 1, "q2": 1, "q3": 2, "q4": 1, "pop": 304, "acsPriv": 5, "seats": 0}, "geometry": {"type": "Polygon", "coordinates": [[[-111.2429, 35.4881], [-111.2443, 35.4954], [-111.2276, 35.4952], [-111.2321, 35.5004], [-111.2238, 35.5046], [-111.2067, 35.5174], [-111.1942, 35.5354], [-111.1704, 35.5484], [-111.1618, 35.5576], [-111.1529, 35.5561], [-111.1321, 35.5599], [-111.1181, 35.5665], [-111.1101, 35.5722], [-111.0963, 35.5761], [-111.0954, 35.5738], [-111.0809, 35.5671], [-111.0593, 35.5642], [-111.0491, 35.5594], [-111.0414, 35.5627], [-111.0336, 35.5617], [-111.0272, 35.5679], [-111.0099, 35.5682], [-111.0017, 35.5707], [-111.0007, 35.5735], [-111.0007, 35.5489], [-110.856, 35.5486], [-110.8561, 35.5629], [-110.8391, 35.5629], [-110.8392, 35.5782], [-110.8173, 35.5783], [-110.7972, 35.5943], [-110.79, 35.6029], [-110.7651, 35.6235], [-110.7631, 35.6268], [-110.7615, 35.6376], [-110.7507, 35.653], [-110.7507, 35.5171], [-110.765, 35.5084], [-110.7715, 35.5143], [-110.7811, 35.5159], [-110.7908, 35.5081], [-110.8008, 35.5052], [-110.8019, 35.5034], [-110.8079, 35.504], [-110.826, 35.4851], [-110.8284, 35.4781], [-110.8342, 35.4719], [-110.8387, 35.4572], [-110.8475, 35.4512], [-110.8482, 35.4358], [-110.8664, 35.4479], [-110.8684, 35.4482], [-110.8706, 35.445], [-110.8776, 35.4439], [-110.866, 35.4383], [-110.8597, 35.4323], [-110.8534, 35.4328], [-110.8483, 35.4294], [-110.8487, 35.4282], [-110.8452, 35.4272], [-110.8504, 35.4236], [-110.8501, 35.4251], [-110.8655, 35.3842], [-110.8645, 35.3669], [-110.8668, 35.3611], [-110.8878, 35.3492], [-110.8941, 35.3757], [-110.8924, 35.3796], [-110.8923, 35.3869], [-110.9004, 35.3976], [-110.8986, 35.4064], [-110.9066, 35.405], [-110.9112, 35.4227], [-110.9198, 35.4145], [-110.924, 35.4137], [-110.9367, 35.4028], [-110.9398, 35.4069], [-110.9427, 35.4061], [-110.9505, 35.3979], [-110.9536, 35.3985], [-110.9597, 35.3958], [-110.9715, 35.3853], [-110.9431, 35.3611], [-110.9496, 35.3561], [-110.9454, 35.3532], [-110.9404, 35.3422], [-110.933, 35.3363], [-110.9348, 35.3284], [-110.9483, 35.3068], [-110.9273, 35.3097], [-110.844, 35.3072], [-110.8322, 35.2572], [-110.8353, 35.2539], [-110.8376, 35.2542], [-110.8419, 35.2561], [-110.8437, 35.2589], [-110.8465, 35.2577], [-110.8472, 35.2601], [-110.851, 35.2622], [-110.8513, 35.2604], [-110.8536, 35.261], [-110.854, 35.2596], [-110.8579, 35.26], [-110.8598, 35.2624], [-110.8592, 35.2612], [-110.8611, 35.2593], [-110.8681, 35.259], [-110.8725, 35.2625], [-110.8664, 35.2599], [-110.8633, 35.2643], [-110.8637, 35.2659], [-110.8657, 35.2662], [-110.8615, 35.269], [-110.861, 35.2711], [-110.8637, 35.2709], [-110.8651, 35.2729], [-110.8688, 35.2705], [-110.8692, 35.2721], [-110.8778, 35.2737], [-110.882, 35.2742], [-110.8837, 35.273], [-110.8864, 35.2743], [-110.8841, 35.2752], [-110.8851, 35.276], [-110.9009, 35.2777], [-110.9042, 35.2818], [-110.9041, 35.2778], [-110.908, 35.2758], [-110.9061, 35.2745], [-110.9042, 35.2762], [-110.9052, 35.2735], [-110.9039, 35.2654], [-110.9053, 35.2629], [-110.9079, 35.2629], [-110.9133, 35.2706], [-110.9155, 35.2692], [-110.9176, 35.2699], [-110.9152, 35.2745], [-110.9198, 35.2758], [-110.9221, 35.2723], [-110.9276, 35.2717], [-110.9265, 35.2738], [-110.9151, 35.2801], [-110.9176, 35.2868], [-110.9241, 35.287], [-110.9293, 35.2834], [-110.9402, 35.282], [-110.9622, 35.2839], [-110.9622, 35.2818], [-110.96, 35.2818], [-110.9612, 35.2809], [-110.9724, 35.2801], [-110.9777, 35.2771], [-110.9802, 35.2777], [-110.9717, 35.2659], [-110.9745, 35.2643], [-110.9805, 35.2527], [-110.9811, 35.2448], [-110.9675, 35.2456], [-110.9607, 35.2442], [-110.9619, 35.2423], [-110.9686, 35.2405], [-110.9792, 35.2345], [-110.9908, 35.2236], [-110.9955, 35.2229], [-110.9941, 35.2182], [-110.999, 35.2065], [-110.9981, 35.2033], [-110.9952, 35.2022], [-110.997, 35.1948], [-110.9943, 35.1913], [-110.9758, 35.1914], [-110.9684, 35.1887], [-110.9849, 35.1818], [-110.9755, 35.1743], [-110.9861, 35.1676], [-111.0005, 35.1634], [-111.0032, 35.1641], [-111.007, 35.1592], [-111.0069, 35.1566], [-111.157, 35.1561], [-111.1488, 35.1616], [-111.1479, 35.1638], [-111.1505, 35.1672], [-111.1508, 35.1717], [-111.1635, 35.1797], [-111.1843, 35.1889], [-111.2199, 35.1908], [-111.2187, 35.1951], [-111.2205, 35.1985], [-111.2115, 35.1993], [-111.2027, 35.2062], [-111.2373, 35.2078], [-111.2391, 35.2105], [-111.2419, 35.2109], [-111.233, 35.2175], [-111.212, 35.225], [-111.2109, 35.2278], [-111.1954, 35.236], [-111.1936, 35.2405], [-111.1881, 35.2414], [-111.1822, 35.2453], [-111.1777, 35.2491], [-111.1841, 35.2539], [-111.1834, 35.2555], [-111.1741, 35.2546], [-111.1661, 35.2559], [-111.1603, 35.2576], [-111.1583, 35.2624], [-111.1484, 35.2628], [-111.1384, 35.2674], [-111.1387, 35.2702], [-111.1421, 35.2716], [-111.1401, 35.2776], [-111.1408, 35.2829], [-111.1367, 35.2867], [-111.1424, 35.2873], [-111.1422, 35.2905], [-111.1379, 35.2935], [-111.1327, 35.3039], [-111.102, 35.3029], [-111.1078, 35.3051], [-111.1132, 35.3156], [-111.1201, 35.3228], [-111.1221, 35.3239], [-111.1272, 35.3215], [-111.1333, 35.3282], [-111.1434, 35.3284], [-111.1488, 35.3376], [-111.1587, 35.3426], [-111.1625, 35.3321], [-111.1665, 35.3281], [-111.1628, 35.3237], [-111.1623, 35.3206], [-111.1659, 35.3206], [-111.177, 35.3227], [-111.1811, 35.3313], [-111.2069, 35.3589], [-111.2103, 35.3592], [-111.2083, 35.35], [-111.2125, 35.3502], [-111.2215, 35.3437], [-111.2251, 35.3513], [-111.2254, 35.3574], [-111.2177, 35.3671], [-111.2037, 35.3941], [-111.2079, 35.4024], [-111.2105, 35.4027], [-111.2081, 35.4074], [-111.214, 35.4095], [-111.2191, 35.4155], [-111.2171, 35.4232], [-111.2183, 35.4268], [-111.2243, 35.4321], [-111.23, 35.433], [-111.2305, 35.441], [-111.2279, 35.4425], [-111.2323, 35.4463], [-111.2368, 35.4548], [-111.2365, 35.4599], [-111.2389, 35.4646], [-111.2383, 35.4721], [-111.2428, 35.4696], [-111.2429, 35.4881]]]}}, {"type": "Feature", "properties": {"zip": "86540", "total": 23, "q1": 5, "q2": 6, "q3": 6, "q4": 6, "pop": 333, "acsPriv": 0, "seats": 0}, "geometry": {"type": "Polygon", "coordinates": [[[-109.6118, 35.9135], [-109.5943, 35.942], [-109.5925, 35.9522], [-109.5982, 35.9686], [-109.6067, 36.0335], [-109.5997, 36.0368], [-109.5891, 36.0365], [-109.5768, 36.0468], [-109.5705, 36.0451], [-109.5652, 36.049], [-109.5653, 36.0543], [-109.5641, 36.0552], [-109.5509, 36.0598], [-109.5285, 36.0595], [-109.5231, 36.0539], [-109.5175, 36.0548], [-109.5073, 36.0532], [-109.5034, 36.0555], [-109.4961, 36.0523], [-109.4907, 36.0546], [-109.4898, 36.0532], [-109.4826, 36.0539], [-109.4779, 36.0506], [-109.4764, 36.0441], [-109.475, 36.0434], [-109.4757, 36.0415], [-109.4717, 36.0433], [-109.4688, 36.0429], [-109.466, 36.0402], [-109.4592, 36.0414], [-109.4585, 36.0378], [-109.4544, 36.0365], [-109.4544, 36.0351], [-109.4491, 36.0348], [-109.4486, 36.0361], [-109.4468, 36.0347], [-109.444, 36.0375], [-109.4397, 36.0379], [-109.4379, 36.0353], [-109.4364, 36.037], [-109.435, 36.0357], [-109.4358, 36.0348], [-109.4273, 36.0316], [-109.4253, 36.0329], [-109.4229, 36.0309], [-109.4216, 36.0319], [-109.421, 36.0293], [-109.4166, 36.0275], [-109.4163, 36.0289], [-109.4155, 36.0276], [-109.414, 36.0285], [-109.413, 36.0265], [-109.4105, 36.0278], [-109.41, 36.0266], [-109.408, 36.0275], [-109.4033, 36.0262], [-109.4026, 36.0297], [-109.3999, 36.029], [-109.3919, 36.0358], [-109.386, 36.0287], [-109.3743, 36.0348], [-109.3682, 36.0351], [-109.3696, 36.0284], [-109.3724, 36.0243], [-109.37, 36.0219], [-109.37, 36.0163], [-109.3621, 36.0184], [-109.3624, 36.0164], [-109.3575, 36.0149], [-109.3517, 36.0059], [-109.3326, 36.007], [-109.3309, 35.9968], [-109.3289, 35.995], [-109.3268, 35.996], [-109.3224, 35.9916], [-109.3097, 35.9914], [-109.3035, 35.9853], [-109.2987, 35.976], [-109.2882, 35.9721], [-109.2864, 35.9699], [-109.2812, 35.976], [-109.2823, 35.9785], [-109.2811, 35.9833], [-109.2791, 35.9845], [-109.2803, 35.9875], [-109.2846, 35.9911], [-109.2841, 35.9924], [-109.2821, 35.9954], [-109.274, 35.9989], [-109.2688, 36.0104], [-109.2626, 36.0115], [-109.2625, 36.0037], [-109.2583, 35.9954], [-109.2523, 35.9918], [-109.2432, 35.993], [-109.2432, 35.9896], [-109.2397, 35.9883], [-109.2385, 35.9843], [-109.2342, 35.9848], [-109.2325, 35.9868], [-109.2326, 35.9832], [-109.2296, 35.9828], [-109.2309, 35.9818], [-109.228, 35.9774], [-109.2297, 35.9764], [-109.2292, 35.9737], [-109.2277, 35.9729], [-109.2253, 35.9747], [-109.2244, 35.9705], [-109.221, 35.9668], [-109.2231, 35.965], [-109.2219, 35.9609], [-109.2233, 35.9575], [-109.2275, 35.9527], [-109.2303, 35.9519], [-109.2297, 35.9488], [-109.2327, 35.943], [-109.2312, 35.9367], [-109.234, 35.9352], [-109.2373, 35.9283], [-109.2407, 35.9268], [-109.2394, 35.9224], [-109.2407, 35.9187], [-109.2489, 35.9096], [-109.2486, 35.9057], [-109.2544, 35.8969], [-109.2566, 35.897], [-109.2641, 35.892], [-109.2767, 35.8946], [-109.2886, 35.8925], [-109.3022, 35.893], [-109.3271, 35.8976], [-109.348, 35.8944], [-109.3764, 35.8727], [-109.3872, 35.8687], [-109.4001, 35.8667], [-109.4153, 35.8602], [-109.4214, 35.8487], [-109.4315, 35.8357], [-109.4395, 35.8312], [-109.4416, 35.833], [-109.4432, 35.8308], [-109.4399, 35.8303], [-109.4439, 35.8291], [-109.4578, 35.8178], [-109.4626, 35.8172], [-109.4661, 35.8123], [-109.4741, 35.8061], [-109.4797, 35.805], [-109.4837, 35.802], [-109.4872, 35.7944], [-109.493, 35.7878], [-109.5041, 35.7914], [-109.5055, 35.7936], [-109.5153, 35.7946], [-109.5193, 35.7985], [-109.5185, 35.8005], [-109.5261, 35.7999], [-109.5267, 35.8026], [-109.5331, 35.8037], [-109.5388, 35.8135], [-109.5412, 35.8149], [-109.5408, 35.8199], [-109.5456, 35.8213], [-109.544, 35.8246], [-109.5405, 35.8256], [-109.5401, 35.8282], [-109.5421, 35.8293], [-109.5392, 35.8321], [-109.5418, 35.8328], [-109.5448, 35.8373], [-109.5532, 35.8401], [-109.5637, 35.8462], [-109.5636, 35.8523], [-109.5696, 35.8533], [-109.5743, 35.866], [-109.5787, 35.8676], [-109.5818, 35.8712], [-109.5919, 35.873], [-109.5919, 35.8685], [-109.5983, 35.8764], [-109.6013, 35.8771], [-109.6111, 35.9013], [-109.6118, 35.9135]]]}}, {"type": "Feature", "properties": {"zip": "86025", "total": 110, "q1": 27, "q2": 26, "q3": 29, "q4": 28, "pop": 914, "acsPriv": 118, "seats": 72}, "geometry": {"type": "Polygon", "coordinates": [[[-110.3785, 34.5774], [-110.3782, 34.6117], [-110.3637, 34.6282], [-110.3672, 34.6286], [-110.3699, 34.6308], [-110.3719, 34.6392], [-110.3678, 34.6451], [-110.3463, 34.6595], [-110.3522, 34.6985], [-110.3386, 34.7547], [-110.3354, 34.7541], [-110.3372, 34.7597], [-110.3255, 34.7821], [-110.3231, 34.7974], [-110.3244, 34.802], [-110.3407, 34.8208], [-110.3402, 34.8268], [-110.3417, 34.8295], [-110.3329, 34.8492], [-110.3239, 34.8758], [-110.3234, 34.8933], [-110.2751, 34.8941], [-110.2702, 34.8925], [-110.27, 34.9169], [-110.2658, 34.9133], [-110.268, 34.9258], [-110.2811, 34.9394], [-110.3, 34.9453], [-110.3037, 34.948], [-110.3038, 34.9499], [-110.2948, 34.9462], [-110.2879, 34.9509], [-110.2768, 34.966], [-110.2456, 35.0], [-110.1991, 35.0556], [-110.1988, 35.1704], [-109.8429, 35.1702], [-109.8448, 35.0852], [-109.845, 35.0], [-109.8434, 34.9544], [-109.8449, 34.9118], [-109.8446, 34.8226], [-109.8519, 34.8225], [-109.8506, 34.6964], [-109.8582, 34.6952], [-109.8613, 34.6931], [-109.8695, 34.6932], [-109.8727, 34.6959], [-109.8716, 34.6992], [-109.8747, 34.7023], [-109.8733, 34.7034], [-109.8743, 34.7046], [-109.8789, 34.7062], [-109.8821, 34.7042], [-109.8832, 34.7102], [-109.8862, 34.7089], [-109.8884, 34.7134], [-109.8893, 34.7098], [-109.8944, 34.7137], [-109.8937, 34.7171], [-109.8956, 34.7161], [-109.895, 34.7148], [-109.8992, 34.717], [-109.9029, 34.7159], [-109.9029, 34.7179], [-109.91, 34.7213], [-109.9138, 34.7211], [-109.9154, 34.7183], [-109.9208, 34.7211], [-109.9301, 34.7209], [-109.9318, 34.7191], [-109.9395, 34.7183], [-109.9393, 34.7171], [-109.9434, 34.716], [-109.9481, 34.7206], [-109.9483, 34.7184], [-109.9547, 34.7166], [-109.9663, 34.719], [-109.968, 34.7206], [-109.9656, 34.7199], [-109.9644, 34.7207], [-109.9708, 34.7231], [-109.9734, 34.7208], [-109.9728, 34.7234], [-109.9701, 34.7249], [-109.9742, 34.7249], [-109.9723, 34.7265], [-109.9748, 34.7283], [-109.9767, 34.727], [-109.9767, 34.7295], [-109.9747, 34.7301], [-109.9774, 34.7307], [-109.9762, 34.7319], [-109.9771, 34.733], [-109.9807, 34.7317], [-109.9811, 34.7373], [-109.9822, 34.7366], [-109.984, 34.7391], [-109.9877, 34.7402], [-109.99, 34.7397], [-109.9899, 34.7411], [-109.9945, 34.7395], [-109.994, 34.742], [-109.9957, 34.7429], [-109.9984, 34.7412], [-110.0019, 34.7433], [-110.0032, 34.7417], [-110.0104, 34.7428], [-110.0132, 34.7417], [-110.0154, 34.7363], [-110.0205, 34.7346], [-110.0306, 34.7354], [-110.0366, 34.7383], [-110.0383, 34.741], [-110.0321, 34.7553], [-110.0363, 34.7672], [-110.0287, 34.7672], [-110.0273, 34.7654], [-110.0238, 34.7657], [-110.0227, 34.7673], [-110.0094, 34.7675], [-110.0095, 34.7747], [-110.0249, 34.7739], [-110.0287, 34.7786], [-110.0253, 34.7812], [-110.0233, 34.7854], [-110.0097, 34.7926], [-110.0098, 34.7956], [-110.0115, 34.796], [-110.0096, 34.7975], [-110.0095, 34.804], [-110.0186, 34.8039], [-110.0187, 34.8003], [-110.0341, 34.8], [-110.0351, 34.7974], [-110.0406, 34.7935], [-110.0405, 34.7796], [-110.0437, 34.7794], [-110.0436, 34.7821], [-110.0477, 34.7821], [-110.0639, 34.7879], [-110.0944, 34.7896], [-110.1077, 34.7942], [-110.1345, 34.7976], [-110.1483, 34.851], [-110.1599, 34.8683], [-110.2122, 34.7977], [-110.2385, 34.7754], [-110.2512, 34.7574], [-110.2435, 34.7474], [-110.2396, 34.6865], [-110.2415, 34.677], [-110.2461, 34.6684], [-110.2446, 34.6631], [-110.2471, 34.6484], [-110.2641, 34.6261], [-110.2665, 34.6145], [-110.27, 34.6114], [-110.2729, 34.5993], [-110.2673, 34.5936], [-110.2646, 34.5866], [-110.2649, 34.5774], [-110.2568, 34.5746], [-110.2561, 34.5685], [-110.2519, 34.5649], [-110.2501, 34.5533], [-110.247, 34.5504], [-110.2352, 34.5459], [-110.2305, 34.5459], [-110.2244, 34.5417], [-110.2318, 34.5359], [-110.2375, 34.5261], [-110.2412, 34.5254], [-110.2393, 34.5205], [-110.24, 34.5186], [-110.2471, 34.5177], [-110.2489, 34.5159], [-110.2483, 34.497], [-110.3102, 34.4996], [-110.3101, 34.5016], [-110.3133, 34.5047], [-110.3227, 34.5103], [-110.3248, 34.5137], [-110.325, 34.5245], [-110.3302, 34.5244], [-110.3342, 34.5262], [-110.3395, 34.5324], [-110.3437, 34.5486], [-110.3436, 34.5552], [-110.3751, 34.5564], [-110.3776, 34.5691], [-110.3763, 34.5776], [-110.3785, 34.5774]], [[-110.0918, 34.9191], [-110.0903, 34.9153], [-110.0076, 34.9521], [-109.9936, 34.9534], [-109.9917, 34.9572], [-109.9796, 34.9619], [-109.9772, 34.9656], [-109.9666, 34.9693], [-109.9587, 34.9694], [-109.9499, 34.9766], [-109.9465, 34.9741], [-109.9456, 34.9671], [-109.931, 34.9684], [-109.9295, 34.9702], [-109.9071, 34.9716], [-109.906, 34.9728], [-109.8985, 34.9717], [-109.8983, 34.9999], [-109.9498, 34.9924], [-109.9711, 34.9906], [-109.9923, 34.9913], [-110.0131, 34.9882], [-110.0131, 34.9968], [-110.0395, 34.9967], [-110.0395, 34.9895], [-110.0719, 34.9856], [-110.0881, 34.9755], [-110.0827, 34.9669], [-110.0856, 34.9614], [-110.0836, 34.9555], [-110.0866, 34.9516], [-110.0848, 34.9493], [-110.0874, 34.9447], [-110.0871, 34.9416], [-110.0894, 34.9397], [-110.0877, 34.9361], [-110.0892, 34.9324], [-110.0876, 34.9303], [-110.0918, 34.9191]]]}}, {"type": "Feature", "properties": {"zip": "85603", "total": 147, "q1": 30, "q2": 32, "q3": 42, "q4": 43, "pop": 560, "acsPriv": 46, "seats": 50}, "geometry": {"type": "Polygon", "coordinates": [[[-110.0985, 31.4399], [-110.0905, 31.4416], [-110.0825, 31.44], [-110.0607, 31.4526], [-110.0292, 31.4525], [-110.028, 31.456], [-110.0233, 31.4587], [-110.0207, 31.4579], [-110.01, 31.4633], [-110.0074, 31.4632], [-110.0035, 31.4663], [-110.0035, 31.4685], [-110.0532, 31.4686], [-110.0533, 31.5291], [-110.0276, 31.5177], [-110.0181, 31.5163], [-110.0104, 31.537], [-110.0104, 31.544], [-110.0014, 31.5443], [-109.9919, 31.5481], [-109.9838, 31.5463], [-109.9685, 31.5463], [-109.9624, 31.5532], [-109.8519, 31.5532], [-109.8519, 31.5571], [-109.8245, 31.5187], [-109.824, 31.4761], [-109.8378, 31.4748], [-109.8409, 31.4727], [-109.8235, 31.4638], [-109.8235, 31.4541], [-109.8265, 31.4424], [-109.8171, 31.4365], [-109.8171, 31.438], [-109.6983, 31.4377], [-109.6986, 31.3645], [-109.707, 31.3652], [-109.7059, 31.3759], [-109.716, 31.3794], [-109.737, 31.3921], [-109.7596, 31.4002], [-109.7596, 31.3941], [-109.7652, 31.3941], [-109.7665, 31.3927], [-109.7719, 31.3973], [-109.773, 31.3966], [-109.7598, 31.3851], [-109.7369, 31.3722], [-109.7832, 31.3785], [-109.783, 31.3403], [-109.7927, 31.334], [-109.9184, 31.3341], [-109.9185, 31.3374], [-109.9226, 31.3389], [-109.9485, 31.3401], [-109.95, 31.3436], [-109.9529, 31.3437], [-109.953, 31.3466], [-109.9604, 31.3502], [-109.9641, 31.349], [-109.9605, 31.3484], [-109.9582, 31.3443], [-109.9592, 31.342], [-109.9572, 31.3341], [-110.0031, 31.3341], [-110.0032, 31.3648], [-110.0324, 31.3688], [-110.0887, 31.4079], [-110.093, 31.4185], [-110.0953, 31.4338], [-110.0985, 31.4399]]]}}, {"type": "Feature", "properties": {"zip": "85122", "total": 2670, "q1": 602, "q2": 651, "q3": 705, "q4": 712, "pop": 10326, "acsPriv": 859, "seats": 329}, "geometry": {"type": "Polygon", "coordinates": [[[-111.8267, 32.9526], [-111.823, 32.9536], [-111.8212, 32.9508], [-111.8168, 32.9505], [-111.8121, 32.9528], [-111.7915, 32.953], [-111.7923, 32.9963], [-111.748, 32.9966], [-111.6932, 32.9284], [-111.6885, 32.9203], [-111.6869, 32.9118], [-111.6872, 32.848], [-111.685, 32.8229], [-111.6798, 32.8145], [-111.7104, 32.8332], [-111.7229, 32.8348], [-111.7229, 32.8562], [-111.7498, 32.872], [-111.7518, 32.872], [-111.7518, 32.8686], [-111.7574, 32.8686], [-111.7574, 32.8649], [-111.7749, 32.8649], [-111.7752, 32.8794], [-111.8089, 32.8794], [-111.8089, 32.8898], [-111.7918, 32.8898], [-111.7915, 32.8867], [-111.7894, 32.8867], [-111.7895, 32.8921], [-111.7855, 32.8939], [-111.7744, 32.8874], [-111.7744, 32.8939], [-111.785, 32.8945], [-111.8257, 32.9197], [-111.8267, 32.9526]]]}}, {"type": "Feature", "properties": {"zip": "86017", "total": 15, "q1": 3, "q2": 4, "q3": 4, "q4": 4, "pop": 12, "acsPriv": 0, "seats": 0}, "geometry": {"type": "Polygon", "coordinates": [[[-111.7494, 34.9575], [-111.7486, 34.9625], [-111.7418, 34.9702], [-111.7431, 34.9723], [-111.7393, 34.9758], [-111.7397, 34.978], [-111.7361, 34.9789], [-111.7337, 34.9777], [-111.7381, 34.9815], [-111.7366, 34.9835], [-111.7395, 34.9855], [-111.7315, 34.9879], [-111.7305, 34.9937], [-111.7268, 34.995], [-111.7273, 34.9982], [-111.7307, 35.0017], [-111.7301, 35.0037], [-111.7277, 35.0044], [-111.7291, 35.0054], [-111.7286, 35.0083], [-111.731, 35.0073], [-111.7335, 35.0086], [-111.7342, 35.011], [-111.7337, 35.0133], [-111.7295, 35.0149], [-111.7335, 35.0158], [-111.7321, 35.0224], [-111.7276, 35.0264], [-111.722, 35.0275], [-111.7168, 35.033], [-111.7122, 35.0338], [-111.7095, 35.0307], [-111.711, 35.035], [-111.7179, 35.0392], [-111.7176, 35.0418], [-111.7232, 35.0444], [-111.7263, 35.0479], [-111.7258, 35.0516], [-111.7232, 35.0545], [-111.7191, 35.0544], [-111.7169, 35.0591], [-111.7115, 35.0596], [-111.7109, 35.0619], [-111.7059, 35.062], [-111.7058, 35.0635], [-111.7023, 35.0641], [-111.6994, 35.0675], [-111.6939, 35.0653], [-111.692, 35.0668], [-111.6909, 35.0649], [-111.6889, 35.0674], [-111.6828, 35.0688], [-111.6854, 35.0621], [-111.6825, 35.0521], [-111.6806, 35.0571], [-111.6768, 35.0552], [-111.6734, 35.051], [-111.6671, 35.0491], [-111.6655, 35.0426], [-111.6581, 35.0324], [-111.6577, 35.0294], [-111.6607, 35.0213], [-111.6582, 35.0166], [-111.6607, 35.0092], [-111.6626, 35.0099], [-111.6605, 35.0048], [-111.6613, 34.9988], [-111.652, 34.9926], [-111.6503, 34.9874], [-111.647, 34.9856], [-111.6394, 34.9843], [-111.6359, 34.9873], [-111.6284, 34.9845], [-111.6164, 34.975], [-111.6124, 34.9737], [-111.6088, 34.9685], [-111.595, 34.9597], [-111.5932, 34.9568], [-111.5963, 34.9525], [-111.5877, 34.941], [-111.588, 34.9369], [-111.5903, 34.9359], [-111.5772, 34.926], [-111.5622, 34.9186], [-111.5598, 34.9101], [-111.5557, 34.9063], [-111.5593, 34.9017], [-111.5601, 34.8958], [-111.5625, 34.8915], [-111.5664, 34.8923], [-111.5725, 34.8891], [-111.587, 34.8955], [-111.5973, 34.8805], [-111.6014, 34.8787], [-111.606, 34.8697], [-111.6135, 34.8645], [-111.6199, 34.8646], [-111.6028, 34.8589], [-111.6016, 34.8565], [-111.6026, 34.8529], [-111.5886, 34.8412], [-111.59, 34.8371], [-111.5833, 34.8317], [-111.5849, 34.8248], [-111.5948, 34.8245], [-111.5935, 34.8164], [-111.5947, 34.8107], [-111.5991, 34.8086], [-111.5929, 34.8026], [-111.726, 34.8041], [-111.7194, 34.8147], [-111.7192, 34.8186], [-111.7231, 34.8285], [-111.7154, 34.8388], [-111.7165, 34.845], [-111.7132, 34.8504], [-111.7127, 34.8582], [-111.7089, 34.8617], [-111.7031, 34.8621], [-111.702, 34.8645], [-111.6902, 34.8622], [-111.6889, 34.8655], [-111.6925, 34.8669], [-111.6972, 34.8726], [-111.695, 34.8787], [-111.6906, 34.8796], [-111.6871, 34.8841], [-111.6879, 34.8851], [-111.6808, 34.8875], [-111.6733, 34.8949], [-111.6739, 34.8988], [-111.6718, 34.8996], [-111.6671, 34.8977], [-111.664, 34.8995], [-111.6603, 34.8969], [-111.6498, 34.9006], [-111.6441, 34.9078], [-111.6464, 34.9144], [-111.643, 34.912], [-111.6412, 34.9122], [-111.6414, 34.9139], [-111.6498, 34.9327], [-111.6502, 34.9294], [-111.6555, 34.9313], [-111.6604, 34.9288], [-111.6611, 34.9265], [-111.6691, 34.9261], [-111.6741, 34.9224], [-111.6726, 34.9255], [-111.675, 34.9238], [-111.6752, 34.9274], [-111.679, 34.9312], [-111.6872, 34.9281], [-111.694, 34.9297], [-111.6938, 34.928], [-111.6994, 34.9275], [-111.718, 34.9189], [-111.7191, 34.9232], [-111.7208, 34.9242], [-111.7232, 34.9217], [-111.7276, 34.9255], [-111.7307, 34.9326], [-111.7332, 34.9327], [-111.7344, 34.9373], [-111.7366, 34.9376], [-111.7372, 34.9417], [-111.7397, 34.9407], [-111.7438, 34.9442], [-111.7426, 34.946], [-111.7474, 34.9487], [-111.7494, 34.9575]]]}}, {"type": "Feature", "properties": {"zip": "85714", "total": 165, "q1": 37, "q2": 43, "q3": 46, "q4": 39, "pop": 1875, "acsPriv": 123, "seats": 0}, "geometry": {"type": "Polygon", "coordinates": [[[-110.9945, 32.1654], [-110.9946, 32.1723], [-110.9915, 32.1723], [-110.9917, 32.1766], [-110.9933, 32.1779], [-110.9818, 32.1778], [-110.984, 32.1767], [-110.9825, 32.1766], [-110.9748, 32.1778], [-110.9177, 32.178], [-110.9177, 32.1758], [-110.914, 32.177], [-110.9106, 32.1755], [-110.909, 32.178], [-110.9072, 32.178], [-110.905, 32.1743], [-110.9029, 32.1743], [-110.8974, 32.1691], [-110.8965, 32.1631], [-110.9111, 32.1632], [-110.9092, 32.1576], [-110.919, 32.1632], [-110.9406, 32.1633], [-110.9425, 32.161], [-110.9434, 32.1633], [-110.9476, 32.1623], [-110.9519, 32.1633], [-110.9519, 32.1596], [-110.9533, 32.1596], [-110.9527, 32.1611], [-110.954, 32.1611], [-110.9545, 32.1633], [-110.9585, 32.1634], [-110.9586, 32.1615], [-110.9601, 32.1634], [-110.9775, 32.1622], [-110.9775, 32.1632], [-110.9886, 32.1633], [-110.9883, 32.1587], [-110.9908, 32.1595], [-110.9914, 32.1632], [-110.9927, 32.1632], [-110.9912, 32.1663], [-110.9945, 32.1654]]]}}, {"type": "Feature", "properties": {"zip": "85742", "total": 2001, "q1": 478, "q2": 500, "q3": 518, "q4": 505, "pop": 5241, "acsPriv": 829, "seats": 753}, "geometry": {"type": "Polygon", "coordinates": [[[-111.1091, 32.3793], [-111.0954, 32.3882], [-111.0975, 32.3883], [-111.0973, 32.3957], [-111.0889, 32.3955], [-111.0889, 32.4028], [-111.0974, 32.4028], [-111.0974, 32.4064], [-111.0931, 32.4064], [-111.0931, 32.41], [-111.0804, 32.41], [-111.0804, 32.421], [-111.0719, 32.421], [-111.0718, 32.4246], [-111.0676, 32.4246], [-111.0676, 32.4162], [-111.0633, 32.4193], [-111.0632, 32.4098], [-111.0469, 32.4098], [-111.0468, 32.4237], [-111.0352, 32.4238], [-111.0352, 32.4347], [-111.0464, 32.4347], [-111.0464, 32.4419], [-111.0423, 32.4419], [-111.0424, 32.4455], [-111.0381, 32.4455], [-111.0381, 32.4492], [-111.0338, 32.4492], [-111.0338, 32.4557], [-111.0331, 32.4529], [-111.028, 32.4537], [-111.0294, 32.4516], [-111.0299, 32.4238], [-111.0209, 32.4238], [-111.0209, 32.4275], [-111.0191, 32.4275], [-111.0167, 32.4274], [-111.0168, 32.4238], [-111.0129, 32.4238], [-111.0128, 32.3826], [-111.0043, 32.3826], [-111.0043, 32.379], [-111.0076, 32.379], [-111.0096, 32.3735], [-111.0128, 32.3735], [-111.0128, 32.3663], [-111.0101, 32.3653], [-111.0127, 32.3641], [-111.0127, 32.3522], [-111.017, 32.3522], [-111.0171, 32.348], [-111.015, 32.3471], [-111.0247, 32.348], [-111.0324, 32.3543], [-111.0364, 32.3553], [-111.0352, 32.3568], [-111.0395, 32.3588], [-111.0897, 32.3589], [-111.1091, 32.3793]]]}}, {"type": "Feature", "properties": {"zip": "85388", "total": 1874, "q1": 409, "q2": 462, "q3": 497, "q4": 506, "pop": 7979, "acsPriv": 837, "seats": 0}, "geometry": {"type": "Polygon", "coordinates": [[[-112.4701, 33.5807], [-112.4688, 33.5931], [-112.4593, 33.6074], [-112.4592, 33.6129], [-112.4573, 33.617], [-112.4594, 33.6284], [-112.4578, 33.6322], [-112.4586, 33.6363], [-112.455, 33.6385], [-112.4181, 33.6389], [-112.4187, 33.6243], [-112.4116, 33.6242], [-112.4117, 33.6262], [-112.4136, 33.6251], [-112.4136, 33.6266], [-112.4172, 33.6266], [-112.4175, 33.6303], [-112.4147, 33.6296], [-112.4146, 33.631], [-112.4175, 33.6311], [-112.416, 33.6325], [-112.4175, 33.6326], [-112.4174, 33.6347], [-112.4095, 33.6336], [-112.4095, 33.6097], [-112.3938, 33.6096], [-112.3938, 33.5951], [-112.4096, 33.5954], [-112.4096, 33.5807], [-112.4701, 33.5807]]]}}, {"type": "Feature", "properties": {"zip": "86322", "total": 766, "q1": 160, "q2": 194, "q3": 203, "q4": 209, "pop": 2357, "acsPriv": 669, "seats": 221}, "geometry": {"type": "Polygon", "coordinates": [[[-112.0304, 34.4565], [-112.0191, 34.4797], [-112.0091, 34.4885], [-111.9998, 34.5042], [-111.9783, 34.5321], [-111.9734, 34.5338], [-111.9596, 34.5338], [-111.9491, 34.5298], [-111.9244, 34.5387], [-111.9135, 34.5388], [-111.9088, 34.5424], [-111.9098, 34.5489], [-111.9085, 34.5563], [-111.9061, 34.5604], [-111.8997, 34.5654], [-111.9619, 34.6327], [-111.9552, 34.6328], [-111.9521, 34.6357], [-111.9466, 34.6372], [-111.9382, 34.6368], [-111.9308, 34.6423], [-111.9381, 34.6536], [-111.9399, 34.6592], [-111.8697, 34.6583], [-111.8697, 34.6563], [-111.8536, 34.6566], [-111.8532, 34.6128], [-111.8478, 34.6132], [-111.8477, 34.6162], [-111.8432, 34.6201], [-111.8388, 34.6183], [-111.8388, 34.6165], [-111.8343, 34.6165], [-111.8342, 34.6138], [-111.8257, 34.6132], [-111.8257, 34.6056], [-111.8291, 34.6055], [-111.8262, 34.603], [-111.8226, 34.6026], [-111.8154, 34.6062], [-111.8095, 34.6062], [-111.8036, 34.6026], [-111.7936, 34.5902], [-111.7889, 34.5915], [-111.7865, 34.5898], [-111.7831, 34.5904], [-111.783, 34.5811], [-111.7852, 34.5799], [-111.7858, 34.577], [-111.7763, 34.5717], [-111.77, 34.5719], [-111.7706, 34.5735], [-111.7689, 34.5757], [-111.7635, 34.5777], [-111.7534, 34.5756], [-111.7487, 34.5775], [-111.7462, 34.5806], [-111.7438, 34.5806], [-111.7422, 34.5851], [-111.7347, 34.5874], [-111.7367, 34.5923], [-111.7308, 34.5927], [-111.733, 34.5893], [-111.7323, 34.5764], [-111.7402, 34.5625], [-111.7447, 34.5506], [-111.7502, 34.5459], [-111.7582, 34.5429], [-111.7607, 34.5391], [-111.7731, 34.5341], [-111.777, 34.5288], [-111.7751, 34.5288], [-111.7751, 34.5253], [-111.7668, 34.5253], [-111.7668, 34.5077], [-111.7593, 34.5059], [-111.7491, 34.512], [-111.7447, 34.5124], [-111.7401, 34.5088], [-111.7306, 34.5069], [-111.7237, 34.5036], [-111.7143, 34.4945], [-111.705, 34.4915], [-111.7004, 34.4862], [-111.6832, 34.4956], [-111.6633, 34.5102], [-111.6603, 34.5098], [-111.6553, 34.5145], [-111.6372, 34.5055], [-111.6326, 34.4994], [-111.6236, 34.4986], [-111.6212, 34.5005], [-111.6182, 34.5], [-111.6084, 34.5078], [-111.5977, 34.5082], [-111.5922, 34.5109], [-111.5949, 34.5161], [-111.5973, 34.5173], [-111.5955, 34.5202], [-111.5959, 34.5229], [-111.5863, 34.5258], [-111.589, 34.5286], [-111.5861, 34.5345], [-111.5749, 34.5395], [-111.563, 34.5351], [-111.5533, 34.5365], [-111.5542, 34.4394], [-111.5558, 34.4374], [-111.562, 34.4354], [-111.5634, 34.432], [-111.5718, 34.4298], [-111.5729, 34.4233], [-111.5757, 34.4229], [-111.5767, 34.4206], [-111.5812, 34.4196], [-111.5828, 34.4216], [-111.5874, 34.4202], [-111.5913, 34.4221], [-111.5929, 34.4191], [-111.596, 34.4209], [-111.598, 34.4189], [-111.601, 34.4193], [-111.6051, 34.4155], [-111.6047, 34.4117], [-111.609, 34.41], [-111.6114, 34.4054], [-111.6154, 34.4051], [-111.6185, 34.4009], [-111.6248, 34.4], [-111.6276, 34.397], [-111.6303, 34.3975], [-111.6303, 34.3934], [-111.6358, 34.3925], [-111.6417, 34.3943], [-111.6432, 34.392], [-111.6476, 34.393], [-111.649, 34.39], [-111.6553, 34.3875], [-111.6637, 34.3868], [-111.6657, 34.3833], [-111.6636, 34.3803], [-111.6641, 34.3782], [-111.6962, 34.3428], [-111.6969, 34.3466], [-111.7037, 34.3527], [-111.7394, 34.3529], [-111.7468, 34.3504], [-111.7492, 34.3515], [-111.7544, 34.3504], [-111.7562, 34.3523], [-111.7865, 34.3516], [-111.7985, 34.3484], [-111.8105, 34.3587], [-111.8119, 34.3637], [-111.8148, 34.3637], [-111.8171, 34.3657], [-111.824, 34.3638], [-111.8402, 34.3691], [-111.9786, 34.3694], [-111.9857, 34.3725], [-111.9853, 34.4201], [-111.9909, 34.4204], [-111.9997, 34.4306], [-111.9975, 34.434], [-111.9924, 34.4338], [-111.9916, 34.4374], [-111.9853, 34.4428], [-111.9853, 34.4564], [-112.0304, 34.4565]]]}}, {"type": "Feature", "properties": {"zip": "85737", "total": 1117, "q1": 268, "q2": 272, "q3": 292, "q4": 285, "pop": 3072, "acsPriv": 382, "seats": 84}, "geometry": {"type": "Polygon", "coordinates": [[[-111.0128, 32.3826], [-111.0129, 32.4238], [-110.9642, 32.4241], [-110.9468, 32.4272], [-110.9464, 32.4257], [-110.9408, 32.4232], [-110.9396, 32.4271], [-110.9347, 32.4269], [-110.9335, 32.4502], [-110.9287, 32.4589], [-110.9265, 32.459], [-110.9265, 32.4513], [-110.9214, 32.4514], [-110.9216, 32.4606], [-110.9102, 32.4607], [-110.9099, 32.453], [-110.8891, 32.4531], [-110.8891, 32.4557], [-110.8763, 32.4545], [-110.876, 32.4386], [-110.8929, 32.4385], [-110.8931, 32.4098], [-110.9102, 32.4099], [-110.9108, 32.3951], [-110.9273, 32.395], [-110.9269, 32.3803], [-110.9525, 32.3806], [-110.9527, 32.3916], [-110.9629, 32.3922], [-110.9642, 32.3882], [-110.9667, 32.3881], [-110.9664, 32.3846], [-110.9641, 32.3846], [-110.9641, 32.3809], [-110.9829, 32.3818], [-110.988, 32.3807], [-110.988, 32.388], [-110.9958, 32.3844], [-110.9958, 32.3797], [-111.0022, 32.3732], [-111.0096, 32.3735], [-111.0076, 32.379], [-111.0043, 32.379], [-111.0043, 32.3826], [-111.0128, 32.3826]]]}}, {"type": "Feature", "properties": {"zip": "85601", "total": 38, "q1": 7, "q2": 7, "q3": 12, "q4": 12, "pop": 28, "acsPriv": 0, "seats": 0}, "geometry": {"type": "Polygon", "coordinates": [[[-111.4949, 31.5643], [-111.49, 31.5653], [-111.4861, 31.5711], [-111.4799, 31.5698], [-111.4712, 31.5741], [-111.4634, 31.5716], [-111.4542, 31.5717], [-111.4456, 31.5691], [-111.4441, 31.57], [-111.444, 31.5771], [-111.4489, 31.5829], [-111.4497, 31.5873], [-111.447, 31.6001], [-111.4482, 31.6052], [-111.4449, 31.6094], [-111.4426, 31.6168], [-111.442, 31.623], [-111.4442, 31.6295], [-111.4386, 31.6532], [-111.4399, 31.6652], [-111.4356, 31.6785], [-111.435, 31.6842], [-111.4367, 31.6879], [-111.4325, 31.6886], [-111.4309, 31.6906], [-111.4261, 31.6891], [-111.4171, 31.6924], [-111.4162, 31.691], [-111.4097, 31.6922], [-111.3922, 31.6815], [-111.3916, 31.6774], [-111.3894, 31.6766], [-111.3787, 31.681], [-111.3772, 31.6855], [-111.378, 31.6896], [-111.3734, 31.693], [-111.3529, 31.6957], [-111.35, 31.6949], [-111.3464, 31.6903], [-111.3408, 31.6892], [-111.3359, 31.6907], [-111.3327, 31.6894], [-111.3304, 31.6856], [-111.3327, 31.6836], [-111.332, 31.6801], [-111.3261, 31.6711], [-111.3212, 31.6692], [-111.3263, 31.6607], [-111.3223, 31.657], [-111.31, 31.66], [-111.2972, 31.66], [-111.2986, 31.6572], [-111.2967, 31.6487], [-111.2928, 31.646], [-111.2841, 31.6469], [-111.2781, 31.6406], [-111.2722, 31.6453], [-111.2665, 31.6449], [-111.2523, 31.6382], [-111.2477, 31.6345], [-111.2395, 31.6362], [-111.2387, 31.6347], [-111.2418, 31.6342], [-111.2438, 31.6318], [-111.2362, 31.6281], [-111.2369, 31.6193], [-111.2341, 31.6117], [-111.2263, 31.6084], [-111.218, 31.611], [-111.2121, 31.6091], [-111.2087, 31.61], [-111.2078, 31.6065], [-111.1957, 31.607], [-111.1923, 31.6049], [-111.1906, 31.6071], [-111.1861, 31.6027], [-111.1809, 31.6015], [-111.179, 31.5935], [-111.1769, 31.5928], [-111.1776, 31.5917], [-111.1704, 31.588], [-111.1642, 31.5892], [-111.1643, 31.5504], [-111.1629, 31.5438], [-111.1637, 31.5217], [-111.3669, 31.5214], [-111.3668, 31.495], [-111.3694, 31.4959], [-111.3763, 31.4911], [-111.3771, 31.4872], [-111.3799, 31.4844], [-111.396, 31.4822], [-111.3985, 31.4758], [-111.4036, 31.4731], [-111.4068, 31.4687], [-111.4105, 31.4664], [-111.4161, 31.4658], [-111.4161, 31.5025], [-111.4292, 31.5022], [-111.433, 31.505], [-111.4357, 31.5044], [-111.4367, 31.5065], [-111.4355, 31.5119], [-111.4399, 31.5191], [-111.4605, 31.527], [-111.4656, 31.5326], [-111.4684, 31.5393], [-111.4777, 31.5458], [-111.4834, 31.5537], [-111.4949, 31.5643]]]}}, {"type": "Feature", "properties": {"zip": "85336", "total": 51, "q1": 12, "q2": 15, "q3": 12, "q4": 12, "pop": 1205, "acsPriv": 0, "seats": 0}, "geometry": {"type": "MultiPolygon", "coordinates": [[[[-114.7782, 32.5055], [-114.7679, 32.5035], [-114.7641, 32.5079], [-114.7654, 32.5093], [-114.7651, 32.5161], [-114.7583, 32.5198], [-114.7526, 32.5198], [-114.7525, 32.5161], [-114.745, 32.5224], [-114.7383, 32.5227], [-114.7353, 32.5213], [-114.7355, 32.4947], [-114.7524, 32.4943], [-114.7525, 32.509], [-114.7579, 32.5089], [-114.761, 32.4979], [-114.7567, 32.498], [-114.7567, 32.492], [-114.753, 32.4928], [-114.7524, 32.4874], [-114.7567, 32.4875], [-114.7567, 32.4899], [-114.7603, 32.4899], [-114.7609, 32.4876], [-114.761, 32.4943], [-114.778, 32.4942], [-114.7775, 32.4978], [-114.7743, 32.4978], [-114.7743, 32.496], [-114.7695, 32.496], [-114.7698, 32.4984], [-114.7736, 32.5], [-114.7782, 32.5055]]], [[[-114.8163, 32.5078], [-114.8141, 32.5092], [-114.808, 32.5087], [-114.8023, 32.5125], [-114.8023, 32.5158], [-114.8102, 32.5183], [-114.8105, 32.5221], [-114.8132, 32.5248], [-114.802, 32.5363], [-114.8018, 32.5397], [-114.8046, 32.5417], [-114.8055, 32.5467], [-114.7939, 32.552], [-114.7918, 32.5554], [-114.7919, 32.5668], [-114.7899, 32.5672], [-114.787, 32.5636], [-114.7816, 32.5635], [-114.7816, 32.5618], [-114.7698, 32.5618], [-114.7698, 32.5459], [-114.7869, 32.5452], [-114.7866, 32.5087], [-114.7968, 32.5086], [-114.7938, 32.5], [-114.7951, 32.4958], [-114.7952, 32.4942], [-114.7949, 32.4953], [-114.791, 32.4953], [-114.7909, 32.4942], [-114.7858, 32.4942], [-114.7845, 32.487], [-114.7823, 32.487], [-114.7823, 32.4905], [-114.7796, 32.4905], [-114.7785, 32.4935], [-114.7791, 32.487], [-114.7733, 32.4869], [-114.7733, 32.489], [-114.7689, 32.4882], [-114.7695, 32.4813], [-114.8137, 32.4941], [-114.8124, 32.5003], [-114.8163, 32.5078]], [[-114.7946, 32.4933], [-114.7945, 32.4916], [-114.7917, 32.4909], [-114.7917, 32.4937], [-114.7946, 32.4933]], [[-114.7898, 32.4938], [-114.7889, 32.4931], [-114.789, 32.4938], [-114.7898, 32.4938]]]]}}, {"type": "Feature", "properties": {"zip": "85325", "total": 15, "q1": 4, "q2": 4, "q3": 4, "q4": 3, "pop": 78, "acsPriv": 41, "seats": 0}, "geometry": {"type": "Polygon", "coordinates": [[[-114.1632, 33.6704], [-114.1331, 33.6788], [-114.1254, 33.7], [-114.1237, 33.7095], [-114.1174, 33.7215], [-114.1111, 33.746], [-114.0985, 33.7693], [-114.0998, 33.7707], [-114.0973, 33.7761], [-114.0984, 33.7818], [-114.1086, 33.782], [-114.1125, 33.7835], [-114.117, 33.7936], [-114.1246, 33.801], [-114.1254, 33.8087], [-114.1216, 33.8226], [-114.1222, 33.8267], [-114.1191, 33.8294], [-114.1178, 33.8395], [-114.1142, 33.8395], [-114.114, 33.8519], [-114.0978, 33.8602], [-114.0934, 33.865], [-114.0865, 33.8672], [-114.0871, 33.87], [-114.0976, 33.8795], [-114.0974, 33.884], [-114.0991, 33.8877], [-114.0941, 33.8955], [-114.095, 33.9021], [-114.0919, 33.9104], [-114.0984, 33.9093], [-114.0985, 33.9144], [-114.0939, 33.9241], [-114.104, 33.9333], [-114.1, 33.9359], [-114.0974, 33.9408], [-114.0945, 33.9389], [-114.0931, 33.9411], [-114.0896, 33.9412], [-114.0777, 33.9374], [-114.0833, 33.9458], [-114.085, 33.9555], [-114.0837, 33.9648], [-114.078, 33.9699], [-114.0804, 33.9835], [-114.0784, 33.983], [-114.0789, 33.9847], [-114.0749, 33.9886], [-114.0495, 33.9766], [-114.0435, 33.9801], [-114.0338, 33.9895], [-114.0188, 33.9895], [-114.0107, 33.9955], [-114.0004, 34.0087], [-113.9997, 34.0134], [-113.9961, 34.0199], [-113.9862, 34.0276], [-113.9835, 34.0271], [-113.9653, 34.0387], [-113.975, 34.0511], [-113.9951, 34.0706], [-114.0029, 34.0894], [-114.002, 34.095], [-114.0058, 34.0986], [-114.0097, 34.1079], [-114.0135, 34.1108], [-114.0184, 34.1105], [-114.0233, 34.1129], [-114.0511, 34.1155], [-114.0632, 34.121], [-114.0658, 34.1207], [-114.0672, 34.1252], [-114.0747, 34.1252], [-114.0717, 34.1289], [-114.047, 34.138], [-114.0415, 34.1465], [-113.9616, 34.1091], [-113.9501, 34.1131], [-113.9419, 34.1192], [-113.9418, 34.1212], [-113.9351, 34.1275], [-113.93, 34.1302], [-113.929, 34.1363], [-113.9188, 34.1467], [-113.9161, 34.1585], [-113.9131, 34.1644], [-113.9087, 34.1603], [-113.9025, 34.1587], [-113.8955, 34.1535], [-113.8819, 34.1527], [-113.8696, 34.1622], [-113.8638, 34.1615], [-113.8631, 34.1633], [-113.8559, 34.1649], [-113.8489, 34.1693], [-113.8431, 34.169], [-113.8408, 34.1729], [-113.8382, 34.1737], [-113.8377, 34.1767], [-113.8314, 34.1844], [-113.8243, 34.1861], [-113.8163, 34.1966], [-113.8142, 34.1963], [-113.8112, 34.1986], [-113.8057, 34.198], [-113.8061, 34.2025], [-113.8026, 34.2022], [-113.7989, 34.2052], [-113.7985, 34.2177], [-113.7937, 34.224], [-113.791, 34.2348], [-113.7812, 34.2292], [-113.7747, 34.2289], [-113.7578, 34.2367], [-113.7439, 34.2401], [-113.7323, 34.241], [-113.727, 34.2336], [-113.7229, 34.2232], [-113.7147, 34.2213], [-113.715, 34.2184], [-113.7074, 34.2152], [-113.7054, 34.2105], [-113.6828, 34.2096], [-113.6794, 34.2098], [-113.6742, 34.2132], [-113.6663, 34.2136], [-113.664, 34.2121], [-113.6587, 34.2176], [-113.6548, 34.2167], [-113.6483, 34.222], [-113.6456, 34.2207], [-113.6434, 34.2236], [-113.6443, 34.2261], [-113.6418, 34.2276], [-113.6389, 34.223], [-113.6359, 34.2248], [-113.6342, 34.224], [-113.6263, 34.2292], [-113.6173, 34.2274], [-113.6118, 34.2311], [-113.6075, 34.2317], [-113.6059, 34.2293], [-113.6022, 34.2319], [-113.6001, 34.2296], [-113.5979, 34.2317], [-113.5931, 34.2327], [-113.5873, 34.2293], [-113.5772, 34.2278], [-113.5738, 34.2284], [-113.567, 34.2347], [-113.5598, 34.2367], [-113.5297, 34.2211], [-113.5095, 34.2029], [-113.5048, 34.2017], [-113.497, 34.2031], [-113.4913, 34.1974], [-113.4921, 34.1893], [-113.4869, 34.183], [-113.4862, 34.1794], [-113.4917, 34.1718], [-113.497, 34.16], [-113.5082, 34.1453], [-113.5203, 34.1359], [-113.5266, 34.1284], [-113.5466, 34.114], [-113.5496, 34.0925], [-113.5582, 34.0603], [-113.5617, 34.0494], [-113.5705, 34.0365], [-113.5821, 33.9977], [-113.5829, 33.9855], [-113.5814, 33.9832], [-113.585, 33.9694], [-113.6648, 33.9963], [-113.6645, 33.9859], [-113.766, 33.9858], [-113.7667, 33.7827], [-113.7722, 33.7793], [-113.7751, 33.7723], [-113.7827, 33.7622], [-113.7948, 33.7727], [-113.8356, 33.8015], [-113.8356, 33.7974], [-113.8573, 33.7973], [-113.8558, 33.7925], [-113.8483, 33.7925], [-113.8442, 33.79], [-113.8356, 33.7899], [-113.8356, 33.7854], [-113.8328, 33.7861], [-113.8326, 33.784], [-113.8356, 33.7834], [-113.8356, 33.7756], [-113.8535, 33.7755], [-113.8706, 33.7791], [-113.871, 33.7832], [-113.9758, 33.782], [-113.9758, 33.724], [-113.9575, 33.7242], [-113.9572, 33.6765], [-114.0068, 33.6645], [-114.0107, 33.6614], [-114.0333, 33.665], [-114.0578, 33.6769], [-114.0841, 33.6794], [-114.1135, 33.6779], [-114.1632, 33.6704]]]}}, {"type": "Feature", "properties": {"zip": "85173", "total": 36, "q1": 10, "q2": 12, "q3": 8, "q4": 6, "pop": 199, "acsPriv": 0, "seats": 0}, "geometry": {"type": "Polygon", "coordinates": [[[-111.3007, 33.258], [-111.2939, 33.2614], [-111.2817, 33.2744], [-111.269, 33.2805], [-111.2691, 33.2922], [-111.2658, 33.2922], [-111.2656, 33.2992], [-111.2573, 33.2971], [-111.2449, 33.3014], [-111.2461, 33.3028], [-111.2381, 33.3062], [-111.2262, 33.3186], [-111.2206, 33.3208], [-111.2152, 33.3185], [-111.2022, 33.317], [-111.2025, 33.3148], [-111.1991, 33.313], [-111.1999, 33.3106], [-111.1983, 33.3061], [-111.1939, 33.305], [-111.194, 33.3006], [-111.1886, 33.2972], [-111.1887, 33.2948], [-111.1939, 33.2899], [-111.1709, 33.2851], [-111.1457, 33.2853], [-111.1356, 33.2835], [-111.1246, 33.2852], [-111.1203, 33.2911], [-111.1214, 33.2945], [-111.1177, 33.295], [-111.1115, 33.2995], [-111.0949, 33.3064], [-111.0931, 33.3045], [-111.0811, 33.3038], [-111.0579, 33.3133], [-111.059, 33.3114], [-111.0556, 33.3112], [-111.055, 33.3093], [-111.0483, 33.3063], [-111.0507, 33.3044], [-111.0495, 33.3026], [-111.05, 33.295], [-111.0483, 33.2924], [-111.0504, 33.2924], [-111.0504, 33.2503], [-111.0421, 33.2502], [-111.0413, 33.2478], [-111.0439, 33.2423], [-111.0331, 33.2278], [-111.033, 33.2066], [-111.0595, 33.2068], [-111.0624, 33.2129], [-111.0681, 33.2164], [-111.0702, 33.2202], [-111.0752, 33.2207], [-111.0776, 33.2248], [-111.0848, 33.2255], [-111.089, 33.2294], [-111.093, 33.229], [-111.0927, 33.2306], [-111.0989, 33.2358], [-111.1025, 33.2354], [-111.105, 33.2371], [-111.1043, 33.2384], [-111.1091, 33.2424], [-111.1111, 33.2462], [-111.1102, 33.2483], [-111.1127, 33.2502], [-111.1125, 33.2527], [-111.1149, 33.2542], [-111.1195, 33.2538], [-111.1213, 33.256], [-111.1209, 33.2579], [-111.1243, 33.2599], [-111.1268, 33.2596], [-111.1279, 33.2568], [-111.1304, 33.256], [-111.1365, 33.2572], [-111.1405, 33.251], [-111.1469, 33.2524], [-111.1489, 33.2503], [-111.1491, 33.2469], [-111.1464, 33.2441], [-111.1469, 33.2414], [-111.1445, 33.2352], [-111.1471, 33.2335], [-111.1462, 33.2256], [-111.1486, 33.2084], [-111.1504, 33.207], [-111.1517, 33.2094], [-111.1542, 33.2074], [-111.1556, 33.2109], [-111.1644, 33.2127], [-111.1639, 33.2493], [-111.1746, 33.2494], [-111.1787, 33.26], [-111.1753, 33.2682], [-111.1777, 33.2729], [-111.1807, 33.269], [-111.1869, 33.2687], [-111.1849, 33.2734], [-111.1909, 33.2721], [-111.2023, 33.2746], [-111.2166, 33.2725], [-111.2308, 33.2762], [-111.2469, 33.2703], [-111.2544, 33.2649], [-111.2641, 33.263], [-111.2729, 33.2637], [-111.2831, 33.2599], [-111.3007, 33.258]]]}}, {"type": "Feature", "properties": {"zip": "85375", "total": 81, "q1": 18, "q2": 19, "q3": 24, "q4": 20, "pop": 152, "acsPriv": 21, "seats": 11}, "geometry": {"type": "Polygon", "coordinates": [[[-112.404, 33.6805], [-112.3889, 33.6924], [-112.3752, 33.6957], [-112.3619, 33.6962], [-112.3528, 33.6984], [-112.334, 33.6983], [-112.3339, 33.6948], [-112.3323, 33.6954], [-112.3321, 33.6935], [-112.3338, 33.6934], [-112.3342, 33.6821], [-112.3252, 33.6822], [-112.3247, 33.6387], [-112.3394, 33.6387], [-112.342, 33.6434], [-112.3555, 33.6459], [-112.3568, 33.6448], [-112.3492, 33.6387], [-112.3504, 33.6387], [-112.404, 33.6805]]]}}, {"type": "Feature", "properties": {"zip": "85602", "total": 426, "q1": 95, "q2": 104, "q3": 113, "q4": 114, "pop": 1489, "acsPriv": 260, "seats": 0}, "geometry": {"type": "Polygon", "coordinates": [[[-110.6957, 32.471], [-110.6956, 32.4887], [-110.6866, 32.4888], [-110.6838, 32.4914], [-110.6833, 32.4934], [-110.6849, 32.4947], [-110.6822, 32.4978], [-110.6681, 32.4899], [-110.6688, 32.4883], [-110.6565, 32.49], [-110.6582, 32.4915], [-110.6391, 32.4954], [-110.639, 32.4969], [-110.6328, 32.4985], [-110.6324, 32.4998], [-110.6194, 32.5032], [-110.5961, 32.5132], [-110.5896, 32.5122], [-110.5842, 32.5138], [-110.4515, 32.514], [-110.4515, 32.4275], [-110.269, 32.4266], [-110.2716, 32.4166], [-110.2709, 32.4014], [-110.2677, 32.3987], [-110.2673, 32.3928], [-110.265, 32.3888], [-110.2576, 32.3841], [-110.2541, 32.384], [-110.2516, 32.3779], [-110.2504, 32.2674], [-110.1942, 32.2671], [-110.1928, 32.2722], [-110.1871, 32.2741], [-110.1885, 32.276], [-110.163, 32.2787], [-110.1498, 32.2885], [-110.1374, 32.2882], [-110.1276, 32.2826], [-110.1027, 32.259], [-110.0763, 32.2294], [-110.0852, 32.2305], [-110.0885, 32.2262], [-110.1027, 32.2167], [-110.1166, 32.2172], [-110.1316, 32.2039], [-110.1376, 32.1953], [-110.144, 32.1917], [-110.152, 32.1913], [-110.1606, 32.1966], [-110.1828, 32.1998], [-110.1914, 32.204], [-110.2023, 32.1992], [-110.2059, 32.2002], [-110.2074, 32.1948], [-110.2052, 32.191], [-110.2044, 32.1785], [-110.2021, 32.1758], [-110.1966, 32.174], [-110.1922, 32.1744], [-110.1896, 32.1727], [-110.1861, 32.1745], [-110.1834, 32.1706], [-110.1743, 32.1658], [-110.172, 32.1616], [-110.1635, 32.1615], [-110.1628, 32.1591], [-110.1724, 32.1412], [-110.1757, 32.1386], [-110.1761, 32.1314], [-110.182, 32.1237], [-110.183, 32.1173], [-110.1875, 32.1171], [-110.1852, 32.1143], [-110.1859, 32.111], [-110.1889, 32.1081], [-110.1942, 32.1062], [-110.195, 32.1029], [-110.2003, 32.1015], [-110.1995, 32.0939], [-110.2057, 32.0915], [-110.2053, 32.0888], [-110.2192, 32.0646], [-110.2276, 32.0598], [-110.2226, 32.0565], [-110.2182, 32.0566], [-110.2123, 32.0507], [-110.2051, 32.0512], [-110.195, 32.0574], [-110.19, 32.0533], [-110.1746, 32.0504], [-110.163, 32.0407], [-110.155, 32.0417], [-110.1522, 32.0402], [-110.1605, 32.0382], [-110.1626, 32.032], [-110.1612, 32.0286], [-110.154, 32.0299], [-110.1588, 32.027], [-110.163, 32.0185], [-110.1615, 32.0083], [-110.1627, 32.0034], [-110.162, 31.9991], [-110.1476, 31.9997], [-110.1466, 31.9494], [-110.1691, 31.9484], [-110.1794, 31.9438], [-110.1865, 31.9352], [-110.1955, 31.9295], [-110.2101, 31.9286], [-110.2164, 31.9259], [-110.2209, 31.9279], [-110.2298, 31.9253], [-110.2373, 31.926], [-110.2438, 31.9232], [-110.2467, 31.9199], [-110.2484, 31.92], [-110.258, 31.9366], [-110.2592, 31.9414], [-110.2584, 31.946], [-110.2604, 31.9491], [-110.273, 31.9491], [-110.2734, 31.9448], [-110.2792, 31.9448], [-110.2813, 31.9471], [-110.2798, 31.9452], [-110.2817, 31.9452], [-110.2817, 31.9307], [-110.2842, 31.9329], [-110.2905, 31.9269], [-110.2981, 31.9238], [-110.3015, 31.9207], [-110.3245, 31.9117], [-110.3354, 31.9032], [-110.3413, 31.9011], [-110.3415, 31.8487], [-110.3499, 31.8045], [-110.3503, 31.7816], [-110.3675, 31.779], [-110.3675, 31.7596], [-110.3845, 31.7597], [-110.3843, 31.7449], [-110.4523, 31.7445], [-110.4509, 31.914], [-110.4632, 31.9269], [-110.466, 31.9366], [-110.4655, 31.9445], [-110.469, 31.9476], [-110.5827, 31.9469], [-110.5843, 31.948], [-110.5777, 31.948], [-110.5727, 31.9533], [-110.5693, 31.9593], [-110.5705, 31.9675], [-110.5448, 31.9637], [-110.5305, 31.9634], [-110.5279, 31.9615], [-110.5264, 31.963], [-110.5272, 31.9729], [-110.5252, 31.9749], [-110.5191, 31.9748], [-110.5144, 31.9774], [-110.5122, 31.9766], [-110.514, 31.9776], [-110.5117, 31.9789], [-110.5061, 31.9786], [-110.4968, 31.9816], [-110.481, 31.9784], [-110.4706, 31.9842], [-110.4515, 31.9874], [-110.4515, 31.99], [-110.4548, 31.9898], [-110.482, 31.9812], [-110.4997, 31.9888], [-110.5095, 31.9901], [-110.5175, 31.9937], [-110.5285, 31.9943], [-110.5269, 32.0023], [-110.5283, 32.0058], [-110.5269, 32.0095], [-110.5273, 32.0388], [-110.5244, 32.0379], [-110.5205, 32.0326], [-110.5128, 32.0276], [-110.4871, 32.0253], [-110.4697, 32.0342], [-110.471, 32.0351], [-110.4712, 32.043], [-110.4683, 32.0494], [-110.5453, 32.0487], [-110.5454, 32.056], [-110.5536, 32.0559], [-110.553, 32.1066], [-110.499, 32.1064], [-110.4985, 32.2368], [-110.5529, 32.2372], [-110.5528, 32.2348], [-110.6698, 32.2351], [-110.6697, 32.2529], [-110.6676, 32.2547], [-110.6648, 32.2539], [-110.6615, 32.2563], [-110.6568, 32.2569], [-110.6548, 32.2611], [-110.6533, 32.2603], [-110.6528, 32.2624], [-110.6514, 32.2611], [-110.6506, 32.2639], [-110.6493, 32.2618], [-110.6461, 32.2636], [-110.6469, 32.2666], [-110.6438, 32.2693], [-110.6381, 32.2711], [-110.6374, 32.2759], [-110.6337, 32.2772], [-110.633, 32.2856], [-110.6301, 32.2911], [-110.6234, 32.2937], [-110.6218, 32.2955], [-110.6221, 32.2996], [-110.6187, 32.3031], [-110.6132, 32.3033], [-110.6082, 32.3069], [-110.601, 32.3076], [-110.599, 32.3073], [-110.5976, 32.3023], [-110.5893, 32.3041], [-110.5863, 32.3033], [-110.5746, 32.306], [-110.5689, 32.3104], [-110.5608, 32.313], [-110.5525, 32.3132], [-110.5532, 32.3696], [-110.5707, 32.3696], [-110.5706, 32.3844], [-110.5876, 32.3844], [-110.5877, 32.3989], [-110.6046, 32.3988], [-110.6047, 32.4421], [-110.6218, 32.442], [-110.6217, 32.4565], [-110.6387, 32.4567], [-110.6388, 32.471], [-110.6957, 32.471]], [[-110.2986, 32.0176], [-110.296, 32.0139], [-110.2901, 32.014], [-110.2901, 31.9997], [-110.2858, 31.9997], [-110.2858, 31.9926], [-110.2731, 31.9923], [-110.2731, 31.9888], [-110.2702, 31.9888], [-110.2647, 31.9843], [-110.2459, 31.9866], [-110.2131, 31.998], [-110.2011, 32.0093], [-110.1852, 32.0165], [-110.1837, 32.0181], [-110.1858, 32.018], [-110.1841, 32.0195], [-110.1748, 32.021], [-110.2986, 32.0218], [-110.2986, 32.0176]]]}}, {"type": "Feature", "properties": {"zip": "85701", "total": 92, "q1": 21, "q2": 21, "q3": 25, "q4": 25, "pop": 461, "acsPriv": 35, "seats": 0}, "geometry": {"type": "Polygon", "coordinates": [[[-110.9823, 32.2294], [-110.9795, 32.2282], [-110.9801, 32.2292], [-110.9777, 32.2299], [-110.9717, 32.2277], [-110.9717, 32.2264], [-110.9612, 32.2204], [-110.9565, 32.2154], [-110.9605, 32.2146], [-110.9598, 32.2108], [-110.9639, 32.2095], [-110.9654, 32.2068], [-110.9794, 32.2067], [-110.98, 32.22], [-110.9823, 32.2294]]]}}, {"type": "Feature", "properties": {"zip": "85630", "total": 142, "q1": 30, "q2": 35, "q3": 38, "q4": 39, "pop": 329, "acsPriv": 41, "seats": 0}, "geometry": {"type": "Polygon", "coordinates": [[[-110.3503, 31.7816], [-110.3496, 31.8061], [-110.3415, 31.8487], [-110.3413, 31.9011], [-110.3354, 31.9032], [-110.3245, 31.9117], [-110.3015, 31.9207], [-110.2981, 31.9238], [-110.2905, 31.9269], [-110.2842, 31.9329], [-110.2817, 31.9307], [-110.2817, 31.9452], [-110.2798, 31.9452], [-110.281, 31.9466], [-110.2812, 31.9468], [-110.2813, 31.9471], [-110.2792, 31.9448], [-110.2734, 31.9448], [-110.273, 31.9491], [-110.2604, 31.9491], [-110.2584, 31.946], [-110.2592, 31.9414], [-110.258, 31.9367], [-110.2483, 31.92], [-110.2373, 31.926], [-110.2298, 31.9253], [-110.2209, 31.9279], [-110.2164, 31.9259], [-110.2101, 31.9286], [-110.1959, 31.9294], [-110.1867, 31.935], [-110.1794, 31.9438], [-110.1692, 31.9484], [-110.1466, 31.9494], [-110.1471, 31.9785], [-110.1273, 31.9784], [-110.1243, 31.9831], [-110.1156, 31.9839], [-110.1119, 31.9878], [-110.0953, 31.9929], [-110.0608, 31.9928], [-110.0611, 31.9344], [-110.0438, 31.9346], [-110.044, 31.922], [-110.0377, 31.9212], [-110.0438, 31.9138], [-110.0436, 31.8664], [-110.0579, 31.8581], [-110.059, 31.8562], [-110.0571, 31.8531], [-110.0609, 31.8517], [-110.0628, 31.8536], [-110.0696, 31.8515], [-110.0901, 31.8407], [-110.0944, 31.8441], [-110.105, 31.8449], [-110.1339, 31.8374], [-110.1445, 31.8317], [-110.1564, 31.8182], [-110.1671, 31.8169], [-110.1626, 31.8075], [-110.1533, 31.7942], [-110.1546, 31.7936], [-110.1584, 31.7932], [-110.1614, 31.8002], [-110.1761, 31.8084], [-110.1757, 31.8098], [-110.177, 31.8091], [-110.1822, 31.8121], [-110.1872, 31.8189], [-110.1922, 31.8195], [-110.196, 31.8236], [-110.2166, 31.8317], [-110.2401, 31.8491], [-110.244, 31.8452], [-110.2456, 31.8406], [-110.2496, 31.8383], [-110.2534, 31.8223], [-110.2714, 31.7798], [-110.3503, 31.7816]]]}}, {"type": "Feature", "properties": {"zip": "86321", "total": 124, "q1": 20, "q2": 32, "q3": 36, "q4": 36, "pop": 797, "acsPriv": 0, "seats": 0}, "geometry": {"type": "Polygon", "coordinates": [[[-113.2667, 34.4752], [-113.2641, 34.4845], [-113.261, 34.4892], [-113.2626, 34.4913], [-113.2627, 34.4964], [-113.257, 34.5066], [-113.2572, 34.5097], [-113.2598, 34.512], [-113.2543, 34.5167], [-113.2492, 34.5174], [-113.2449, 34.5227], [-113.2424, 34.523], [-113.2377, 34.5202], [-113.2363, 34.5225], [-113.2356, 34.5203], [-113.2379, 34.5194], [-113.2338, 34.52], [-113.2344, 34.523], [-113.2317, 34.5259], [-113.2348, 34.5326], [-113.2272, 34.5389], [-113.2222, 34.5479], [-113.2232, 34.5501], [-113.2269, 34.5497], [-113.2323, 34.5553], [-113.2359, 34.5563], [-113.2401, 34.5552], [-113.2416, 34.5601], [-113.2394, 34.5637], [-113.2405, 34.5667], [-113.2387, 34.5725], [-113.2432, 34.5765], [-113.2418, 34.5817], [-113.2352, 34.5825], [-113.2326, 34.5891], [-113.2198, 34.592], [-113.2191, 34.5948], [-113.2262, 34.5981], [-113.2221, 34.6035], [-113.2186, 34.6011], [-113.2145, 34.6041], [-113.2134, 34.6089], [-113.2186, 34.6165], [-113.2212, 34.6178], [-113.221, 34.6133], [-113.2233, 34.6155], [-113.2262, 34.6232], [-113.2305, 34.6276], [-113.233, 34.6334], [-113.2328, 34.6558], [-113.2247, 34.6785], [-113.2267, 34.6919], [-113.2413, 34.7058], [-113.2314, 34.7113], [-113.2273, 34.7169], [-113.2267, 34.7231], [-113.2216, 34.7313], [-113.2048, 34.7296], [-113.1928, 34.7392], [-113.1887, 34.7392], [-113.1818, 34.7507], [-113.1768, 34.7507], [-113.1709, 34.7559], [-113.1632, 34.7511], [-113.1601, 34.7515], [-113.1483, 34.7484], [-113.1451, 34.745], [-113.1451, 34.7182], [-113.0464, 34.7177], [-113.0438, 34.7149], [-113.0444, 34.7084], [-113.0467, 34.7053], [-113.0444, 34.704], [-113.0437, 34.7012], [-113.0437, 34.7052], [-113.0412, 34.708], [-113.0361, 34.7091], [-113.0274, 34.7047], [-113.0138, 34.716], [-113.0019, 34.7226], [-112.9977, 34.729], [-112.995, 34.7373], [-112.9781, 34.7419], [-112.9747, 34.7331], [-112.9631, 34.733], [-112.9538, 34.7293], [-112.9469, 34.7313], [-112.9412, 34.7304], [-112.9417, 34.7198], [-112.9389, 34.7154], [-112.9339, 34.7118], [-112.9299, 34.713], [-112.9269, 34.712], [-112.9206, 34.7057], [-112.9128, 34.7048], [-112.9123, 34.7015], [-112.9074, 34.698], [-112.9102, 34.6955], [-112.9063, 34.6932], [-112.9097, 34.6903], [-112.9077, 34.679], [-112.9106, 34.671], [-112.9074, 34.6694], [-112.9071, 34.6664], [-112.9105, 34.6624], [-112.9163, 34.6609], [-112.9165, 34.6583], [-112.9226, 34.6496], [-112.9177, 34.645], [-112.9183, 34.642], [-112.9156, 34.6402], [-112.9163, 34.6384], [-112.9132, 34.6347], [-112.9153, 34.6325], [-112.9131, 34.627], [-112.9147, 34.6215], [-112.913, 34.6195], [-112.9171, 34.6187], [-112.9182, 34.6147], [-112.928, 34.6172], [-112.93, 34.6136], [-112.9381, 34.6095], [-112.9424, 34.6037], [-112.9481, 34.5996], [-112.949, 34.5972], [-112.9477, 34.5943], [-112.9513, 34.5915], [-112.9497, 34.5879], [-112.9503, 34.5835], [-112.9551, 34.5763], [-112.9479, 34.5737], [-112.9549, 34.5708], [-112.9493, 34.5619], [-112.9545, 34.5591], [-112.9583, 34.5602], [-112.9623, 34.5521], [-112.9646, 34.5529], [-112.9667, 34.5502], [-112.9715, 34.5489], [-112.9726, 34.5438], [-112.9771, 34.544], [-112.9848, 34.5414], [-112.995, 34.5344], [-112.9885, 34.5261], [-112.9727, 34.5243], [-112.9761, 34.5182], [-112.979, 34.5054], [-112.9831, 34.4985], [-112.9823, 34.4951], [-112.9844, 34.4905], [-112.9867, 34.4895], [-112.9857, 34.4874], [-112.9875, 34.4821], [-112.9867, 34.4789], [-112.9883, 34.4793], [-112.9859, 34.4762], [-112.9921, 34.4684], [-112.9904, 34.4674], [-112.9918, 34.4661], [-113.0007, 34.4648], [-112.9916, 34.4605], [-112.991, 34.4581], [-112.9884, 34.4577], [-112.9886, 34.4558], [-112.9845, 34.4533], [-112.977, 34.4542], [-112.9759, 34.4507], [-112.9635, 34.444], [-112.9596, 34.4457], [-112.9467, 34.4431], [-112.9389, 34.4444], [-112.93, 34.4395], [-112.9237, 34.4339], [-112.9172, 34.4316], [-112.9138, 34.4271], [-112.9139, 34.4247], [-112.9063, 34.4246], [-112.913, 34.4166], [-112.9181, 34.4165], [-112.9258, 34.4058], [-112.9304, 34.3959], [-112.927, 34.3883], [-112.9183, 34.3799], [-112.9167, 34.375], [-112.9133, 34.3721], [-112.9128, 34.3663], [-112.91, 34.3621], [-112.9104, 34.3509], [-112.9148, 34.349], [-112.919, 34.344], [-112.9208, 34.3259], [-112.9174, 34.3092], [-112.9134, 34.3047], [-112.9084, 34.3022], [-112.9091, 34.301], [-112.9139, 34.3046], [-112.9202, 34.3108], [-112.923, 34.3217], [-112.9278, 34.3308], [-112.9364, 34.3631], [-112.9402, 34.368], [-112.9388, 34.3714], [-112.9401, 34.375], [-112.9469, 34.3818], [-112.9533, 34.3953], [-112.9587, 34.3997], [-112.9743, 34.4042], [-112.9893, 34.4038], [-112.9933, 34.4001], [-112.9976, 34.3999], [-113.0036, 34.3938], [-113.0093, 34.3929], [-113.0091, 34.3881], [-113.0144, 34.3883], [-113.0159, 34.385], [-113.0241, 34.382], [-113.0239, 34.3761], [-113.0334, 34.369], [-113.034, 34.3665], [-113.0412, 34.364], [-113.0519, 34.357], [-113.0624, 34.3605], [-113.0631, 34.3549], [-113.0664, 34.3553], [-113.0683, 34.3599], [-113.0666, 34.3618], [-113.0691, 34.3657], [-113.0778, 34.3669], [-113.0831, 34.3639], [-113.0882, 34.3669], [-113.0909, 34.3658], [-113.0915, 34.369], [-113.101, 34.371], [-113.1043, 34.3701], [-113.111, 34.3726], [-113.1202, 34.3667], [-113.1238, 34.3678], [-113.1262, 34.3661], [-113.1341, 34.3656], [-113.1522, 34.3707], [-113.1586, 34.3686], [-113.1675, 34.3701], [-113.1744, 34.3757], [-113.1783, 34.3818], [-113.2259, 34.4111], [-113.2379, 34.4238], [-113.2455, 34.4289], [-113.2403, 34.4366], [-113.2428, 34.4474], [-113.2417, 34.4525], [-113.2441, 34.4597], [-113.2494, 34.4618], [-113.2575, 34.462], [-113.2604, 34.4645], [-113.2646, 34.4649], [-113.2667, 34.4691], [-113.2651, 34.4719], [-113.2667, 34.4752]]]}}, {"type": "Feature", "properties": {"zip": "85615", "total": 788, "q1": 178, "q2": 192, "q3": 206, "q4": 212, "pop": 1743, "acsPriv": 285, "seats": 0}, "geometry": {"type": "Polygon", "coordinates": [[[-110.4598, 31.3507], [-110.4305, 31.3543], [-110.4236, 31.3527], [-110.4087, 31.3691], [-110.4022, 31.3804], [-110.3971, 31.3762], [-110.3889, 31.3777], [-110.3839, 31.3764], [-110.3796, 31.3781], [-110.3651, 31.3768], [-110.3613, 31.3852], [-110.3622, 31.3961], [-110.3592, 31.3999], [-110.3594, 31.435], [-110.3472, 31.4357], [-110.3432, 31.4344], [-110.3397, 31.4357], [-110.3417, 31.4409], [-110.3365, 31.446], [-110.3377, 31.4479], [-110.3355, 31.4521], [-110.3366, 31.4571], [-110.3266, 31.4632], [-110.3165, 31.4649], [-110.3088, 31.4716], [-110.3076, 31.4702], [-110.3028, 31.4731], [-110.2914, 31.4874], [-110.2911, 31.4638], [-110.2864, 31.4673], [-110.1391, 31.4673], [-110.1392, 31.466], [-110.1179, 31.4717], [-110.1213, 31.4791], [-110.1181, 31.482], [-110.108, 31.4758], [-110.1068, 31.4776], [-110.1126, 31.4845], [-110.1078, 31.4854], [-110.1026, 31.4902], [-110.0964, 31.4888], [-110.093, 31.4897], [-110.0915, 31.4883], [-110.0888, 31.49], [-110.0781, 31.4888], [-110.0743, 31.4928], [-110.0684, 31.4918], [-110.0626, 31.494], [-110.0533, 31.5063], [-110.0532, 31.4686], [-110.0035, 31.4685], [-110.0035, 31.4663], [-110.0074, 31.4632], [-110.01, 31.4633], [-110.0207, 31.4579], [-110.0233, 31.4587], [-110.028, 31.456], [-110.0292, 31.4525], [-110.0607, 31.4526], [-110.0825, 31.44], [-110.0905, 31.4416], [-110.0987, 31.4399], [-110.0953, 31.4338], [-110.093, 31.4185], [-110.0887, 31.4079], [-110.0324, 31.3688], [-110.0032, 31.3648], [-110.0031, 31.3341], [-110.4597, 31.3329], [-110.4598, 31.3507]]]}}, {"type": "Feature", "properties": {"zip": "86337", "total": 56, "q1": 9, "q2": 13, "q3": 17, "q4": 17, "pop": 110, "acsPriv": 0, "seats": 0}, "geometry": {"type": "Polygon", "coordinates": [[[-113.333, 34.7886], [-113.333, 35.4663], [-113.318, 35.4673], [-113.3095, 35.4697], [-113.3085, 35.4734], [-113.3051, 35.4762], [-113.2984, 35.4748], [-113.295, 35.4701], [-113.2924, 35.4694], [-113.2921, 35.4674], [-113.2887, 35.4673], [-113.2888, 35.4589], [-113.2932, 35.4587], [-113.2932, 35.4545], [-113.2863, 35.4539], [-113.28, 35.4504], [-113.2757, 35.4424], [-113.2669, 35.4388], [-113.2667, 35.4296], [-113.2227, 35.4296], [-113.2225, 35.4485], [-113.2136, 35.451], [-113.2136, 35.4586], [-113.1961, 35.4586], [-113.1956, 35.4658], [-113.2015, 35.4731], [-113.196, 35.4731], [-113.1961, 35.4768], [-113.1882, 35.4767], [-113.1867, 35.4782], [-113.1883, 35.4876], [-113.2049, 35.4875], [-113.205, 35.4777], [-113.2123, 35.4661], [-113.2199, 35.4586], [-113.2581, 35.4586], [-113.2582, 35.4802], [-113.2561, 35.4834], [-113.2583, 35.4913], [-113.2553, 35.4905], [-113.2543, 35.4937], [-113.2506, 35.4945], [-113.2631, 35.5092], [-113.2634, 35.513], [-113.2235, 35.4945], [-113.1984, 35.4957], [-113.1798, 35.4924], [-113.1687, 35.4847], [-113.1622, 35.4682], [-113.1413, 35.4591], [-113.1404, 35.4598], [-113.1518, 35.4646], [-113.156, 35.4727], [-113.1562, 35.484], [-113.1522, 35.4876], [-113.1503, 35.4864], [-113.1547, 35.4939], [-113.1589, 35.4976], [-113.1716, 35.5055], [-113.1842, 35.5079], [-113.2146, 35.5253], [-113.2304, 35.53], [-113.2303, 35.5336], [-113.2085, 35.5797], [-113.2087, 35.584], [-113.2017, 35.5859], [-113.1945, 35.591], [-113.1925, 35.5954], [-113.1919, 35.6056], [-112.9129, 35.7957], [-112.9085, 35.7901], [-112.8962, 35.7809], [-112.8918, 35.7722], [-112.8823, 35.7644], [-112.8787, 35.7576], [-112.8813, 35.7529], [-112.8799, 35.7523], [-112.8767, 35.7446], [-112.8751, 35.7442], [-112.8738, 35.7476], [-112.8653, 35.752], [-112.8559, 35.7542], [-112.8458, 35.7527], [-112.8457, 35.7572], [-112.8425, 35.7586], [-112.8418, 35.7613], [-112.8434, 35.7655], [-112.8398, 35.7651], [-112.8366, 35.7682], [-112.8333, 35.7664], [-112.8323, 35.7691], [-112.834, 35.7724], [-112.8305, 35.7734], [-112.8325, 35.7758], [-112.8223, 35.7773], [-112.8106, 35.7756], [-112.8099, 35.7816], [-112.7436, 35.8099], [-112.7195, 35.7626], [-112.7221, 35.7602], [-112.717, 35.7512], [-112.6781, 35.7072], [-112.6984, 35.7051], [-112.9014, 35.6448], [-112.9024, 35.6268], [-112.9063, 35.6183], [-112.8981, 35.614], [-112.8933, 35.6077], [-112.8831, 35.5833], [-112.8902, 35.579], [-112.888, 35.5725], [-112.8882, 35.568], [-112.8978, 35.5523], [-112.8889, 35.5393], [-112.8911, 35.5382], [-112.8935, 35.532], [-112.8952, 35.5328], [-112.8993, 35.531], [-112.8993, 35.5249], [-112.9066, 35.5129], [-112.9073, 35.5064], [-112.902, 35.4943], [-112.8975, 35.4911], [-112.8937, 35.4844], [-112.8935, 35.4823], [-112.8952, 35.4809], [-112.8924, 35.4733], [-112.8829, 35.4634], [-112.8814, 35.455], [-112.876, 35.4534], [-112.8761, 35.4496], [-112.8708, 35.4473], [-112.8699, 35.4442], [-112.8645, 35.4445], [-112.8678, 35.4407], [-112.8642, 35.4393], [-112.8661, 35.4358], [-112.8615, 35.4328], [-112.8601, 35.4296], [-112.863, 35.4194], [-112.8601, 35.4185], [-112.8563, 35.4135], [-112.8517, 35.4122], [-112.8471, 35.4065], [-112.8407, 35.406], [-112.8349, 35.3991], [-112.8317, 35.3976], [-112.8303, 35.3916], [-112.832, 35.3857], [-112.831, 35.3828], [-112.8354, 35.3811], [-112.835, 35.3789], [-112.8387, 35.3735], [-112.8475, 35.3703], [-112.8681, 35.3688], [-112.8866, 35.3635], [-112.8927, 35.3583], [-112.8964, 35.3451], [-112.8037, 35.3252], [-112.797, 35.323], [-112.7851, 35.3158], [-112.7641, 35.3136], [-112.7586, 35.3105], [-112.7549, 35.3062], [-112.7344, 35.3051], [-112.7179, 35.3068], [-112.7017, 35.3115], [-112.6966, 35.3015], [-112.6976, 35.2994], [-112.7056, 35.2956], [-112.7069, 35.2886], [-112.7036, 35.2857], [-112.7021, 35.28], [-112.7062, 35.2807], [-112.7037, 35.2773], [-112.7108, 35.2707], [-112.7125, 35.263], [-112.7168, 35.2592], [-112.7196, 35.2509], [-112.7178, 35.2485], [-112.7184, 35.2443], [-112.7208, 35.239], [-112.717, 35.234], [-112.7102, 35.232], [-112.7072, 35.2296], [-112.701, 35.2184], [-112.7024, 35.2131], [-112.6986, 35.2108], [-112.6911, 35.2019], [-112.6887, 35.1918], [-112.6895, 35.1888], [-112.6857, 35.185], [-112.6861, 35.1783], [-112.6881, 35.1756], [-112.6866, 35.1734], [-112.6892, 35.172], [-112.6872, 35.1688], [-112.6956, 35.1664], [-112.697, 35.1587], [-112.7044, 35.1544], [-112.7063, 35.1506], [-112.7088, 35.1497], [-112.7085, 35.1438], [-112.722, 35.1238], [-112.7221, 35.1204], [-112.7239, 35.1193], [-112.7294, 35.1202], [-112.7318, 35.1178], [-112.7252, 35.1102], [-112.7268, 35.105], [-112.724, 35.1044], [-112.7233, 35.1005], [-112.7197, 35.0984], [-112.7212, 35.0922], [-112.7276, 35.0905], [-112.7326, 35.0913], [-112.7371, 35.089], [-112.7387, 35.0845], [-112.7458, 35.0774], [-112.7468, 35.0745], [-112.7544, 35.0717], [-112.7533, 35.0689], [-112.7328, 35.069], [-112.7326, 35.0106], [-112.7428, 35.0133], [-112.7469, 35.0178], [-112.7511, 35.0196], [-112.7761, 35.0172], [-112.7896, 35.0197], [-112.7908, 35.018], [-112.8051, 35.0182], [-112.8058, 35.0202], [-112.8137, 35.0251], [-112.8369, 35.0145], [-112.8376, 35.0076], [-112.8403, 35.0036], [-112.8524, 34.9998], [-112.8661, 34.9863], [-112.8711, 34.9841], [-112.958, 34.9829], [-112.9584, 34.9772], [-113.0235, 34.9757], [-113.0192, 34.9749], [-113.0105, 34.9624], [-112.9896, 34.9546], [-112.9766, 34.9407], [-112.9695, 34.9367], [-112.963, 34.9374], [-112.9583, 34.9409], [-112.9523, 34.9407], [-112.9453, 34.9369], [-112.9327, 34.9353], [-112.9192, 34.9275], [-112.9092, 34.9259], [-112.925, 34.9172], [-112.9295, 34.9132], [-112.9309, 34.9097], [-112.9389, 34.9058], [-112.9555, 34.9014], [-112.9612, 34.8985], [-112.9631, 34.8954], [-112.9727, 34.8929], [-112.979, 34.8879], [-112.9784, 34.8851], [-112.9798, 34.8835], [-112.9764, 34.8795], [-112.9644, 34.8771], [-112.9576, 34.8723], [-112.9604, 34.8658], [-112.9575, 34.8613], [-112.9581, 34.858], [-112.9556, 34.8515], [-112.9596, 34.8413], [-112.9651, 34.8381], [-112.9686, 34.8331], [-112.9744, 34.8137], [-112.9639, 34.7918], [-112.969, 34.7927], [-112.9722, 34.7888], [-112.9765, 34.7983], [-113.0021, 34.8008], [-113.0039, 34.8023], [-113.0073, 34.8008], [-113.0212, 34.8015], [-113.0248, 34.8038], [-113.0258, 34.8002], [-113.0425, 34.797], [-113.0689, 34.7956], [-113.0708, 34.7982], [-113.0727, 34.7972], [-113.0767, 34.7987], [-113.0795, 34.798], [-113.0847, 34.7918], [-113.0863, 34.784], [-113.0909, 34.7809], [-113.0891, 34.7788], [-113.0901, 34.7763], [-113.0922, 34.7757], [-113.1035, 34.7805], [-113.1229, 34.7719], [-113.1191, 34.769], [-113.1264, 34.7656], [-113.134, 34.7646], [-113.1451, 34.7665], [-113.1451, 34.8032], [-113.1509, 34.8009], [-113.16, 34.7873], [-113.165, 34.7878], [-113.1635, 34.7846], [-113.1671, 34.7813], [-113.1699, 34.7816], [-113.1739, 34.7848], [-113.1738, 34.7874], [-113.1778, 34.7878], [-113.1803, 34.7933], [-113.1882, 34.7971], [-113.1865, 34.7997], [-113.1879, 34.8016], [-113.1936, 34.7945], [-113.2025, 34.7893], [-113.1995, 34.7864], [-113.2042, 34.7837], [-113.2055, 34.7799], [-113.2121, 34.7801], [-113.2144, 34.7786], [-113.2141, 34.7698], [-113.2154, 34.7684], [-113.2192, 34.7693], [-113.2175, 34.7629], [-113.2231, 34.7579], [-113.2244, 34.7534], [-113.2281, 34.749], [-113.2302, 34.7478], [-113.2338, 34.7489], [-113.2337, 34.7454], [-113.2395, 34.7444], [-113.2437, 34.74], [-113.2445, 34.7422], [-113.2527, 34.7459], [-113.2529, 34.7489], [-113.2566, 34.7518], [-113.2566, 34.7561], [-113.2618, 34.7589], [-113.2625, 34.764], [-113.2663, 34.7615], [-113.2697, 34.7649], [-113.2745, 34.7655], [-113.2762, 34.7677], [-113.2984, 34.7706], [-113.306, 34.7695], [-113.3073, 34.7678], [-113.3118, 34.7692], [-113.3159, 34.7675], [-113.3162, 34.7718], [-113.3202, 34.772], [-113.3241, 34.7797], [-113.324, 34.7847], [-113.3299, 34.7838], [-113.3287, 34.7864], [-113.333, 34.7886]]]}}, {"type": "Feature", "properties": {"zip": "85617", "total": 71, "q1": 13, "q2": 19, "q3": 19, "q4": 20, "pop": 149, "acsPriv": 15, "seats": 0}, "geometry": {"type": "Polygon", "coordinates": [[[-109.8989, 31.623], [-109.8903, 31.6198], [-109.8826, 31.62], [-109.8589, 31.6091], [-109.8527, 31.604], [-109.8525, 31.6412], [-109.7735, 31.6416], [-109.7728, 31.6861], [-109.7055, 31.6859], [-109.7047, 31.6418], [-109.5438, 31.6425], [-109.5439, 31.5834], [-109.5448, 31.5671], [-109.5462, 31.5678], [-109.5445, 31.5652], [-109.5446, 31.5544], [-109.5616, 31.5544], [-109.5616, 31.5397], [-109.5787, 31.5398], [-109.5788, 31.544], [-109.581, 31.5442], [-109.5899, 31.5513], [-109.5968, 31.5546], [-109.6058, 31.5544], [-109.609, 31.5515], [-109.6123, 31.5438], [-109.623, 31.5378], [-109.6256, 31.5381], [-109.6256, 31.5288], [-109.6275, 31.5259], [-109.6287, 31.5158], [-109.6319, 31.5114], [-109.6388, 31.5071], [-109.6128, 31.4592], [-109.6067, 31.4517], [-109.6328, 31.452], [-109.633, 31.4373], [-109.8171, 31.438], [-109.8171, 31.4365], [-109.8265, 31.4424], [-109.8235, 31.4541], [-109.8235, 31.4638], [-109.8409, 31.4727], [-109.8378, 31.4748], [-109.824, 31.4761], [-109.8245, 31.5187], [-109.8989, 31.623]]]}}, {"type": "Feature", "properties": {"zip": "85710", "total": 1649, "q1": 384, "q2": 414, "q3": 427, "q4": 424, "pop": 6679, "acsPriv": 719, "seats": 960}, "geometry": {"type": "Polygon", "coordinates": [[[-110.8579, 32.1941], [-110.8579, 32.2253], [-110.8568, 32.2257], [-110.8579, 32.2358], [-110.8547, 32.2356], [-110.8555, 32.2369], [-110.8538, 32.2371], [-110.8536, 32.2387], [-110.8525, 32.2363], [-110.8502, 32.2356], [-110.8368, 32.2356], [-110.8397, 32.239], [-110.8326, 32.2393], [-110.8324, 32.2356], [-110.8196, 32.2355], [-110.8196, 32.2371], [-110.8167, 32.2371], [-110.8171, 32.2355], [-110.8154, 32.2386], [-110.8153, 32.2355], [-110.8096, 32.2355], [-110.8096, 32.2369], [-110.8074, 32.2369], [-110.807, 32.2355], [-110.7897, 32.2354], [-110.7897, 32.1936], [-110.7914, 32.1937], [-110.7914, 32.1923], [-110.8239, 32.1919], [-110.8239, 32.1934], [-110.8269, 32.1936], [-110.8281, 32.1919], [-110.8376, 32.192], [-110.8415, 32.195], [-110.8537, 32.192], [-110.8541, 32.1943], [-110.8579, 32.1941]]]}}, {"type": "Feature", "properties": {"zip": "85708", "total": 484, "q1": 119, "q2": 120, "q3": 122, "q4": 123, "pop": 1012, "acsPriv": 301, "seats": 0}, "geometry": {"type": "Polygon", "coordinates": [[[-110.8752, 32.1719], [-110.8751, 32.1923], [-110.8579, 32.1921], [-110.8579, 32.1811], [-110.8559, 32.1811], [-110.8559, 32.1775], [-110.8409, 32.1774], [-110.8409, 32.1628], [-110.8662, 32.163], [-110.8752, 32.1719]]]}}, {"type": "Feature", "properties": {"zip": "85748", "total": 790, "q1": 192, "q2": 197, "q3": 204, "q4": 197, "pop": 3126, "acsPriv": 304, "seats": 0}, "geometry": {"type": "Polygon", "coordinates": [[[-110.7914, 32.1937], [-110.7897, 32.1936], [-110.7897, 32.2354], [-110.7834, 32.2354], [-110.7834, 32.239], [-110.7727, 32.2382], [-110.7727, 32.2354], [-110.7548, 32.2355], [-110.7545, 32.2373], [-110.7514, 32.2372], [-110.7509, 32.2416], [-110.7452, 32.2447], [-110.7435, 32.2373], [-110.7396, 32.2372], [-110.7384, 32.2393], [-110.7384, 32.2372], [-110.7333, 32.237], [-110.7332, 32.2388], [-110.7231, 32.2408], [-110.722, 32.2369], [-110.7199, 32.237], [-110.7199, 32.2396], [-110.713, 32.2396], [-110.708, 32.2367], [-110.7002, 32.2373], [-110.6958, 32.2418], [-110.6872, 32.242], [-110.6859, 32.2462], [-110.6826, 32.2451], [-110.67, 32.2461], [-110.6698, 32.2351], [-110.7209, 32.2355], [-110.721, 32.2209], [-110.7381, 32.2209], [-110.738, 32.1918], [-110.7478, 32.1918], [-110.7523, 32.1943], [-110.7626, 32.1912], [-110.7897, 32.1918], [-110.7914, 32.1937]]]}}, {"type": "Feature", "properties": {"zip": "85037", "total": 1115, "q1": 254, "q2": 281, "q3": 297, "q4": 283, "pop": 12402, "acsPriv": 1039, "seats": 187}, "geometry": {"type": "Polygon", "coordinates": [[[-112.3128, 33.4932], [-112.3066, 33.5075], [-112.277, 33.5083], [-112.2768, 33.5105], [-112.2727, 33.5105], [-112.2727, 33.5083], [-112.2377, 33.5088], [-112.2378, 33.4943], [-112.2423, 33.4943], [-112.2414, 33.4891], [-112.2378, 33.4904], [-112.238, 33.4653], [-112.2685, 33.4648], [-112.2692, 33.4618], [-112.2725, 33.4614], [-112.2724, 33.4938], [-112.3128, 33.4932]]]}}, {"type": "Feature", "properties": {"zip": "85940", "total": 173, "q1": 41, "q2": 43, "q3": 45, "q4": 44, "pop": 82, "acsPriv": 0, "seats": 0}, "geometry": {"type": "Polygon", "coordinates": [[[-109.8367, 34.2861], [-109.8132, 34.2901], [-109.8156, 34.2899], [-109.8156, 34.2925], [-109.8254, 34.2908], [-109.8267, 34.2964], [-109.8258, 34.3003], [-109.8155, 34.3001], [-109.8156, 34.2955], [-109.8135, 34.2956], [-109.8135, 34.2978], [-109.8112, 34.2978], [-109.8112, 34.2959], [-109.805, 34.2959], [-109.8047, 34.2996], [-109.7958, 34.2995], [-109.7958, 34.3014], [-109.7772, 34.3013], [-109.7739, 34.3084], [-109.7741, 34.3031], [-109.7704, 34.3019], [-109.7696, 34.3049], [-109.7652, 34.3049], [-109.765, 34.3086], [-109.7699, 34.3121], [-109.7657, 34.3171], [-109.7106, 34.3581], [-109.7105, 34.3447], [-109.7044, 34.3447], [-109.7043, 34.336], [-109.6898, 34.3338], [-109.6873, 34.3436], [-109.6816, 34.3498], [-109.677, 34.3495], [-109.6727, 34.338], [-109.6708, 34.3368], [-109.6722, 34.3344], [-109.6578, 34.3344], [-109.6578, 34.3302], [-109.6532, 34.3302], [-109.6532, 34.3268], [-109.646, 34.3265], [-109.6479, 34.3156], [-109.6456, 34.3107], [-109.6418, 34.3111], [-109.6407, 34.3096], [-109.6403, 34.316], [-109.6382, 34.3186], [-109.6311, 34.3254], [-109.6226, 34.3296], [-109.6228, 34.309], [-109.6325, 34.3011], [-109.6279, 34.2926], [-109.6287, 34.2844], [-109.6303, 34.2775], [-109.6398, 34.2707], [-109.6374, 34.2676], [-109.6386, 34.257], [-109.6335, 34.2533], [-109.624, 34.251], [-109.6138, 34.2413], [-109.6086, 34.2266], [-109.6095, 34.2253], [-109.6072, 34.225], [-109.6074, 34.2215], [-109.6025, 34.2177], [-109.606, 34.209], [-109.6026, 34.2033], [-109.5933, 34.1996], [-109.5947, 34.1967], [-109.5916, 34.1945], [-109.5897, 34.1852], [-109.6176, 34.1838], [-109.6298, 34.1799], [-109.6357, 34.1884], [-109.6368, 34.1959], [-109.6464, 34.1939], [-109.6604, 34.2044], [-109.6608, 34.2015], [-109.6577, 34.1962], [-109.6611, 34.189], [-109.6599, 34.1821], [-109.6443, 34.1702], [-109.6412, 34.1631], [-109.6486, 34.1642], [-109.6541, 34.1611], [-109.658, 34.1554], [-109.6615, 34.155], [-109.6649, 34.1583], [-109.6677, 34.1581], [-109.6705, 34.1563], [-109.6705, 34.1542], [-109.6809, 34.1516], [-109.6869, 34.1468], [-109.6923, 34.1473], [-109.6976, 34.1526], [-109.7046, 34.1504], [-109.7167, 34.1531], [-109.7196, 34.151], [-109.7198, 34.1537], [-109.7131, 34.1574], [-109.71, 34.1616], [-109.7104, 34.1641], [-109.7081, 34.1682], [-109.703, 34.1728], [-109.7049, 34.176], [-109.7068, 34.1769], [-109.7149, 34.1746], [-109.7214, 34.1768], [-109.7237, 34.1822], [-109.7275, 34.184], [-109.7327, 34.1836], [-109.731, 34.1865], [-109.7462, 34.1937], [-109.7504, 34.201], [-109.7587, 34.2062], [-109.7616, 34.2056], [-109.7654, 34.2083], [-109.772, 34.2098], [-109.775, 34.2087], [-109.7862, 34.2093], [-109.7836, 34.2148], [-109.7867, 34.221], [-109.7855, 34.2269], [-109.7837, 34.2312], [-109.7805, 34.2315], [-109.7799, 34.2408], [-109.7771, 34.2451], [-109.7688, 34.2479], [-109.7644, 34.2452], [-109.7629, 34.2398], [-109.7575, 34.2404], [-109.7441, 34.25], [-109.744, 34.2536], [-109.7412, 34.2546], [-109.742, 34.2589], [-109.7462, 34.2623], [-109.7556, 34.2596], [-109.7701, 34.2632], [-109.7703, 34.2673], [-109.7753, 34.2686], [-109.7746, 34.2721], [-109.7618, 34.2721], [-109.7617, 34.2731], [-109.7926, 34.277], [-109.822, 34.2854], [-109.8367, 34.2861]]]}}, {"type": "Feature", "properties": {"zip": "85640", "total": 2, "q1": 0, "q2": 0, "q3": 1, "q4": 1, "pop": 37, "acsPriv": 0, "seats": 0}, "geometry": {"type": "Polygon", "coordinates": [[[-111.0548, 31.5787], [-111.0523, 31.5967], [-111.0509, 31.5967], [-111.0512, 31.5949], [-111.0412, 31.5949], [-111.0426, 31.5803], [-111.0417, 31.5787], [-111.0376, 31.5776], [-111.0387, 31.5746], [-111.0376, 31.574], [-111.0376, 31.562], [-111.0429, 31.5621], [-111.0431, 31.5533], [-111.0404, 31.549], [-111.0282, 31.5422], [-111.0234, 31.5373], [-111.0323, 31.5387], [-111.0353, 31.5366], [-111.0475, 31.5478], [-111.0533, 31.5664], [-111.0548, 31.5787]]]}}, {"type": "Feature", "properties": {"zip": "85646", "total": 39, "q1": 8, "q2": 9, "q3": 10, "q4": 12, "pop": 25, "acsPriv": 0, "seats": 0}, "geometry": {"type": "Polygon", "coordinates": [[[-111.1636, 31.5625], [-111.1642, 31.5892], [-111.1626, 31.5902], [-111.1587, 31.5891], [-111.1567, 31.591], [-111.1528, 31.591], [-111.1519, 31.5935], [-111.1435, 31.5943], [-111.1417, 31.5962], [-111.1436, 31.5993], [-111.1413, 31.6034], [-111.1418, 31.6078], [-111.1398, 31.6066], [-111.1282, 31.6127], [-111.1271, 31.6153], [-111.1296, 31.6187], [-111.1297, 31.6225], [-111.1243, 31.6255], [-111.1158, 31.6274], [-111.106, 31.6266], [-111.1019, 31.6292], [-111.1054, 31.6326], [-111.1047, 31.6346], [-111.0948, 31.6385], [-111.0882, 31.6434], [-111.0844, 31.6526], [-111.0767, 31.6542], [-111.0761, 31.6579], [-111.0693, 31.6632], [-111.0671, 31.6639], [-111.062, 31.6619], [-111.0618, 31.6524], [-111.0587, 31.6445], [-111.0499, 31.6489], [-111.0475, 31.6459], [-111.044, 31.646], [-111.0471, 31.6522], [-111.051, 31.6779], [-111.0543, 31.6893], [-111.0528, 31.6965], [-111.0448, 31.6931], [-111.0442, 31.6976], [-111.0403, 31.6963], [-111.0374, 31.6972], [-111.0343, 31.6954], [-111.0351, 31.6975], [-111.0329, 31.7002], [-111.0305, 31.7003], [-111.02, 31.6974], [-111.0006, 31.6963], [-110.9901, 31.6941], [-110.9843, 31.6906], [-110.9737, 31.6888], [-110.9736, 31.6857], [-110.9786, 31.6819], [-110.9783, 31.6775], [-110.9664, 31.672], [-110.9635, 31.6684], [-110.9647, 31.6654], [-110.9683, 31.6636], [-110.9666, 31.6623], [-110.9692, 31.66], [-110.9576, 31.6585], [-110.9575, 31.6065], [-110.9714, 31.6058], [-110.9924, 31.6082], [-110.9968, 31.6063], [-110.9851, 31.6005], [-110.9803, 31.5956], [-110.9838, 31.5952], [-110.991, 31.5961], [-111.0014, 31.6017], [-111.0101, 31.6026], [-111.0113, 31.5795], [-111.0125, 31.5791], [-111.0233, 31.5804], [-111.0339, 31.5779], [-111.0417, 31.5787], [-111.0412, 31.5949], [-111.0512, 31.5949], [-111.0509, 31.5967], [-111.0523, 31.5967], [-111.0548, 31.5768], [-111.0508, 31.5567], [-111.0522, 31.5566], [-111.053, 31.5592], [-111.06, 31.5621], [-111.0705, 31.5597], [-111.0908, 31.551], [-111.1392, 31.5511], [-111.1423, 31.5536], [-111.1417, 31.5574], [-111.1462, 31.5604], [-111.1532, 31.5615], [-111.1534, 31.563], [-111.1611, 31.5608], [-111.1636, 31.5625]]]}}, {"type": "Feature", "properties": {"zip": "85627", "total": 2, "q1": 0, "q2": 0, "q3": 1, "q4": 1, "pop": 77, "acsPriv": 28, "seats": 0}, "geometry": {"type": "Polygon", "coordinates": [[[-110.2986, 32.0179], [-110.2986, 32.0218], [-110.1748, 32.021], [-110.1841, 32.0195], [-110.1858, 32.018], [-110.1837, 32.0181], [-110.1852, 32.0165], [-110.2011, 32.0093], [-110.2131, 31.998], [-110.2459, 31.9866], [-110.2647, 31.9843], [-110.2702, 31.9888], [-110.2731, 31.9888], [-110.2731, 31.9923], [-110.2858, 31.9926], [-110.2858, 31.9997], [-110.2901, 31.9997], [-110.2901, 32.014], [-110.2961, 32.0139], [-110.2986, 32.0179]]]}}]}