{"type":"FeatureCollection","features":[{"type":"Feature","properties":{"name":"Alachua County School District","students":853,"total_funded":5836011},"geometry":{"type":"Polygon","coordinates":[[[-82.658554,29.830144],[-82.65456,29.829052],[-82.652107,29.82563],[-82.641377,29.827423],[-82.634734,29.833596],[-82.63485,29.838943],[-82.630496,29.843148],[-82.632104,29.846807],[-82.631251,29.849112],[-82.617677,29.847345],[-82.617813,29.850232],[-82.622881,29.853349],[-82.619739,29.859111],[-82.616452,29.857786],[-82.61108,29.852117],[-82.606276,29.852864],[-82.602141,29.857893],[-82.596552,29.859099],[-82.592897,29.861933],[-82.590882,29.866314],[-82.586485,29.866702],[-82.5898,29.872925],[-82.59234,29.873221],[-82.592553,29.887515],[-82.579997,29.88764],[-82.580029,29.894851],[-82.575876,29.894865],[-82.575966,29.913095],[-82.579399,29.914789],[-82.571765,29.918262],[-82.567856,29.917196],[-82.566519,29.920748],[-82.560934,29.922154],[-82.562202,29.922873],[-82.560837,29.924916],[-82.554735,29.928541],[-82.550877,29.928601],[-82.548134,29.925571],[-82.541554,29.925495],[-82.539572,29.928868],[-82.531241,29.93146],[-82.529239,29.935211],[-82.530148,29.940586],[-82.524103,29.945254],[-82.521894,29.943309],[-82.510638,29.945216],[-82.501325,29.941939],[-82.498282,29.938759],[-82.495445,29.940114],[-82.491127,29.938101],[-82.484382,29.939724],[-82.48428,29.936733],[-82.481769,29.935915],[-82.48069,29.937019],[-82.477572,29.934893],[-82.477172,29.93199],[-82.475676,29.932384],[-82.472673,29.92691],[-82.469812,29.925727],[-82.469141,29.928426],[-82.464668,29.929614],[-82.46375,29.928478],[-82.461284,29.931621],[-82.452119,29.925665],[-82.447376,29.931942],[-82.441713,29.929112],[-82.439774,29.929339],[-82.43924,29.931129],[-82.436587,29.93085],[-82.435115,29.928364],[-82.433743,29.929548],[-82.42657,29.921985],[-82.422399,29.919923],[-82.41891,29.923058],[-82.416386,29.921653],[-82.412611,29.92216],[-82.413257,29.92122],[-82.411006,29.92046],[-82.412355,29.920061],[-82.410904,29.919481],[-82.41114,29.917238],[-82.408727,29.916643],[-82.409543,29.914819],[-82.406763,29.914176],[-82.405482,29.91142],[-82.407059,29.910316],[-82.404441,29.90497],[-82.406042,29.903922],[-82.403534,29.897775],[-82.404456,29.89575],[-82.402856,29.895787],[-82.403054,29.89335],[-82.401284,29.892825],[-82.400926,29.890026],[-82.398563,29.889305],[-82.398771,29.887319],[-82.397198,29.88764],[-82.397519,29.886069],[-82.39439,29.88659],[-82.391819,29.884145],[-82.389295,29.884608],[-82.388037,29.881543],[-82.382525,29.880932],[-82.379062,29.882652],[-82.378861,29.880716],[-82.377198,29.881387],[-82.375003,29.879433],[-82.369524,29.879144],[-82.362829,29.881495],[-82.358232,29.877327],[-82.353739,29.878533],[-82.343266,29.876613],[-82.334962,29.878714],[-82.332879,29.877273],[-82.333164,29.875241],[-82.329297,29.874256],[-82.32342,29.867392],[-82.314176,29.867604],[-82.313914,29.859959],[-82.305203,29.859924],[-82.305027,29.853171],[-82.295761,29.852437],[-82.281723,29.844415],[-82.272563,29.843011],[-82.265399,29.847439],[-82.260377,29.846565],[-82.254349,29.849731],[-82.24245,29.852459],[-82.238154,29.850754],[-82.238187,29.84904],[-82.233656,29.84898],[-82.233514,29.845297],[-82.210258,29.845315],[-82.208398,29.843949],[-82.200354,29.847651],[-82.191943,29.848422],[-82.182131,29.840683],[-82.175134,29.837339],[-82.164705,29.839555],[-82.146561,29.838713],[-82.146561,29.835895],[-82.133126,29.835949],[-82.133127,29.83081],[-82.130178,29.830823],[-82.129933,29.823675],[-82.123923,29.823686],[-82.124054,29.805289],[-82.12167,29.805333],[-82.121695,29.801852],[-82.119645,29.801846],[-82.119545,29.798225],[-82.117597,29.798188],[-82.117552,29.790595],[-82.108889,29.790713],[-82.109123,29.783085],[-82.101944,29.783695],[-82.096633,29.780633],[-82.093411,29.781789],[-82.093543,29.779165],[-82.081896,29.77821],[-82.079348,29.776005],[-82.079644,29.773342],[-82.078269,29.773034],[-82.079814,29.773183],[-82.080695,29.765729],[-82.082132,29.763545],[-82.088153,29.760931],[-82.073142,29.760361],[-82.05807,29.748059],[-82.054528,29.737562],[-82.053985,29.72688],[-82.055474,29.717209],[-82.051522,29.716549],[-82.049052,29.713368],[-82.056071,29.656846],[-82.055643,29.441847],[-82.056747,29.439951],[-82.064016,29.439576],[-82.067155,29.443798],[-82.071291,29.443271],[-82.070522,29.434236],[-82.074024,29.434647],[-82.075901,29.43875],[-82.080943,29.440386],[-82.087613,29.435704],[-82.088927,29.432902],[-82.086053,29.431106],[-82.088274,29.429331],[-82.086535,29.426655],[-82.088123,29.426198],[-82.090056,29.430762],[-82.09213,29.430571],[-82.09162,29.428692],[-82.094537,29.430352],[-82.096874,29.425242],[-82.095629,29.420499],[-82.099886,29.418664],[-82.099425,29.422489],[-82.096817,29.421835],[-82.098716,29.427258],[-82.095664,29.430098],[-82.099145,29.43377],[-82.099226,29.436813],[-82.102588,29.438387],[-82.105231,29.437636],[-82.105914,29.435709],[-82.111933,29.435013],[-82.113886,29.432306],[-82.117606,29.432035],[-82.119319,29.428249],[-82.125,29.428742],[-82.127193,29.430048],[-82.127046,29.433096],[-82.129007,29.432217],[-82.134982,29.434997],[-82.14144,29.427138],[-82.144016,29.426672],[-82.145298,29.423459],[-82.140563,29.421527],[-82.140338,29.420075],[-82.1473,29.417222],[-82.148827,29.417057],[-82.151552,29.421723],[-82.150019,29.422905],[-82.150972,29.426778],[-82.153027,29.425623],[-82.153211,29.422345],[-82.15544,29.426092],[-82.155089,29.422873],[-82.156924,29.422373],[-82.159085,29.424877],[-82.163691,29.424531],[-82.167574,29.427199],[-82.168423,29.425703],[-82.167267,29.424559],[-82.173261,29.424263],[-82.172689,29.422689],[-82.175926,29.420566],[-82.178338,29.422552],[-82.193393,29.420869],[-82.197126,29.423063],[-82.199639,29.422172],[-82.202002,29.42632],[-82.207482,29.427045],[-82.213327,29.431912],[-82.212424,29.44008],[-82.213644,29.441022],[-82.211572,29.449504],[-82.213847,29.450274],[-82.214087,29.452997],[-82.217781,29.456208],[-82.216446,29.460197],[-82.211782,29.464008],[-82.212727,29.465623],[-82.204183,29.460568],[-82.19842,29.460753],[-82.196083,29.462715],[-82.193455,29.46144],[-82.194714,29.458072],[-82.198623,29.45795],[-82.199256,29.456555],[-82.192045,29.45234],[-82.188795,29.454425],[-82.188116,29.456911],[-82.190951,29.459563],[-82.188104,29.460465],[-82.190958,29.459997],[-82.189367,29.461125],[-82.191574,29.460894],[-82.190442,29.462005],[-82.192241,29.461822],[-82.191505,29.463111],[-82.192837,29.462258],[-82.201161,29.467461],[-82.200256,29.468732],[-82.201902,29.468182],[-82.203412,29.47212],[-82.206367,29.472252],[-82.205335,29.467054],[-82.208037,29.466591],[-82.208303,29.470777],[-82.211999,29.471932],[-82.210095,29.473819],[-82.214811,29.477311],[-82.210857,29.479886],[-82.211449,29.484067],[-82.496247,29.485499],[-82.496331,29.478371],[-82.556766,29.480055],[-82.557197,29.537528],[-82.656331,29.53562],[-82.656366,29.673843],[-82.658554,29.830144]]]}},{"type":"Feature","properties":{"name":"Baker County School District","students":98,"total_funded":659285},"geometry":{"type":"Polygon","coordinates":[[[-82.459533,30.584251],[-82.214677,30.568556],[-82.214397,30.566827],[-82.216921,30.565316],[-82.223862,30.565276],[-82.234186,30.55765],[-82.234435,30.548755],[-82.238879,30.545505],[-82.240403,30.53777],[-82.237388,30.532216],[-82.230759,30.526576],[-82.229301,30.520587],[-82.230304,30.517325],[-82.225072,30.50769],[-82.212632,30.500549],[-82.211578,30.497289],[-82.206671,30.493206],[-82.20124,30.485114],[-82.203206,30.482184],[-82.201473,30.480063],[-82.201035,30.474665],[-82.204374,30.471095],[-82.204466,30.468756],[-82.206372,30.468515],[-82.206151,30.462415],[-82.2077,30.460407],[-82.207379,30.456981],[-82.204495,30.455342],[-82.204058,30.452864],[-82.205738,30.451048],[-82.203786,30.444984],[-82.207351,30.439173],[-82.206416,30.435725],[-82.20972,30.433055],[-82.209005,30.428337],[-82.21086,30.425379],[-82.209199,30.421329],[-82.207462,30.42112],[-82.208034,30.417467],[-82.206433,30.417084],[-82.208384,30.414304],[-82.205755,30.411946],[-82.205327,30.40834],[-82.206755,30.406843],[-82.20376,30.405311],[-82.204245,30.401553],[-82.202857,30.401256],[-82.2014,30.39535],[-82.198108,30.391843],[-82.199225,30.389832],[-82.196584,30.388278],[-82.194208,30.389204],[-82.191789,30.384716],[-82.193422,30.383345],[-82.192786,30.379065],[-82.189915,30.37617],[-82.187109,30.378984],[-82.184795,30.378936],[-82.183493,30.373338],[-82.18024,30.37258],[-82.180991,30.368611],[-82.173745,30.365066],[-82.170197,30.358972],[-82.167413,30.360002],[-82.161777,30.357111],[-82.157897,30.360122],[-82.150099,30.36183],[-82.148549,30.360898],[-82.139962,30.364919],[-82.136942,30.364224],[-82.137064,30.362516],[-82.133864,30.362237],[-82.127564,30.365438],[-82.128672,30.367083],[-82.12636,30.368315],[-82.124869,30.366379],[-82.122175,30.366756],[-82.118149,30.364358],[-82.115775,30.368053],[-82.111521,30.367557],[-82.110332,30.365209],[-82.1104,30.36672],[-82.105118,30.368877],[-82.101559,30.36664],[-82.102375,30.364379],[-82.100628,30.364417],[-82.101075,30.362791],[-82.098699,30.364061],[-82.094718,30.360703],[-82.083318,30.360334],[-82.081114,30.358768],[-82.072668,30.36141],[-82.066184,30.355757],[-82.064911,30.356433],[-82.065421,30.35855],[-82.062856,30.358755],[-82.062421,30.360649],[-82.058132,30.359208],[-82.049958,30.362472],[-82.049425,30.143136],[-82.359395,30.141041],[-82.359381,30.139294],[-82.443667,30.138086],[-82.458364,30.136449],[-82.458316,30.442757],[-82.457073,30.442757],[-82.459533,30.584251]]]}},{"type":"Feature","properties":{"name":"Bay County School District","students":327,"total_funded":2241238},"geometry":{"type":"Polygon","coordinates":[[[-86.00077,30.1036],[-85.992736,30.38932],[-85.982406,30.391939],[-85.979995,30.394775],[-85.976375,30.395994],[-85.977292,30.397726],[-85.974374,30.399458],[-85.97351,30.402122],[-85.964569,30.407377],[-85.965326,30.410546],[-85.951314,30.412376],[-85.945213,30.40842],[-85.940246,30.408622],[-85.929911,30.413362],[-85.92726,30.416058],[-85.923934,30.416379],[-85.918502,30.41402],[-85.915211,30.409479],[-85.907638,30.405819],[-85.901916,30.407333],[-85.898575,30.410926],[-85.883984,30.410253],[-85.870358,30.419764],[-85.864069,30.428041],[-85.86082,30.437209],[-85.8535,30.440623],[-85.824562,30.441356],[-85.811592,30.439912],[-85.487968,30.436655],[-85.485847,30.519454],[-85.486358,30.567574],[-85.383948,30.566856],[-85.386557,30.429671],[-85.388259,30.41697],[-85.391441,30.023408],[-85.388374,29.926919],[-85.388669,29.924359],[-85.393982,29.921122],[-85.434334,29.89999],[-85.440336,29.788113],[-85.37285,29.50701],[-85.39259,29.5109],[-85.41445,29.51783],[-85.43599,29.52741],[-85.45334,29.53785],[-85.47088,29.55141],[-85.48819,29.56817],[-85.50723,29.59127],[-85.52265,29.61313],[-85.54374,29.65152],[-85.56028,29.69184],[-85.57024,29.72102],[-85.57777,29.74837],[-85.58588,29.78683],[-85.58872,29.80932],[-85.58962,29.83756],[-85.61659,29.85359],[-85.64587,29.87591],[-85.6842,29.91001],[-85.70979,29.93584],[-85.77035,29.9605],[-85.80356,29.97816],[-85.8502,30.0092],[-85.87394,30.0317],[-85.8935,30.04529],[-85.93114,30.06696],[-86.00077,30.1036]]]}},{"type":"Feature","properties":{"name":"Bradford County School District","students":186,"total_funded":1308732},"geometry":{"type":"Polygon","coordinates":[[[-82.418617,29.923184],[-82.415652,29.926326],[-82.408895,29.927112],[-82.404419,29.925279],[-82.401166,29.926956],[-82.390432,29.925572],[-82.377508,29.933268],[-82.371085,29.935312],[-82.358025,29.933574],[-82.351901,29.937267],[-82.351995,29.939607],[-82.349345,29.942067],[-82.346961,29.942589],[-82.348107,29.943463],[-82.345281,29.946288],[-82.345666,29.949174],[-82.344081,29.951652],[-82.34522,29.956789],[-82.34207,29.961416],[-82.326972,29.958052],[-82.325197,29.956072],[-82.32646,29.954917],[-82.322265,29.953988],[-82.322386,29.955611],[-82.31552,29.954517],[-82.306677,29.956612],[-82.300776,29.967602],[-82.297308,29.969015],[-82.294098,29.973536],[-82.292114,29.973652],[-82.290382,29.979157],[-82.288613,29.979069],[-82.279266,29.988649],[-82.276464,29.995711],[-82.273177,29.999329],[-82.272584,30.005603],[-82.266065,30.012735],[-82.267158,30.013472],[-82.265638,30.020705],[-82.263154,30.021326],[-82.259832,30.028266],[-82.251494,30.028026],[-82.244051,30.030391],[-82.239992,30.029628],[-82.23749,30.031477],[-82.226042,30.033978],[-82.220588,30.038067],[-82.216665,30.045334],[-82.21344,30.04419],[-82.208636,30.049725],[-82.208163,30.052392],[-82.18644,30.06485],[-82.18022,30.070588],[-82.175148,30.082361],[-82.174148,30.091238],[-82.169921,30.099203],[-82.14734,30.109985],[-82.142372,30.116303],[-82.137858,30.12808],[-82.140704,30.132839],[-82.145792,30.132208],[-82.145574,30.137191],[-82.142578,30.143117],[-82.049425,30.143136],[-82.046112,29.747129],[-82.049244,29.71867],[-82.055625,29.718232],[-82.053985,29.72688],[-82.054528,29.737562],[-82.05807,29.748059],[-82.073142,29.760361],[-82.088046,29.760711],[-82.080695,29.765729],[-82.079814,29.773183],[-82.078269,29.773034],[-82.079644,29.773342],[-82.079348,29.776005],[-82.081896,29.77821],[-82.093543,29.779165],[-82.093411,29.781789],[-82.096633,29.780633],[-82.101944,29.783695],[-82.109123,29.783085],[-82.108889,29.790713],[-82.117552,29.790595],[-82.117597,29.798188],[-82.119545,29.798225],[-82.119645,29.801846],[-82.121695,29.801852],[-82.12167,29.805333],[-82.124054,29.805289],[-82.123923,29.823686],[-82.129933,29.823675],[-82.130178,29.830823],[-82.133127,29.83081],[-82.133126,29.835949],[-82.146561,29.835895],[-82.146561,29.838713],[-82.164705,29.839555],[-82.175134,29.837339],[-82.182131,29.840683],[-82.191943,29.848422],[-82.200354,29.847651],[-82.208398,29.843949],[-82.210258,29.845315],[-82.233514,29.845297],[-82.233656,29.84898],[-82.238187,29.84904],[-82.238154,29.850754],[-82.24245,29.852459],[-82.254349,29.849731],[-82.260377,29.846565],[-82.265399,29.847439],[-82.272563,29.843011],[-82.281837,29.844448],[-82.295761,29.852437],[-82.305027,29.853171],[-82.305203,29.859924],[-82.313914,29.859959],[-82.314176,29.867604],[-82.32342,29.867392],[-82.329297,29.874256],[-82.333164,29.875241],[-82.332879,29.877273],[-82.334962,29.878714],[-82.343266,29.876613],[-82.353739,29.878533],[-82.358232,29.877327],[-82.362829,29.881495],[-82.369524,29.879144],[-82.375003,29.879433],[-82.377198,29.881387],[-82.378861,29.880716],[-82.379062,29.882652],[-82.382525,29.880932],[-82.388037,29.881543],[-82.389295,29.884608],[-82.391819,29.884145],[-82.39439,29.88659],[-82.397519,29.886069],[-82.397198,29.88764],[-82.398771,29.887319],[-82.398563,29.889305],[-82.400926,29.890026],[-82.401284,29.892825],[-82.403054,29.89335],[-82.402856,29.895787],[-82.404584,29.896061],[-82.403534,29.897775],[-82.405781,29.902515],[-82.404441,29.90497],[-82.406528,29.907543],[-82.407059,29.910316],[-82.405482,29.91142],[-82.406629,29.914054],[-82.409543,29.914819],[-82.408727,29.916643],[-82.41114,29.917238],[-82.410904,29.919481],[-82.412355,29.920061],[-82.411006,29.92046],[-82.413257,29.92122],[-82.412611,29.92216],[-82.416386,29.921653],[-82.418617,29.923184]]]}},{"type":"Feature","properties":{"name":"Brevard County School District","students":2520,"total_funded":17012336},"geometry":{"type":"Polygon","coordinates":[[[-80.98725,28.612997],[-80.964453,28.613039],[-80.967895,28.790197],[-80.663461,28.790588],[-80.62477,28.735305],[-80.522973,28.608238],[-80.511346,28.575233],[-80.503585,28.540362],[-80.478054,28.492451],[-80.470554,28.472329],[-80.468605,28.463078],[-80.46939,28.453097],[-80.476223,28.434128],[-80.481209,28.425511],[-80.519428,28.391084],[-80.53417,28.335703],[-80.543999,28.271092],[-80.53417,28.234173],[-80.499773,28.077233],[-80.460542,28.000296],[-80.429011,27.941482],[-80.399438,27.891467],[-80.385069,27.861362],[-80.447088,27.860755],[-80.454635,27.854657],[-80.491079,27.854601],[-80.494787,27.850937],[-80.494267,27.846652],[-80.496821,27.838523],[-80.507333,27.827989],[-80.509075,27.822058],[-80.770115,27.823673],[-80.868881,27.822522],[-80.870135,28.057077],[-80.869313,28.084727],[-80.862877,28.084745],[-80.861395,28.252281],[-80.862785,28.347122],[-80.868652,28.352472],[-80.87358,28.36058],[-80.873101,28.370261],[-80.875577,28.373424],[-80.87929,28.372395],[-80.880138,28.375125],[-80.881925,28.374845],[-80.879519,28.377151],[-80.879604,28.380421],[-80.888478,28.385585],[-80.889618,28.393006],[-80.887494,28.393963],[-80.886789,28.396543],[-80.884507,28.396126],[-80.88451,28.398271],[-80.886651,28.399605],[-80.885504,28.402398],[-80.886494,28.404132],[-80.88299,28.408156],[-80.888074,28.413004],[-80.888021,28.415686],[-80.891073,28.41619],[-80.894159,28.41914],[-80.896373,28.418499],[-80.895759,28.423119],[-80.898698,28.426136],[-80.896773,28.427809],[-80.898448,28.431919],[-80.900339,28.431593],[-80.901272,28.433537],[-80.896902,28.435505],[-80.898225,28.436401],[-80.896715,28.437345],[-80.895151,28.436446],[-80.893079,28.441755],[-80.89389,28.443864],[-80.890121,28.445413],[-80.892028,28.4492],[-80.895859,28.451259],[-80.898346,28.455084],[-80.897569,28.457762],[-80.896628,28.456603],[-80.89336,28.459037],[-80.895845,28.463203],[-80.892859,28.464027],[-80.894522,28.467039],[-80.890812,28.468383],[-80.889772,28.466486],[-80.886659,28.469608],[-80.88475,28.468722],[-80.881681,28.470375],[-80.880834,28.468331],[-80.876045,28.470883],[-80.875143,28.468842],[-80.870773,28.471561],[-80.874191,28.476345],[-80.873318,28.48206],[-80.875585,28.485845],[-80.878113,28.486729],[-80.875368,28.489726],[-80.882591,28.491491],[-80.884077,28.494867],[-80.880266,28.496995],[-80.879873,28.500006],[-80.885741,28.510312],[-80.891923,28.512088],[-80.895905,28.509444],[-80.898851,28.509782],[-80.900095,28.511552],[-80.904465,28.510441],[-80.90713,28.513784],[-80.905715,28.517811],[-80.907965,28.517988],[-80.907258,28.520545],[-80.911994,28.521622],[-80.912515,28.523173],[-80.910559,28.523296],[-80.911412,28.524569],[-80.917517,28.522983],[-80.920638,28.5252],[-80.923377,28.532728],[-80.928243,28.532713],[-80.932176,28.5355],[-80.93407,28.533401],[-80.93626,28.536776],[-80.937797,28.534685],[-80.939391,28.535119],[-80.93921,28.541799],[-80.934247,28.540471],[-80.932133,28.542356],[-80.934304,28.545202],[-80.932625,28.551598],[-80.934185,28.554405],[-80.931684,28.55697],[-80.934274,28.558974],[-80.931651,28.559821],[-80.932181,28.561797],[-80.930013,28.562961],[-80.935876,28.571332],[-80.939349,28.57254],[-80.940438,28.578094],[-80.944249,28.58011],[-80.943946,28.581953],[-80.945865,28.582723],[-80.944756,28.584006],[-80.947161,28.584892],[-80.947094,28.587423],[-80.94544,28.586503],[-80.94428,28.588907],[-80.945072,28.592378],[-80.943459,28.593892],[-80.947931,28.595639],[-80.94637,28.596939],[-80.94952,28.598479],[-80.949304,28.60037],[-80.953047,28.600664],[-80.952073,28.604233],[-80.956419,28.603889],[-80.957105,28.601901],[-80.959961,28.602923],[-80.961294,28.605447],[-80.968345,28.604203],[-80.970987,28.611155],[-80.973062,28.611367],[-80.975925,28.607819],[-80.980602,28.609583],[-80.98103,28.611155],[-80.98333,28.609697],[-80.984218,28.612682],[-80.985345,28.611358],[-80.98725,28.612997]]]}},{"type":"Feature","properties":{"name":"Broward County School District","students":10027,"total_funded":71006747},"geometry":{"type":"Polygon","coordinates":[[[-80.881233,26.333806],[-80.296986,26.334356],[-80.297048,26.355547],[-80.204083,26.327822],[-80.099988,26.32778],[-80.098358,26.326504],[-80.098616,26.322694],[-80.096433,26.322395],[-80.091966,26.326361],[-80.089134,26.324693],[-80.087905,26.320756],[-80.015276,26.320956],[-80.02208,26.28878],[-80.02505,26.24787],[-80.03042,26.23245],[-80.03563,26.20949],[-80.03811,26.19674],[-80.03787,26.18329],[-80.04139,26.17079],[-80.04654,26.13855],[-80.04954,26.09011],[-80.05453,26.07312],[-80.062893,25.976809],[-80.295187,25.97057],[-80.294972,25.95677],[-80.680016,25.956857],[-80.680038,25.978749],[-80.872932,25.979434],[-80.87256,26.001474],[-80.879361,26.180055],[-80.881233,26.333806]]]}},{"type":"Feature","properties":{"name":"Calhoun County School District","students":15,"total_funded":99000},"geometry":{"type":"Polygon","coordinates":[[[-85.389679,30.200973],[-85.388259,30.41697],[-85.386557,30.429671],[-85.383948,30.566856],[-85.171891,30.564336],[-85.173608,30.574931],[-85.172606,30.578675],[-85.169616,30.57939],[-85.169237,30.580956],[-85.172385,30.585807],[-85.169645,30.593703],[-85.166942,30.595649],[-85.167049,30.601847],[-85.165147,30.60486],[-85.167713,30.608026],[-84.983019,30.605694],[-84.932519,30.606393],[-84.936419,30.599693],[-84.944919,30.595493],[-84.945719,30.590294],[-84.943518,30.583894],[-84.945118,30.580994],[-84.952318,30.578594],[-84.962119,30.582494],[-84.965418,30.580194],[-84.965318,30.571594],[-84.961518,30.565094],[-84.973718,30.552994],[-84.992217,30.519595],[-84.992917,30.514695],[-84.991013,30.504295],[-84.994463,30.489076],[-85.004307,30.476211],[-84.999916,30.472418],[-84.988313,30.472118],[-84.986684,30.466552],[-84.999916,30.456199],[-85.001534,30.449781],[-84.999916,30.44701],[-84.995413,30.445105],[-84.982807,30.447632],[-84.981229,30.444129],[-84.983203,30.441837],[-85.015176,30.434361],[-85.027013,30.427154],[-85.032931,30.420299],[-85.029424,30.413008],[-85.018098,30.413598],[-85.015533,30.413172],[-85.013656,30.410648],[-85.015931,30.408],[-85.027303,30.405603],[-85.029885,30.403269],[-85.027413,30.398196],[-85.015566,30.396172],[-85.014607,30.387394],[-85.022426,30.380675],[-85.0251,30.37584],[-85.03124,30.378658],[-85.040199,30.372089],[-85.040513,30.368866],[-85.038574,30.365629],[-85.027426,30.365157],[-85.026007,30.363043],[-85.027898,30.360843],[-85.040378,30.355716],[-85.045492,30.343674],[-85.049968,30.338167],[-85.044271,30.328789],[-85.046271,30.32017],[-85.034944,30.315114],[-85.03429,30.312478],[-85.039109,30.309927],[-85.048148,30.312669],[-85.050464,30.31013],[-85.047448,30.303067],[-85.054993,30.304834],[-85.05692,30.303458],[-85.05273,30.286969],[-85.059587,30.285029],[-85.060057,30.28187],[-85.057996,30.27609],[-85.063951,30.270863],[-85.063374,30.267948],[-85.059417,30.264238],[-85.059712,30.261548],[-85.067742,30.258765],[-85.070031,30.249392],[-85.07512,30.251258],[-85.077731,30.250197],[-85.078461,30.242497],[-85.083429,30.237155],[-85.079847,30.229715],[-85.082718,30.228298],[-85.091455,30.229359],[-85.09091,30.222418],[-85.099512,30.219657],[-85.100319,30.212525],[-85.104013,30.212161],[-85.107396,30.217575],[-85.11137,30.218005],[-85.109917,30.209301],[-85.112155,30.208273],[-85.117434,30.210788],[-85.119237,30.208632],[-85.115314,30.202477],[-85.115683,30.199975],[-85.389679,30.200973]]]}},{"type":"Feature","properties":{"name":"Charlotte County School District","students":358,"total_funded":2531051},"geometry":{"type":"Polygon","coordinates":[[[-82.565858,26.947314],[-82.255521,26.945264],[-82.255169,27.03302],[-81.992522,27.0317],[-81.983242,27.03525],[-81.562624,27.033835],[-81.565748,26.769601],[-82.205562,26.770528],[-82.221492,26.781754],[-82.264676,26.789429],[-82.462012,26.787429],[-82.47786,26.80631],[-82.49878,26.83573],[-82.52699,26.88198],[-82.54475,26.90804],[-82.565858,26.947314]]]}},{"type":"Feature","properties":{"name":"Citrus County School District","students":503,"total_funded":3406537},"geometry":{"type":"Polygon","coordinates":[[[-83.187906,28.986573],[-82.761568,28.992091],[-82.759294,28.99247],[-82.754752,28.997497],[-82.755421,29.001865],[-82.742319,29.008024],[-82.742738,29.010175],[-82.741005,29.012069],[-82.737214,29.012406],[-82.733467,29.014945],[-82.728082,29.014823],[-82.720013,29.025575],[-82.71153,29.030988],[-82.705528,29.030766],[-82.702833,29.032821],[-82.697019,29.031726],[-82.696019,29.03313],[-82.689814,29.033962],[-82.683541,29.030564],[-82.677095,29.03056],[-82.675179,29.026076],[-82.657429,29.022192],[-82.652692,29.023035],[-82.644072,29.020076],[-82.640486,29.021467],[-82.638462,29.018012],[-82.63485,29.018016],[-82.633577,29.016154],[-82.630658,29.016391],[-82.628574,29.013704],[-82.612653,29.009271],[-82.602131,29.013451],[-82.600715,29.016394],[-82.601684,29.021294],[-82.595224,29.029874],[-82.576974,29.028065],[-82.572196,29.032696],[-82.564135,29.035817],[-82.556018,29.033864],[-82.545817,29.041793],[-82.538085,29.04225],[-82.536478,29.044823],[-82.533763,29.043409],[-82.535116,29.040928],[-82.531931,29.041057],[-82.530378,29.043627],[-82.525057,29.043005],[-82.525692,29.040857],[-82.523469,29.042184],[-82.522358,29.039644],[-82.51703,29.042051],[-82.516939,29.044199],[-82.511931,29.04337],[-82.511769,29.0412],[-82.508606,29.040333],[-82.510041,29.03786],[-82.508131,29.037479],[-82.502719,29.041647],[-82.497637,29.042175],[-82.493681,29.046561],[-82.487441,29.048037],[-82.488072,29.051449],[-82.477893,29.052565],[-82.476382,29.05106],[-82.472923,29.051203],[-82.473414,29.048799],[-82.470546,29.046582],[-82.467054,29.048029],[-82.463784,29.044656],[-82.458566,29.04765],[-82.45835,29.044348],[-82.453658,29.03977],[-82.451493,29.040066],[-82.441777,29.035484],[-82.441315,29.032382],[-82.439199,29.033085],[-82.437433,29.0292],[-82.435196,29.029623],[-82.436358,29.027154],[-82.432266,29.027666],[-82.432381,29.025089],[-82.429833,29.024045],[-82.431119,29.023075],[-82.429142,29.022742],[-82.429535,29.021189],[-82.425011,29.021694],[-82.42545,29.019059],[-82.419694,29.01804],[-82.42033,29.014616],[-82.418663,29.013131],[-82.409677,29.0152],[-82.40838,29.017025],[-82.405023,29.016685],[-82.401637,29.018996],[-82.4018,29.015761],[-82.397341,29.01698],[-82.398139,29.015339],[-82.395042,29.014544],[-82.397577,29.011491],[-82.393503,29.008006],[-82.390996,29.009847],[-82.390432,29.007938],[-82.386871,29.009262],[-82.378075,29.004793],[-82.378786,29.002728],[-82.377347,29.000639],[-82.374056,29.002362],[-82.368998,29.001028],[-82.364839,29.002395],[-82.361831,28.998315],[-82.363276,28.996766],[-82.361391,28.993509],[-82.352394,28.991242],[-82.345809,28.987104],[-82.341572,28.987878],[-82.333944,28.981523],[-82.332606,28.982386],[-82.329674,28.97895],[-82.321079,28.975284],[-82.32106,28.973493],[-82.315836,28.973271],[-82.312254,28.966645],[-82.311268,28.958428],[-82.305106,28.952537],[-82.297658,28.949002],[-82.294862,28.942692],[-82.295944,28.938397],[-82.289992,28.935593],[-82.288341,28.928067],[-82.28193,28.917827],[-82.282184,28.914693],[-82.277317,28.910553],[-82.274731,28.903352],[-82.276248,28.901668],[-82.273585,28.897216],[-82.265659,28.890341],[-82.242529,28.876813],[-82.239236,28.870266],[-82.240142,28.866785],[-82.236958,28.86516],[-82.23674,28.861282],[-82.231952,28.856582],[-82.219217,28.850764],[-82.212231,28.842733],[-82.206934,28.840547],[-82.204977,28.834748],[-82.183637,28.823626],[-82.179307,28.803316],[-82.169779,28.796715],[-82.169289,28.791929],[-82.184453,28.783114],[-82.187929,28.777757],[-82.188241,28.771662],[-82.182241,28.768879],[-82.184809,28.761771],[-82.188714,28.759067],[-82.195065,28.760161],[-82.199022,28.757308],[-82.207754,28.756618],[-82.210885,28.753808],[-82.21322,28.747674],[-82.216879,28.74812],[-82.218591,28.744022],[-82.231357,28.736076],[-82.232681,28.730711],[-82.249076,28.717772],[-82.25114,28.710931],[-82.248926,28.707403],[-82.251174,28.705408],[-82.248472,28.701862],[-82.253737,28.689944],[-82.25997,28.682723],[-82.26025,28.672964],[-82.263052,28.667634],[-82.418,28.66592],[-82.418353,28.694859],[-82.889544,28.693213],[-82.89042,28.7],[-82.90196,28.71754],[-82.91699,28.74806],[-82.92539,28.77548],[-82.92778,28.79747],[-82.92718,28.81358],[-82.92312,28.83573],[-82.9158,28.8565],[-82.93171,28.88145],[-82.94177,28.90683],[-82.94688,28.93477],[-82.94557,28.96375],[-82.97255,28.95345],[-83.00158,28.9473],[-83.03237,28.94502],[-83.08218,28.94619],[-83.11028,28.95025],[-83.13532,28.95752],[-83.16027,28.96888],[-83.187906,28.986573]]]}},{"type":"Feature","properties":{"name":"Clay County School District","students":578,"total_funded":3958993},"geometry":{"type":"Polygon","coordinates":[[[-82.046112,29.747129],[-82.049411,30.186933],[-81.954994,30.186331],[-81.738924,30.189321],[-81.73349,30.193466],[-81.725323,30.191007],[-81.7088,30.191208],[-81.703512,30.189025],[-81.702625,30.191481],[-81.679626,30.190495],[-81.681716,30.18144],[-81.690516,30.17194],[-81.692116,30.14474],[-81.679973,30.119118],[-81.681736,30.106177],[-81.68056,30.082654],[-81.689585,30.06088],[-81.690469,30.04321],[-81.688876,30.028566],[-81.684943,30.01977],[-81.678243,30.012233],[-81.624682,29.981495],[-81.612048,29.971998],[-81.604867,29.963498],[-81.600453,29.954537],[-81.598735,29.941038],[-81.608041,29.91756],[-81.607606,29.905655],[-81.599013,29.875422],[-81.581207,29.840176],[-81.81243,29.83649],[-81.821872,29.82634],[-81.827892,29.82442],[-81.837001,29.816142],[-81.853337,29.806965],[-81.861994,29.800187],[-81.87033,29.800868],[-81.89045,29.79828],[-81.90019,29.79413],[-81.90951,29.79352],[-81.914192,29.791399],[-81.920218,29.78616],[-81.923497,29.780919],[-81.929094,29.759356],[-81.939427,29.747497],[-81.976228,29.747114],[-81.985912,29.744983],[-81.985864,29.743652],[-81.99451,29.743059],[-82.00707,29.73949],[-82.024913,29.725236],[-82.028917,29.718681],[-82.049244,29.71867],[-82.046112,29.747129]]]}},{"type":"Feature","properties":{"name":"Collier County School District","students":606,"total_funded":4970369},"geometry":{"type":"Polygon","coordinates":[[[-82.244953,26.329831],[-81.819119,26.330424],[-81.819019,26.316245],[-81.6579,26.317563],[-81.659506,26.421077],[-81.56218,26.422625],[-81.563763,26.513331],[-81.271768,26.517069],[-81.272002,26.421012],[-81.268236,26.253069],[-80.87971,26.259308],[-80.879187,26.173423],[-80.87256,26.001474],[-80.873096,25.805377],[-81.100483,25.803324],[-81.455546,25.803677],[-81.848206,25.800785],[-81.87372,25.83412],[-81.88395,25.85356],[-81.89038,25.87148],[-81.89583,25.87762],[-81.90498,25.89415],[-81.91469,25.92202],[-81.91843,25.95273],[-81.92578,25.9721],[-81.95583,26.03109],[-81.96328,26.04973],[-81.9686,26.07354],[-81.96964,26.09647],[-81.97343,26.12675],[-81.9806,26.15555],[-81.98529,26.21318],[-81.99726,26.26434],[-82.00546,26.28443],[-82.03337,26.27625],[-82.06357,26.27225],[-82.09455,26.27224],[-82.12479,26.27571],[-82.16932,26.28846],[-82.20009,26.30136],[-82.22433,26.31439],[-82.244953,26.329831]]]}},{"type":"Feature","properties":{"name":"Columbia County School District","students":543,"total_funded":3626265},"geometry":{"type":"Polygon","coordinates":[[[-82.800252,29.932363],[-82.795549,29.93991],[-82.791453,29.942105],[-82.791911,29.944011],[-82.785765,29.954884],[-82.783249,29.954587],[-82.779163,29.958011],[-82.773198,29.959038],[-82.762003,29.964578],[-82.758583,29.975707],[-82.760411,29.986205],[-82.793975,29.986202],[-82.794594,30.337024],[-82.7921,30.335851],[-82.79349,30.333232],[-82.793,30.326921],[-82.789,30.327766],[-82.788429,30.323979],[-82.77957,30.324955],[-82.777426,30.32329],[-82.763234,30.330914],[-82.759589,30.328162],[-82.760754,30.324255],[-82.753195,30.319556],[-82.745411,30.317369],[-82.739825,30.321588],[-82.73655,30.328351],[-82.724638,30.333796],[-82.722468,30.332254],[-82.724815,30.328285],[-82.717006,30.321144],[-82.710495,30.328214],[-82.703126,30.332614],[-82.689922,30.333109],[-82.683808,30.338319],[-82.681473,30.342805],[-82.68687,30.353688],[-82.683318,30.354433],[-82.681576,30.35848],[-82.674704,30.364528],[-82.665776,30.366971],[-82.662427,30.370017],[-82.665421,30.379245],[-82.659206,30.382678],[-82.658037,30.391328],[-82.649948,30.391905],[-82.647306,30.394643],[-82.645509,30.406774],[-82.649935,30.409971],[-82.651529,30.415608],[-82.649181,30.418227],[-82.653827,30.421844],[-82.653115,30.425079],[-82.654352,30.426663],[-82.652496,30.428871],[-82.656314,30.4322],[-82.655377,30.434415],[-82.659122,30.440764],[-82.661993,30.43901],[-82.670946,30.444775],[-82.672887,30.448076],[-82.671,30.449114],[-82.668277,30.446884],[-82.666302,30.45131],[-82.662288,30.448754],[-82.663281,30.452054],[-82.665552,30.453453],[-82.671185,30.453339],[-82.680214,30.461012],[-82.680801,30.464594],[-82.67553,30.465258],[-82.677379,30.46772],[-82.677423,30.472007],[-82.688818,30.472073],[-82.697833,30.474694],[-82.701578,30.477409],[-82.699561,30.479678],[-82.702403,30.483462],[-82.69678,30.484516],[-82.696751,30.48962],[-82.706232,30.492503],[-82.704983,30.494862],[-82.708409,30.498429],[-82.705802,30.502442],[-82.706196,30.504497],[-82.708606,30.506715],[-82.715778,30.505886],[-82.718396,30.521023],[-82.72019,30.521304],[-82.72356,30.517432],[-82.728479,30.525294],[-82.72738,30.53079],[-82.720655,30.530136],[-82.714348,30.532189],[-82.716626,30.541374],[-82.719379,30.541761],[-82.722544,30.547948],[-82.72088,30.554024],[-82.724121,30.554004],[-82.726817,30.557807],[-82.726447,30.559622],[-82.722798,30.560773],[-82.72467,30.564311],[-82.7197,30.562902],[-82.716807,30.564472],[-82.714901,30.568103],[-82.717465,30.566746],[-82.71703,30.569648],[-82.705125,30.576211],[-82.703458,30.581592],[-82.706656,30.584318],[-82.696118,30.59163],[-82.697516,30.594728],[-82.696382,30.596243],[-82.691854,30.594574],[-82.689539,30.597734],[-82.459793,30.584267],[-82.457073,30.442757],[-82.458316,30.442757],[-82.458562,30.143891],[-82.458257,30.128989],[-82.452518,30.123887],[-82.45258,30.122069],[-82.455985,30.105584],[-82.458211,30.102267],[-82.467217,30.097277],[-82.481061,30.094077],[-82.489616,30.089767],[-82.499039,30.088822],[-82.50342,30.084541],[-82.516444,30.07826],[-82.53186,30.061247],[-82.53916,30.044166],[-82.537941,30.040657],[-82.539605,30.034981],[-82.534309,30.030916],[-82.53644,30.0254],[-82.54486,30.020022],[-82.55269,30.019105],[-82.558271,30.015668],[-82.562606,30.01613],[-82.570474,30.010833],[-82.573116,30.010651],[-82.571762,30.000581],[-82.573655,29.997458],[-82.573553,29.993206],[-82.576143,29.99116],[-82.572971,29.986914],[-82.573754,29.983867],[-82.570013,29.979402],[-82.569381,29.975156],[-82.556709,29.96876],[-82.554801,29.963607],[-82.540823,29.963012],[-82.533301,29.958357],[-82.530044,29.951746],[-82.531112,29.948413],[-82.529865,29.933317],[-82.535067,29.929283],[-82.539572,29.928868],[-82.541554,29.925495],[-82.548134,29.925571],[-82.550877,29.928601],[-82.554735,29.928541],[-82.560837,29.924916],[-82.562202,29.922873],[-82.560934,29.922154],[-82.566519,29.920748],[-82.567856,29.917196],[-82.571765,29.918262],[-82.578543,29.91565],[-82.579398,29.91418],[-82.575966,29.913095],[-82.575876,29.894865],[-82.580029,29.894851],[-82.579997,29.88764],[-82.592553,29.887515],[-82.59234,29.873221],[-82.5898,29.872925],[-82.586485,29.866702],[-82.590882,29.866314],[-82.592897,29.861933],[-82.596552,29.859099],[-82.602141,29.857893],[-82.606276,29.852864],[-82.61108,29.852117],[-82.616452,29.857786],[-82.619739,29.859111],[-82.622881,29.853349],[-82.617813,29.850232],[-82.617677,29.847345],[-82.631251,29.849112],[-82.632104,29.846807],[-82.630496,29.843148],[-82.63485,29.838943],[-82.635207,29.832949],[-82.641377,29.827423],[-82.651494,29.825587],[-82.656821,29.830014],[-82.670183,29.831353],[-82.675831,29.833627],[-82.682649,29.832743],[-82.694489,29.834401],[-82.702021,29.839077],[-82.7042,29.838256],[-82.704256,29.840606],[-82.710446,29.845706],[-82.70924,29.847431],[-82.71462,29.848827],[-82.720848,29.853366],[-82.732941,29.85647],[-82.736237,29.860133],[-82.737372,29.86509],[-82.74038,29.865151],[-82.744893,29.86939],[-82.747772,29.873542],[-82.747789,29.876559],[-82.752854,29.880206],[-82.751906,29.886239],[-82.753646,29.893499],[-82.75903,29.898938],[-82.762406,29.89704],[-82.769301,29.897714],[-82.767032,29.901051],[-82.767428,29.906348],[-82.765015,29.90777],[-82.771058,29.908455],[-82.774346,29.912436],[-82.771408,29.917874],[-82.772382,29.924744],[-82.769861,29.927813],[-82.778397,29.927347],[-82.780486,29.925753],[-82.784088,29.93286],[-82.789291,29.932629],[-82.791139,29.935479],[-82.793184,29.934493],[-82.794174,29.931381],[-82.800252,29.932363]]]}},{"type":"Feature","properties":{"name":"Dade County School District","students":21490,"total_funded":153808322},"geometry":{"type":"Polygon","coordinates":[[[-80.87319,25.363993],[-80.872932,25.979434],[-80.680038,25.978749],[-80.680016,25.956857],[-80.294972,25.95677],[-80.295187,25.97057],[-80.062893,25.976809],[-80.06421,25.94081],[-80.06303,25.92757],[-80.06543,25.91523],[-80.06378,25.90158],[-80.06572,25.88124],[-80.0628,25.84959],[-80.06696,25.80239],[-80.07262,25.77928],[-80.06958,25.76703],[-80.06962,25.75566],[-80.07248,25.74459],[-80.07714,25.73568],[-80.0828,25.72862],[-80.09178,25.72111],[-80.09389,25.69856],[-80.09886,25.68422],[-80.09787,25.66842],[-80.10045,25.65621],[-80.10373,25.64885],[-80.10777,25.60663],[-80.10476,25.59461],[-80.104,25.56187],[-80.11557,25.52666],[-80.11515,25.52287],[-80.10804,25.51683],[-80.10081,25.50756],[-80.09506,25.49339],[-80.09456,25.47567],[-80.10065,25.45881],[-80.10892,25.44834],[-80.11709,25.44182],[-80.12737,25.43644],[-80.139104,25.433101],[-80.14812,25.41345],[-80.14977,25.40287],[-80.15291,25.39466],[-80.16241,25.37994],[-80.17656,25.36687],[-80.183871,25.348183],[-80.250225,25.339367],[-80.256475,25.350691],[-80.265472,25.354296],[-80.372121,25.310215],[-80.371981,25.305928],[-80.379021,25.305895],[-80.379149,25.287859],[-80.395081,25.272937],[-80.394931,25.253537],[-80.410955,25.253466],[-80.418649,25.244749],[-80.41887,25.23631],[-80.436272,25.235762],[-80.435234,25.240632],[-80.440006,25.239435],[-80.439306,25.242509],[-80.444205,25.244199],[-80.445598,25.242729],[-80.444455,25.2399],[-80.44897,25.240747],[-80.453407,25.238359],[-80.456534,25.238816],[-80.457441,25.236844],[-80.456331,25.235191],[-80.460795,25.236818],[-80.467149,25.234727],[-80.468634,25.230048],[-80.470853,25.230413],[-80.472667,25.228555],[-80.475872,25.230799],[-80.480408,25.228228],[-80.482473,25.224878],[-80.484996,25.225519],[-80.487318,25.228728],[-80.494176,25.227117],[-80.496039,25.223997],[-80.494448,25.221314],[-80.494998,25.21629],[-80.491818,25.213471],[-80.487034,25.212306],[-80.488182,25.209567],[-80.487215,25.207126],[-80.492181,25.207499],[-80.492769,25.205579],[-80.500604,25.211191],[-80.500531,25.208391],[-80.495568,25.205323],[-80.495335,25.199499],[-80.499295,25.200804],[-80.500258,25.204814],[-80.503109,25.203142],[-80.50487,25.206584],[-80.508131,25.206505],[-80.507186,25.210116],[-80.510635,25.216058],[-80.5154,25.217394],[-80.514641,25.219548],[-80.519176,25.222375],[-80.524296,25.221164],[-80.528586,25.216944],[-80.529069,25.213505],[-80.530909,25.214836],[-80.539634,25.213512],[-80.540671,25.20865],[-80.538051,25.205804],[-80.538649,25.204097],[-80.535709,25.201033],[-80.535837,25.198923],[-80.541158,25.205702],[-80.545641,25.204983],[-80.547934,25.206178],[-80.549597,25.208632],[-80.548208,25.212096],[-80.54919,25.214045],[-80.553829,25.21398],[-80.557965,25.211642],[-80.561949,25.212194],[-80.558546,25.199303],[-80.563923,25.197017],[-80.565387,25.192651],[-80.568791,25.193159],[-80.574966,25.197977],[-80.577233,25.202221],[-80.576425,25.203576],[-80.574613,25.198667],[-80.57126,25.198526],[-80.569013,25.204168],[-80.563819,25.205083],[-80.56548,25.209581],[-80.568404,25.211554],[-80.574558,25.210066],[-80.577103,25.212084],[-80.582374,25.210551],[-80.58245,25.208119],[-80.584139,25.207454],[-80.583836,25.200557],[-80.59158,25.199245],[-80.594173,25.195159],[-80.594619,25.190368],[-80.606404,25.186384],[-80.614448,25.175779],[-80.619011,25.17736],[-80.617801,25.180461],[-80.619616,25.181999],[-80.621841,25.180312],[-80.625187,25.18255],[-80.609583,25.182846],[-80.609734,25.18592],[-80.603255,25.190576],[-80.605724,25.194797],[-80.603936,25.200927],[-80.604916,25.202733],[-80.608522,25.202734],[-80.609933,25.200256],[-80.6149,25.200717],[-80.61959,25.197575],[-80.622539,25.199181],[-80.625313,25.195004],[-80.629447,25.197713],[-80.634237,25.192367],[-80.63885,25.190877],[-80.647119,25.189522],[-80.648279,25.192159],[-80.651633,25.192479],[-80.654329,25.188214],[-80.654278,25.184795],[-80.65937,25.184771],[-80.663982,25.179494],[-80.662443,25.174975],[-80.659191,25.174747],[-80.657955,25.177499],[-80.651654,25.175345],[-80.638067,25.178556],[-80.633632,25.176334],[-80.640285,25.176655],[-80.645074,25.174704],[-80.647517,25.171503],[-80.651775,25.162119],[-80.650944,25.15744],[-80.65641,25.154287],[-80.655933,25.149378],[-80.652454,25.147315],[-80.652808,25.146077],[-80.656663,25.144928],[-80.657974,25.146601],[-80.659158,25.142633],[-80.669061,25.142127],[-80.673696,25.138477],[-80.67458,25.142241],[-80.670924,25.144145],[-80.661907,25.154011],[-80.656615,25.156282],[-80.653063,25.162866],[-80.657803,25.169128],[-80.661911,25.167383],[-80.669825,25.167038],[-80.667987,25.170822],[-80.671694,25.174583],[-80.673256,25.173895],[-80.674061,25.170019],[-80.672321,25.167495],[-80.678066,25.163938],[-80.680436,25.164785],[-80.677515,25.172862],[-80.680238,25.174559],[-80.6881,25.168866],[-80.693166,25.167282],[-80.697851,25.162944],[-80.697594,25.154434],[-80.704045,25.152044],[-80.705327,25.148329],[-80.703231,25.141447],[-80.706294,25.139815],[-80.711571,25.151946],[-80.713596,25.151718],[-80.717883,25.155661],[-80.727206,25.152879],[-80.723002,25.159329],[-80.72308,25.161553],[-80.725527,25.165772],[-80.731704,25.167443],[-80.729256,25.163614],[-80.729908,25.159759],[-80.734194,25.160972],[-80.737267,25.159065],[-80.738832,25.16161],[-80.745918,25.165391],[-80.747279,25.164815],[-80.747197,25.158715],[-80.743739,25.1539],[-80.739427,25.151081],[-80.730986,25.152922],[-80.722362,25.147515],[-80.721555,25.145496],[-80.727728,25.144897],[-80.730625,25.14306],[-80.74293,25.142654],[-80.751453,25.151392],[-80.756315,25.152706],[-80.755384,25.159157],[-80.765959,25.162279],[-80.772288,25.159485],[-80.772366,25.156502],[-80.768793,25.150078],[-80.771244,25.140767],[-80.778018,25.137704],[-80.773535,25.144301],[-80.772623,25.149827],[-80.776924,25.160727],[-80.782213,25.165273],[-80.792422,25.164452],[-80.795801,25.162113],[-80.798401,25.156357],[-80.797953,25.146723],[-80.800526,25.142985],[-80.802561,25.152871],[-80.800135,25.163194],[-80.793901,25.176244],[-80.796218,25.18042],[-80.808189,25.18421],[-80.808368,25.181549],[-80.811469,25.1799],[-80.809576,25.183866],[-80.814416,25.182743],[-80.813034,25.176067],[-80.809255,25.172192],[-80.809559,25.169048],[-80.814163,25.165418],[-80.825739,25.160548],[-80.827164,25.160906],[-80.830025,25.168114],[-80.838216,25.174792],[-80.846407,25.177066],[-80.858167,25.176607],[-80.857989,25.243],[-80.861991,25.242898],[-80.862191,25.364193],[-80.87319,25.363993]]]}},{"type":"Feature","properties":{"name":"DeSoto County School District","students":156,"total_funded":1051372},"geometry":{"type":"Polygon","coordinates":[[[-82.057506,27.032119],[-82.055753,27.338264],[-81.858943,27.336709],[-81.858829,27.340262],[-81.564062,27.340641],[-81.562624,27.033835],[-81.983242,27.03525],[-81.992522,27.0317],[-82.057506,27.032119]]]}},{"type":"Feature","properties":{"name":"Dixie County School District","students":88,"total_funded":631401},"geometry":{"type":"MultiPolygon","coordinates":[[[[-82.918708,29.824083],[-82.914224,29.824152],[-82.903956,29.824294],[-82.91231,29.820766],[-82.918708,29.824083]]],[[[-83.575406,29.527003],[-83.415441,29.665539],[-83.399632,29.673968],[-83.386814,29.668989],[-83.381837,29.669593],[-83.373351,29.665951],[-83.366398,29.665701],[-83.363207,29.668238],[-83.365217,29.676342],[-83.361885,29.678953],[-83.35074,29.695301],[-83.351372,29.706694],[-83.350141,29.712396],[-83.347108,29.714598],[-83.346058,29.719507],[-83.347026,29.72351],[-83.344902,29.726811],[-83.347642,29.733856],[-83.343749,29.735396],[-83.343267,29.73713],[-83.345676,29.74349],[-83.342222,29.746406],[-83.341707,29.75095],[-83.336888,29.760401],[-83.331438,29.762082],[-83.327813,29.76887],[-83.325972,29.769521],[-83.326616,29.773625],[-83.323698,29.774764],[-83.321398,29.778305],[-83.319462,29.778328],[-83.318859,29.822623],[-82.961727,29.825449],[-82.959199,29.825409],[-82.95907,29.82401],[-82.920608,29.824143],[-82.92585,29.822305],[-82.930023,29.818506],[-82.93556,29.808083],[-82.933417,29.801454],[-82.921577,29.798462],[-82.919986,29.795215],[-82.93678,29.784664],[-82.941227,29.772842],[-82.947623,29.766113],[-82.949677,29.757921],[-82.949173,29.753715],[-82.946058,29.752816],[-82.941336,29.754039],[-82.938663,29.749677],[-82.938869,29.743682],[-82.949891,29.725567],[-82.949125,29.72318],[-82.943282,29.721821],[-82.943463,29.716431],[-82.946445,29.714981],[-82.953804,29.722446],[-82.956123,29.721047],[-82.956591,29.718718],[-82.953537,29.714221],[-82.947462,29.71219],[-82.943299,29.704898],[-82.937887,29.704558],[-82.936972,29.703235],[-82.939319,29.700932],[-82.945335,29.699937],[-82.95205,29.703975],[-82.957376,29.700496],[-82.956507,29.691676],[-82.959408,29.684317],[-82.954365,29.67667],[-82.959222,29.670475],[-82.953173,29.664796],[-82.951819,29.659814],[-82.957551,29.655345],[-82.956346,29.639574],[-82.968644,29.630467],[-82.973054,29.624281],[-82.972129,29.620961],[-82.967701,29.616548],[-82.972362,29.611052],[-82.97216,29.608969],[-82.96243,29.601908],[-82.960257,29.593524],[-82.955486,29.586108],[-82.952162,29.584474],[-82.948826,29.585416],[-82.94181,29.59322],[-82.93793,29.592352],[-82.937096,29.588255],[-82.943091,29.585226],[-82.944462,29.582302],[-82.944969,29.575186],[-82.948744,29.565903],[-82.947901,29.557531],[-82.95936,29.553245],[-82.977347,29.539893],[-82.978557,29.531868],[-82.970766,29.525854],[-82.969401,29.522315],[-82.97268,29.517266],[-82.979452,29.518418],[-82.982878,29.515444],[-82.984307,29.496322],[-82.981865,29.485418],[-82.986804,29.476543],[-82.984501,29.46991],[-82.989937,29.463345],[-83.000513,29.462646],[-83.001991,29.45653],[-83.012839,29.445899],[-83.012806,29.439769],[-83.021184,29.431196],[-83.021141,29.427141],[-83.015829,29.421409],[-83.017951,29.418628],[-83.024912,29.420344],[-83.026881,29.418946],[-83.026145,29.416452],[-83.021766,29.413099],[-83.025616,29.4079],[-83.022901,29.399257],[-83.023897,29.397726],[-83.032957,29.397947],[-83.033861,29.390551],[-83.045386,29.380682],[-83.056858,29.37834],[-83.065602,29.372664],[-83.06593,29.368478],[-83.062248,29.364229],[-83.063262,29.361818],[-83.070642,29.357353],[-83.072051,29.353862],[-83.061415,29.352683],[-83.060528,29.349457],[-83.068522,29.343953],[-83.0822,29.339857],[-83.090389,29.332753],[-83.092494,29.332251],[-83.094954,29.335923],[-83.098798,29.336865],[-83.10452,29.32544],[-83.111888,29.324684],[-83.112947,29.318141],[-83.119523,29.317153],[-83.128805,29.319406],[-83.136165,29.32344],[-83.13957,29.323985],[-83.142026,29.322592],[-83.148028,29.307769],[-83.158063,29.302239],[-83.164817,29.289161],[-83.346176,29.241868],[-83.35175,29.26035],[-83.35503,29.28828],[-83.35723,29.2917],[-83.3785,29.30181],[-83.40251,29.31692],[-83.41921,29.33103],[-83.43566,29.3497],[-83.48066,29.37008],[-83.50493,29.38423],[-83.52422,29.39936],[-83.54129,29.41758],[-83.5564,29.4407],[-83.56633,29.46484],[-83.57098,29.48627],[-83.575406,29.527003]]]]}},{"type":"Feature","properties":{"name":"Duval County School District","students":7214,"total_funded":49740595},"geometry":{"type":"Polygon","coordinates":[[[-82.049411,30.186933],[-82.04932,30.27343],[-81.831227,30.467437],[-81.809526,30.484537],[-81.794918,30.505406],[-81.781624,30.503336],[-81.765322,30.51844],[-81.763748,30.534916],[-81.756141,30.53115],[-81.747139,30.530772],[-81.738271,30.534687],[-81.7367,30.538627],[-81.737419,30.540796],[-81.735189,30.541954],[-81.737946,30.542628],[-81.735651,30.54486],[-81.737626,30.546636],[-81.733633,30.547164],[-81.737779,30.549861],[-81.736149,30.552638],[-81.732974,30.551827],[-81.734582,30.556695],[-81.736311,30.557089],[-81.734613,30.559479],[-81.730672,30.557042],[-81.729833,30.55845],[-81.73197,30.561073],[-81.730545,30.562533],[-81.727841,30.562387],[-81.726588,30.559578],[-81.725247,30.563736],[-81.729104,30.565445],[-81.726526,30.567752],[-81.725938,30.565886],[-81.722843,30.567536],[-81.721739,30.571987],[-81.720241,30.570458],[-81.71594,30.571236],[-81.709955,30.565866],[-81.703741,30.567309],[-81.704378,30.563599],[-81.70109,30.563758],[-81.701552,30.565926],[-81.697949,30.569666],[-81.695238,30.566697],[-81.695521,30.56317],[-81.693149,30.56394],[-81.692385,30.567171],[-81.688267,30.566463],[-81.687484,30.562697],[-81.68375,30.566412],[-81.681313,30.563152],[-81.678059,30.562096],[-81.673941,30.566187],[-81.669342,30.563179],[-81.672128,30.562319],[-81.672809,30.559745],[-81.667704,30.560349],[-81.667856,30.557312],[-81.673006,30.556601],[-81.663733,30.550842],[-81.658633,30.552831],[-81.662283,30.554587],[-81.663742,30.55857],[-81.660952,30.558281],[-81.659434,30.56588],[-81.656179,30.570033],[-81.650641,30.572275],[-81.649898,30.576624],[-81.645787,30.575599],[-81.642677,30.580002],[-81.637016,30.578316],[-81.635393,30.581256],[-81.625306,30.586131],[-81.615057,30.580136],[-81.608715,30.585178],[-81.606158,30.585566],[-81.604608,30.584864],[-81.604932,30.582606],[-81.611002,30.575938],[-81.603325,30.572586],[-81.60146,30.567665],[-81.614177,30.563052],[-81.610212,30.55438],[-81.606444,30.553855],[-81.602861,30.560054],[-81.592127,30.565326],[-81.585084,30.566319],[-81.583327,30.56311],[-81.588894,30.54959],[-81.586541,30.54523],[-81.577285,30.538025],[-81.567809,30.536636],[-81.555251,30.544528],[-81.550926,30.543027],[-81.550778,30.531562],[-81.546953,30.525939],[-81.543018,30.523889],[-81.530238,30.52629],[-81.526312,30.531175],[-81.519948,30.543645],[-81.519783,30.546679],[-81.523814,30.556337],[-81.514014,30.567337],[-81.499575,30.563793],[-81.490962,30.554623],[-81.488003,30.542168],[-81.484397,30.537444],[-81.479939,30.533454],[-81.450811,30.519238],[-81.442111,30.509138],[-81.433697,30.506566],[-81.358793,30.501504],[-81.352445,30.482119],[-81.353574,30.44666],[-81.33229,30.433036],[-81.319799,30.416465],[-81.316897,30.407721],[-81.317461,30.394077],[-81.321563,30.378574],[-81.32944,30.366762],[-81.335381,30.361292],[-81.33538,30.337771],[-81.330627,30.299481],[-81.317928,30.252939],[-81.436929,30.252335],[-81.434653,30.105277],[-81.538707,30.103748],[-81.539009,30.119942],[-81.558195,30.117058],[-81.567787,30.117789],[-81.580882,30.1261],[-81.590511,30.125841],[-81.601212,30.130541],[-81.612312,30.132941],[-81.623813,30.133641],[-81.650514,30.121541],[-81.680215,30.12124],[-81.692116,30.14474],[-81.690516,30.17194],[-81.681716,30.18144],[-81.679626,30.190495],[-81.702625,30.191481],[-81.703512,30.189025],[-81.7088,30.191208],[-81.725323,30.191007],[-81.73349,30.193466],[-81.738924,30.189321],[-81.95552,30.186327],[-82.049411,30.186933]]]}},{"type":"Feature","properties":{"name":"Escambia County School District","students":1754,"total_funded":11754911},"geometry":{"type":"Polygon","coordinates":[[[-87.634871,30.866344],[-87.629103,30.880425],[-87.62027,30.887404],[-87.621807,30.897723],[-87.615686,30.901641],[-87.607053,30.925121],[-87.601679,30.935749],[-87.598005,30.93839],[-87.594186,30.949871],[-87.590933,30.953513],[-87.588862,30.96579],[-87.59265,30.972659],[-87.593551,30.977103],[-87.592237,30.979942],[-87.596504,30.987229],[-87.598829,30.997455],[-87.301528,30.998438],[-87.252402,30.997936],[-87.237685,30.996393],[-87.163653,30.999029],[-87.163516,30.996405],[-87.169126,30.993202],[-87.176004,30.996586],[-87.174148,30.991182],[-87.174958,30.98862],[-87.187156,30.981444],[-87.190449,30.975811],[-87.197127,30.976497],[-87.203509,30.970669],[-87.212993,30.966942],[-87.213203,30.962034],[-87.21838,30.963754],[-87.227635,30.961112],[-87.231225,30.963779],[-87.229973,30.967227],[-87.231431,30.968318],[-87.237539,30.962899],[-87.241322,30.961859],[-87.241226,30.959456],[-87.238295,30.958192],[-87.242224,30.951426],[-87.24146,30.948585],[-87.245428,30.946792],[-87.247433,30.941904],[-87.251834,30.943925],[-87.250594,30.938745],[-87.255998,30.931186],[-87.259372,30.931652],[-87.260844,30.935537],[-87.264871,30.930733],[-87.265269,30.934446],[-87.26721,30.934982],[-87.275629,30.930985],[-87.275761,30.926357],[-87.286882,30.925441],[-87.283213,30.918836],[-87.288969,30.916566],[-87.287664,30.915255],[-87.283502,30.915635],[-87.282179,30.9104],[-87.285596,30.908045],[-87.288778,30.909738],[-87.290506,30.908232],[-87.285454,30.903623],[-87.286014,30.895027],[-87.283288,30.891343],[-87.284486,30.887986],[-87.298438,30.881248],[-87.296644,30.87854],[-87.298725,30.877777],[-87.299706,30.873976],[-87.297633,30.87118],[-87.301134,30.86759],[-87.30153,30.863426],[-87.309138,30.863783],[-87.310621,30.854948],[-87.313908,30.848708],[-87.311498,30.846841],[-87.306278,30.847987],[-87.30792,30.843888],[-87.307135,30.841862],[-87.301367,30.841516],[-87.30364,30.839106],[-87.299996,30.835609],[-87.302527,30.833941],[-87.301778,30.828436],[-87.297518,30.825905],[-87.296876,30.815116],[-87.292766,30.811283],[-87.29646,30.808684],[-87.298648,30.802058],[-87.302731,30.801669],[-87.305461,30.798574],[-87.305715,30.792631],[-87.30315,30.792162],[-87.301948,30.789767],[-87.304402,30.7891],[-87.30691,30.791156],[-87.309537,30.789334],[-87.305708,30.788616],[-87.305558,30.787275],[-87.312606,30.785992],[-87.309213,30.782153],[-87.309239,30.776477],[-87.305181,30.777235],[-87.310594,30.771708],[-87.305771,30.770144],[-87.304194,30.765529],[-87.301272,30.767499],[-87.299427,30.766745],[-87.299939,30.763445],[-87.304921,30.763529],[-87.304932,30.760326],[-87.302131,30.760296],[-87.304175,30.757903],[-87.305316,30.759485],[-87.307145,30.759132],[-87.305711,30.755053],[-87.310326,30.751662],[-87.310264,30.746547],[-87.307976,30.74555],[-87.311199,30.743494],[-87.30961,30.74074],[-87.31233,30.740874],[-87.311337,30.738092],[-87.31282,30.737094],[-87.312409,30.73477],[-87.308502,30.72691],[-87.301656,30.721941],[-87.302661,30.71937],[-87.298452,30.719893],[-87.297412,30.717487],[-87.294341,30.718096],[-87.29642,30.720392],[-87.294045,30.721094],[-87.292538,30.720557],[-87.292473,30.718408],[-87.289559,30.720821],[-87.287527,30.719353],[-87.281449,30.71962],[-87.278858,30.716474],[-87.276569,30.71607],[-87.277096,30.713448],[-87.274713,30.714007],[-87.275086,30.71643],[-87.272644,30.717332],[-87.273134,30.714254],[-87.269407,30.711687],[-87.268443,30.706257],[-87.270604,30.70354],[-87.267844,30.701073],[-87.269178,30.699647],[-87.272776,30.700267],[-87.271791,30.695567],[-87.273364,30.693521],[-87.270662,30.693837],[-87.270375,30.691407],[-87.265486,30.688369],[-87.267457,30.686565],[-87.265856,30.685123],[-87.268991,30.67897],[-87.26627,30.677137],[-87.268203,30.673775],[-87.266613,30.672293],[-87.267056,30.665498],[-87.264117,30.662882],[-87.266439,30.658492],[-87.264106,30.65575],[-87.264776,30.649645],[-87.256821,30.635309],[-87.259515,30.629929],[-87.256945,30.628556],[-87.255845,30.625788],[-87.25194,30.624224],[-87.260677,30.621363],[-87.257156,30.614689],[-87.259508,30.612049],[-87.249665,30.605887],[-87.248671,30.606872],[-87.245329,30.605706],[-87.243595,30.602766],[-87.246693,30.599843],[-87.245444,30.597281],[-87.23477,30.595813],[-87.234277,30.591549],[-87.230474,30.589956],[-87.232399,30.5869],[-87.225219,30.581394],[-87.222339,30.571586],[-87.209715,30.555266],[-87.200418,30.552322],[-87.195826,30.548946],[-87.18957,30.548794],[-87.157292,30.537953],[-87.136815,30.511643],[-87.121451,30.497419],[-87.133312,30.468641],[-87.144718,30.42746],[-87.151906,30.412598],[-87.161175,30.405612],[-87.184652,30.393565],[-87.216209,30.377381],[-87.232664,30.371179],[-87.231429,30.343309],[-87.207419,30.341825],[-87.196422,30.338374],[-87.179021,30.33593],[-87.153125,30.348375],[-87.101405,30.353146],[-86.972699,30.381113],[-86.918937,30.386514],[-86.91833,30.217637],[-87.12004,30.18059],[-87.17692,30.17281],[-87.25829,30.16542],[-87.27883,30.16557],[-87.30281,30.1683],[-87.36687,30.15357],[-87.44201,30.1411],[-87.51837,30.12553],[-87.51838,30.283901],[-87.452378,30.300201],[-87.450078,30.3111],[-87.462978,30.3078],[-87.475879,30.3079],[-87.483679,30.304801],[-87.49998,30.306201],[-87.50348,30.307601],[-87.50558,30.3111],[-87.504701,30.324039],[-87.502572,30.327405],[-87.49818,30.3295],[-87.471879,30.3318],[-87.461078,30.3353],[-87.451078,30.345599],[-87.451378,30.367199],[-87.438678,30.380798],[-87.441078,30.387698],[-87.440678,30.391498],[-87.434278,30.397498],[-87.429578,30.406498],[-87.422677,30.410098],[-87.408877,30.408798],[-87.402977,30.410398],[-87.395676,30.417597],[-87.386376,30.420497],[-87.371169,30.43049],[-87.366591,30.436648],[-87.366939,30.44048],[-87.370768,30.446865],[-87.381176,30.450097],[-87.399877,30.450997],[-87.404677,30.452897],[-87.407877,30.456396],[-87.414677,30.457296],[-87.417777,30.461096],[-87.425078,30.465596],[-87.429578,30.470596],[-87.430578,30.476596],[-87.435578,30.480496],[-87.432878,30.484296],[-87.433878,30.487696],[-87.428378,30.488496],[-87.431678,30.492896],[-87.430978,30.498295],[-87.433878,30.499495],[-87.43969,30.506649],[-87.444714,30.507494],[-87.447702,30.510458],[-87.448355,30.51374],[-87.450371,30.514462],[-87.444524,30.514248],[-87.444986,30.515491],[-87.447268,30.515044],[-87.445453,30.517672],[-87.447283,30.521973],[-87.443806,30.523948],[-87.445998,30.526377],[-87.447971,30.524945],[-87.44798,30.526607],[-87.445103,30.528909],[-87.443647,30.528138],[-87.442619,30.529762],[-87.443901,30.531481],[-87.441703,30.529747],[-87.438958,30.530291],[-87.440577,30.531595],[-87.441569,30.537451],[-87.435321,30.542867],[-87.436739,30.543689],[-87.43512,30.549089],[-87.431182,30.550015],[-87.427554,30.553681],[-87.425359,30.560311],[-87.418012,30.562106],[-87.418467,30.564809],[-87.416137,30.566145],[-87.418521,30.570134],[-87.411947,30.574169],[-87.41263,30.576705],[-87.408018,30.583701],[-87.409355,30.585853],[-87.407315,30.587896],[-87.407305,30.595984],[-87.405446,30.597416],[-87.405849,30.600101],[-87.407587,30.600865],[-87.405711,30.601476],[-87.406086,30.603258],[-87.403501,30.603417],[-87.403286,30.605361],[-87.39877,30.605396],[-87.396655,30.608876],[-87.394672,30.615239],[-87.396475,30.617102],[-87.395066,30.621899],[-87.396027,30.624135],[-87.394575,30.624255],[-87.393294,30.627218],[-87.39341,30.631534],[-87.395655,30.632984],[-87.394072,30.633502],[-87.395212,30.636069],[-87.394024,30.641855],[-87.395739,30.644562],[-87.394336,30.645612],[-87.396989,30.648273],[-87.395908,30.650159],[-87.396818,30.65485],[-87.403103,30.657479],[-87.402689,30.664847],[-87.405758,30.666439],[-87.405879,30.670911],[-87.407384,30.671816],[-87.406474,30.675146],[-87.41672,30.679298],[-87.419041,30.678528],[-87.42023,30.680932],[-87.426612,30.683053],[-87.430136,30.688259],[-87.436401,30.68842],[-87.440375,30.690362],[-87.443676,30.694537],[-87.448661,30.696688],[-87.449566,30.69896],[-87.451306,30.699591],[-87.458013,30.696398],[-87.46219,30.700189],[-87.468085,30.700208],[-87.469806,30.705021],[-87.475805,30.705248],[-87.474493,30.706654],[-87.475171,30.70906],[-87.479312,30.7096],[-87.480269,30.711787],[-87.477992,30.713277],[-87.481278,30.717002],[-87.483623,30.71531],[-87.484601,30.717078],[-87.488775,30.717642],[-87.492093,30.720392],[-87.49786,30.719879],[-87.502431,30.721522],[-87.503278,30.723854],[-87.505951,30.725064],[-87.505137,30.726288],[-87.508792,30.728085],[-87.510633,30.732907],[-87.514903,30.733152],[-87.520296,30.737396],[-87.532557,30.743199],[-87.531662,30.746063],[-87.53534,30.749999],[-87.534302,30.753868],[-87.535985,30.761192],[-87.546047,30.772056],[-87.545432,30.779389],[-87.550285,30.781251],[-87.551471,30.78593],[-87.559057,30.790375],[-87.568252,30.800113],[-87.571752,30.800199],[-87.579567,30.810892],[-87.600102,30.820508],[-87.604314,30.831419],[-87.615245,30.83421],[-87.617072,30.840328],[-87.626679,30.847304],[-87.62509,30.854234],[-87.626006,30.857438],[-87.634871,30.866344]]]}},{"type":"Feature","properties":{"name":"Flagler County School District","students":459,"total_funded":3051666},"geometry":{"type":"Polygon","coordinates":[[[-81.52366,29.622432],[-81.324059,29.62561],[-81.324345,29.653478],[-81.31852,29.651294],[-81.312802,29.644006],[-81.308652,29.642065],[-81.305914,29.642647],[-81.302783,29.649187],[-81.300179,29.650983],[-81.290323,29.649574],[-81.287699,29.651909],[-81.28212,29.650416],[-81.274466,29.652681],[-81.276301,29.654176],[-81.272701,29.655194],[-81.274288,29.657515],[-81.269906,29.656569],[-81.27221,29.660792],[-81.269285,29.659924],[-81.268391,29.663127],[-81.263016,29.665894],[-81.261018,29.669076],[-81.257662,29.667433],[-81.257522,29.664281],[-81.253379,29.661586],[-81.250223,29.662305],[-81.24726,29.659093],[-81.231709,29.663407],[-81.227309,29.670538],[-81.150817,29.671087],[-81.119814,29.59673],[-81.103709,29.562658],[-81.080186,29.518367],[-81.041923,29.432893],[-81.092355,29.42715],[-81.111023,29.426901],[-81.148731,29.416788],[-81.148152,29.411846],[-81.155881,29.410954],[-81.15343,29.375255],[-81.150081,29.265957],[-81.41729,29.261156],[-81.420745,29.399645],[-81.42272,29.400563],[-81.424691,29.397318],[-81.426901,29.396851],[-81.433548,29.399815],[-81.448292,29.391652],[-81.454998,29.389652],[-81.468093,29.392252],[-81.476293,29.396152],[-81.478793,29.399052],[-81.480894,29.416452],[-81.486194,29.425251],[-81.487594,29.448251],[-81.501107,29.46882],[-81.517646,29.490161],[-81.520467,29.496513],[-81.52366,29.622432]]]}},{"type":"Feature","properties":{"name":"Franklin County School District","students":37,"total_funded":191946},"geometry":{"type":"Polygon","coordinates":[[[-85.225499,29.677937],[-85.22036,29.683975],[-85.222425,29.688798],[-85.219737,29.69038],[-85.206226,29.711188],[-85.109401,29.776793],[-85.104127,29.774181],[-85.090784,29.772761],[-85.078222,29.768616],[-85.071952,29.771692],[-85.06867,29.784467],[-85.064765,29.787026],[-85.060675,29.786296],[-85.049059,29.777875],[-85.04724,29.781251],[-85.044493,29.779374],[-85.040078,29.779346],[-85.034344,29.795061],[-85.020534,29.807373],[-85.019693,29.819874],[-85.021421,29.823213],[-85.032206,29.828995],[-85.032003,29.842046],[-85.034239,29.848188],[-85.037775,29.852527],[-85.037691,29.863638],[-85.041268,29.870799],[-85.041361,29.876782],[-85.046258,29.881595],[-85.046235,29.885411],[-85.051101,29.892486],[-85.054359,29.90186],[-85.0509,29.906368],[-85.053757,29.910296],[-85.04878,29.909672],[-85.047753,29.914827],[-85.049516,29.917751],[-85.045342,29.920697],[-85.041303,29.931057],[-85.039722,29.927874],[-85.037332,29.931341],[-85.029474,29.931298],[-85.033322,29.936958],[-85.031341,29.940569],[-85.026215,29.944588],[-85.025208,29.948183],[-85.02647,29.952836],[-85.023409,29.949893],[-85.017939,29.950973],[-85.023369,29.962164],[-85.025439,29.971399],[-85.018196,29.981037],[-85.017716,29.988218],[-85.014905,29.988601],[-85.01661,29.990505],[-85.015299,29.995871],[-85.013985,29.996146],[-85.014951,29.997768],[-85.011153,29.998822],[-85.010421,30.005705],[-85.005365,30.009118],[-85.007626,30.013883],[-84.815249,30.011342],[-84.54445,30.01103],[-84.548411,30.008983],[-84.548871,30.007087],[-84.542419,30.002445],[-84.530075,30.007621],[-84.524048,30.004015],[-84.51896,29.995129],[-84.525393,29.983709],[-84.520397,29.980484],[-84.514093,29.980477],[-84.512102,29.982039],[-84.51413,29.989076],[-84.494222,29.986997],[-84.487087,29.988457],[-84.477191,29.999362],[-84.470202,30.002501],[-84.464211,29.998988],[-84.459675,29.993376],[-84.458403,29.975198],[-84.454551,29.971333],[-84.449482,29.973344],[-84.444191,29.981799],[-84.442145,29.981726],[-84.43816,29.977207],[-84.426856,29.985914],[-84.418522,29.983365],[-84.40802,29.984924],[-84.394167,29.98255],[-84.384048,29.976845],[-84.372947,29.976197],[-84.358953,29.970683],[-84.348838,29.969081],[-84.341166,29.97124],[-84.29688,29.972559],[-84.411551,29.745639],[-84.41995,29.74696],[-84.43672,29.72206],[-84.46016,29.69844],[-84.47785,29.68557],[-84.49826,29.67445],[-84.55167,29.65203],[-84.58868,29.64074],[-84.65074,29.58705],[-84.66775,29.57496],[-84.68935,29.56264],[-84.73207,29.54292],[-84.79732,29.52205],[-84.87275,29.48095],[-84.90063,29.46982],[-85.00583,29.44064],[-85.03631,29.4365],[-85.06507,29.43651],[-85.09684,29.44166],[-85.12383,29.45074],[-85.15078,29.46494],[-85.17712,29.48516],[-85.211455,29.497065],[-85.220256,29.668671],[-85.225499,29.677937]]]}},{"type":"Feature","properties":{"name":"Gadsden County School District","students":504,"total_funded":3598273},"geometry":{"type":"Polygon","coordinates":[[[-84.932519,30.606493],[-84.927519,30.612493],[-84.911919,30.617193],[-84.905219,30.622593],[-84.903719,30.637792],[-84.893019,30.646692],[-84.88922,30.661592],[-84.87492,30.671992],[-84.869109,30.683187],[-84.858341,30.696621],[-84.858395,30.700173],[-84.864693,30.711542],[-84.644332,30.701964],[-84.474409,30.692793],[-84.282559,30.685334],[-84.283503,30.684044],[-84.2858,30.68466],[-84.286179,30.682952],[-84.287987,30.684558],[-84.28706,30.681791],[-84.289054,30.681726],[-84.290579,30.68416],[-84.292107,30.680713],[-84.297497,30.682522],[-84.298467,30.678346],[-84.300993,30.68042],[-84.30029,30.676617],[-84.298049,30.676678],[-84.300021,30.673668],[-84.300715,30.676365],[-84.302845,30.675874],[-84.303763,30.677304],[-84.302813,30.67312],[-84.305286,30.66981],[-84.300028,30.664932],[-84.302424,30.662781],[-84.299114,30.661936],[-84.302502,30.659481],[-84.300968,30.656619],[-84.30413,30.656833],[-84.299378,30.653531],[-84.302341,30.651193],[-84.300256,30.648744],[-84.300583,30.640068],[-84.305465,30.637584],[-84.303565,30.635042],[-84.305627,30.632528],[-84.310115,30.633153],[-84.31036,30.631049],[-84.313547,30.630387],[-84.312116,30.628372],[-84.313901,30.627374],[-84.311969,30.626852],[-84.315261,30.626263],[-84.314392,30.624491],[-84.316891,30.62328],[-84.317367,30.621273],[-84.319284,30.621922],[-84.318919,30.618805],[-84.321101,30.621047],[-84.322658,30.620609],[-84.322958,30.617453],[-84.324759,30.618112],[-84.322893,30.616123],[-84.32502,30.616404],[-84.325614,30.611766],[-84.327624,30.611885],[-84.326182,30.608199],[-84.32812,30.609957],[-84.330497,30.608629],[-84.328988,30.606587],[-84.331304,30.607089],[-84.33073,30.60311],[-84.332609,30.602518],[-84.332081,30.600439],[-84.333627,30.601115],[-84.33312,30.599338],[-84.330325,30.60014],[-84.332903,30.598218],[-84.332166,30.596404],[-84.33908,30.597125],[-84.339193,30.599599],[-84.340864,30.600213],[-84.340401,30.598027],[-84.342887,30.597976],[-84.343128,30.595152],[-84.346743,30.594809],[-84.346475,30.591725],[-84.349939,30.59323],[-84.355232,30.5913],[-84.357611,30.589433],[-84.357311,30.586355],[-84.36143,30.584007],[-84.364411,30.585405],[-84.364769,30.582704],[-84.369925,30.582428],[-84.373034,30.578781],[-84.372574,30.575267],[-84.376667,30.575109],[-84.378384,30.573467],[-84.379316,30.565798],[-84.381588,30.565006],[-84.382034,30.562837],[-84.380205,30.56166],[-84.381951,30.560627],[-84.37906,30.559285],[-84.381081,30.555169],[-84.382804,30.555585],[-84.38213,30.554401],[-84.386401,30.55238],[-84.388284,30.549325],[-84.387534,30.54422],[-84.391626,30.531983],[-84.390992,30.529416],[-84.388804,30.52939],[-84.3897,30.527898],[-84.388303,30.526218],[-84.390619,30.524934],[-84.39217,30.525761],[-84.390798,30.524227],[-84.39181,30.520502],[-84.390554,30.519892],[-84.393936,30.52006],[-84.393546,30.517579],[-84.391824,30.516929],[-84.396174,30.516751],[-84.392423,30.514838],[-84.39588,30.5151],[-84.394699,30.512397],[-84.397168,30.514373],[-84.405043,30.507959],[-84.403345,30.506939],[-84.404038,30.505421],[-84.401949,30.505274],[-84.404159,30.503758],[-84.403132,30.502052],[-84.404717,30.501467],[-84.404919,30.49932],[-84.402439,30.499935],[-84.400608,30.496548],[-84.402041,30.494766],[-84.398829,30.494968],[-84.399034,30.492655],[-84.39675,30.493177],[-84.397683,30.491063],[-84.395399,30.49053],[-84.397765,30.488571],[-84.396446,30.486221],[-84.397233,30.483321],[-84.402696,30.480537],[-84.402926,30.475769],[-84.406016,30.475598],[-84.405402,30.474012],[-84.413724,30.470519],[-84.421776,30.463387],[-84.423879,30.464119],[-84.423524,30.467308],[-84.425503,30.465745],[-84.430373,30.465875],[-84.433251,30.46375],[-84.43481,30.466107],[-84.437052,30.462561],[-84.438432,30.462855],[-84.437886,30.46124],[-84.441137,30.462127],[-84.447419,30.460697],[-84.452614,30.46238],[-84.460506,30.455908],[-84.467706,30.459298],[-84.471137,30.458588],[-84.472517,30.460308],[-84.473967,30.457938],[-84.481011,30.459126],[-84.484819,30.456198],[-84.489539,30.45951],[-84.494467,30.460518],[-84.497598,30.457628],[-84.499168,30.453048],[-84.504385,30.450906],[-84.51133,30.450285],[-84.51431,30.452113],[-84.518971,30.450312],[-84.520354,30.451387],[-84.526144,30.447498],[-84.530325,30.43988],[-84.545912,30.440458],[-84.546121,30.436679],[-84.551967,30.436809],[-84.555994,30.434767],[-84.557265,30.435996],[-84.559462,30.434025],[-84.559949,30.437546],[-84.561463,30.437912],[-84.564762,30.43325],[-84.566698,30.43353],[-84.564908,30.430996],[-84.567129,30.431232],[-84.568828,30.426861],[-84.576701,30.420099],[-84.579742,30.419724],[-84.580399,30.417097],[-84.591004,30.411725],[-84.592667,30.4135],[-84.596674,30.412698],[-84.607151,30.416095],[-84.612674,30.410145],[-84.618946,30.410802],[-84.624902,30.409106],[-84.639659,30.396496],[-84.642084,30.396231],[-84.642883,30.398126],[-84.647937,30.394358],[-84.645589,30.391612],[-84.646408,30.388281],[-84.680632,30.387973],[-84.680525,30.417269],[-84.714124,30.417199],[-84.714097,30.460401],[-84.781111,30.459794],[-84.781813,30.518693],[-84.815618,30.518491],[-84.815816,30.533093],[-84.882616,30.533094],[-84.883316,30.605589],[-84.932519,30.606493]]]}},{"type":"Feature","properties":{"name":"Gilchrist County School District","students":77,"total_funded":564631},"geometry":{"type":"Polygon","coordinates":[[[-82.973054,29.624281],[-82.968644,29.630467],[-82.956346,29.639574],[-82.957551,29.655345],[-82.951819,29.659814],[-82.953173,29.664796],[-82.959222,29.670475],[-82.954365,29.67667],[-82.959408,29.684317],[-82.956507,29.691676],[-82.957376,29.700496],[-82.95205,29.703975],[-82.945335,29.699937],[-82.939319,29.700932],[-82.936972,29.703235],[-82.937887,29.704558],[-82.943299,29.704898],[-82.947462,29.71219],[-82.953537,29.714221],[-82.956591,29.718718],[-82.956123,29.721047],[-82.953804,29.722446],[-82.946445,29.714981],[-82.943765,29.715748],[-82.943282,29.721821],[-82.949125,29.72318],[-82.949891,29.725567],[-82.938869,29.743682],[-82.938411,29.747552],[-82.940368,29.753562],[-82.947542,29.752841],[-82.949707,29.754409],[-82.947623,29.766113],[-82.941227,29.772842],[-82.93678,29.784664],[-82.919708,29.79624],[-82.92202,29.798664],[-82.933417,29.801454],[-82.935355,29.809455],[-82.930023,29.818506],[-82.923828,29.823368],[-82.918708,29.824083],[-82.91076,29.820829],[-82.902258,29.825219],[-82.895033,29.825783],[-82.892872,29.82746],[-82.89096,29.842425],[-82.888403,29.850115],[-82.875616,29.866527],[-82.876947,29.871567],[-82.875305,29.880718],[-82.876804,29.88615],[-82.879802,29.886847],[-82.879343,29.888237],[-82.874508,29.890731],[-82.871725,29.898452],[-82.866765,29.898756],[-82.867561,29.902785],[-82.865137,29.90477],[-82.863266,29.91105],[-82.851606,29.913883],[-82.841918,29.911889],[-82.839425,29.914564],[-82.831473,29.912808],[-82.823285,29.923108],[-82.808508,29.933079],[-82.803355,29.931016],[-82.797189,29.932873],[-82.794174,29.931381],[-82.793184,29.934493],[-82.791139,29.935479],[-82.789291,29.932629],[-82.784088,29.93286],[-82.780486,29.925753],[-82.778397,29.927347],[-82.770379,29.928109],[-82.770074,29.926404],[-82.772445,29.924137],[-82.771073,29.922254],[-82.771408,29.917874],[-82.774296,29.911702],[-82.771058,29.908455],[-82.765015,29.90777],[-82.767428,29.906348],[-82.767032,29.901051],[-82.769301,29.897714],[-82.762406,29.89704],[-82.75903,29.898938],[-82.753646,29.893499],[-82.751906,29.886239],[-82.752854,29.880206],[-82.747789,29.876559],[-82.747772,29.873542],[-82.744893,29.86939],[-82.74038,29.865151],[-82.737372,29.86509],[-82.736237,29.860133],[-82.732941,29.85647],[-82.720848,29.853366],[-82.71462,29.848827],[-82.70924,29.847431],[-82.710446,29.845706],[-82.704256,29.840606],[-82.7042,29.838256],[-82.702021,29.839077],[-82.694489,29.834401],[-82.682649,29.832743],[-82.675831,29.833627],[-82.670183,29.831353],[-82.658554,29.830144],[-82.656301,29.564811],[-82.756458,29.562467],[-82.756868,29.57768],[-82.773025,29.577647],[-82.77291,29.584879],[-82.856518,29.584243],[-82.856612,29.591315],[-82.927506,29.590846],[-82.937329,29.591196],[-82.939189,29.593204],[-82.94181,29.59322],[-82.948826,29.585416],[-82.952162,29.584474],[-82.957881,29.588884],[-82.96243,29.601908],[-82.97216,29.608969],[-82.972362,29.611052],[-82.967701,29.616548],[-82.972129,29.620961],[-82.973054,29.624281]]]}},{"type":"Feature","properties":{"name":"Glades County School District","students":27,"total_funded":198323},"geometry":{"type":"Polygon","coordinates":[[[-81.565749,26.769636],[-81.562531,27.033687],[-81.342661,27.032319],[-81.341801,27.039726],[-81.33301,27.039621],[-81.33301,27.032367],[-81.267216,27.032474],[-81.267677,27.121097],[-81.168281,27.121734],[-81.169138,27.209585],[-80.961824,27.210771],[-80.937921,27.204732],[-80.937386,27.198955],[-80.934384,27.198613],[-80.934756,27.196247],[-80.930787,27.200228],[-80.926512,27.19851],[-80.929343,27.196329],[-80.925145,27.197418],[-80.925093,27.194995],[-80.922351,27.192692],[-80.919864,27.193614],[-80.917953,27.190114],[-80.913427,27.189266],[-80.913178,27.191141],[-80.911008,27.191407],[-80.910789,27.188645],[-80.908445,27.187473],[-80.906403,27.189049],[-80.908848,27.184615],[-80.907513,27.18363],[-80.908611,27.182257],[-80.907791,27.179631],[-80.906415,27.180384],[-80.906284,27.179289],[-80.910131,27.174769],[-80.903845,27.170479],[-80.90166,27.170595],[-80.903335,27.169014],[-80.897065,27.170324],[-80.897847,27.165958],[-80.891954,27.166453],[-80.890522,27.164233],[-80.878669,27.169221],[-80.881042,27.165781],[-80.876623,27.158502],[-80.871169,27.154951],[-80.870236,27.152273],[-80.873311,27.150054],[-80.871164,27.147064],[-80.885639,26.958919],[-80.945319,26.769099],[-81.434934,26.768774],[-81.434921,26.78346],[-81.449135,26.78349],[-81.459328,26.783467],[-81.459454,26.768856],[-81.565749,26.769636]]]}},{"type":"Feature","properties":{"name":"Gulf County School District","students":32,"total_funded":156965},"geometry":{"type":"Polygon","coordinates":[[[-85.434334,29.89999],[-85.388669,29.924359],[-85.391502,30.000389],[-85.389679,30.200973],[-85.11566,30.199976],[-85.121504,30.195386],[-85.126628,30.183812],[-85.134773,30.18077],[-85.133938,30.175987],[-85.138669,30.172546],[-85.137511,30.166813],[-85.139766,30.162853],[-85.134036,30.162023],[-85.133061,30.160638],[-85.135037,30.152136],[-85.138645,30.146897],[-85.132092,30.144415],[-85.137445,30.139695],[-85.137365,30.134733],[-85.144603,30.129032],[-85.145424,30.124664],[-85.143846,30.122175],[-85.140527,30.120963],[-85.131832,30.120686],[-85.130237,30.117359],[-85.132998,30.114977],[-85.14185,30.115447],[-85.142257,30.113294],[-85.139715,30.11009],[-85.140948,30.108863],[-85.145759,30.111661],[-85.148605,30.111455],[-85.144917,30.097474],[-85.15032,30.096861],[-85.154015,30.092043],[-85.14696,30.088555],[-85.138601,30.087496],[-85.134893,30.083391],[-85.13441,30.080224],[-85.138353,30.072778],[-85.137138,30.069563],[-85.13218,30.067466],[-85.136894,30.063816],[-85.136509,30.052764],[-85.134608,30.047793],[-85.135569,30.043632],[-85.129001,30.042546],[-85.128538,30.040966],[-85.131593,30.039455],[-85.131213,30.037965],[-85.119111,30.02891],[-85.11569,30.024064],[-85.113691,30.023173],[-85.107941,30.025394],[-85.107587,30.021842],[-85.104518,30.020174],[-85.100714,30.021191],[-85.099867,30.024377],[-85.097164,30.024102],[-85.097349,30.019851],[-85.100408,30.017645],[-85.098981,30.015322],[-85.09316,30.015726],[-85.091309,30.014269],[-85.091498,30.011901],[-85.08416,30.014604],[-85.080984,30.010201],[-85.073662,30.007555],[-85.071919,30.004796],[-85.058214,30.003927],[-85.055147,30.002424],[-85.049732,29.99012],[-85.043948,29.988367],[-85.03664,29.990527],[-85.029612,29.987154],[-85.029906,29.984981],[-85.027255,29.982118],[-85.025691,29.976315],[-85.023796,29.963428],[-85.017939,29.950973],[-85.023409,29.949893],[-85.02647,29.952836],[-85.025208,29.948183],[-85.026215,29.944588],[-85.031341,29.940569],[-85.033322,29.936958],[-85.029474,29.931298],[-85.037332,29.931341],[-85.039722,29.927874],[-85.041303,29.931057],[-85.045342,29.920697],[-85.049516,29.917751],[-85.047753,29.914827],[-85.04878,29.909672],[-85.053757,29.910296],[-85.0509,29.906368],[-85.054359,29.90186],[-85.051101,29.892486],[-85.046235,29.885411],[-85.046258,29.881595],[-85.041361,29.876782],[-85.041268,29.870799],[-85.037691,29.863638],[-85.037775,29.852527],[-85.034239,29.848188],[-85.032003,29.842046],[-85.032206,29.828995],[-85.020758,29.822364],[-85.019417,29.810151],[-85.021535,29.806258],[-85.034344,29.795061],[-85.040078,29.779346],[-85.044493,29.779374],[-85.04724,29.781251],[-85.049059,29.777875],[-85.060675,29.786296],[-85.064765,29.787026],[-85.06867,29.784467],[-85.071952,29.771692],[-85.078222,29.768616],[-85.090784,29.772761],[-85.104127,29.774181],[-85.109401,29.776793],[-85.206226,29.711188],[-85.219737,29.69038],[-85.222425,29.688798],[-85.22036,29.683975],[-85.225499,29.677937],[-85.220256,29.668671],[-85.211455,29.497065],[-85.23647,29.50965],[-85.25967,29.52481],[-85.28831,29.51399],[-85.31366,29.50793],[-85.34206,29.50525],[-85.37285,29.50701],[-85.440336,29.788113],[-85.434334,29.89999]]]}},{"type":"Feature","properties":{"name":"Hamilton County School District","students":132,"total_funded":974122},"geometry":{"type":"Polygon","coordinates":[[[-83.309479,30.634014],[-82.689539,30.597734],[-82.691854,30.594574],[-82.696382,30.596243],[-82.697516,30.594728],[-82.696118,30.59163],[-82.706656,30.584318],[-82.703458,30.581592],[-82.705125,30.576211],[-82.71703,30.569648],[-82.717465,30.566746],[-82.714901,30.568103],[-82.716807,30.564472],[-82.7197,30.562902],[-82.72467,30.564311],[-82.722798,30.560773],[-82.726447,30.559622],[-82.726817,30.557807],[-82.724121,30.554004],[-82.72088,30.554024],[-82.722544,30.547948],[-82.719379,30.541761],[-82.716626,30.541374],[-82.714348,30.532189],[-82.720655,30.530136],[-82.726907,30.53102],[-82.728622,30.525707],[-82.723597,30.517448],[-82.72019,30.521304],[-82.718396,30.521023],[-82.715778,30.505886],[-82.708606,30.506715],[-82.706196,30.504497],[-82.705802,30.502442],[-82.708409,30.498429],[-82.704983,30.494862],[-82.706232,30.492503],[-82.696751,30.48962],[-82.69678,30.484516],[-82.702403,30.483462],[-82.699561,30.479678],[-82.701578,30.477409],[-82.697833,30.474694],[-82.688818,30.472073],[-82.677423,30.472007],[-82.677379,30.46772],[-82.67553,30.465258],[-82.680801,30.464594],[-82.680214,30.461012],[-82.671256,30.453377],[-82.665552,30.453453],[-82.662537,30.450975],[-82.662572,30.448706],[-82.666952,30.45109],[-82.66854,30.446779],[-82.671,30.449114],[-82.672898,30.44811],[-82.670946,30.444775],[-82.661993,30.43901],[-82.65922,30.44088],[-82.655377,30.434415],[-82.656314,30.4322],[-82.65258,30.429112],[-82.654352,30.426663],[-82.653115,30.425079],[-82.653899,30.422012],[-82.649181,30.418227],[-82.651529,30.415608],[-82.649835,30.409774],[-82.645479,30.407168],[-82.647048,30.395129],[-82.649948,30.391905],[-82.658264,30.391028],[-82.659206,30.382678],[-82.665642,30.378517],[-82.662527,30.369902],[-82.665776,30.366971],[-82.674704,30.364528],[-82.681576,30.35848],[-82.683318,30.354433],[-82.686768,30.353845],[-82.681473,30.342805],[-82.683808,30.338319],[-82.689684,30.333251],[-82.693659,30.332043],[-82.698843,30.33366],[-82.703126,30.332614],[-82.710495,30.328214],[-82.717006,30.321144],[-82.724815,30.328285],[-82.722468,30.332254],[-82.724638,30.333796],[-82.73655,30.328351],[-82.739825,30.321588],[-82.745411,30.317369],[-82.753195,30.319556],[-82.760754,30.324255],[-82.759589,30.328162],[-82.763234,30.330914],[-82.777426,30.32329],[-82.77957,30.324955],[-82.788503,30.324013],[-82.789,30.327766],[-82.793055,30.327056],[-82.793475,30.333375],[-82.792125,30.335889],[-82.79497,30.337387],[-82.795718,30.340578],[-82.799232,30.343934],[-82.803943,30.345399],[-82.806779,30.344257],[-82.806857,30.340972],[-82.810578,30.337011],[-82.811983,30.340352],[-82.815859,30.341872],[-82.826061,30.341953],[-82.827211,30.345784],[-82.832122,30.346765],[-82.836054,30.342368],[-82.841508,30.343303],[-82.842096,30.341345],[-82.844321,30.340935],[-82.852601,30.348969],[-82.852163,30.357138],[-82.853506,30.356674],[-82.853191,30.353103],[-82.854506,30.352778],[-82.85708,30.358324],[-82.865808,30.358032],[-82.868484,30.36245],[-82.870973,30.362467],[-82.872127,30.366383],[-82.876862,30.365594],[-82.879584,30.367255],[-82.882063,30.365072],[-82.885135,30.365316],[-82.884538,30.367046],[-82.887844,30.368184],[-82.893452,30.374095],[-82.890564,30.37812],[-82.891669,30.381211],[-82.889046,30.386155],[-82.892013,30.387569],[-82.905881,30.388084],[-82.906118,30.386327],[-82.903098,30.386293],[-82.902671,30.384217],[-82.903615,30.38315],[-82.907638,30.384367],[-82.908559,30.380074],[-82.910668,30.383239],[-82.915119,30.383178],[-82.915941,30.385527],[-82.921143,30.386296],[-82.927866,30.391103],[-82.929376,30.389058],[-82.930734,30.389606],[-82.932834,30.395057],[-82.935607,30.395048],[-82.938784,30.399885],[-82.948775,30.401002],[-82.946798,30.406067],[-82.949911,30.406335],[-82.951605,30.409128],[-82.955261,30.409978],[-82.954508,30.411991],[-82.956246,30.413685],[-82.964426,30.415266],[-82.966174,30.417503],[-82.971791,30.4173],[-82.972377,30.419045],[-82.974089,30.417487],[-82.977636,30.41849],[-82.977651,30.41985],[-82.982862,30.419037],[-82.984878,30.42554],[-83.003231,30.431833],[-83.004718,30.431241],[-83.002191,30.428886],[-83.004965,30.427739],[-83.00793,30.422471],[-83.015682,30.422922],[-83.034552,30.430878],[-83.035699,30.428908],[-83.038556,30.43079],[-83.048531,30.430404],[-83.051905,30.427877],[-83.060556,30.430136],[-83.061507,30.428799],[-83.059465,30.427481],[-83.067864,30.428757],[-83.068609,30.424939],[-83.070572,30.424466],[-83.075865,30.425671],[-83.078608,30.43788],[-83.082099,30.442871],[-83.084076,30.43808],[-83.095872,30.436748],[-83.104998,30.433628],[-83.111188,30.434038],[-83.117368,30.431542],[-83.122103,30.43261],[-83.128626,30.428553],[-83.135224,30.418635],[-83.137055,30.421463],[-83.141643,30.422659],[-83.142717,30.420159],[-83.147977,30.417494],[-83.149723,30.418927],[-83.15521,30.417217],[-83.15957,30.410554],[-83.159174,30.409202],[-83.155397,30.408802],[-83.158412,30.400525],[-83.165406,30.398581],[-83.164429,30.392772],[-83.169032,30.390989],[-83.169333,30.386912],[-83.170969,30.385225],[-83.173054,30.390967],[-83.178261,30.3926],[-83.174517,30.397748],[-83.17786,30.402035],[-83.18028,30.410539],[-83.194859,30.41696],[-83.203887,30.414983],[-83.204748,30.412243],[-83.206163,30.412141],[-83.207309,30.419204],[-83.209642,30.421136],[-83.213303,30.420968],[-83.216116,30.417994],[-83.222208,30.423531],[-83.222022,30.42555],[-83.218515,30.426662],[-83.222277,30.436279],[-83.21981,30.44035],[-83.220548,30.443976],[-83.217337,30.447796],[-83.22177,30.448966],[-83.22298,30.451324],[-83.221021,30.454306],[-83.217699,30.455537],[-83.219623,30.461659],[-83.217723,30.464058],[-83.222556,30.464458],[-83.226907,30.468605],[-83.243766,30.473132],[-83.241832,30.477922],[-83.243961,30.479226],[-83.243187,30.488407],[-83.244991,30.492092],[-83.240597,30.493604],[-83.242837,30.501972],[-83.240564,30.505932],[-83.246121,30.512599],[-83.243844,30.513505],[-83.242533,30.516506],[-83.239532,30.515055],[-83.238938,30.518022],[-83.24113,30.524498],[-83.244097,30.52558],[-83.245048,30.530778],[-83.249681,30.532359],[-83.245825,30.534967],[-83.247152,30.540801],[-83.253495,30.5484],[-83.260855,30.552959],[-83.259801,30.557504],[-83.255805,30.560461],[-83.257621,30.565642],[-83.262019,30.569099],[-83.259603,30.574115],[-83.262591,30.582621],[-83.26127,30.585035],[-83.256431,30.586622],[-83.259633,30.596245],[-83.26705,30.608599],[-83.268581,30.621487],[-83.271873,30.624386],[-83.272014,30.62724],[-83.275,30.62853],[-83.284505,30.62814],[-83.286751,30.62996],[-83.293315,30.62901],[-83.294848,30.63233],[-83.30004,30.632639],[-83.302244,30.630772],[-83.309479,30.634014]]]}},{"type":"Feature","properties":{"name":"Hardee County School District","students":43,"total_funded":302720},"geometry":{"type":"Polygon","coordinates":[[[-82.055753,27.338264],[-82.054349,27.646382],[-81.563533,27.646645],[-81.563996,27.340665],[-81.858829,27.340262],[-81.858943,27.336709],[-82.055753,27.338264]]]}},{"type":"Feature","properties":{"name":"Hendry County School District","students":285,"total_funded":1726351},"geometry":{"type":"Polygon","coordinates":[[[-81.566558,26.713376],[-81.565748,26.769601],[-81.459454,26.768856],[-81.459328,26.783467],[-81.434921,26.78346],[-81.434934,26.768774],[-80.945319,26.769099],[-80.885639,26.958919],[-80.885772,26.609242],[-80.880017,26.346059],[-80.881915,26.346125],[-80.87971,26.259308],[-81.268236,26.253069],[-81.272002,26.421012],[-81.271768,26.517069],[-81.563763,26.513331],[-81.566558,26.713376]]]}},{"type":"Feature","properties":{"name":"Hernando County School District","students":818,"total_funded":5314621},"geometry":{"type":"Polygon","coordinates":[[[-82.889544,28.693213],[-82.418353,28.694859],[-82.418,28.66592],[-82.263052,28.667634],[-82.267771,28.662809],[-82.26728,28.660224],[-82.274006,28.660683],[-82.274096,28.654602],[-82.267301,28.648218],[-82.260858,28.64698],[-82.256811,28.64883],[-82.256884,28.645225],[-82.259886,28.641787],[-82.260155,28.635044],[-82.255451,28.632695],[-82.25324,28.62962],[-82.248409,28.629869],[-82.245948,28.62677],[-82.247356,28.622528],[-82.246125,28.619855],[-82.242685,28.618964],[-82.242237,28.613318],[-82.238815,28.612903],[-82.234203,28.608662],[-82.233009,28.600506],[-82.228258,28.600524],[-82.221774,28.593633],[-82.219284,28.582654],[-82.213724,28.575363],[-82.20698,28.571906],[-82.198893,28.573022],[-82.196612,28.575684],[-82.192872,28.573803],[-82.19167,28.574932],[-82.190342,28.572885],[-82.187027,28.572697],[-82.188048,28.569463],[-82.186603,28.568582],[-82.184845,28.570267],[-82.183169,28.568197],[-82.178956,28.568814],[-82.17212,28.565787],[-82.168287,28.56703],[-82.166268,28.563663],[-82.162379,28.568696],[-82.157736,28.56967],[-82.158134,28.571804],[-82.156289,28.573339],[-82.15174,28.570554],[-82.149521,28.570983],[-82.143914,28.565991],[-82.137633,28.565252],[-82.138163,28.563535],[-82.135634,28.560751],[-82.135331,28.556311],[-82.130769,28.546417],[-82.118661,28.540611],[-82.11219,28.544063],[-82.109423,28.543838],[-82.104665,28.53469],[-82.09498,28.523618],[-82.0871,28.524511],[-82.085244,28.527642],[-82.071234,28.531825],[-82.065901,28.530477],[-82.054469,28.521367],[-82.054694,28.478397],[-82.253293,28.478491],[-82.253439,28.434824],[-82.639965,28.433842],[-82.87494,28.430786],[-82.86799,28.45258],[-82.85543,28.47721],[-82.85818,28.49903],[-82.85645,28.52774],[-82.84955,28.55294],[-82.83914,28.57458],[-82.85763,28.59708],[-82.87086,28.6216],[-82.87756,28.64182],[-82.88117,28.66299],[-82.889544,28.693213]]]}},{"type":"Feature","properties":{"name":"Highlands County School District","students":602,"total_funded":4070103},"geometry":{"type":"Polygon","coordinates":[[[-81.564157,27.384658],[-81.563533,27.646645],[-81.33539,27.6464],[-81.142164,27.643238],[-81.142858,27.642198],[-81.14095,27.642499],[-81.142742,27.640884],[-81.141789,27.639434],[-81.144352,27.638867],[-81.141532,27.633271],[-81.142856,27.629147],[-81.140992,27.628047],[-81.143843,27.620089],[-81.143176,27.618105],[-81.144991,27.616035],[-81.142779,27.614155],[-81.140664,27.608372],[-81.141841,27.607063],[-81.140047,27.604666],[-81.14131,27.603939],[-81.140482,27.600833],[-81.14289,27.599795],[-81.142542,27.597725],[-81.149187,27.596984],[-81.14998,27.594582],[-81.155286,27.591615],[-81.15484,27.587145],[-81.157752,27.583516],[-81.158524,27.579015],[-81.156578,27.574494],[-81.160979,27.570759],[-81.161037,27.573505],[-81.159306,27.574168],[-81.162204,27.57465],[-81.164484,27.572767],[-81.166016,27.574958],[-81.171167,27.567814],[-81.170775,27.565429],[-81.174872,27.564317],[-81.175643,27.562767],[-81.174054,27.562931],[-81.175854,27.559386],[-81.178046,27.559031],[-81.176978,27.558011],[-81.185877,27.558678],[-81.190626,27.556664],[-81.190105,27.555327],[-81.191787,27.554946],[-81.190102,27.553527],[-81.194156,27.552763],[-81.199228,27.546379],[-81.205679,27.547677],[-81.205405,27.542866],[-81.202471,27.539396],[-81.209488,27.535233],[-81.207902,27.53396],[-81.208081,27.529976],[-81.212331,27.531422],[-81.214158,27.529245],[-81.210547,27.527876],[-81.210521,27.525261],[-81.212084,27.524605],[-81.206245,27.519529],[-81.207669,27.517839],[-81.204299,27.514908],[-81.202874,27.515589],[-81.20206,27.513269],[-81.201213,27.51579],[-81.199437,27.515046],[-81.200011,27.512234],[-81.198459,27.510376],[-81.201869,27.508742],[-81.202095,27.507312],[-81.200527,27.507685],[-81.202491,27.503739],[-81.200079,27.500636],[-81.202121,27.500534],[-81.202,27.498672],[-81.204162,27.499073],[-81.205388,27.490254],[-81.201129,27.489268],[-81.199546,27.48633],[-81.19427,27.485054],[-81.192979,27.486311],[-81.188792,27.48231],[-81.186056,27.48184],[-81.182722,27.483865],[-81.180911,27.482377],[-81.181471,27.480956],[-81.177508,27.478093],[-81.17617,27.472894],[-81.170707,27.467517],[-81.172889,27.463066],[-81.168803,27.459504],[-81.166801,27.460126],[-81.165023,27.456923],[-81.160294,27.455831],[-81.159878,27.457284],[-81.158511,27.455299],[-81.159382,27.453935],[-81.154343,27.454007],[-81.151788,27.452167],[-81.153971,27.451555],[-81.152352,27.448562],[-81.150912,27.449254],[-81.15067,27.446172],[-81.147181,27.447203],[-81.144872,27.445007],[-81.139058,27.434044],[-81.141069,27.428668],[-81.14046,27.425001],[-81.138623,27.424085],[-81.141352,27.423156],[-81.141866,27.416893],[-81.143776,27.415993],[-81.141874,27.413014],[-81.144078,27.412277],[-81.13861,27.411807],[-81.139563,27.410152],[-81.138284,27.408459],[-81.136434,27.410519],[-81.136649,27.408364],[-81.133751,27.408985],[-81.133002,27.406157],[-81.132204,27.408474],[-81.129022,27.407728],[-81.13011,27.405649],[-81.124252,27.402373],[-81.123353,27.403163],[-81.124313,27.401999],[-81.126744,27.401117],[-81.12409,27.396438],[-81.125235,27.393602],[-81.120522,27.391077],[-81.121499,27.389923],[-81.11677,27.390035],[-81.117231,27.388422],[-81.113694,27.384868],[-81.101546,27.3832],[-81.098335,27.379079],[-81.092449,27.381824],[-81.093095,27.383403],[-81.090693,27.383842],[-81.088618,27.382189],[-81.081136,27.385759],[-81.080571,27.383922],[-81.068402,27.382346],[-81.063297,27.380301],[-81.060928,27.37374],[-81.059674,27.374636],[-81.05876,27.373025],[-81.050021,27.370659],[-81.051118,27.366092],[-81.05291,27.365386],[-81.051145,27.363018],[-81.041658,27.362972],[-81.039688,27.361427],[-81.040594,27.35969],[-81.034429,27.35916],[-81.035299,27.357966],[-81.033284,27.356028],[-81.035158,27.355098],[-81.031574,27.353638],[-81.030746,27.351399],[-81.034601,27.345529],[-81.036537,27.3462],[-81.033572,27.348052],[-81.034436,27.350315],[-81.036071,27.348212],[-81.042594,27.347221],[-81.041497,27.343981],[-81.045398,27.34122],[-81.046118,27.337547],[-81.044109,27.329673],[-81.042179,27.328238],[-81.040137,27.330537],[-81.039346,27.328094],[-81.037912,27.330013],[-81.037565,27.328086],[-81.029998,27.323578],[-81.030571,27.321127],[-81.032896,27.321865],[-81.032922,27.31941],[-81.030256,27.317919],[-81.028826,27.311955],[-81.027033,27.313524],[-81.026637,27.30809],[-81.028187,27.307416],[-81.028888,27.309494],[-81.029225,27.307331],[-81.025602,27.302375],[-81.021274,27.300371],[-81.020128,27.303039],[-81.016302,27.300033],[-81.015682,27.302223],[-81.012895,27.297185],[-81.012912,27.299031],[-81.011081,27.299552],[-81.013524,27.299588],[-81.012293,27.300939],[-81.010584,27.30011],[-81.005034,27.302725],[-81.003075,27.298379],[-81.000069,27.298004],[-80.99918,27.295385],[-80.994598,27.297326],[-80.998537,27.291445],[-80.996891,27.288111],[-80.998544,27.284052],[-80.99674,27.281558],[-80.998941,27.280917],[-80.999176,27.278233],[-80.997615,27.278489],[-80.999416,27.276288],[-80.997817,27.276056],[-80.998264,27.271816],[-81.000733,27.267764],[-80.99897,27.268283],[-80.998038,27.266637],[-80.998256,27.259028],[-80.996483,27.260353],[-80.996944,27.256181],[-80.995568,27.256947],[-80.992716,27.254239],[-80.993851,27.253475],[-80.993045,27.250549],[-80.980612,27.246411],[-80.980977,27.243517],[-80.983446,27.244821],[-80.981337,27.242113],[-80.983506,27.24187],[-80.981653,27.237302],[-80.985174,27.231448],[-80.981694,27.231474],[-80.971144,27.217787],[-80.961845,27.215162],[-80.96067,27.216097],[-80.963574,27.216485],[-80.96392,27.218029],[-80.956991,27.219182],[-80.955771,27.223255],[-80.953507,27.222767],[-80.951186,27.224608],[-80.952457,27.221192],[-80.947927,27.221997],[-80.949392,27.219866],[-80.942134,27.2116],[-80.943542,27.208376],[-80.940676,27.205939],[-80.961824,27.210771],[-81.169138,27.209585],[-81.168281,27.121734],[-81.267677,27.121097],[-81.267216,27.032474],[-81.33301,27.032367],[-81.33301,27.039621],[-81.341801,27.039726],[-81.342661,27.032319],[-81.562626,27.033688],[-81.564157,27.384658]]]}},{"type":"Feature","properties":{"name":"Hillsborough County School District","students":5486,"total_funded":37728818},"geometry":{"type":"Polygon","coordinates":[[[-82.935102,27.595274],[-82.93284,27.61653],[-82.925034,27.644813],[-82.746751,27.647347],[-82.746943,27.637908],[-82.742069,27.633896],[-82.736845,27.625201],[-82.73858,27.613333],[-82.735592,27.610437],[-82.704601,27.624522],[-82.696538,27.639062],[-82.696535,27.644969],[-82.626848,27.645305],[-82.588798,27.685981],[-82.569995,27.719219],[-82.540618,27.785004],[-82.541818,27.787804],[-82.558418,27.797504],[-82.563619,27.806903],[-82.565819,27.817603],[-82.568719,27.8929],[-82.573419,27.909],[-82.577519,27.916],[-82.587819,27.928299],[-82.601419,27.937299],[-82.62262,27.943099],[-82.64832,27.947398],[-82.648374,28.056558],[-82.651165,28.173266],[-82.432434,28.171086],[-82.056261,28.171592],[-82.055281,27.86816],[-82.054036,27.854647],[-82.054349,27.646382],[-82.553666,27.645465],[-82.648816,27.601969],[-82.764941,27.557299],[-82.92417,27.53075],[-82.9324,27.55879],[-82.935102,27.595274]]]}},{"type":"Feature","properties":{"name":"Holmes County School District","students":29,"total_funded":202640},"geometry":{"type":"Polygon","coordinates":[[[-86.037591,30.704572],[-86.035039,30.99332],[-85.497992,30.996931],[-85.503037,30.990562],[-85.518874,30.9778],[-85.522311,30.975337],[-85.52921,30.974439],[-85.530396,30.96819],[-85.532562,30.966311],[-85.532457,30.958557],[-85.530302,30.951396],[-85.531907,30.941801],[-85.530396,30.939122],[-85.537843,30.934059],[-85.547745,30.932185],[-85.553148,30.926163],[-85.559057,30.913984],[-85.564567,30.910173],[-85.571927,30.90051],[-85.575574,30.898601],[-85.57917,30.888812],[-85.582957,30.88483],[-85.584105,30.87446],[-85.594882,30.859478],[-85.596428,30.84855],[-85.599683,30.84383],[-85.598069,30.838392],[-85.599879,30.836599],[-85.600291,30.832111],[-85.598595,30.828163],[-85.599747,30.826397],[-85.598661,30.817477],[-85.603221,30.796528],[-85.613879,30.782677],[-85.615946,30.776258],[-85.621458,30.770882],[-85.620158,30.76997],[-85.620728,30.763981],[-85.619421,30.761782],[-85.620381,30.758058],[-85.618622,30.755815],[-85.619011,30.743868],[-85.736051,30.74637],[-85.735115,30.775292],[-85.751979,30.775706],[-85.751927,30.789837],[-85.821616,30.790775],[-85.816361,30.782555],[-85.819471,30.779074],[-85.822591,30.778881],[-85.82769,30.774889],[-85.83052,30.765715],[-85.828252,30.760959],[-85.831813,30.760285],[-85.832544,30.75869],[-85.827737,30.752245],[-85.833018,30.75],[-85.832204,30.748434],[-85.827033,30.746858],[-85.826413,30.744103],[-85.824303,30.743999],[-85.824289,30.742422],[-85.828139,30.742538],[-85.82998,30.740576],[-85.825257,30.73823],[-85.822585,30.738787],[-85.822531,30.73528],[-85.824842,30.735554],[-85.828368,30.730485],[-85.8256,30.725509],[-85.831696,30.723038],[-85.833031,30.726856],[-85.834938,30.72606],[-85.834055,30.720315],[-85.836257,30.717215],[-85.838655,30.718766],[-85.839774,30.717283],[-85.834978,30.710604],[-85.842467,30.710766],[-85.84299,30.707559],[-85.84515,30.707752],[-85.844308,30.70313],[-86.037591,30.704572]]]}},{"type":"Feature","properties":{"name":"Indian River County School District","students":309,"total_funded":2196620},"geometry":{"type":"Polygon","coordinates":[[[-80.881566,27.822511],[-80.770115,27.823673],[-80.509075,27.822058],[-80.507333,27.827989],[-80.496821,27.838523],[-80.494267,27.846652],[-80.494787,27.850937],[-80.491079,27.854601],[-80.454635,27.854657],[-80.447088,27.860755],[-80.385069,27.861362],[-80.332526,27.761157],[-80.328113,27.750306],[-80.298868,27.662094],[-80.294927,27.639278],[-80.281354,27.621171],[-80.263543,27.556782],[-80.777166,27.558733],[-80.778047,27.643195],[-80.873158,27.642304],[-80.873795,27.733854],[-80.880073,27.733699],[-80.881566,27.822511]]]}},{"type":"Feature","properties":{"name":"Jackson County School District","students":135,"total_funded":722564},"geometry":{"type":"Polygon","coordinates":[[[-85.599934,30.830552],[-85.599879,30.836599],[-85.598075,30.838161],[-85.599683,30.84383],[-85.596428,30.84855],[-85.594882,30.859478],[-85.584169,30.874323],[-85.582957,30.88483],[-85.57917,30.888812],[-85.575574,30.898601],[-85.571927,30.90051],[-85.564567,30.910173],[-85.559057,30.913984],[-85.553148,30.926163],[-85.547745,30.932185],[-85.537843,30.934059],[-85.530294,30.939315],[-85.531907,30.941801],[-85.530302,30.951396],[-85.532457,30.958557],[-85.532562,30.966311],[-85.530396,30.96819],[-85.52921,30.974439],[-85.522311,30.975337],[-85.518874,30.9778],[-85.503037,30.990562],[-85.497992,30.996931],[-85.243632,31.000884],[-85.0019,31.000681],[-85.002381,30.987836],[-85.005934,30.979804],[-85.005734,30.975908],[-84.999928,30.971186],[-84.984827,30.967486],[-84.981127,30.963386],[-84.979527,30.955586],[-84.983027,30.942586],[-84.983127,30.934786],[-84.971026,30.928187],[-84.966726,30.917287],[-84.956125,30.907587],[-84.942525,30.888488],[-84.934424,30.883588],[-84.939824,30.872588],[-84.932324,30.864288],[-84.936424,30.859788],[-84.936124,30.856988],[-84.933224,30.851488],[-84.927824,30.847889],[-84.925665,30.842685],[-84.927084,30.839024],[-84.932138,30.838296],[-84.934815,30.835851],[-84.937424,30.820889],[-84.928323,30.80509],[-84.928323,30.79309],[-84.918023,30.77809],[-84.918023,30.77209],[-84.920123,30.76599],[-84.915022,30.761191],[-84.914322,30.753591],[-84.911122,30.751191],[-84.900222,30.751891],[-84.896122,30.750591],[-84.887522,30.741791],[-84.883821,30.732591],[-84.875421,30.727491],[-84.869752,30.721897],[-84.857921,30.698409],[-84.869109,30.683187],[-84.87492,30.671992],[-84.88922,30.661592],[-84.893019,30.646692],[-84.903719,30.637792],[-84.904119,30.625593],[-84.905619,30.621993],[-84.911919,30.617193],[-84.927519,30.612493],[-84.932519,30.606393],[-84.983019,30.605694],[-85.167713,30.608026],[-85.165147,30.60486],[-85.167049,30.601847],[-85.166942,30.595649],[-85.169645,30.593703],[-85.172385,30.585807],[-85.169237,30.580956],[-85.169616,30.57939],[-85.172606,30.578675],[-85.173608,30.574931],[-85.171891,30.564336],[-85.434782,30.56756],[-85.435189,30.624766],[-85.432274,30.785457],[-85.482718,30.785892],[-85.482276,30.829509],[-85.599934,30.830552]]]}},{"type":"Feature","properties":{"name":"Jefferson County School District","students":81,"total_funded":584792},"geometry":{"type":"Polygon","coordinates":[[[-84.076328,29.93749],[-84.075972,30.363232],[-84.074691,30.434302],[-84.041488,30.463308],[-84.041152,30.521901],[-83.977165,30.521987],[-83.983965,30.532612],[-83.983222,30.538611],[-83.987015,30.547201],[-83.986734,30.549561],[-83.983604,30.551839],[-83.981833,30.551999],[-83.980327,30.549526],[-83.979057,30.550829],[-83.982584,30.555323],[-83.990874,30.561105],[-83.998023,30.571471],[-83.9962,30.577738],[-84.002625,30.587107],[-84.001679,30.596003],[-84.004426,30.600742],[-84.004678,30.604792],[-84.003113,30.607088],[-84.007687,30.609299],[-84.007454,30.672127],[-83.61172,30.651258],[-83.612122,30.638736],[-83.604401,30.638236],[-83.604186,30.581916],[-83.62073,30.58198],[-83.621189,30.567351],[-83.637343,30.567471],[-83.637412,30.552671],[-83.671117,30.552861],[-83.671073,30.53802],[-83.704293,30.538094],[-83.70436,30.523021],[-83.725975,30.523091],[-83.729577,30.519251],[-83.736922,30.508091],[-83.736513,30.502336],[-83.735553,30.498739],[-83.733528,30.498311],[-83.731125,30.492338],[-83.727837,30.490393],[-83.726934,30.487992],[-83.728959,30.472843],[-83.724907,30.468563],[-83.723616,30.461693],[-83.726838,30.459119],[-83.728333,30.454464],[-83.722815,30.442417],[-83.72172,30.434354],[-83.726972,30.432643],[-83.727978,30.428867],[-83.732145,30.426859],[-83.733297,30.424072],[-83.739632,30.421866],[-83.746551,30.411678],[-83.750704,30.408691],[-83.750104,30.404816],[-83.751826,30.398567],[-83.755807,30.396565],[-83.755212,30.391774],[-83.757673,30.385154],[-83.760577,30.385556],[-83.766062,30.382117],[-83.773046,30.383294],[-83.779798,30.382053],[-83.783186,30.378863],[-83.788282,30.381815],[-83.787542,30.388775],[-83.790328,30.390302],[-83.795007,30.386081],[-83.795737,30.382146],[-83.798342,30.382174],[-83.800869,30.379849],[-83.800636,30.378227],[-83.804547,30.377035],[-83.804139,30.373901],[-83.806667,30.371689],[-83.808107,30.364868],[-83.80408,30.35313],[-83.807571,30.348761],[-83.799393,30.347151],[-83.796635,30.342339],[-83.797563,30.341161],[-83.793559,30.335474],[-83.787107,30.331672],[-83.788896,30.324214],[-83.791215,30.323265],[-83.792544,30.319186],[-83.796336,30.318999],[-83.801258,30.315343],[-83.811133,30.318327],[-83.815546,30.317329],[-83.81645,30.315044],[-83.820521,30.313144],[-83.820139,30.310465],[-83.821907,30.307456],[-83.818122,30.304207],[-83.820263,30.303492],[-83.820023,30.299817],[-83.82567,30.297309],[-83.828409,30.292924],[-83.827258,30.291791],[-83.829317,30.291785],[-83.827633,30.290369],[-83.828404,30.288909],[-83.833654,30.286787],[-83.837336,30.28078],[-83.838408,30.282016],[-83.838658,30.280196],[-83.840297,30.280566],[-83.844874,30.277432],[-83.847501,30.27854],[-83.849232,30.276889],[-83.853489,30.27735],[-83.854333,30.273974],[-83.856164,30.274737],[-83.857416,30.273099],[-83.860285,30.273019],[-83.861502,30.270827],[-83.868047,30.271352],[-83.87334,30.268839],[-83.879506,30.269132],[-83.882941,30.264992],[-83.884408,30.26566],[-83.892327,30.260829],[-83.89333,30.258118],[-83.895733,30.257685],[-83.896976,30.252526],[-83.899618,30.249954],[-83.902761,30.249426],[-83.902584,30.247456],[-83.906366,30.248043],[-83.90813,30.246604],[-83.909966,30.24773],[-83.915761,30.245312],[-83.916471,30.240605],[-83.914881,30.239797],[-83.916645,30.237025],[-83.916001,30.234416],[-83.921619,30.228709],[-83.918902,30.227883],[-83.918355,30.225081],[-83.916555,30.225459],[-83.917454,30.220936],[-83.918944,30.220138],[-83.9174,30.217565],[-83.92575,30.20472],[-83.923342,30.202466],[-83.927011,30.194401],[-83.925453,30.19286],[-83.93101,30.189123],[-83.932653,30.191112],[-83.94083,30.19209],[-83.951299,30.186282],[-83.950631,30.182359],[-83.952705,30.175791],[-83.956758,30.174637],[-83.958125,30.1719],[-83.956885,30.168503],[-83.957671,30.162267],[-83.963083,30.157511],[-83.960364,30.152146],[-83.973327,30.145625],[-83.972724,30.14049],[-83.968656,30.136028],[-83.97772,30.123094],[-83.981183,30.110908],[-83.984483,30.105008],[-83.987984,30.103608],[-83.992184,30.096208],[-83.991338,30.084282],[-83.999955,29.898948],[-84.03443,29.91572],[-84.0489,29.92581],[-84.06492,29.94008],[-84.076328,29.93749]]]}},{"type":"Feature","properties":{"name":"Lafayette County School District","students":71,"total_funded":490695},"geometry":{"type":"Polygon","coordinates":[[[-83.37089,29.887934],[-83.368564,30.187217],[-83.36678,30.20109],[-83.367321,30.260285],[-83.247253,30.26067],[-83.251709,30.258738],[-83.252922,30.250613],[-83.250495,30.247485],[-83.245018,30.249648],[-83.242525,30.248231],[-83.251023,30.243141],[-83.253048,30.238725],[-83.252712,30.235654],[-83.250362,30.232],[-83.239683,30.226741],[-83.250076,30.200644],[-83.249996,30.190487],[-83.247115,30.179748],[-83.231601,30.166841],[-83.232243,30.16066],[-83.238702,30.15276],[-83.225128,30.137993],[-83.225659,30.113321],[-83.219159,30.109621],[-83.213559,30.103322],[-83.201059,30.105822],[-83.195258,30.104622],[-83.184358,30.094122],[-83.182058,30.094522],[-83.179258,30.099422],[-83.171158,30.099222],[-83.167657,30.100822],[-83.162457,30.110022],[-83.149957,30.104123],[-83.140557,30.103523],[-83.133556,30.096923],[-83.12215,30.104945],[-83.119203,30.104973],[-83.114243,30.102424],[-83.11406,30.093628],[-83.111909,30.091156],[-83.099757,30.091308],[-83.087415,30.082944],[-83.069553,30.081252],[-83.07042,30.072562],[-83.067683,30.066335],[-83.041499,30.054569],[-83.034717,30.045783],[-83.026899,30.043387],[-83.013293,30.032123],[-83.001312,30.008789],[-82.994608,30.006032],[-82.97942,30.007393],[-82.977608,30.006116],[-82.974148,29.996635],[-82.96385,29.994544],[-82.960377,29.975154],[-82.954241,29.966375],[-82.952399,29.959361],[-82.935806,29.956836],[-82.931813,29.957812],[-82.926174,29.949887],[-82.923471,29.943181],[-82.92396,29.936515],[-82.920546,29.930072],[-82.925353,29.924685],[-82.925884,29.921331],[-82.921627,29.919337],[-82.918586,29.915071],[-82.919012,29.908255],[-82.912101,29.904836],[-82.912736,29.902433],[-82.917027,29.900781],[-82.918465,29.89817],[-82.91555,29.891791],[-82.913001,29.889777],[-82.909,29.889494],[-82.907378,29.893161],[-82.907628,29.898138],[-82.90565,29.900118],[-82.900576,29.901527],[-82.895034,29.900256],[-82.885156,29.891576],[-82.885902,29.887996],[-82.890851,29.890912],[-82.893092,29.88957],[-82.890093,29.884916],[-82.884196,29.882334],[-82.879241,29.887205],[-82.876804,29.88615],[-82.875305,29.880718],[-82.876947,29.871567],[-82.875542,29.866955],[-82.877939,29.862131],[-82.888403,29.850115],[-82.89096,29.842425],[-82.892872,29.82746],[-82.895033,29.825783],[-82.903956,29.824294],[-83.000811,29.825272],[-83.35286,29.822222],[-83.352986,29.887859],[-83.37089,29.887934]]]}},{"type":"Feature","properties":{"name":"Lake County School District","students":1588,"total_funded":10810622},"geometry":{"type":"Polygon","coordinates":[[[-81.957641,28.34518],[-81.954184,28.556115],[-81.95419,28.960053],[-81.658698,28.960345],[-81.659197,29.04776],[-81.638696,29.04776],[-81.641916,29.276766],[-81.63389,29.25434],[-81.63399,29.244779],[-81.619209,29.228491],[-81.614975,29.217385],[-81.617312,29.212927],[-81.616834,29.210512],[-81.612259,29.202828],[-81.593928,29.199032],[-81.572055,29.203352],[-81.560905,29.20019],[-81.553591,29.188433],[-81.553957,29.184647],[-81.547408,29.184965],[-81.543461,29.180583],[-81.531749,29.177198],[-81.530689,29.171232],[-81.525679,29.170153],[-81.52258,29.1677],[-81.523072,29.156942],[-81.516893,29.147558],[-81.513092,29.135658],[-81.504534,29.123711],[-81.506739,29.112184],[-81.500604,29.103452],[-81.502055,29.097802],[-81.48697,29.092911],[-81.474108,29.094691],[-81.468745,29.097022],[-81.45846,29.093832],[-81.454383,29.081984],[-81.459717,29.079201],[-81.460852,29.075751],[-81.460352,29.073951],[-81.455764,29.071548],[-81.455289,29.063071],[-81.452262,29.061647],[-81.446074,29.062113],[-81.436321,29.048035],[-81.43221,29.04442],[-81.42579,29.044812],[-81.419607,29.038424],[-81.413193,29.037199],[-81.409896,29.031267],[-81.402855,29.032469],[-81.394756,29.024138],[-81.39581,29.019116],[-81.392201,29.020018],[-81.389935,29.018849],[-81.387541,29.015561],[-81.388189,29.010689],[-81.380772,29.007395],[-81.378154,28.99894],[-81.372202,28.998502],[-81.375674,28.993999],[-81.36441,28.992727],[-81.355898,28.987047],[-81.355226,28.982535],[-81.361851,28.975845],[-81.364169,28.96873],[-81.369587,28.968898],[-81.36581,28.960855],[-81.367254,28.958544],[-81.366923,28.959804],[-81.370889,28.958262],[-81.367872,28.955336],[-81.361673,28.957104],[-81.35892,28.955945],[-81.360375,28.95174],[-81.353956,28.949575],[-81.35944,28.944797],[-81.353705,28.947093],[-81.355341,28.940336],[-81.349723,28.939641],[-81.353499,28.936809],[-81.351435,28.932841],[-81.355371,28.929929],[-81.351931,28.920746],[-81.354123,28.920905],[-81.359202,28.914646],[-81.356667,28.910538],[-81.360171,28.90665],[-81.357531,28.903722],[-81.357563,28.899642],[-81.352643,28.897103],[-81.355563,28.897034],[-81.354835,28.892607],[-81.357168,28.887149],[-81.362607,28.89036],[-81.365569,28.889032],[-81.365964,28.884747],[-81.363048,28.879188],[-81.36654,28.879851],[-81.366296,28.873602],[-81.372009,28.869039],[-81.374115,28.869764],[-81.376006,28.865901],[-81.374929,28.862385],[-81.379806,28.858337],[-81.382965,28.851994],[-81.386873,28.849211],[-81.390122,28.849013],[-81.39466,28.842106],[-81.398397,28.841887],[-81.403862,28.83483],[-81.408279,28.834056],[-81.416294,28.825565],[-81.419651,28.815513],[-81.41379,28.792805],[-81.415709,28.786138],[-81.414682,28.785564],[-81.646513,28.785872],[-81.647807,28.784132],[-81.644741,28.775984],[-81.646506,28.769868],[-81.651194,28.765935],[-81.653717,28.766303],[-81.656388,28.769831],[-81.658597,28.766442],[-81.657199,28.592567],[-81.648104,28.58448],[-81.651876,28.580514],[-81.652665,28.571144],[-81.657205,28.569827],[-81.657268,28.347098],[-81.790727,28.346413],[-81.790887,28.361837],[-81.857624,28.361868],[-81.857512,28.345965],[-81.957641,28.34518]]]}},{"type":"Feature","properties":{"name":"Lee County School District","students":1650,"total_funded":11868677},"geometry":{"type":"Polygon","coordinates":[[[-82.462012,26.787429],[-82.264676,26.789429],[-82.221492,26.781754],[-82.205562,26.770528],[-81.565748,26.769601],[-81.566383,26.694784],[-81.56218,26.422625],[-81.659506,26.421077],[-81.6579,26.317563],[-81.819019,26.316245],[-81.819119,26.330424],[-82.244953,26.329831],[-82.25149,26.33565],[-82.28055,26.35413],[-82.30141,26.37274],[-82.32065,26.39675],[-82.33691,26.42465],[-82.34844,26.45407],[-82.35964,26.50273],[-82.37101,26.51986],[-82.37959,26.53686],[-82.38654,26.55693],[-82.3903,26.57525],[-82.40873,26.60118],[-82.42578,26.63809],[-82.43035,26.65465],[-82.43304,26.67521],[-82.43119,26.70735],[-82.43157,26.73615],[-82.44505,26.76463],[-82.462012,26.787429]]]}},{"type":"Feature","properties":{"name":"Leon County School District","students":1033,"total_funded":6865606},"geometry":{"type":"Polygon","coordinates":[[[-84.715359,30.331374],[-84.715004,30.333283],[-84.709887,30.333877],[-84.706522,30.336706],[-84.703195,30.336166],[-84.701955,30.338653],[-84.703854,30.341112],[-84.701155,30.340432],[-84.701739,30.342971],[-84.696399,30.347145],[-84.694598,30.3452],[-84.693466,30.348901],[-84.690565,30.347449],[-84.690914,30.349622],[-84.68489,30.350114],[-84.68444,30.351398],[-84.68676,30.352859],[-84.682488,30.354569],[-84.685576,30.3552],[-84.683671,30.357702],[-84.684533,30.359948],[-84.681234,30.361531],[-84.680798,30.368105],[-84.670479,30.364144],[-84.665861,30.369867],[-84.663507,30.370475],[-84.66531,30.374276],[-84.663577,30.378402],[-84.646408,30.388281],[-84.645589,30.391612],[-84.647937,30.394358],[-84.642883,30.398126],[-84.642084,30.396231],[-84.639659,30.396496],[-84.624902,30.409106],[-84.618946,30.410802],[-84.612674,30.410145],[-84.60692,30.416136],[-84.596674,30.412698],[-84.592667,30.4135],[-84.591004,30.411725],[-84.580399,30.417097],[-84.579742,30.419724],[-84.573603,30.422541],[-84.568828,30.426861],[-84.567129,30.431232],[-84.564908,30.430996],[-84.566698,30.43353],[-84.564762,30.43325],[-84.561463,30.437912],[-84.559949,30.437546],[-84.559462,30.434025],[-84.557265,30.435996],[-84.555994,30.434767],[-84.551967,30.436809],[-84.546121,30.436679],[-84.545912,30.440458],[-84.530325,30.43988],[-84.526144,30.447498],[-84.520354,30.451387],[-84.518971,30.450312],[-84.51431,30.452113],[-84.51133,30.450285],[-84.504385,30.450906],[-84.499168,30.453048],[-84.495307,30.460298],[-84.489539,30.45951],[-84.484819,30.456198],[-84.481011,30.459126],[-84.473967,30.457938],[-84.472517,30.460308],[-84.471137,30.458588],[-84.467706,30.459298],[-84.460506,30.455908],[-84.452614,30.46238],[-84.447419,30.460697],[-84.441137,30.462127],[-84.437886,30.46124],[-84.438432,30.462855],[-84.437052,30.462561],[-84.43481,30.466107],[-84.433251,30.46375],[-84.430373,30.465875],[-84.425503,30.465745],[-84.423524,30.467308],[-84.423879,30.464119],[-84.420939,30.463664],[-84.413724,30.470519],[-84.405402,30.474012],[-84.40586,30.475699],[-84.402926,30.475769],[-84.402696,30.480537],[-84.397233,30.483321],[-84.396446,30.486221],[-84.397765,30.488571],[-84.395399,30.49053],[-84.397683,30.491063],[-84.39675,30.493177],[-84.399034,30.492655],[-84.398829,30.494968],[-84.402041,30.494766],[-84.400608,30.496548],[-84.402439,30.499935],[-84.404919,30.49932],[-84.404717,30.501467],[-84.403132,30.502052],[-84.404159,30.503758],[-84.401949,30.505274],[-84.404038,30.505421],[-84.403345,30.506939],[-84.405043,30.507959],[-84.397168,30.514373],[-84.394699,30.512397],[-84.39588,30.5151],[-84.392423,30.514838],[-84.396174,30.516751],[-84.391824,30.516929],[-84.393546,30.517579],[-84.393936,30.52006],[-84.390554,30.519892],[-84.39181,30.520502],[-84.390798,30.524227],[-84.39217,30.525761],[-84.390619,30.524934],[-84.388303,30.526218],[-84.3897,30.527898],[-84.388804,30.52939],[-84.390992,30.529416],[-84.391626,30.531983],[-84.387534,30.54422],[-84.388284,30.549325],[-84.386401,30.55238],[-84.38213,30.554401],[-84.382804,30.555585],[-84.381081,30.555169],[-84.37906,30.559285],[-84.381951,30.560627],[-84.380205,30.56166],[-84.382034,30.562837],[-84.381588,30.565006],[-84.379316,30.565798],[-84.378384,30.573467],[-84.376667,30.575109],[-84.372574,30.575267],[-84.373034,30.578781],[-84.369925,30.582428],[-84.364769,30.582704],[-84.364411,30.585405],[-84.36143,30.584007],[-84.357311,30.586355],[-84.357611,30.589433],[-84.355232,30.5913],[-84.349939,30.59323],[-84.346475,30.591725],[-84.346743,30.594809],[-84.343128,30.595152],[-84.342887,30.597976],[-84.340401,30.598027],[-84.340864,30.600213],[-84.339193,30.599599],[-84.33908,30.597125],[-84.332166,30.596404],[-84.332903,30.598218],[-84.330325,30.60014],[-84.33312,30.599338],[-84.333627,30.601115],[-84.332081,30.600439],[-84.332609,30.602518],[-84.33073,30.60311],[-84.331304,30.607089],[-84.328988,30.606587],[-84.330497,30.608629],[-84.32812,30.609957],[-84.326182,30.608199],[-84.327624,30.611885],[-84.325614,30.611766],[-84.32502,30.616404],[-84.322893,30.616123],[-84.324759,30.618112],[-84.322958,30.617453],[-84.322658,30.620609],[-84.321101,30.621047],[-84.318919,30.618805],[-84.319284,30.621922],[-84.317367,30.621273],[-84.316891,30.62328],[-84.314392,30.624491],[-84.315261,30.626263],[-84.311969,30.626852],[-84.313901,30.627374],[-84.312116,30.628372],[-84.313547,30.630387],[-84.31036,30.631049],[-84.310115,30.633153],[-84.305868,30.63241],[-84.305274,30.634529],[-84.303695,30.634743],[-84.305545,30.63737],[-84.300583,30.640068],[-84.300256,30.648744],[-84.302341,30.651193],[-84.299378,30.653531],[-84.30413,30.656833],[-84.300968,30.656619],[-84.302502,30.659481],[-84.299114,30.661936],[-84.302424,30.662781],[-84.300028,30.664932],[-84.305324,30.670208],[-84.302813,30.67312],[-84.304419,30.675843],[-84.303245,30.677907],[-84.30314,30.676025],[-84.300405,30.676056],[-84.300021,30.673668],[-84.298114,30.676365],[-84.30029,30.676617],[-84.301153,30.680139],[-84.298105,30.67852],[-84.297497,30.682522],[-84.292107,30.680713],[-84.290355,30.684203],[-84.288666,30.681648],[-84.286861,30.681984],[-84.287682,30.68464],[-84.286179,30.682952],[-84.2858,30.68466],[-84.283503,30.684044],[-84.282559,30.685334],[-84.268507,30.684848],[-84.007454,30.672127],[-84.007687,30.609299],[-84.003113,30.607088],[-84.004678,30.604792],[-84.004426,30.600742],[-84.001679,30.596003],[-84.002625,30.587107],[-83.9962,30.577738],[-83.998023,30.571471],[-83.990874,30.561105],[-83.982584,30.555323],[-83.979057,30.550829],[-83.980327,30.549526],[-83.981833,30.551999],[-83.983604,30.551839],[-83.986734,30.549561],[-83.987015,30.547201],[-83.983222,30.538611],[-83.983965,30.532612],[-83.977165,30.521987],[-84.041152,30.521901],[-84.041488,30.463308],[-84.074691,30.434302],[-84.075539,30.273617],[-84.241222,30.274244],[-84.247673,30.303493],[-84.713351,30.30017],[-84.711068,30.301871],[-84.71155,30.304353],[-84.708692,30.309794],[-84.702105,30.315933],[-84.701017,30.319035],[-84.702772,30.322985],[-84.704129,30.321712],[-84.709496,30.323488],[-84.715359,30.331374]]]}},{"type":"Feature","properties":{"name":"Levy County School District","students":232,"total_funded":1726112},"geometry":{"type":"Polygon","coordinates":[[[-83.346176,29.241868],[-83.164817,29.289161],[-83.158063,29.302239],[-83.148028,29.307769],[-83.142026,29.322592],[-83.13957,29.323985],[-83.136165,29.32344],[-83.128805,29.319406],[-83.119523,29.317153],[-83.112947,29.318141],[-83.111888,29.324684],[-83.10452,29.32544],[-83.098798,29.336865],[-83.094954,29.335923],[-83.092494,29.332251],[-83.090389,29.332753],[-83.0822,29.339857],[-83.068522,29.343953],[-83.06167,29.348374],[-83.060496,29.349967],[-83.061415,29.352683],[-83.072051,29.353862],[-83.070642,29.357353],[-83.063262,29.361818],[-83.062248,29.364229],[-83.06593,29.368478],[-83.065602,29.372664],[-83.056858,29.37834],[-83.045386,29.380682],[-83.033861,29.390551],[-83.032957,29.397947],[-83.025424,29.397013],[-83.02325,29.398564],[-83.025869,29.405685],[-83.025168,29.409192],[-83.021766,29.413099],[-83.026145,29.416452],[-83.026881,29.418946],[-83.024912,29.420344],[-83.017951,29.418628],[-83.015829,29.421409],[-83.021141,29.427141],[-83.021184,29.431196],[-83.012806,29.439769],[-83.012839,29.445899],[-83.001991,29.45653],[-83.000513,29.462646],[-82.989937,29.463345],[-82.984501,29.46991],[-82.986804,29.476543],[-82.981865,29.485418],[-82.984307,29.496322],[-82.982878,29.515444],[-82.979452,29.518418],[-82.97268,29.517266],[-82.969401,29.522315],[-82.970766,29.525854],[-82.978557,29.531868],[-82.977347,29.539893],[-82.95936,29.553245],[-82.947901,29.557531],[-82.948744,29.565903],[-82.944969,29.575186],[-82.944462,29.582302],[-82.943091,29.585226],[-82.937683,29.587176],[-82.937329,29.591196],[-82.856612,29.591315],[-82.856518,29.584243],[-82.77291,29.584879],[-82.773025,29.577647],[-82.756868,29.57768],[-82.756458,29.562467],[-82.656301,29.564811],[-82.656331,29.53562],[-82.557197,29.537528],[-82.556766,29.480055],[-82.496331,29.478371],[-82.496247,29.485499],[-82.40662,29.485048],[-82.406944,29.429017],[-82.405526,29.428998],[-82.403237,29.215623],[-82.53486,29.21468],[-82.535591,29.044855],[-82.538085,29.04225],[-82.545817,29.041793],[-82.556018,29.033864],[-82.564135,29.035817],[-82.572196,29.032696],[-82.576974,29.028065],[-82.595997,29.029565],[-82.601684,29.021294],[-82.600715,29.016394],[-82.602131,29.013451],[-82.610662,29.009587],[-82.617803,29.010193],[-82.620956,29.012495],[-82.628574,29.013704],[-82.630658,29.016391],[-82.638975,29.018249],[-82.640486,29.021467],[-82.644072,29.020076],[-82.652692,29.023035],[-82.657429,29.022192],[-82.675179,29.026076],[-82.677095,29.03056],[-82.683541,29.030564],[-82.689814,29.033962],[-82.696019,29.03313],[-82.697019,29.031726],[-82.702833,29.032821],[-82.705528,29.030766],[-82.71153,29.030988],[-82.716641,29.028157],[-82.726915,29.017865],[-82.727678,29.015092],[-82.733467,29.014945],[-82.737214,29.012406],[-82.741005,29.012069],[-82.742738,29.010175],[-82.742319,29.008024],[-82.755421,29.001865],[-82.754752,28.997497],[-82.759294,28.99247],[-82.761568,28.992091],[-83.187906,28.986573],[-83.20583,29.00223],[-83.22056,29.01949],[-83.24273,29.0538],[-83.25374,29.0765],[-83.26047,29.09621],[-83.26386,29.11445],[-83.26453,29.13637],[-83.26208,29.15572],[-83.29198,29.17293],[-83.31523,29.19313],[-83.33311,29.21594],[-83.346176,29.241868]]]}},{"type":"Feature","properties":{"name":"Liberty County School District","students":9,"total_funded":56268},"geometry":{"type":"Polygon","coordinates":[[[-85.153811,30.092849],[-85.15032,30.096861],[-85.144917,30.097474],[-85.148605,30.111455],[-85.145759,30.111661],[-85.140948,30.108863],[-85.139715,30.11009],[-85.142257,30.113294],[-85.14185,30.115447],[-85.132998,30.114977],[-85.129959,30.118463],[-85.131832,30.120686],[-85.14303,30.121741],[-85.145424,30.124664],[-85.144603,30.129032],[-85.137365,30.134733],[-85.137445,30.139695],[-85.132092,30.144415],[-85.133203,30.145749],[-85.137544,30.145653],[-85.138756,30.147722],[-85.135037,30.152136],[-85.133179,30.159487],[-85.134036,30.162023],[-85.138792,30.161831],[-85.139855,30.163499],[-85.137511,30.166813],[-85.138669,30.172546],[-85.133938,30.175987],[-85.134773,30.18077],[-85.126628,30.183812],[-85.121504,30.195386],[-85.115438,30.200204],[-85.115314,30.202477],[-85.119237,30.208632],[-85.117434,30.210788],[-85.112155,30.208273],[-85.109917,30.209301],[-85.11137,30.218005],[-85.107396,30.217575],[-85.105711,30.213381],[-85.101812,30.211739],[-85.099544,30.213709],[-85.099512,30.219657],[-85.09091,30.222418],[-85.091455,30.229359],[-85.082718,30.228298],[-85.079847,30.229715],[-85.083429,30.237155],[-85.078043,30.243514],[-85.078711,30.248844],[-85.07512,30.251258],[-85.070031,30.249392],[-85.067742,30.258765],[-85.060165,30.26107],[-85.059092,30.263229],[-85.064108,30.269869],[-85.057996,30.27609],[-85.060057,30.28187],[-85.059587,30.285029],[-85.05273,30.286969],[-85.05692,30.303458],[-85.054993,30.304834],[-85.047448,30.303067],[-85.050464,30.31013],[-85.048148,30.312669],[-85.039109,30.309927],[-85.03429,30.312478],[-85.034944,30.315114],[-85.046271,30.32017],[-85.044271,30.328789],[-85.049968,30.338167],[-85.045492,30.343674],[-85.040378,30.355716],[-85.027898,30.360843],[-85.026007,30.363043],[-85.027426,30.365157],[-85.038574,30.365629],[-85.040513,30.368866],[-85.040199,30.372089],[-85.03124,30.378658],[-85.0251,30.37584],[-85.022426,30.380675],[-85.014607,30.387394],[-85.015566,30.396172],[-85.027413,30.398196],[-85.029885,30.403269],[-85.027303,30.405603],[-85.015931,30.408],[-85.013656,30.410648],[-85.015533,30.413172],[-85.018098,30.413598],[-85.029424,30.413008],[-85.032855,30.418322],[-85.031882,30.422648],[-85.015176,30.434361],[-84.983203,30.441837],[-84.981229,30.444129],[-84.982807,30.447632],[-84.993426,30.444932],[-85.000809,30.448071],[-85.000559,30.455332],[-84.991856,30.463073],[-84.987441,30.464901],[-84.986694,30.469583],[-84.988313,30.472118],[-84.999916,30.472418],[-85.004307,30.476211],[-84.994463,30.489076],[-84.991013,30.504295],[-84.992917,30.514695],[-84.991217,30.522395],[-84.973718,30.552994],[-84.961518,30.565094],[-84.965318,30.571594],[-84.965418,30.580194],[-84.962119,30.582494],[-84.952318,30.578594],[-84.945118,30.580994],[-84.943518,30.583894],[-84.945719,30.590294],[-84.944919,30.595493],[-84.936419,30.599693],[-84.932519,30.606393],[-84.883316,30.605589],[-84.882616,30.533094],[-84.815816,30.533093],[-84.815618,30.518491],[-84.781813,30.518693],[-84.781111,30.459794],[-84.714097,30.460401],[-84.714124,30.417199],[-84.680525,30.417269],[-84.680632,30.387973],[-84.646408,30.388281],[-84.663577,30.378402],[-84.66531,30.374276],[-84.663507,30.370475],[-84.665861,30.369867],[-84.670479,30.364144],[-84.680798,30.368105],[-84.681234,30.361531],[-84.684533,30.359948],[-84.683671,30.357702],[-84.685576,30.3552],[-84.682488,30.354569],[-84.68676,30.352859],[-84.68444,30.351398],[-84.68489,30.350114],[-84.690914,30.349622],[-84.690565,30.347449],[-84.693466,30.348901],[-84.694598,30.3452],[-84.696399,30.347145],[-84.698609,30.344217],[-84.701278,30.343555],[-84.701155,30.340432],[-84.703979,30.340747],[-84.701955,30.338653],[-84.703567,30.335897],[-84.706522,30.336706],[-84.709887,30.333877],[-84.715004,30.333283],[-84.715138,30.33014],[-84.711115,30.325126],[-84.707664,30.32256],[-84.704129,30.321712],[-84.702772,30.322985],[-84.701113,30.317671],[-84.708892,30.309481],[-84.711591,30.301222],[-84.729207,30.287439],[-84.730841,30.28044],[-84.727257,30.278439],[-84.727661,30.275846],[-84.730942,30.275158],[-84.7305,30.27005],[-84.73217,30.267942],[-84.736557,30.26812],[-84.737846,30.265646],[-84.726608,30.25672],[-84.712219,30.250439],[-84.708305,30.253439],[-84.706963,30.250963],[-84.705543,30.251803],[-84.701454,30.248461],[-84.698265,30.245691],[-84.700645,30.243408],[-84.697499,30.239336],[-84.699409,30.238121],[-84.697121,30.236868],[-84.699097,30.236374],[-84.698593,30.233582],[-84.701508,30.235111],[-84.701027,30.231972],[-84.697296,30.229139],[-84.699669,30.227798],[-84.695486,30.227329],[-84.695945,30.225465],[-84.693611,30.224115],[-84.694855,30.22258],[-84.687645,30.222263],[-84.681981,30.218183],[-84.682133,30.212096],[-84.680096,30.207039],[-84.681856,30.203048],[-84.675972,30.201162],[-84.678095,30.195439],[-84.678255,30.18809],[-84.674706,30.185574],[-84.674751,30.183786],[-84.672867,30.187124],[-84.672558,30.184087],[-84.670436,30.184965],[-84.668495,30.182893],[-84.668084,30.17482],[-84.670151,30.173363],[-84.668362,30.172708],[-84.668381,30.170919],[-84.666017,30.172483],[-84.664921,30.17],[-84.667401,30.168375],[-84.665138,30.166096],[-84.667834,30.167044],[-84.669617,30.165476],[-84.666994,30.163983],[-84.66911,30.163558],[-84.667641,30.161437],[-84.670609,30.157753],[-84.669461,30.15498],[-84.670786,30.153714],[-84.668758,30.152644],[-84.672538,30.150406],[-84.670373,30.149839],[-84.671677,30.147209],[-84.669258,30.14666],[-84.668323,30.143306],[-84.672226,30.141235],[-84.670174,30.139139],[-84.671608,30.137678],[-84.667,30.137251],[-84.668062,30.135126],[-84.665452,30.134485],[-84.668326,30.132714],[-84.666035,30.132204],[-84.670357,30.127626],[-84.668777,30.124807],[-84.665817,30.124487],[-84.667542,30.12299],[-84.664665,30.120365],[-84.660812,30.120202],[-84.661194,30.117176],[-84.659623,30.115079],[-84.656587,30.114262],[-84.656409,30.117206],[-84.652869,30.117992],[-84.651708,30.112291],[-84.648095,30.108834],[-84.651924,30.106979],[-84.652039,30.104313],[-84.64814,30.105364],[-84.652588,30.103189],[-84.65052,30.101242],[-84.654252,30.100543],[-84.652756,30.098234],[-84.654251,30.097061],[-84.650902,30.097364],[-84.651146,30.095758],[-84.648186,30.093601],[-84.649704,30.09296],[-84.644768,30.09128],[-84.641793,30.082695],[-84.637886,30.083738],[-84.63917,30.079181],[-84.63559,30.077396],[-84.635883,30.075087],[-84.632761,30.073389],[-84.63527,30.072164],[-84.633141,30.068467],[-84.627922,30.069004],[-84.631333,30.065684],[-84.625798,30.065296],[-84.626084,30.062392],[-84.621991,30.063585],[-84.620384,30.066937],[-84.617563,30.064431],[-84.616036,30.065361],[-84.608945,30.058505],[-84.603916,30.046335],[-84.600939,30.04542],[-84.596661,30.046961],[-84.600181,30.043616],[-84.59332,30.041758],[-84.593239,30.040182],[-84.597169,30.041309],[-84.599323,30.040131],[-84.595114,30.033286],[-84.591048,30.029637],[-84.573624,30.020488],[-84.570368,30.016884],[-84.56907,30.017011],[-84.568329,30.020398],[-84.566176,30.017386],[-84.561811,30.019603],[-84.562871,30.022653],[-84.561795,30.022772],[-84.556254,30.02049],[-84.55569,30.014778],[-84.550566,30.014609],[-84.548061,30.011411],[-84.54666,30.015471],[-84.542873,30.01218],[-84.544055,30.011021],[-84.572618,30.010783],[-84.815249,30.011342],[-85.007626,30.013883],[-85.005365,30.009118],[-85.010421,30.005705],[-85.011153,29.998822],[-85.014951,29.997768],[-85.013985,29.996146],[-85.015299,29.995871],[-85.01661,29.990505],[-85.014905,29.988601],[-85.017716,29.988218],[-85.018196,29.981037],[-85.025439,29.971399],[-85.027255,29.982118],[-85.029906,29.984981],[-85.0298,29.987412],[-85.03664,29.990527],[-85.043948,29.988367],[-85.049732,29.99012],[-85.054002,30.00128],[-85.056505,30.003269],[-85.071919,30.004796],[-85.073662,30.007555],[-85.080984,30.010201],[-85.08416,30.014604],[-85.091498,30.011901],[-85.091309,30.014269],[-85.09316,30.015726],[-85.098981,30.015322],[-85.100408,30.017645],[-85.097349,30.019851],[-85.097164,30.024102],[-85.099867,30.024377],[-85.100714,30.021191],[-85.104518,30.020174],[-85.107072,30.021065],[-85.108679,30.025638],[-85.114667,30.023413],[-85.119111,30.02891],[-85.131213,30.037965],[-85.131593,30.039455],[-85.128343,30.041499],[-85.135569,30.043632],[-85.134608,30.047793],[-85.136509,30.052764],[-85.136894,30.063816],[-85.13218,30.067466],[-85.137138,30.069563],[-85.138278,30.071633],[-85.134578,30.082787],[-85.138601,30.087496],[-85.151567,30.09012],[-85.153811,30.092849]]]}},{"type":"Feature","properties":{"name":"Madison County School District","students":57,"total_funded":378878},"geometry":{"type":"Polygon","coordinates":[[[-83.821913,30.307491],[-83.820139,30.310465],[-83.820521,30.313144],[-83.81645,30.315044],[-83.815511,30.317348],[-83.81105,30.318323],[-83.801299,30.315338],[-83.796336,30.318999],[-83.792544,30.319186],[-83.787594,30.328466],[-83.787107,30.331672],[-83.793559,30.335474],[-83.797563,30.341161],[-83.796635,30.342339],[-83.799364,30.347125],[-83.807571,30.348761],[-83.80408,30.35313],[-83.808107,30.364868],[-83.806667,30.371689],[-83.804139,30.373901],[-83.804489,30.377127],[-83.800636,30.378227],[-83.800869,30.379849],[-83.798342,30.382174],[-83.795737,30.382146],[-83.795007,30.386081],[-83.790328,30.390302],[-83.787542,30.388775],[-83.788282,30.381815],[-83.783186,30.378863],[-83.779798,30.382053],[-83.773046,30.383294],[-83.766062,30.382117],[-83.760577,30.385556],[-83.757673,30.385154],[-83.755212,30.391774],[-83.755807,30.396565],[-83.751826,30.398567],[-83.750104,30.404816],[-83.750704,30.408691],[-83.746551,30.411678],[-83.739632,30.421866],[-83.733297,30.424072],[-83.732145,30.426859],[-83.727978,30.428867],[-83.726972,30.432643],[-83.72172,30.434354],[-83.722815,30.442417],[-83.728333,30.454464],[-83.726838,30.459119],[-83.723616,30.461693],[-83.724907,30.468563],[-83.728959,30.472843],[-83.726934,30.487992],[-83.727837,30.490393],[-83.731125,30.492338],[-83.733528,30.498311],[-83.735553,30.498739],[-83.736513,30.502336],[-83.736922,30.508091],[-83.729577,30.519251],[-83.725975,30.523091],[-83.70436,30.523021],[-83.704293,30.538094],[-83.671073,30.53802],[-83.671117,30.552861],[-83.637412,30.552671],[-83.637343,30.567471],[-83.621189,30.567351],[-83.62073,30.58198],[-83.604186,30.581916],[-83.604401,30.638236],[-83.612122,30.638736],[-83.61172,30.651258],[-83.313253,30.634697],[-83.309249,30.634406],[-83.309287,30.632946],[-83.302244,30.630772],[-83.30004,30.632639],[-83.294848,30.63233],[-83.293315,30.62901],[-83.286751,30.62996],[-83.284505,30.62814],[-83.272612,30.627687],[-83.271873,30.624386],[-83.268359,30.620741],[-83.26705,30.608599],[-83.259633,30.596245],[-83.256479,30.586942],[-83.26127,30.585035],[-83.262591,30.582621],[-83.259603,30.574115],[-83.262019,30.569099],[-83.257621,30.565642],[-83.255805,30.560461],[-83.259801,30.557504],[-83.260855,30.552959],[-83.253495,30.5484],[-83.247152,30.540801],[-83.245825,30.534967],[-83.249681,30.532359],[-83.245048,30.530778],[-83.244097,30.52558],[-83.24113,30.524498],[-83.238938,30.518022],[-83.239532,30.515055],[-83.242533,30.516506],[-83.243844,30.513505],[-83.246121,30.512599],[-83.240564,30.505932],[-83.242837,30.501972],[-83.240597,30.493604],[-83.244991,30.492092],[-83.243187,30.488407],[-83.243961,30.479226],[-83.241832,30.477922],[-83.243766,30.473132],[-83.226907,30.468605],[-83.222556,30.464458],[-83.217723,30.464058],[-83.219623,30.461659],[-83.217699,30.455537],[-83.221021,30.454306],[-83.22298,30.451324],[-83.22177,30.448966],[-83.217337,30.447796],[-83.220548,30.443976],[-83.21981,30.44035],[-83.222277,30.436279],[-83.218515,30.426662],[-83.222022,30.42555],[-83.222208,30.423531],[-83.216116,30.417994],[-83.213303,30.420968],[-83.209642,30.421136],[-83.207309,30.419204],[-83.206163,30.412141],[-83.204748,30.412243],[-83.203887,30.414983],[-83.194859,30.41696],[-83.18028,30.410539],[-83.17786,30.402035],[-83.174517,30.397748],[-83.178261,30.3926],[-83.173054,30.390967],[-83.170969,30.385225],[-83.177946,30.384139],[-83.192869,30.374032],[-83.192079,30.363696],[-83.193592,30.357624],[-83.190247,30.351877],[-83.1983,30.348279],[-83.203258,30.351088],[-83.20871,30.350533],[-83.212551,30.345851],[-83.210822,30.336572],[-83.207897,30.331087],[-83.213563,30.323412],[-83.214357,30.319834],[-83.209924,30.311878],[-83.21251,30.307272],[-83.225791,30.301266],[-83.233007,30.29202],[-83.231671,30.283817],[-83.239965,30.268211],[-83.236775,30.262064],[-83.23936,30.260408],[-83.469267,30.260351],[-83.468768,30.304212],[-83.820153,30.303538],[-83.818128,30.304277],[-83.821913,30.307491]]]}},{"type":"Feature","properties":{"name":"Manatee County School District","students":952,"total_funded":6504672},"geometry":{"type":"Polygon","coordinates":[[[-82.92417,27.53075],[-82.764941,27.557299],[-82.648816,27.601969],[-82.553666,27.645465],[-82.054349,27.646382],[-82.056497,27.207769],[-82.253596,27.208916],[-82.252264,27.386243],[-82.447088,27.386123],[-82.447169,27.388603],[-82.451451,27.38866],[-82.85074,27.391389],[-82.86162,27.42373],[-82.87953,27.44257],[-82.89175,27.46021],[-82.90427,27.48473],[-82.90987,27.50345],[-82.92417,27.53075]]]}},{"type":"Feature","properties":{"name":"Marion County School District","students":1839,"total_funded":12415923},"geometry":{"type":"Polygon","coordinates":[[[-82.535591,29.044855],[-82.53486,29.21468],[-82.403237,29.215623],[-82.405526,29.428998],[-82.406944,29.429017],[-82.40662,29.485048],[-82.211449,29.484067],[-82.210857,29.479886],[-82.214811,29.477311],[-82.210095,29.473819],[-82.211999,29.471932],[-82.208303,29.470777],[-82.208037,29.466591],[-82.205335,29.467054],[-82.206367,29.472252],[-82.203412,29.47212],[-82.201902,29.468182],[-82.200256,29.468732],[-82.201161,29.467461],[-82.192837,29.462258],[-82.191505,29.463111],[-82.192241,29.461822],[-82.190442,29.462005],[-82.191574,29.460894],[-82.189367,29.461125],[-82.190958,29.459997],[-82.18806,29.460394],[-82.190926,29.4597],[-82.188129,29.456752],[-82.188795,29.454425],[-82.191912,29.452307],[-82.199256,29.456555],[-82.198623,29.45795],[-82.194714,29.458072],[-82.193455,29.46144],[-82.196083,29.462715],[-82.19842,29.460753],[-82.204183,29.460568],[-82.211661,29.466056],[-82.212841,29.465309],[-82.211782,29.464008],[-82.216446,29.460197],[-82.217722,29.457095],[-82.214087,29.452997],[-82.213847,29.450274],[-82.211572,29.449504],[-82.213644,29.441022],[-82.212424,29.44008],[-82.213327,29.431912],[-82.207482,29.427045],[-82.202002,29.42632],[-82.199639,29.422172],[-82.197126,29.423063],[-82.193117,29.420863],[-82.178338,29.422552],[-82.175926,29.420566],[-82.172689,29.422689],[-82.173261,29.424263],[-82.167267,29.424559],[-82.168423,29.425703],[-82.167574,29.427199],[-82.163691,29.424531],[-82.159085,29.424877],[-82.156924,29.422373],[-82.155089,29.422873],[-82.156301,29.425641],[-82.15544,29.426092],[-82.153211,29.422345],[-82.153027,29.425623],[-82.150972,29.426778],[-82.150019,29.422905],[-82.151552,29.421723],[-82.148827,29.417057],[-82.1473,29.417222],[-82.140338,29.420075],[-82.140563,29.421527],[-82.145298,29.423459],[-82.144016,29.426672],[-82.14144,29.427138],[-82.134982,29.434997],[-82.129007,29.432217],[-82.127046,29.433096],[-82.127193,29.430048],[-82.125,29.428742],[-82.119319,29.428249],[-82.117606,29.432035],[-82.113886,29.432306],[-82.111933,29.435013],[-82.105914,29.435709],[-82.105231,29.437636],[-82.102588,29.438387],[-82.099226,29.436813],[-82.099145,29.43377],[-82.095664,29.430098],[-82.098716,29.427258],[-82.096817,29.421835],[-82.099425,29.422489],[-82.099886,29.418664],[-82.095629,29.420499],[-82.096874,29.425242],[-82.094537,29.430352],[-82.09162,29.428692],[-82.09213,29.430571],[-82.090056,29.430762],[-82.088123,29.426198],[-82.086535,29.426655],[-82.088274,29.429331],[-82.086053,29.431106],[-82.088927,29.432902],[-82.087613,29.435704],[-82.080943,29.440386],[-82.075901,29.43875],[-82.074024,29.434647],[-82.070522,29.434236],[-82.071291,29.443271],[-82.067155,29.443798],[-82.064016,29.439576],[-82.056747,29.439951],[-82.055643,29.441847],[-82.055899,29.471232],[-82.043273,29.478673],[-82.031973,29.492265],[-82.030414,29.491715],[-82.026295,29.494739],[-82.013672,29.49906],[-82.006585,29.499563],[-82.004093,29.501766],[-81.990859,29.501259],[-81.983999,29.503231],[-81.980791,29.502176],[-81.963956,29.503847],[-81.946612,29.50929],[-81.944525,29.511887],[-81.938644,29.513438],[-81.937223,29.512514],[-81.931821,29.516445],[-81.922144,29.512741],[-81.921425,29.511114],[-81.919351,29.511598],[-81.912051,29.503906],[-81.907013,29.509252],[-81.906692,29.514235],[-81.904134,29.512822],[-81.904637,29.514834],[-81.901689,29.515955],[-81.896569,29.515077],[-81.896553,29.512969],[-81.894442,29.513392],[-81.887622,29.509214],[-81.884361,29.513189],[-81.882879,29.511909],[-81.873427,29.515041],[-81.86115,29.514892],[-81.859356,29.516833],[-81.85072,29.518058],[-81.849611,29.521341],[-81.844929,29.521678],[-81.843009,29.521004],[-81.842779,29.486533],[-81.776205,29.487448],[-81.774905,29.429249],[-81.74183,29.42994],[-81.741422,29.371049],[-81.668525,29.371704],[-81.661136,29.360061],[-81.661915,29.354754],[-81.657723,29.348031],[-81.660725,29.343274],[-81.656563,29.340284],[-81.656325,29.337968],[-81.658781,29.337094],[-81.664311,29.34151],[-81.675403,29.338646],[-81.680399,29.330401],[-81.680705,29.323206],[-81.672404,29.305577],[-81.666398,29.300569],[-81.655332,29.29967],[-81.650092,29.293142],[-81.647774,29.286008],[-81.641916,29.276766],[-81.638696,29.04776],[-81.659197,29.04776],[-81.658698,28.960345],[-82.311697,28.960391],[-82.312254,28.966645],[-82.315836,28.973271],[-82.32106,28.973493],[-82.321079,28.975284],[-82.329674,28.97895],[-82.332606,28.982386],[-82.333944,28.981523],[-82.341572,28.987878],[-82.345809,28.987104],[-82.352394,28.991242],[-82.361391,28.993509],[-82.363276,28.996766],[-82.361831,28.998315],[-82.364839,29.002395],[-82.368998,29.001028],[-82.374056,29.002362],[-82.377546,29.000712],[-82.378075,29.004793],[-82.386871,29.009262],[-82.390432,29.007938],[-82.390996,29.009847],[-82.393503,29.008006],[-82.397577,29.011491],[-82.395042,29.014544],[-82.398139,29.015339],[-82.397341,29.01698],[-82.4018,29.015761],[-82.401637,29.018996],[-82.405023,29.016685],[-82.40838,29.017025],[-82.409677,29.0152],[-82.418663,29.013131],[-82.42033,29.014616],[-82.419694,29.01804],[-82.42545,29.019059],[-82.425011,29.021694],[-82.429535,29.021189],[-82.429142,29.022742],[-82.431119,29.023075],[-82.429833,29.024045],[-82.432381,29.025089],[-82.432266,29.027666],[-82.436358,29.027154],[-82.435196,29.029623],[-82.437433,29.0292],[-82.439199,29.033085],[-82.441315,29.032382],[-82.441777,29.035484],[-82.451493,29.040066],[-82.453658,29.03977],[-82.45835,29.044348],[-82.458566,29.04765],[-82.463784,29.044656],[-82.467054,29.048029],[-82.471421,29.047162],[-82.473414,29.048799],[-82.472923,29.051203],[-82.481866,29.052526],[-82.483944,29.051099],[-82.488072,29.051449],[-82.487441,29.048037],[-82.493681,29.046561],[-82.497637,29.042175],[-82.502719,29.041647],[-82.508131,29.037479],[-82.510041,29.03786],[-82.508606,29.040333],[-82.511769,29.0412],[-82.511583,29.043234],[-82.516443,29.044232],[-82.51703,29.042051],[-82.52092,29.039653],[-82.523049,29.039903],[-82.523469,29.042184],[-82.525496,29.040649],[-82.525057,29.043005],[-82.530378,29.043627],[-82.531931,29.041057],[-82.535116,29.040928],[-82.533763,29.043409],[-82.535591,29.044855]]]}},{"type":"Feature","properties":{"name":"Martin County School District","students":353,"total_funded":2491837},"geometry":{"type":"Polygon","coordinates":[[[-80.885639,26.958919],[-80.749781,27.063311],[-80.677427,27.121619],[-80.677862,27.205988],[-80.28551,27.206025],[-80.285072,27.231002],[-80.292052,27.237136],[-80.292991,27.241984],[-80.288079,27.241956],[-80.28795,27.243884],[-80.285312,27.243919],[-80.284771,27.263723],[-80.283069,27.263831],[-80.138049,27.262879],[-80.127097,27.239374],[-80.110695,27.211558],[-80.108218,27.202061],[-80.100756,27.192165],[-80.095411,27.18064],[-80.094089,27.163736],[-80.080955,27.125329],[-80.063385,27.091603],[-80.039102,27.029853],[-80.022754,26.970392],[-80.141758,26.97094],[-80.142007,26.95664],[-80.374523,26.958386],[-80.885639,26.958919]]]}},{"type":"Feature","properties":{"name":"Monroe County School District","students":111,"total_funded":1004039},"geometry":{"type":"MultiPolygon","coordinates":[[[[-82.3265,24.58373],[-82.31871,24.6122],[-82.30809,24.63704],[-82.29639,24.65726],[-82.28243,24.67624],[-82.26277,24.6989],[-82.24395,24.71564],[-82.22676,24.72672],[-82.20073,24.73817],[-82.18053,24.74353],[-82.15502,24.74694],[-82.10976,24.74711],[-82.0653,24.73938],[-82.02695,24.72572],[-82.00055,24.7405],[-81.96754,24.75278],[-81.92267,24.7615],[-81.89429,24.76365],[-81.87436,24.77613],[-81.81421,24.80639],[-81.79099,24.81371],[-81.77824,24.81538],[-81.76188,24.82875],[-81.72754,24.84704],[-81.70079,24.85783],[-81.66013,24.88329],[-81.64807,24.88957],[-81.62159,24.89722],[-81.58131,24.92376],[-81.51559,24.95629],[-81.48849,24.96635],[-81.42673,24.97666],[-81.40548,24.9785],[-81.37621,24.9766],[-81.35038,24.97048],[-81.32347,24.97338],[-81.30583,24.97969],[-81.28737,24.98402],[-81.25486,24.98659],[-81.23316,24.98481],[-81.21196,24.98033],[-81.19164,24.97317],[-81.17035,24.96214],[-81.1738,24.97488],[-81.18343,24.98616],[-81.18858,24.9948],[-81.20312,25.00598],[-81.21427,25.01918],[-81.23908,25.03247],[-81.26225,25.05088],[-81.28114,25.07297],[-81.29506,25.09793],[-81.30109,25.11491],[-81.3048,25.13242],[-81.31904,25.15518],[-81.32854,25.17641],[-81.33849,25.20561],[-81.3423,25.22483],[-81.34278,25.24451],[-81.34024,25.26405],[-81.3309,25.29228],[-81.31491,25.35155],[-81.3252,25.39062],[-81.34315,25.40758],[-81.358,25.42755],[-81.36887,25.44965],[-81.38477,25.49701],[-81.40697,25.52231],[-81.42541,25.5516],[-81.44249,25.55854],[-81.45983,25.5683],[-81.47549,25.58014],[-81.4876,25.59205],[-81.49935,25.60716],[-81.50869,25.62361],[-81.51471,25.63885],[-81.51902,25.65694],[-81.54863,25.66964],[-81.57623,25.68604],[-81.59828,25.67805],[-81.62016,25.67364],[-81.67974,25.67256],[-81.70062,25.67501],[-81.72103,25.67974],[-81.74064,25.68669],[-81.76172,25.69721],[-81.78547,25.71392],[-81.80567,25.73411],[-81.81885,25.75236],[-81.84202,25.79451],[-81.848206,25.800785],[-81.455546,25.803677],[-81.100483,25.803324],[-80.873096,25.805377],[-80.87319,25.363993],[-80.862191,25.364193],[-80.861991,25.242898],[-80.857989,25.243],[-80.858167,25.176607],[-80.846407,25.177066],[-80.838216,25.174792],[-80.830025,25.168114],[-80.827164,25.160906],[-80.825739,25.160548],[-80.814163,25.165418],[-80.809559,25.169048],[-80.809255,25.172192],[-80.813034,25.176067],[-80.814416,25.182743],[-80.809576,25.183866],[-80.811469,25.1799],[-80.808368,25.181549],[-80.808189,25.18421],[-80.796218,25.18042],[-80.793901,25.176244],[-80.800135,25.163194],[-80.802561,25.152871],[-80.800526,25.142985],[-80.797953,25.146723],[-80.798401,25.156357],[-80.795801,25.162113],[-80.792422,25.164452],[-80.782213,25.165273],[-80.776924,25.160727],[-80.772623,25.149827],[-80.773535,25.144301],[-80.778018,25.137704],[-80.771244,25.140767],[-80.768793,25.150078],[-80.772366,25.156502],[-80.772288,25.159485],[-80.765959,25.162279],[-80.755384,25.159157],[-80.756315,25.152706],[-80.751453,25.151392],[-80.74293,25.142654],[-80.730625,25.14306],[-80.727728,25.144897],[-80.721555,25.145496],[-80.722362,25.147515],[-80.730986,25.152922],[-80.739427,25.151081],[-80.743739,25.1539],[-80.747197,25.158715],[-80.747279,25.164815],[-80.745918,25.165391],[-80.738832,25.16161],[-80.737267,25.159065],[-80.734194,25.160972],[-80.729908,25.159759],[-80.729256,25.163614],[-80.731704,25.167443],[-80.725527,25.165772],[-80.72308,25.161553],[-80.723002,25.159329],[-80.727206,25.152879],[-80.717883,25.155661],[-80.713596,25.151718],[-80.711571,25.151946],[-80.706294,25.139815],[-80.703231,25.141447],[-80.705327,25.148329],[-80.704045,25.152044],[-80.697594,25.154434],[-80.697851,25.162944],[-80.693166,25.167282],[-80.6881,25.168866],[-80.680238,25.174559],[-80.677515,25.172862],[-80.680436,25.164785],[-80.678066,25.163938],[-80.672321,25.167495],[-80.674061,25.170019],[-80.673256,25.173895],[-80.671694,25.174583],[-80.667987,25.170822],[-80.669825,25.167038],[-80.661911,25.167383],[-80.657803,25.169128],[-80.653063,25.162866],[-80.656615,25.156282],[-80.665637,25.150868],[-80.675108,25.140266],[-80.673696,25.138477],[-80.669061,25.142127],[-80.659712,25.142426],[-80.657974,25.146601],[-80.656663,25.144928],[-80.652277,25.14658],[-80.655933,25.149378],[-80.65641,25.154287],[-80.650944,25.15744],[-80.651275,25.163967],[-80.645863,25.173948],[-80.640285,25.176655],[-80.633606,25.17647],[-80.638067,25.178556],[-80.651654,25.175345],[-80.657955,25.177499],[-80.659191,25.174747],[-80.662443,25.174975],[-80.663982,25.179494],[-80.65937,25.184771],[-80.654278,25.184795],[-80.654329,25.188214],[-80.651633,25.192479],[-80.648279,25.192159],[-80.647119,25.189522],[-80.63885,25.190877],[-80.634237,25.192367],[-80.629447,25.197713],[-80.625313,25.195004],[-80.622539,25.199181],[-80.61959,25.197575],[-80.6149,25.200717],[-80.609933,25.200256],[-80.608522,25.202734],[-80.604916,25.202733],[-80.603936,25.200927],[-80.605724,25.194797],[-80.603255,25.190576],[-80.609734,25.18592],[-80.609583,25.182846],[-80.625187,25.18255],[-80.621841,25.180312],[-80.619616,25.181999],[-80.617801,25.180461],[-80.619011,25.17736],[-80.614448,25.175779],[-80.606404,25.186384],[-80.594619,25.190368],[-80.594173,25.195159],[-80.59158,25.199245],[-80.583836,25.200557],[-80.584139,25.207454],[-80.58245,25.208119],[-80.582374,25.210551],[-80.577103,25.212084],[-80.574558,25.210066],[-80.568404,25.211554],[-80.56548,25.209581],[-80.563819,25.205083],[-80.569013,25.204168],[-80.57126,25.198526],[-80.574613,25.198667],[-80.576425,25.203576],[-80.577233,25.202221],[-80.574966,25.197977],[-80.568791,25.193159],[-80.565387,25.192651],[-80.563923,25.197017],[-80.558546,25.199303],[-80.561949,25.212194],[-80.557965,25.211642],[-80.553829,25.21398],[-80.54919,25.214045],[-80.548208,25.212096],[-80.549597,25.208632],[-80.547934,25.206178],[-80.545641,25.204983],[-80.541158,25.205702],[-80.535837,25.198923],[-80.535709,25.201033],[-80.538649,25.204097],[-80.538051,25.205804],[-80.540671,25.20865],[-80.539634,25.213512],[-80.530909,25.214836],[-80.529069,25.213505],[-80.528586,25.216944],[-80.524296,25.221164],[-80.519176,25.222375],[-80.514641,25.219548],[-80.5154,25.217394],[-80.510635,25.216058],[-80.507186,25.210116],[-80.508131,25.206505],[-80.50487,25.206584],[-80.503109,25.203142],[-80.500258,25.204814],[-80.499295,25.200804],[-80.495335,25.199499],[-80.495568,25.205323],[-80.500531,25.208391],[-80.500604,25.211191],[-80.492769,25.205579],[-80.492181,25.207499],[-80.487215,25.207126],[-80.488182,25.209567],[-80.487034,25.212306],[-80.491818,25.213471],[-80.494998,25.21629],[-80.494448,25.221314],[-80.496039,25.223997],[-80.494176,25.227117],[-80.487318,25.228728],[-80.484996,25.225519],[-80.482473,25.224878],[-80.480408,25.228228],[-80.475872,25.230799],[-80.472667,25.228555],[-80.470853,25.230413],[-80.468634,25.230048],[-80.467149,25.234727],[-80.460795,25.236818],[-80.456331,25.235191],[-80.457441,25.236844],[-80.456534,25.238816],[-80.453407,25.238359],[-80.44897,25.240747],[-80.444455,25.2399],[-80.445598,25.242729],[-80.444205,25.244199],[-80.439306,25.242509],[-80.440006,25.239435],[-80.435234,25.240632],[-80.436272,25.235762],[-80.41887,25.23631],[-80.418649,25.244749],[-80.410955,25.253466],[-80.394931,25.253537],[-80.395081,25.272937],[-80.379149,25.287859],[-80.379021,25.305895],[-80.371981,25.305928],[-80.372121,25.310215],[-80.265472,25.354296],[-80.256475,25.350691],[-80.250225,25.339367],[-80.183871,25.348183],[-80.18532,25.33851],[-80.19104,25.32529],[-80.20365,25.30749],[-80.22495,25.28432],[-80.23894,25.25547],[-80.25966,25.23055],[-80.26729,25.21441],[-80.2767,25.20256],[-80.29483,25.17167],[-80.295314,25.162132],[-80.297246,25.16216],[-80.302899,25.144923],[-80.333321,25.099202],[-80.341864,25.0884],[-80.35778,25.072902],[-80.37629,25.062219],[-80.390435,25.057189],[-80.391624,25.039396],[-80.399658,25.023578],[-80.406033,25.015693],[-80.415021,25.008625],[-80.439101,24.997989],[-80.440179,24.985674],[-80.445522,24.973422],[-80.453365,24.963698],[-80.462886,24.955937],[-80.478081,24.948428],[-80.514343,24.940628],[-80.525284,24.923534],[-80.538164,24.912733],[-80.559145,24.902266],[-80.56687,24.900583],[-80.574756,24.893892],[-80.585451,24.889329],[-80.596759,24.874999],[-80.611295,24.865152],[-80.619896,24.854586],[-80.640428,24.838434],[-80.652342,24.831403],[-80.674811,24.825611],[-80.688955,24.815677],[-80.708811,24.804688],[-80.745115,24.788878],[-80.756475,24.776153],[-80.771092,24.765951],[-80.783375,24.76126],[-80.792971,24.759702],[-80.801369,24.759324],[-80.812466,24.761211],[-80.837039,24.750002],[-80.852228,24.748931],[-80.861354,24.739662],[-80.868469,24.735907],[-80.878566,24.725174],[-80.886958,24.719684],[-80.893295,24.716453],[-80.905587,24.713468],[-80.918911,24.713066],[-80.933922,24.702203],[-80.94526,24.69623],[-80.957113,24.692836],[-80.967358,24.685916],[-80.976492,24.682368],[-80.98922,24.673824],[-80.999792,24.668912],[-80.999792,24.670364],[-81.022583,24.665275],[-81.030111,24.654568],[-81.038634,24.646527],[-81.047648,24.64024],[-81.059736,24.635864],[-81.087226,24.632923],[-81.120618,24.635679],[-81.140851,24.643064],[-81.147686,24.649064],[-81.158293,24.640207],[-81.169393,24.634619],[-81.184044,24.631205],[-81.204259,24.631186],[-81.22065,24.621549],[-81.239914,24.617063],[-81.249798,24.606556],[-81.264626,24.599234],[-81.27794,24.596389],[-81.293455,24.596722],[-81.304368,24.59261],[-81.337608,24.58476],[-81.346159,24.580662],[-81.355843,24.579653],[-81.364457,24.574479],[-81.374801,24.571488],[-81.39167,24.569666],[-81.420636,24.570572],[-81.437166,24.560934],[-81.451608,24.555526],[-81.465088,24.552854],[-81.483365,24.555548],[-81.494648,24.562526],[-81.499805,24.561595],[-81.514615,24.564757],[-81.527852,24.553279],[-81.51937,24.530612],[-81.519881,24.512555],[-81.525671,24.500426],[-81.528558,24.500426],[-81.539924,24.486034],[-81.551446,24.478031],[-81.564957,24.472778],[-81.585826,24.471094],[-81.596837,24.461063],[-81.610259,24.454308],[-81.632422,24.451146],[-81.643951,24.445769],[-81.666279,24.440073],[-81.677419,24.439105],[-81.697199,24.432314],[-81.711831,24.429733],[-81.730113,24.430698],[-81.749811,24.438454],[-81.76287,24.449643],[-81.773685,24.472735],[-81.773698,24.486644],[-81.770807,24.496872],[-81.779283,24.494818],[-81.792362,24.495613],[-81.788324,24.4913],[-81.783308,24.478699],[-81.781807,24.460927],[-81.788985,24.439482],[-81.800697,24.42714],[-81.813522,24.417639],[-81.841046,24.407613],[-81.874813,24.403144],[-81.894262,24.405744],[-81.911129,24.397789],[-81.920556,24.396308],[-81.934811,24.396919],[-81.946441,24.399348],[-81.958437,24.405227],[-81.967318,24.411959],[-81.974468,24.420822],[-81.979768,24.431656],[-81.982054,24.445448],[-81.980925,24.456967],[-81.974409,24.471209],[-81.999235,24.476577],[-82.013803,24.47614],[-82.023479,24.477864],[-82.034272,24.482496],[-82.044645,24.489782],[-82.051074,24.496844],[-82.05818,24.514364],[-82.067171,24.523715],[-82.079319,24.511595],[-82.100333,24.499998],[-82.12027,24.49731],[-82.14042,24.49805],[-82.15575,24.49608],[-82.17858,24.49985],[-82.1923,24.50543],[-82.2032,24.51335],[-82.2113,24.52263],[-82.21728,24.53417],[-82.22033,24.54357],[-82.22235,24.5602],[-82.22021,24.57326],[-82.21545,24.58376],[-82.3265,24.58373]]],[[[-83.108738,24.629489],[-83.103521,24.657986],[-83.099195,24.670529],[-83.088453,24.692051],[-83.078795,24.706081],[-83.066756,24.719834],[-83.041107,24.74091],[-83.004768,24.764506],[-82.979064,24.776053],[-82.945456,24.784963],[-82.920157,24.787666],[-82.893408,24.794446],[-82.868886,24.798089],[-82.801426,24.800469],[-82.775669,24.798173],[-82.739893,24.788434],[-82.709779,24.773122],[-82.696206,24.763397],[-82.679978,24.748513],[-82.666183,24.731711],[-82.655082,24.713315],[-82.645331,24.688635],[-82.641371,24.670615],[-82.639914,24.654914],[-82.640074,24.641782],[-82.644147,24.615807],[-82.656682,24.583709],[-82.828181,24.583765],[-82.837316,24.574463],[-82.848495,24.567602],[-82.863604,24.562985],[-82.872065,24.562216],[-82.885051,24.563378],[-82.895867,24.566666],[-82.914122,24.575973],[-82.932628,24.569842],[-82.943287,24.568928],[-82.960264,24.57146],[-82.970859,24.575848],[-82.982005,24.583765],[-82.999742,24.583917],[-82.999876,24.476981],[-83.02926,24.489739],[-83.043551,24.498572],[-83.064883,24.516161],[-83.08256,24.536873],[-83.093699,24.555267],[-83.103527,24.579963],[-83.108914,24.611086],[-83.108738,24.629489]]]]}},{"type":"Feature","properties":{"name":"Nassau County School District","students":239,"total_funded":1622846},"geometry":{"type":"Polygon","coordinates":[[[-82.050331,30.675737],[-82.046295,30.681124],[-82.048431,30.682432],[-82.043686,30.683947],[-82.042984,30.690065],[-82.041237,30.691032],[-82.041679,30.696152],[-82.044037,30.697369],[-82.041244,30.699385],[-82.042946,30.700886],[-82.039566,30.700678],[-82.039779,30.702192],[-82.035927,30.706205],[-82.036804,30.713033],[-82.039039,30.714952],[-82.038894,30.717651],[-82.037117,30.718538],[-82.039566,30.719299],[-82.038513,30.722637],[-82.045601,30.727253],[-82.041862,30.730129],[-82.04409,30.731163],[-82.042541,30.733482],[-82.038894,30.736153],[-82.040558,30.740036],[-82.039245,30.741264],[-82.038665,30.751087],[-82.036138,30.754775],[-82.031466,30.750344],[-82.021844,30.753626],[-82.021368,30.755193],[-82.017932,30.75482],[-82.017378,30.755857],[-82.020164,30.757839],[-82.011212,30.763121],[-82.013628,30.765383],[-82.01252,30.766953],[-82.01529,30.772176],[-82.018449,30.772759],[-82.01738,30.7758],[-82.023643,30.783082],[-82.023025,30.787525],[-82.016975,30.787798],[-82.017715,30.790577],[-82.016327,30.79158],[-82.012974,30.790931],[-82.014184,30.78921],[-82.010446,30.789979],[-82.007674,30.793037],[-82.005852,30.790386],[-82.003778,30.791768],[-81.997406,30.786391],[-81.995573,30.786839],[-81.988466,30.780205],[-81.977722,30.776636],[-81.972458,30.779926],[-81.969024,30.791277],[-81.962257,30.796682],[-81.961723,30.800993],[-81.965042,30.806807],[-81.961944,30.808708],[-81.963882,30.812946],[-81.961219,30.814037],[-81.964218,30.817774],[-81.949638,30.827845],[-81.942024,30.825554],[-81.942815,30.828504],[-81.939079,30.827211],[-81.938834,30.829849],[-81.936294,30.827766],[-81.936065,30.824482],[-81.933517,30.823376],[-81.935257,30.821066],[-81.929832,30.820072],[-81.928436,30.81743],[-81.918647,30.817818],[-81.909553,30.815691],[-81.907302,30.817526],[-81.90541,30.816769],[-81.904091,30.82041],[-81.907215,30.82586],[-81.901817,30.829893],[-81.895538,30.825289],[-81.892547,30.825373],[-81.891029,30.822607],[-81.891434,30.816586],[-81.884719,30.811422],[-81.884529,30.807598],[-81.882225,30.805128],[-81.882667,30.800282],[-81.871139,30.79804],[-81.86837,30.79285],[-81.852691,30.794897],[-81.845871,30.79075],[-81.840271,30.792591],[-81.84188,30.787569],[-81.839477,30.786589],[-81.830009,30.78936],[-81.823799,30.786812],[-81.819488,30.789886],[-81.807449,30.790119],[-81.801887,30.786875],[-81.797172,30.781469],[-81.795967,30.782129],[-81.797126,30.78503],[-81.793075,30.787251],[-81.791351,30.782804],[-81.78379,30.773333],[-81.786697,30.769802],[-81.78276,30.766613],[-81.783569,30.762693],[-81.782478,30.761383],[-81.771568,30.764143],[-81.773559,30.768007],[-81.770203,30.773872],[-81.771309,30.776316],[-81.769347,30.777102],[-81.761232,30.775525],[-81.759024,30.771601],[-81.75521,30.769009],[-81.740753,30.765007],[-81.742195,30.759254],[-81.731857,30.754995],[-81.733215,30.751276],[-81.732055,30.749815],[-81.72013,30.744719],[-81.709114,30.747976],[-81.702087,30.74547],[-81.693893,30.748472],[-81.689155,30.741632],[-81.67942,30.74152],[-81.672494,30.73879],[-81.668838,30.742514],[-81.670837,30.747396],[-81.673484,30.74855],[-81.679908,30.744692],[-81.682777,30.745968],[-81.683096,30.748492],[-81.679069,30.750906],[-81.669555,30.751701],[-81.662323,30.754177],[-81.659729,30.749716],[-81.663482,30.745853],[-81.663009,30.743492],[-81.660835,30.74234],[-81.654304,30.74436],[-81.651828,30.742208],[-81.65409,30.733093],[-81.652153,30.72887],[-81.648536,30.727423],[-81.643585,30.728203],[-81.636619,30.733938],[-81.632682,30.728596],[-81.630432,30.728088],[-81.628829,30.729307],[-81.628331,30.735394],[-81.624366,30.73634],[-81.620681,30.730959],[-81.623434,30.725555],[-81.622978,30.723467],[-81.614166,30.722353],[-81.61193,30.717201],[-81.60987,30.715933],[-81.606048,30.718676],[-81.605834,30.727264],[-81.601882,30.729586],[-81.596534,30.727472],[-81.597373,30.720226],[-81.596176,30.718666],[-81.592658,30.718908],[-81.587684,30.723635],[-81.574218,30.722504],[-81.563507,30.71751],[-81.563461,30.713423],[-81.561424,30.711672],[-81.548377,30.718279],[-81.54602,30.716942],[-81.542831,30.711134],[-81.538391,30.708656],[-81.534011,30.711447],[-81.534492,30.720074],[-81.532295,30.724091],[-81.509887,30.722614],[-81.488464,30.726309],[-81.484825,30.725113],[-81.474113,30.713913],[-81.451241,30.709484],[-81.403702,30.709814],[-81.404175,30.712439],[-81.347015,30.712444],[-81.346389,30.701438],[-81.351553,30.685666],[-81.358169,30.675976],[-81.373398,30.662779],[-81.382015,30.615913],[-81.382015,30.583579],[-81.377674,30.54446],[-81.375002,30.532758],[-81.358793,30.501504],[-81.433697,30.506566],[-81.442111,30.509138],[-81.450811,30.519238],[-81.479939,30.533454],[-81.484397,30.537444],[-81.488003,30.542168],[-81.490962,30.554623],[-81.499575,30.563793],[-81.514014,30.567337],[-81.523814,30.556337],[-81.519783,30.546679],[-81.519948,30.543645],[-81.526312,30.531175],[-81.530238,30.52629],[-81.543018,30.523889],[-81.546953,30.525939],[-81.550778,30.531562],[-81.550926,30.543027],[-81.555251,30.544528],[-81.567809,30.536636],[-81.577285,30.538025],[-81.586541,30.54523],[-81.588894,30.54959],[-81.583327,30.56311],[-81.585084,30.566319],[-81.592127,30.565326],[-81.602861,30.560054],[-81.606444,30.553855],[-81.610212,30.55438],[-81.614177,30.563052],[-81.60146,30.567665],[-81.603325,30.572586],[-81.611002,30.575938],[-81.604932,30.582606],[-81.604608,30.584864],[-81.606158,30.585566],[-81.608715,30.585178],[-81.615057,30.580136],[-81.625306,30.586131],[-81.635393,30.581256],[-81.637016,30.578316],[-81.642677,30.580002],[-81.645787,30.575599],[-81.649898,30.576624],[-81.650641,30.572275],[-81.656179,30.570033],[-81.659434,30.56588],[-81.660952,30.558281],[-81.663742,30.55857],[-81.662283,30.554587],[-81.658633,30.552831],[-81.663733,30.550842],[-81.673006,30.556601],[-81.667856,30.557312],[-81.667704,30.560349],[-81.672809,30.559745],[-81.672128,30.562319],[-81.669342,30.563179],[-81.673941,30.566187],[-81.678059,30.562096],[-81.681313,30.563152],[-81.68375,30.566412],[-81.687484,30.562697],[-81.688267,30.566463],[-81.692385,30.567171],[-81.693149,30.56394],[-81.695521,30.56317],[-81.695238,30.566697],[-81.697949,30.569666],[-81.701552,30.565926],[-81.70109,30.563758],[-81.704378,30.563599],[-81.703741,30.567309],[-81.709955,30.565866],[-81.71594,30.571236],[-81.720241,30.570458],[-81.721739,30.571987],[-81.722843,30.567536],[-81.725938,30.565886],[-81.726526,30.567752],[-81.729104,30.565445],[-81.725247,30.563736],[-81.726588,30.559578],[-81.727841,30.562387],[-81.730545,30.562533],[-81.73197,30.561073],[-81.729833,30.55845],[-81.730672,30.557042],[-81.734613,30.559479],[-81.736311,30.557089],[-81.734582,30.556695],[-81.732974,30.551827],[-81.736149,30.552638],[-81.737779,30.549861],[-81.733633,30.547164],[-81.737626,30.546636],[-81.735651,30.54486],[-81.737946,30.542628],[-81.735189,30.541954],[-81.737419,30.540796],[-81.7367,30.538627],[-81.738271,30.534687],[-81.747139,30.530772],[-81.756141,30.53115],[-81.763748,30.534916],[-81.765322,30.51844],[-81.781624,30.503336],[-81.794918,30.505406],[-81.809526,30.484537],[-81.831227,30.467437],[-82.049232,30.273337],[-82.049958,30.362472],[-82.045117,30.366307],[-82.042139,30.365409],[-82.044487,30.367672],[-82.041758,30.36762],[-82.040751,30.370556],[-82.037218,30.371848],[-82.038141,30.372924],[-82.036765,30.375109],[-82.038812,30.374693],[-82.036633,30.378096],[-82.038156,30.382209],[-82.035811,30.384851],[-82.040065,30.391385],[-82.044685,30.403963],[-82.041288,30.406669],[-82.043899,30.40799],[-82.043632,30.410557],[-82.041868,30.411314],[-82.043358,30.41305],[-82.040847,30.414938],[-82.043762,30.414869],[-82.040985,30.416597],[-82.039505,30.415503],[-82.039139,30.417051],[-82.040542,30.417639],[-82.037552,30.417538],[-82.034065,30.420032],[-82.036003,30.424967],[-82.033783,30.42765],[-82.035324,30.427992],[-82.037727,30.435474],[-82.039459,30.434372],[-82.040001,30.436661],[-82.036064,30.438463],[-82.033874,30.442316],[-82.03247,30.441599],[-82.028145,30.447252],[-82.029625,30.450743],[-82.02687,30.453722],[-82.02832,30.455391],[-82.022272,30.461382],[-82.024164,30.464479],[-82.023595,30.467212],[-82.016906,30.475111],[-82.019348,30.478976],[-82.017433,30.479875],[-82.019218,30.482979],[-82.015548,30.483958],[-82.017143,30.485583],[-82.016405,30.48867],[-82.018017,30.492075],[-82.015717,30.494822],[-82.017754,30.495792],[-82.01515,30.499892],[-82.017087,30.502076],[-82.017021,30.507132],[-82.014564,30.512312],[-82.015541,30.520098],[-82.018585,30.519489],[-82.016296,30.521904],[-82.018631,30.523834],[-82.018181,30.52751],[-82.016441,30.526899],[-82.015434,30.528501],[-82.018303,30.528521],[-82.017601,30.53232],[-82.01905,30.533012],[-82.016609,30.534733],[-82.015754,30.539539],[-82.013412,30.542444],[-82.013166,30.549946],[-82.00995,30.550434],[-82.011139,30.553473],[-82.008423,30.554529],[-82.009597,30.556206],[-82.008468,30.558094],[-82.010025,30.557873],[-82.010711,30.560736],[-82.008033,30.560253],[-82.005401,30.563698],[-82.008407,30.563658],[-82.005821,30.565133],[-82.00823,30.569712],[-82.006532,30.572941],[-82.00788,30.574969],[-82.006183,30.574957],[-82.008026,30.57703],[-82.006126,30.577124],[-82.008995,30.580149],[-82.008878,30.582936],[-82.010754,30.583717],[-82.010209,30.586419],[-82.012158,30.586262],[-82.011203,30.588991],[-82.012793,30.590303],[-82.012219,30.59391],[-82.014449,30.596286],[-82.015087,30.600602],[-82.023655,30.606775],[-82.027229,30.606661],[-82.026809,30.610872],[-82.028885,30.611685],[-82.026283,30.61339],[-82.028259,30.622011],[-82.029983,30.621912],[-82.029518,30.619158],[-82.031646,30.61953],[-82.031684,30.625016],[-82.034959,30.626837],[-82.033171,30.629493],[-82.03673,30.629975],[-82.03582,30.631853],[-82.04049,30.63605],[-82.038768,30.638663],[-82.040245,30.639709],[-82.038612,30.640947],[-82.041641,30.648981],[-82.046076,30.652072],[-82.044345,30.652941],[-82.048959,30.655122],[-82.049396,30.662007],[-82.048344,30.662926],[-82.046471,30.660806],[-82.048059,30.665031],[-82.04599,30.66637],[-82.048279,30.668906],[-82.050331,30.675737]]]}},{"type":"Feature","properties":{"name":"Okaloosa County School District","students":326,"total_funded":2175282},"geometry":{"type":"Polygon","coordinates":[[[-86.803374,30.23495],[-86.795605,30.616867],[-86.795178,30.625909],[-86.79386,30.625943],[-86.792715,30.664858],[-86.785692,30.99698],[-86.723585,30.996569],[-86.705611,30.994487],[-86.563436,30.995223],[-86.520196,30.993258],[-86.388646,30.994181],[-86.389113,30.88344],[-86.392057,30.750188],[-86.392942,30.512727],[-86.397143,30.388263],[-86.39964,30.226956],[-86.45924,30.233],[-86.50635,30.23121],[-86.52805,30.23189],[-86.5913,30.24282],[-86.63841,30.24629],[-86.71348,30.24363],[-86.803374,30.23495]]]}},{"type":"Feature","properties":{"name":"Okeechobee County School District","students":119,"total_funded":804649},"geometry":{"type":"Polygon","coordinates":[[[-81.214263,27.528878],[-81.212331,27.531422],[-81.208081,27.529976],[-81.207902,27.53396],[-81.209488,27.535233],[-81.202471,27.539396],[-81.205405,27.542866],[-81.205679,27.547677],[-81.199228,27.546379],[-81.194156,27.552763],[-81.190102,27.553527],[-81.191787,27.554946],[-81.190105,27.555327],[-81.190626,27.556664],[-81.185877,27.558678],[-81.176978,27.558011],[-81.178046,27.559031],[-81.175854,27.559386],[-81.174054,27.562931],[-81.175643,27.562767],[-81.174872,27.564317],[-81.170775,27.565429],[-81.171167,27.567814],[-81.166016,27.574958],[-81.164484,27.572767],[-81.162204,27.57465],[-81.159306,27.574168],[-81.161037,27.573505],[-81.160979,27.570759],[-81.156578,27.574494],[-81.158524,27.579015],[-81.157752,27.583516],[-81.15484,27.587145],[-81.155286,27.591615],[-81.14998,27.594582],[-81.149187,27.596984],[-81.142542,27.597725],[-81.14289,27.599795],[-81.140482,27.600833],[-81.14131,27.603939],[-81.140047,27.604666],[-81.141841,27.607063],[-81.140664,27.608372],[-81.142779,27.614155],[-81.144991,27.616035],[-81.143176,27.618105],[-81.143843,27.620089],[-81.140992,27.628047],[-81.142856,27.629147],[-81.141532,27.633271],[-81.144352,27.638867],[-81.141789,27.639434],[-81.142742,27.640884],[-81.14095,27.642499],[-81.142858,27.642198],[-81.142164,27.643238],[-81.022917,27.64199],[-80.778047,27.643195],[-80.777166,27.558733],[-80.679659,27.558736],[-80.677427,27.121619],[-80.749781,27.063311],[-80.885639,26.958919],[-80.871164,27.147064],[-80.873311,27.150054],[-80.870236,27.152273],[-80.871169,27.154951],[-80.876623,27.158502],[-80.881042,27.165781],[-80.878669,27.169221],[-80.890522,27.164233],[-80.891799,27.166416],[-80.898081,27.166097],[-80.897305,27.170455],[-80.903408,27.169044],[-80.90166,27.170595],[-80.903845,27.170479],[-80.910189,27.174979],[-80.906284,27.179289],[-80.906415,27.180384],[-80.907791,27.179631],[-80.908611,27.182257],[-80.907513,27.18363],[-80.908848,27.184615],[-80.906403,27.189049],[-80.908445,27.187473],[-80.910789,27.188645],[-80.911008,27.191407],[-80.913178,27.191141],[-80.913427,27.189266],[-80.917953,27.190114],[-80.919864,27.193614],[-80.922351,27.192692],[-80.925093,27.194995],[-80.925145,27.197418],[-80.929343,27.196329],[-80.926512,27.19851],[-80.930787,27.200228],[-80.934956,27.196369],[-80.934384,27.198613],[-80.937424,27.199058],[-80.93749,27.204314],[-80.943215,27.207774],[-80.942134,27.2116],[-80.949392,27.219866],[-80.947927,27.221997],[-80.952457,27.221192],[-80.951186,27.224608],[-80.953507,27.222767],[-80.955771,27.223255],[-80.956991,27.219182],[-80.96392,27.218029],[-80.963574,27.216485],[-80.96067,27.216097],[-80.961845,27.215162],[-80.971144,27.217787],[-80.981694,27.231474],[-80.985078,27.231331],[-80.981653,27.237302],[-80.983506,27.24187],[-80.981337,27.242113],[-80.983446,27.244821],[-80.980977,27.243517],[-80.980612,27.246411],[-80.993045,27.250549],[-80.993851,27.253475],[-80.992716,27.254239],[-80.995568,27.256947],[-80.996944,27.256181],[-80.996483,27.260353],[-80.998256,27.259028],[-80.998038,27.266637],[-80.99897,27.268283],[-81.000733,27.267764],[-80.998264,27.271816],[-80.997817,27.276056],[-80.999416,27.276288],[-80.997615,27.278489],[-80.999176,27.278233],[-80.998941,27.280917],[-80.99674,27.281558],[-80.998544,27.284052],[-80.996891,27.288111],[-80.998537,27.291445],[-80.994598,27.297326],[-80.99918,27.295385],[-81.000069,27.298004],[-81.003075,27.298379],[-81.005034,27.302725],[-81.010584,27.30011],[-81.012293,27.300939],[-81.013524,27.299588],[-81.011081,27.299552],[-81.012912,27.299031],[-81.012895,27.297185],[-81.015682,27.302223],[-81.016302,27.300033],[-81.020128,27.303039],[-81.021274,27.300371],[-81.025602,27.302375],[-81.029225,27.307331],[-81.028888,27.309494],[-81.028187,27.307416],[-81.026637,27.30809],[-81.027033,27.313524],[-81.028826,27.311955],[-81.030256,27.317919],[-81.032922,27.31941],[-81.032896,27.321865],[-81.030571,27.321127],[-81.029998,27.323578],[-81.037565,27.328086],[-81.037912,27.330013],[-81.039346,27.328094],[-81.040137,27.330537],[-81.042179,27.328238],[-81.044109,27.329673],[-81.046118,27.337547],[-81.045398,27.34122],[-81.041497,27.343981],[-81.042594,27.347221],[-81.036071,27.348212],[-81.034436,27.350315],[-81.033572,27.348052],[-81.036537,27.3462],[-81.034601,27.345529],[-81.030746,27.351399],[-81.031574,27.353638],[-81.035158,27.355098],[-81.033284,27.356028],[-81.035299,27.357966],[-81.034429,27.35916],[-81.040594,27.35969],[-81.039688,27.361427],[-81.041658,27.362972],[-81.051145,27.363018],[-81.05291,27.365386],[-81.051118,27.366092],[-81.050021,27.370659],[-81.05876,27.373025],[-81.059674,27.374636],[-81.060928,27.37374],[-81.063297,27.380301],[-81.068402,27.382346],[-81.080571,27.383922],[-81.081136,27.385759],[-81.088618,27.382189],[-81.090693,27.383842],[-81.093095,27.383403],[-81.092449,27.381824],[-81.098335,27.379079],[-81.101546,27.3832],[-81.113694,27.384868],[-81.117231,27.388422],[-81.11677,27.390035],[-81.121556,27.389974],[-81.120522,27.391077],[-81.125235,27.393602],[-81.12409,27.396438],[-81.126744,27.401117],[-81.124313,27.401999],[-81.123353,27.403163],[-81.124252,27.402373],[-81.13011,27.405649],[-81.129022,27.407728],[-81.132204,27.408474],[-81.133002,27.406157],[-81.133751,27.408985],[-81.136649,27.408364],[-81.136434,27.410519],[-81.138284,27.408459],[-81.139563,27.410152],[-81.13861,27.411807],[-81.144078,27.412277],[-81.141874,27.413014],[-81.143776,27.415993],[-81.141866,27.416893],[-81.141352,27.423156],[-81.138623,27.424085],[-81.14046,27.425001],[-81.141069,27.428668],[-81.139058,27.434044],[-81.144872,27.445007],[-81.147181,27.447203],[-81.15067,27.446172],[-81.150912,27.449254],[-81.152352,27.448562],[-81.153971,27.451555],[-81.151788,27.452167],[-81.154343,27.454007],[-81.159382,27.453935],[-81.158511,27.455299],[-81.159878,27.457284],[-81.160294,27.455831],[-81.165023,27.456923],[-81.166801,27.460126],[-81.168803,27.459504],[-81.172889,27.463066],[-81.170707,27.467517],[-81.17617,27.472894],[-81.177508,27.478093],[-81.181471,27.480956],[-81.180911,27.482377],[-81.182722,27.483865],[-81.186056,27.48184],[-81.188792,27.48231],[-81.192979,27.486311],[-81.19427,27.485054],[-81.199546,27.48633],[-81.201129,27.489268],[-81.205117,27.489733],[-81.204197,27.499003],[-81.202,27.498672],[-81.202121,27.500534],[-81.200079,27.500636],[-81.202491,27.503739],[-81.200527,27.507685],[-81.202095,27.507312],[-81.201869,27.508742],[-81.198459,27.510376],[-81.200011,27.512234],[-81.199437,27.515046],[-81.201213,27.51579],[-81.20206,27.513269],[-81.202874,27.515589],[-81.204299,27.514908],[-81.207669,27.517839],[-81.206245,27.519529],[-81.212084,27.524605],[-81.210521,27.525261],[-81.210547,27.527876],[-81.214263,27.528878]]]}},{"type":"Feature","properties":{"name":"Orange County School District","students":8790,"total_funded":61845288},"geometry":{"type":"Polygon","coordinates":[[[-81.657199,28.592567],[-81.658597,28.766442],[-81.656388,28.769831],[-81.653717,28.766303],[-81.651194,28.765935],[-81.646506,28.769868],[-81.644741,28.775984],[-81.647807,28.784132],[-81.646513,28.785872],[-81.414569,28.785564],[-81.41637,28.769519],[-81.415671,28.759748],[-81.416502,28.755325],[-81.418474,28.754632],[-81.42277,28.736915],[-81.438198,28.720577],[-81.44142,28.715096],[-81.445611,28.713618],[-81.448597,28.715328],[-81.459524,28.713264],[-81.459728,28.640196],[-81.32848,28.639628],[-81.327888,28.610501],[-80.995375,28.613172],[-80.98725,28.612997],[-80.985345,28.611358],[-80.984503,28.612851],[-80.98333,28.609697],[-80.98103,28.611155],[-80.980602,28.609583],[-80.975925,28.607819],[-80.973062,28.611367],[-80.970987,28.611155],[-80.968702,28.604328],[-80.961294,28.605447],[-80.957532,28.601945],[-80.954095,28.604954],[-80.951997,28.604197],[-80.953047,28.600664],[-80.949304,28.60037],[-80.94952,28.598479],[-80.94637,28.596939],[-80.947931,28.595639],[-80.943344,28.593668],[-80.945062,28.592412],[-80.944259,28.588962],[-80.94544,28.586503],[-80.947094,28.587423],[-80.947161,28.584892],[-80.944756,28.584006],[-80.945865,28.582723],[-80.943946,28.581953],[-80.944249,28.58011],[-80.940438,28.578094],[-80.939349,28.57254],[-80.935876,28.571332],[-80.930043,28.563217],[-80.932181,28.561797],[-80.931651,28.559821],[-80.934274,28.558974],[-80.931684,28.55697],[-80.934185,28.554405],[-80.932625,28.551598],[-80.934304,28.545202],[-80.932133,28.542356],[-80.934247,28.540471],[-80.93921,28.541799],[-80.939391,28.535119],[-80.937797,28.534685],[-80.93626,28.536776],[-80.93407,28.533401],[-80.932176,28.5355],[-80.928243,28.532713],[-80.923377,28.532728],[-80.920638,28.5252],[-80.917517,28.522983],[-80.911412,28.524569],[-80.910559,28.523296],[-80.912515,28.523173],[-80.911994,28.521622],[-80.907258,28.520545],[-80.907965,28.517988],[-80.905715,28.517811],[-80.90713,28.513784],[-80.904465,28.510441],[-80.900095,28.511552],[-80.898851,28.509782],[-80.895905,28.509444],[-80.891923,28.512088],[-80.885741,28.510312],[-80.879873,28.500006],[-80.880266,28.496995],[-80.88416,28.495542],[-80.882591,28.491491],[-80.875243,28.489487],[-80.878113,28.486729],[-80.875585,28.485845],[-80.873318,28.48206],[-80.874191,28.476345],[-80.870796,28.471355],[-80.875143,28.468842],[-80.876045,28.470883],[-80.880834,28.468331],[-80.881681,28.470375],[-80.88475,28.468722],[-80.886659,28.469608],[-80.889772,28.466486],[-80.890812,28.468383],[-80.894522,28.467039],[-80.892859,28.464027],[-80.895845,28.463203],[-80.89336,28.459037],[-80.896628,28.456603],[-80.897569,28.457762],[-80.898346,28.455084],[-80.895859,28.451259],[-80.892028,28.4492],[-80.890121,28.445413],[-80.89389,28.443864],[-80.893079,28.441755],[-80.895151,28.436446],[-80.896715,28.437345],[-80.898225,28.436401],[-80.896902,28.435505],[-80.901272,28.433537],[-80.900339,28.431593],[-80.898448,28.431919],[-80.896773,28.427809],[-80.898698,28.426136],[-80.895759,28.423119],[-80.896373,28.418499],[-80.894159,28.41914],[-80.891073,28.41619],[-80.888021,28.415686],[-80.888074,28.413004],[-80.88299,28.408156],[-80.886494,28.404132],[-80.885504,28.402398],[-80.886651,28.399605],[-80.88451,28.398271],[-80.884507,28.396126],[-80.886789,28.396543],[-80.887494,28.393963],[-80.889618,28.393006],[-80.888478,28.385585],[-80.879604,28.380421],[-80.879519,28.377151],[-80.881925,28.374845],[-80.880138,28.375125],[-80.87929,28.372395],[-80.875577,28.373424],[-80.873101,28.370261],[-80.87358,28.36058],[-80.868652,28.352472],[-80.862908,28.347487],[-80.999783,28.348584],[-81.657268,28.347098],[-81.657205,28.569827],[-81.652665,28.571144],[-81.651876,28.580514],[-81.648104,28.58448],[-81.657199,28.592567]]]}},{"type":"Feature","properties":{"name":"Osceola County School District","students":3878,"total_funded":26295340},"geometry":{"type":"Polygon","coordinates":[[[-81.657268,28.347098],[-80.999783,28.348584],[-80.862893,28.347476],[-80.861395,28.252281],[-80.862877,28.084745],[-80.869313,28.084727],[-80.870135,28.057077],[-80.868881,27.822522],[-80.881566,27.822511],[-80.880073,27.733699],[-80.873795,27.733854],[-80.87315,27.642288],[-81.142164,27.643238],[-81.14005,27.646666],[-81.137311,27.647038],[-81.137612,27.644181],[-81.13395,27.646686],[-81.133899,27.649119],[-81.132469,27.647468],[-81.131044,27.659307],[-81.131842,27.661509],[-81.138446,27.665],[-81.142228,27.670626],[-81.144343,27.669723],[-81.144652,27.679471],[-81.146892,27.68194],[-81.144905,27.682201],[-81.147674,27.688993],[-81.146613,27.690921],[-81.149001,27.692032],[-81.147337,27.696383],[-81.150233,27.699808],[-81.147996,27.699159],[-81.149324,27.702979],[-81.145987,27.706266],[-81.145815,27.710313],[-81.149004,27.712879],[-81.150709,27.717632],[-81.151777,27.716175],[-81.153076,27.718553],[-81.159969,27.719263],[-81.161347,27.724166],[-81.167379,27.72339],[-81.168837,27.72631],[-81.166883,27.728745],[-81.168705,27.731982],[-81.165498,27.732129],[-81.166824,27.734186],[-81.164542,27.735359],[-81.165011,27.742327],[-81.171775,27.743152],[-81.171163,27.746501],[-81.17287,27.747439],[-81.174487,27.745557],[-81.175464,27.749746],[-81.178657,27.752096],[-81.17801,27.758929],[-81.173615,27.758668],[-81.173013,27.760907],[-81.175037,27.764412],[-81.179148,27.76584],[-81.178202,27.770528],[-81.18097,27.769994],[-81.181069,27.774211],[-81.184675,27.772934],[-81.187474,27.774975],[-81.185981,27.779038],[-81.189443,27.782275],[-81.18956,27.785319],[-81.196307,27.790769],[-81.198649,27.797315],[-81.200504,27.797398],[-81.200693,27.803653],[-81.20405,27.810598],[-81.208575,27.812227],[-81.20652,27.812447],[-81.209934,27.81724],[-81.210039,27.819228],[-81.207976,27.820977],[-81.213956,27.82409],[-81.215292,27.829731],[-81.23112,27.842843],[-81.241426,27.847207],[-81.24171,27.84566],[-81.246473,27.848789],[-81.250348,27.84361],[-81.251468,27.844981],[-81.250482,27.848854],[-81.254172,27.848829],[-81.259107,27.845985],[-81.257781,27.848137],[-81.263187,27.847115],[-81.277283,27.850751],[-81.281523,27.855793],[-81.281324,27.857472],[-81.292049,27.857628],[-81.301862,27.862081],[-81.301466,27.865201],[-81.298915,27.862493],[-81.297299,27.862741],[-81.304376,27.870401],[-81.305923,27.876827],[-81.304473,27.880469],[-81.306108,27.886176],[-81.314835,27.900605],[-81.31481,27.903836],[-81.309173,27.915304],[-81.308869,27.922078],[-81.315994,27.928506],[-81.318844,27.928131],[-81.317816,27.924263],[-81.33827,27.933407],[-81.338664,27.931336],[-81.34399,27.936201],[-81.346735,27.936751],[-81.347522,27.939249],[-81.345873,27.941451],[-81.338233,27.939197],[-81.336824,27.94991],[-81.34296,27.953079],[-81.345128,27.952291],[-81.349845,27.953919],[-81.347961,27.960669],[-81.349831,27.963758],[-81.368688,27.973809],[-81.370596,27.977927],[-81.373211,27.977026],[-81.376505,27.978251],[-81.377135,27.984067],[-81.380098,27.983018],[-81.381908,27.984983],[-81.380908,27.988004],[-81.378502,27.988977],[-81.382639,27.997717],[-81.385769,27.99938],[-81.386864,28.003536],[-81.392511,28.004562],[-81.403697,28.002782],[-81.414349,28.000649],[-81.41391,27.99914],[-81.415888,27.998249],[-81.421063,28.003352],[-81.427776,28.021055],[-81.428093,28.02154],[-81.429147,28.021661],[-81.428564,28.018783],[-81.429265,28.021039],[-81.432508,28.022437],[-81.438597,28.033223],[-81.448564,28.032309],[-81.455722,28.038834],[-81.458817,28.039775],[-81.460171,28.050153],[-81.458416,28.05094],[-81.459687,28.051809],[-81.458248,28.051678],[-81.457449,28.055084],[-81.453758,28.057594],[-81.450371,28.056637],[-81.445899,28.059003],[-81.441098,28.058739],[-81.436073,28.054167],[-81.433735,28.045351],[-81.431328,28.04222],[-81.427657,28.041372],[-81.428042,28.039347],[-81.424066,28.040502],[-81.423161,28.038587],[-81.415756,28.037145],[-81.406517,28.029136],[-81.394604,28.028434],[-81.392226,28.019772],[-81.385691,28.017227],[-81.382476,28.012361],[-81.378849,28.011666],[-81.376478,28.015847],[-81.379216,28.021159],[-81.375877,28.024916],[-81.375813,28.029489],[-81.367399,28.034598],[-81.367369,28.036326],[-81.363723,28.037763],[-81.362552,28.040587],[-81.361865,28.043718],[-81.364509,28.047129],[-81.364266,28.058053],[-81.366811,28.061667],[-81.365082,28.064573],[-81.365499,28.067886],[-81.362442,28.070006],[-81.355194,28.066903],[-81.346479,28.069328],[-81.347227,28.080158],[-81.348791,28.081819],[-81.346418,28.084696],[-81.455758,28.08489],[-81.456214,28.143163],[-81.524227,28.142805],[-81.524083,28.201012],[-81.557459,28.259362],[-81.657189,28.259217],[-81.657268,28.347098]]]}},{"type":"Feature","properties":{"name":"Palm Beach County School District","students":3546,"total_funded":26024671},"geometry":{"type":"Polygon","coordinates":[[[-80.885772,26.609242],[-80.885639,26.958919],[-80.374523,26.958386],[-80.142007,26.95664],[-80.141758,26.97094],[-80.022754,26.970392],[-79.993913,26.875337],[-79.990799,26.856552],[-79.974306,26.792415],[-79.975557,26.764989],[-79.97965,26.750341],[-79.979153,26.726709],[-79.974734,26.708231],[-79.974728,26.702598],[-79.97654,26.687479],[-79.979736,26.677464],[-79.980879,26.66363],[-79.980648,26.595447],[-79.982476,26.569247],[-79.985875,26.550887],[-79.98631,26.537035],[-79.988543,26.527264],[-79.991269,26.523026],[-80.006149,26.432809],[-80.014362,26.362236],[-80.015276,26.320956],[-80.087905,26.320756],[-80.089134,26.324693],[-80.091966,26.326361],[-80.096433,26.322395],[-80.098616,26.322694],[-80.098358,26.326504],[-80.099988,26.32778],[-80.204083,26.327822],[-80.297048,26.355547],[-80.296986,26.334356],[-80.881833,26.3338],[-80.881915,26.346125],[-80.880017,26.346059],[-80.885772,26.609242]]]}},{"type":"Feature","properties":{"name":"Pasco County School District","students":1752,"total_funded":11734995},"geometry":{"type":"Polygon","coordinates":[[[-83.02236,28.21138],[-83.01942,28.23637],[-83.0124,28.26041],[-83.00282,28.28029],[-82.98821,28.30107],[-82.96895,28.32034],[-82.94676,28.33612],[-82.91279,28.3525],[-82.89736,28.35701],[-82.87761,28.41268],[-82.87494,28.430786],[-82.639965,28.433842],[-82.253439,28.434824],[-82.253293,28.478491],[-82.054694,28.478397],[-82.055531,28.258928],[-82.106206,28.25924],[-82.105853,28.17165],[-82.432434,28.171086],[-82.516514,28.17272],[-82.735493,28.173352],[-83.01875,28.17098],[-83.02236,28.21138]]]}},{"type":"Feature","properties":{"name":"Pinellas County School District","students":3393,"total_funded":23762707},"geometry":{"type":"Polygon","coordinates":[[[-83.02054,27.88103],[-83.01935,27.90039],[-83.01408,27.93344],[-83.00508,27.97131],[-82.99845,27.99026],[-82.99746,28.01275],[-82.99929,28.0162],[-82.99924,28.02687],[-83.00819,28.06194],[-83.00961,28.08878],[-83.01293,28.11146],[-83.01251,28.13374],[-83.01875,28.17098],[-82.651165,28.173266],[-82.648374,28.056558],[-82.64832,27.947398],[-82.62262,27.943099],[-82.601419,27.937299],[-82.587819,27.928299],[-82.577519,27.916],[-82.573419,27.909],[-82.568719,27.8929],[-82.565819,27.817603],[-82.563619,27.806903],[-82.558418,27.797504],[-82.541818,27.787804],[-82.540618,27.785004],[-82.569995,27.719219],[-82.584349,27.691926],[-82.626848,27.645305],[-82.696535,27.644969],[-82.696538,27.639062],[-82.704601,27.624522],[-82.735592,27.610437],[-82.73858,27.613333],[-82.736845,27.625201],[-82.742069,27.633896],[-82.746943,27.637908],[-82.746751,27.647347],[-82.925034,27.644813],[-82.91739,27.66282],[-82.91522,27.68413],[-82.92424,27.6954],[-82.94821,27.7154],[-82.9655,27.73391],[-82.99389,27.77767],[-83.00695,27.80544],[-83.01181,27.82055],[-83.01795,27.84836],[-83.02054,27.88103]]]}},{"type":"Feature","properties":{"name":"Polk County School District","students":4468,"total_funded":30111971},"geometry":{"type":"Polygon","coordinates":[[[-82.105853,28.17165],[-82.106206,28.25924],[-82.055531,28.258928],[-82.055819,28.312794],[-82.045097,28.318528],[-82.032021,28.320886],[-82.027235,28.323391],[-82.021699,28.322479],[-82.020368,28.323843],[-82.016867,28.322654],[-82.015623,28.323649],[-82.010302,28.322096],[-82.007642,28.323205],[-81.995337,28.318592],[-81.989263,28.308102],[-81.985781,28.30532],[-81.978059,28.305999],[-81.97476,28.310484],[-81.973278,28.308475],[-81.957805,28.308888],[-81.957641,28.34518],[-81.857512,28.345965],[-81.857624,28.361868],[-81.790887,28.361837],[-81.790727,28.346413],[-81.657268,28.347098],[-81.657189,28.259217],[-81.557459,28.259362],[-81.524083,28.201012],[-81.524227,28.142805],[-81.456214,28.143163],[-81.455758,28.08489],[-81.346418,28.084696],[-81.348791,28.081819],[-81.347227,28.080158],[-81.346479,28.069328],[-81.355194,28.066903],[-81.362442,28.070006],[-81.365499,28.067886],[-81.365082,28.064573],[-81.366811,28.061667],[-81.364266,28.058053],[-81.364509,28.047129],[-81.361865,28.043718],[-81.362552,28.040587],[-81.363723,28.037763],[-81.367369,28.036326],[-81.367399,28.034598],[-81.375813,28.029489],[-81.375877,28.024916],[-81.379216,28.021159],[-81.376478,28.015847],[-81.378849,28.011666],[-81.382476,28.012361],[-81.385691,28.017227],[-81.392226,28.019772],[-81.394604,28.028434],[-81.406517,28.029136],[-81.415756,28.037145],[-81.423161,28.038587],[-81.424066,28.040502],[-81.428042,28.039347],[-81.427657,28.041372],[-81.431328,28.04222],[-81.433735,28.045351],[-81.436073,28.054167],[-81.441098,28.058739],[-81.445899,28.059003],[-81.450371,28.056637],[-81.453758,28.057594],[-81.457449,28.055084],[-81.458248,28.051678],[-81.459687,28.051809],[-81.458416,28.05094],[-81.460171,28.050153],[-81.458817,28.039775],[-81.455722,28.038834],[-81.448564,28.032309],[-81.438597,28.033223],[-81.432508,28.022437],[-81.429265,28.021039],[-81.428564,28.018783],[-81.429147,28.021661],[-81.427776,28.021055],[-81.421063,28.003352],[-81.415888,27.998249],[-81.41391,27.99914],[-81.414349,28.000649],[-81.403697,28.002782],[-81.392511,28.004562],[-81.386864,28.003536],[-81.385769,27.99938],[-81.382639,27.997717],[-81.378502,27.988977],[-81.380908,27.988004],[-81.381908,27.984983],[-81.380098,27.983018],[-81.377135,27.984067],[-81.376505,27.978251],[-81.373211,27.977026],[-81.370596,27.977927],[-81.368688,27.973809],[-81.349831,27.963758],[-81.347961,27.960669],[-81.349845,27.953919],[-81.345128,27.952291],[-81.34296,27.953079],[-81.336824,27.94991],[-81.338233,27.939197],[-81.345873,27.941451],[-81.347522,27.939249],[-81.346735,27.936751],[-81.34399,27.936201],[-81.338664,27.931336],[-81.33827,27.933407],[-81.317816,27.924263],[-81.318844,27.928131],[-81.315994,27.928506],[-81.308869,27.922078],[-81.309173,27.915304],[-81.31481,27.903836],[-81.314835,27.900605],[-81.306108,27.886176],[-81.304473,27.880469],[-81.305923,27.876827],[-81.304376,27.870401],[-81.297299,27.862741],[-81.298915,27.862493],[-81.301466,27.865201],[-81.301862,27.862081],[-81.292049,27.857628],[-81.281324,27.857472],[-81.281523,27.855793],[-81.277283,27.850751],[-81.263187,27.847115],[-81.257781,27.848137],[-81.259107,27.845985],[-81.254172,27.848829],[-81.250482,27.848854],[-81.251468,27.844981],[-81.250348,27.84361],[-81.246473,27.848789],[-81.24171,27.84566],[-81.241426,27.847207],[-81.23112,27.842843],[-81.215292,27.829731],[-81.213956,27.82409],[-81.207976,27.820977],[-81.210039,27.819228],[-81.209934,27.81724],[-81.20652,27.812447],[-81.208575,27.812227],[-81.20405,27.810598],[-81.200693,27.803653],[-81.200504,27.797398],[-81.198649,27.797315],[-81.196307,27.790769],[-81.18956,27.785319],[-81.189443,27.782275],[-81.185981,27.779038],[-81.187474,27.774975],[-81.184675,27.772934],[-81.181069,27.774211],[-81.18097,27.769994],[-81.178202,27.770528],[-81.179148,27.76584],[-81.175037,27.764412],[-81.173013,27.760907],[-81.173615,27.758668],[-81.17801,27.758929],[-81.178657,27.752096],[-81.175464,27.749746],[-81.174487,27.745557],[-81.17287,27.747439],[-81.171163,27.746501],[-81.171775,27.743152],[-81.165011,27.742327],[-81.164542,27.735359],[-81.166824,27.734186],[-81.165498,27.732129],[-81.168705,27.731982],[-81.166883,27.728745],[-81.168837,27.72631],[-81.167379,27.72339],[-81.161347,27.724166],[-81.159969,27.719263],[-81.153076,27.718553],[-81.151777,27.716175],[-81.150709,27.717632],[-81.149004,27.712879],[-81.145815,27.710313],[-81.145987,27.706266],[-81.149324,27.702979],[-81.147996,27.699159],[-81.150233,27.699808],[-81.147337,27.696383],[-81.149001,27.692032],[-81.146613,27.690921],[-81.147674,27.688993],[-81.144905,27.682201],[-81.146892,27.68194],[-81.14487,27.680178],[-81.145441,27.677554],[-81.144123,27.676093],[-81.145133,27.673257],[-81.144094,27.669275],[-81.142383,27.670742],[-81.137722,27.66432],[-81.131842,27.661509],[-81.132457,27.654082],[-81.131198,27.650969],[-81.132426,27.647534],[-81.133899,27.649119],[-81.13395,27.646686],[-81.137612,27.644181],[-81.137311,27.647038],[-81.14005,27.646666],[-81.142164,27.643238],[-81.374794,27.64658],[-82.054349,27.646382],[-82.054036,27.854647],[-82.055281,27.86816],[-82.056261,28.171592],[-82.105853,28.17165]]]}},{"type":"Feature","properties":{"name":"Putnam County School District","students":295,"total_funded":1929489},"geometry":{"type":"Polygon","coordinates":[[[-82.056126,29.648535],[-82.055027,29.669608],[-82.049052,29.713368],[-82.050829,29.716098],[-82.055625,29.718232],[-82.028917,29.718681],[-82.024913,29.725236],[-82.00707,29.73949],[-81.991073,29.743952],[-81.985864,29.743652],[-81.985912,29.744983],[-81.976228,29.747114],[-81.939427,29.747497],[-81.929094,29.759356],[-81.923497,29.780919],[-81.920218,29.78616],[-81.914192,29.791399],[-81.90951,29.79352],[-81.90019,29.79413],[-81.89045,29.79828],[-81.87033,29.800868],[-81.861994,29.800187],[-81.853337,29.806965],[-81.837001,29.816142],[-81.827892,29.82442],[-81.821872,29.82634],[-81.81243,29.83649],[-81.581207,29.840176],[-81.56335,29.79725],[-81.546297,29.781825],[-81.541235,29.770001],[-81.52523,29.759497],[-81.520467,29.496513],[-81.517646,29.490161],[-81.501107,29.46882],[-81.487594,29.448251],[-81.485994,29.424151],[-81.480894,29.416452],[-81.479694,29.401652],[-81.477493,29.397152],[-81.468093,29.392252],[-81.454998,29.389652],[-81.448292,29.391652],[-81.437292,29.397852],[-81.433583,29.398166],[-81.439849,29.391438],[-81.440126,29.385501],[-81.445704,29.38006],[-81.450685,29.378519],[-81.680903,29.32443],[-81.679778,29.332101],[-81.675403,29.338646],[-81.664311,29.34151],[-81.658781,29.337094],[-81.656325,29.337968],[-81.656563,29.340284],[-81.660725,29.343274],[-81.657723,29.348031],[-81.661915,29.354754],[-81.661136,29.360061],[-81.668525,29.371704],[-81.741422,29.371049],[-81.74183,29.42994],[-81.774905,29.429249],[-81.776205,29.487448],[-81.842779,29.486533],[-81.843009,29.521004],[-81.849611,29.521341],[-81.85072,29.518058],[-81.859356,29.516833],[-81.86115,29.514892],[-81.873427,29.515041],[-81.882879,29.511909],[-81.884361,29.513189],[-81.887622,29.509214],[-81.894442,29.513392],[-81.896553,29.512969],[-81.896569,29.515077],[-81.901689,29.515955],[-81.904637,29.514834],[-81.904134,29.512822],[-81.906692,29.514235],[-81.907013,29.509252],[-81.912051,29.503906],[-81.919351,29.511598],[-81.921425,29.511114],[-81.922144,29.512741],[-81.9295,29.514491],[-81.931255,29.516473],[-81.937223,29.512514],[-81.938644,29.513438],[-81.944525,29.511887],[-81.946612,29.50929],[-81.963956,29.503847],[-81.980791,29.502176],[-81.983999,29.503231],[-81.990859,29.501259],[-82.004385,29.501715],[-82.006585,29.499563],[-82.014238,29.498911],[-82.026653,29.494591],[-82.030414,29.491715],[-82.031973,29.492265],[-82.043273,29.478673],[-82.055899,29.471232],[-82.056126,29.648535]]]}},{"type":"Feature","properties":{"name":"Santa Rosa County School District","students":537,"total_funded":3315585},"geometry":{"type":"Polygon","coordinates":[[[-87.313908,30.848708],[-87.310621,30.854948],[-87.309138,30.863783],[-87.30153,30.863426],[-87.301134,30.86759],[-87.297633,30.87118],[-87.299706,30.873976],[-87.298725,30.877777],[-87.296644,30.87854],[-87.298438,30.881248],[-87.284486,30.887986],[-87.283288,30.891343],[-87.286014,30.895027],[-87.285454,30.903623],[-87.290506,30.908232],[-87.288778,30.909738],[-87.285596,30.908045],[-87.282179,30.9104],[-87.283502,30.915635],[-87.287664,30.915255],[-87.288969,30.916566],[-87.283213,30.918836],[-87.286882,30.925441],[-87.275761,30.926357],[-87.275629,30.930985],[-87.26721,30.934982],[-87.265269,30.934446],[-87.264871,30.930733],[-87.260844,30.935537],[-87.259372,30.931652],[-87.255998,30.931186],[-87.250594,30.938745],[-87.251834,30.943925],[-87.247433,30.941904],[-87.245428,30.946792],[-87.24146,30.948585],[-87.242224,30.951426],[-87.238295,30.958192],[-87.241226,30.959456],[-87.241322,30.961859],[-87.237539,30.962899],[-87.231431,30.968318],[-87.229973,30.967227],[-87.231225,30.963779],[-87.227635,30.961112],[-87.21838,30.963754],[-87.213203,30.962034],[-87.212993,30.966942],[-87.203509,30.970669],[-87.197127,30.976497],[-87.190449,30.975811],[-87.187156,30.981444],[-87.174958,30.98862],[-87.174148,30.991182],[-87.176004,30.996586],[-87.170162,30.99318],[-87.163516,30.996405],[-87.163653,30.999029],[-87.140755,30.999532],[-86.785692,30.99698],[-86.792715,30.664858],[-86.79386,30.625943],[-86.795178,30.625909],[-86.795605,30.616867],[-86.803374,30.23495],[-86.91833,30.217637],[-86.918937,30.386514],[-86.972699,30.381113],[-87.101405,30.353146],[-87.153125,30.348375],[-87.179021,30.33593],[-87.196422,30.338374],[-87.207419,30.341825],[-87.231429,30.343309],[-87.232664,30.371179],[-87.216209,30.377381],[-87.184652,30.393565],[-87.161175,30.405612],[-87.151906,30.412598],[-87.144718,30.42746],[-87.133312,30.468641],[-87.121451,30.497419],[-87.136815,30.511643],[-87.157292,30.537953],[-87.18957,30.548794],[-87.195826,30.548946],[-87.200418,30.552322],[-87.209715,30.555266],[-87.222339,30.571586],[-87.225219,30.581394],[-87.232399,30.5869],[-87.230474,30.589956],[-87.234277,30.591549],[-87.23477,30.595813],[-87.245444,30.597281],[-87.246693,30.599843],[-87.243595,30.602766],[-87.245329,30.605706],[-87.248671,30.606872],[-87.249665,30.605887],[-87.259508,30.612049],[-87.257156,30.614689],[-87.260677,30.621363],[-87.25194,30.624224],[-87.255845,30.625788],[-87.256945,30.628556],[-87.259515,30.629929],[-87.256821,30.635309],[-87.264776,30.649645],[-87.264106,30.65575],[-87.266439,30.658492],[-87.264117,30.662882],[-87.267056,30.665498],[-87.266613,30.672293],[-87.268203,30.673775],[-87.26627,30.677137],[-87.268991,30.67897],[-87.265856,30.685123],[-87.267457,30.686565],[-87.265486,30.688369],[-87.270375,30.691407],[-87.270662,30.693837],[-87.273364,30.693521],[-87.271791,30.695567],[-87.272776,30.700267],[-87.269178,30.699647],[-87.267844,30.701073],[-87.270604,30.70354],[-87.268443,30.706257],[-87.269407,30.711687],[-87.273134,30.714254],[-87.272644,30.717332],[-87.275086,30.71643],[-87.274713,30.714007],[-87.277096,30.713448],[-87.276569,30.71607],[-87.278858,30.716474],[-87.281449,30.71962],[-87.287527,30.719353],[-87.289559,30.720821],[-87.292473,30.718408],[-87.292538,30.720557],[-87.294045,30.721094],[-87.29642,30.720392],[-87.294341,30.718096],[-87.297412,30.717487],[-87.298452,30.719893],[-87.302661,30.71937],[-87.301656,30.721941],[-87.308502,30.72691],[-87.312409,30.73477],[-87.31282,30.737094],[-87.311337,30.738092],[-87.31233,30.740874],[-87.30961,30.74074],[-87.311199,30.743494],[-87.307976,30.74555],[-87.310264,30.746547],[-87.310326,30.751662],[-87.305711,30.755053],[-87.307145,30.759132],[-87.305316,30.759485],[-87.304175,30.757903],[-87.302131,30.760296],[-87.304932,30.760326],[-87.304921,30.763529],[-87.299939,30.763445],[-87.299427,30.766745],[-87.301272,30.767499],[-87.304194,30.765529],[-87.305771,30.770144],[-87.310594,30.771708],[-87.305181,30.777235],[-87.309239,30.776477],[-87.309213,30.782153],[-87.312606,30.785992],[-87.305558,30.787275],[-87.305708,30.788616],[-87.309537,30.789334],[-87.30691,30.791156],[-87.304402,30.7891],[-87.301948,30.789767],[-87.30315,30.792162],[-87.305715,30.792631],[-87.305461,30.798574],[-87.302731,30.801669],[-87.298648,30.802058],[-87.29646,30.808684],[-87.292766,30.811283],[-87.296876,30.815116],[-87.297518,30.825905],[-87.301778,30.828436],[-87.302527,30.833941],[-87.299996,30.835609],[-87.30364,30.839106],[-87.301367,30.841516],[-87.307135,30.841862],[-87.30792,30.843888],[-87.306278,30.847987],[-87.311498,30.846841],[-87.313908,30.848708]]]}},{"type":"Feature","properties":{"name":"Sarasota County School District","students":785,"total_funded":5780235},"geometry":{"type":"Polygon","coordinates":[[[-82.85074,27.391389],[-82.451451,27.38866],[-82.447169,27.388603],[-82.447088,27.386123],[-82.252264,27.386243],[-82.253596,27.208916],[-82.056497,27.207769],[-82.057506,27.032119],[-82.255169,27.03302],[-82.255521,26.945264],[-82.565858,26.947314],[-82.59015,26.9832],[-82.60032,27.0014],[-82.6147,27.03673],[-82.62721,27.0607],[-82.63531,27.08773],[-82.64858,27.10997],[-82.66158,27.13941],[-82.67054,27.15444],[-82.69357,27.17483],[-82.7109,27.19485],[-82.72512,27.2188],[-82.73465,27.24682],[-82.76014,27.27419],[-82.78629,27.31066],[-82.81016,27.33072],[-82.82627,27.34776],[-82.84056,27.3688],[-82.85074,27.391389]]]}},{"type":"Feature","properties":{"name":"Seminole County School District","students":1468,"total_funded":10195531},"geometry":{"type":"Polygon","coordinates":[[[-81.459728,28.640196],[-81.459524,28.713264],[-81.448597,28.715328],[-81.445611,28.713618],[-81.440671,28.715818],[-81.438198,28.720577],[-81.42277,28.736915],[-81.418474,28.754632],[-81.416463,28.755448],[-81.414412,28.785102],[-81.415709,28.786138],[-81.413638,28.791839],[-81.419651,28.815513],[-81.416846,28.824569],[-81.408279,28.834056],[-81.403862,28.83483],[-81.398397,28.841887],[-81.39466,28.842106],[-81.390122,28.849013],[-81.386873,28.849211],[-81.382965,28.851994],[-81.379806,28.858337],[-81.374929,28.862385],[-81.376006,28.865901],[-81.373903,28.870047],[-81.372009,28.869039],[-81.366296,28.873602],[-81.36694,28.879227],[-81.360171,28.871399],[-81.363839,28.869099],[-81.364651,28.865692],[-81.352123,28.862316],[-81.351115,28.858108],[-81.354779,28.858348],[-81.355307,28.853756],[-81.359627,28.8503],[-81.358027,28.847804],[-81.347627,28.846221],[-81.341547,28.847053],[-81.333483,28.840398],[-81.323391,28.837309],[-81.320473,28.83453],[-81.226003,28.83263],[-81.222874,28.826862],[-81.224627,28.821585],[-81.221345,28.82034],[-81.215898,28.814423],[-81.216435,28.808083],[-81.214491,28.807875],[-81.213717,28.804212],[-81.207379,28.801272],[-81.197369,28.79192],[-81.191336,28.795673],[-81.18817,28.793773],[-81.183198,28.797468],[-81.180999,28.79661],[-81.179488,28.790973],[-81.181433,28.783277],[-81.178936,28.781886],[-81.177462,28.78292],[-81.177576,28.78587],[-81.171588,28.786031],[-81.170728,28.783038],[-81.165336,28.78875],[-81.160376,28.790862],[-81.136167,28.792222],[-81.136071,28.79435],[-81.140327,28.796238],[-81.129287,28.799454],[-81.131079,28.806301],[-81.12484,28.810655],[-81.123142,28.814125],[-81.126586,28.820897],[-81.119782,28.826157],[-81.105286,28.828477],[-81.103494,28.824813],[-81.097734,28.821517],[-81.091942,28.824653],[-81.084769,28.815741],[-81.076085,28.819325],[-81.073925,28.815277],[-81.070037,28.814701],[-81.066709,28.811725],[-81.067813,28.803709],[-81.05866,28.794156],[-81.053947,28.777542],[-81.053087,28.773557],[-81.060562,28.761994],[-81.06111,28.750001],[-81.057683,28.745119],[-81.040946,28.72974],[-81.041443,28.726662],[-81.036449,28.724945],[-81.036393,28.722534],[-81.038828,28.72159],[-81.033999,28.718565],[-81.03553,28.712601],[-81.034741,28.709387],[-81.020825,28.700501],[-81.01635,28.691926],[-81.0213,28.685242],[-81.021287,28.674253],[-81.011042,28.66808],[-81.007231,28.663451],[-81.008266,28.65875],[-81.001225,28.641053],[-81.001309,28.639527],[-81.005106,28.638894],[-81.007099,28.636326],[-81.002443,28.631404],[-80.998177,28.630583],[-80.999569,28.627415],[-80.994538,28.621702],[-80.988761,28.624517],[-80.986868,28.617907],[-80.990495,28.615847],[-80.989885,28.613926],[-80.98725,28.612997],[-81.327888,28.610501],[-81.32848,28.639628],[-81.459728,28.640196]]]}},{"type":"Feature","properties":{"name":"St. Johns County School District","students":670,"total_funded":4598762},"geometry":{"type":"Polygon","coordinates":[[[-81.690469,30.04321],[-81.688883,30.064863],[-81.68056,30.082654],[-81.68178,30.103031],[-81.680215,30.12124],[-81.650514,30.121541],[-81.623813,30.133641],[-81.612312,30.132941],[-81.601212,30.130541],[-81.590511,30.125841],[-81.580882,30.1261],[-81.567787,30.117789],[-81.558195,30.117058],[-81.539009,30.119942],[-81.538707,30.103748],[-81.433783,30.105536],[-81.436929,30.252335],[-81.320185,30.25292],[-81.285314,30.125244],[-81.255134,30.000245],[-81.235168,29.942272],[-81.226839,29.929117],[-81.223853,29.92156],[-81.209268,29.875247],[-81.206514,29.855567],[-81.205177,29.822433],[-81.200433,29.811512],[-81.1992,29.801157],[-81.192768,29.778326],[-81.186399,29.76008],[-81.167403,29.723101],[-81.161605,29.700443],[-81.150817,29.671087],[-81.227309,29.670538],[-81.231709,29.663407],[-81.24726,29.659093],[-81.250223,29.662305],[-81.253379,29.661586],[-81.257522,29.664281],[-81.257662,29.667433],[-81.261018,29.669076],[-81.263016,29.665894],[-81.268391,29.663127],[-81.269285,29.659924],[-81.27221,29.660792],[-81.269906,29.656569],[-81.274288,29.657515],[-81.272701,29.655194],[-81.276301,29.654176],[-81.274466,29.652681],[-81.28212,29.650416],[-81.287699,29.651909],[-81.290323,29.649574],[-81.300179,29.650983],[-81.302783,29.649187],[-81.305914,29.642647],[-81.308652,29.642065],[-81.312802,29.644006],[-81.31852,29.651294],[-81.324345,29.653478],[-81.324059,29.62561],[-81.52366,29.622432],[-81.52523,29.759497],[-81.541235,29.770001],[-81.546297,29.781825],[-81.563894,29.79806],[-81.580706,29.83921],[-81.599013,29.875422],[-81.605518,29.896491],[-81.608354,29.911712],[-81.607738,29.918628],[-81.598773,29.940559],[-81.60099,29.956017],[-81.606808,29.96649],[-81.617702,29.976605],[-81.671088,30.007242],[-81.680942,30.014692],[-81.688876,30.028566],[-81.690469,30.04321]]]}},{"type":"Feature","properties":{"name":"St. Lucie County School District","students":1621,"total_funded":11368863},"geometry":{"type":"Polygon","coordinates":[[[-80.677862,27.205988],[-80.679659,27.558736],[-80.263543,27.556782],[-80.24977,27.518985],[-80.245862,27.513355],[-80.245793,27.510174],[-80.23725,27.501397],[-80.229299,27.485629],[-80.227962,27.463004],[-80.213346,27.424719],[-80.189004,27.375319],[-80.138049,27.262879],[-80.284771,27.263723],[-80.285312,27.243919],[-80.28795,27.243884],[-80.288079,27.241956],[-80.292991,27.241984],[-80.292052,27.237136],[-80.285072,27.231002],[-80.28551,27.206025],[-80.677862,27.205988]]]}},{"type":"Feature","properties":{"name":"Sumter County School District","students":116,"total_funded":782144},"geometry":{"type":"Polygon","coordinates":[[[-82.311697,28.960391],[-81.95419,28.960053],[-81.954184,28.556115],[-81.957805,28.308888],[-81.973278,28.308475],[-81.97476,28.310484],[-81.978059,28.305999],[-81.9857,28.305298],[-81.989263,28.308102],[-81.995698,28.318829],[-82.007068,28.323129],[-82.010302,28.322096],[-82.020368,28.323843],[-82.021512,28.322484],[-82.027235,28.323391],[-82.039035,28.319121],[-82.040042,28.320337],[-82.055819,28.312794],[-82.054469,28.521367],[-82.056245,28.523391],[-82.065901,28.530477],[-82.070343,28.531919],[-82.085001,28.527752],[-82.0871,28.524511],[-82.095447,28.523838],[-82.099212,28.529889],[-82.104665,28.53469],[-82.109186,28.543662],[-82.11219,28.544063],[-82.118661,28.540611],[-82.128639,28.544941],[-82.130769,28.546417],[-82.135331,28.556311],[-82.137633,28.565252],[-82.143914,28.565991],[-82.149521,28.570983],[-82.15174,28.570554],[-82.156164,28.57335],[-82.158134,28.571804],[-82.157736,28.56967],[-82.162379,28.568696],[-82.166268,28.563663],[-82.168287,28.56703],[-82.17212,28.565787],[-82.178956,28.568814],[-82.183169,28.568197],[-82.184845,28.570267],[-82.186603,28.568582],[-82.188048,28.569463],[-82.187027,28.572697],[-82.190342,28.572885],[-82.19167,28.574932],[-82.192872,28.573803],[-82.196612,28.575684],[-82.198893,28.573022],[-82.20698,28.571906],[-82.211951,28.574055],[-82.219284,28.582654],[-82.221774,28.593633],[-82.228258,28.600524],[-82.233009,28.600506],[-82.234203,28.608662],[-82.238815,28.612903],[-82.242237,28.613318],[-82.242685,28.618964],[-82.246125,28.619855],[-82.247356,28.622528],[-82.245948,28.62677],[-82.248409,28.629869],[-82.25324,28.62962],[-82.255451,28.632695],[-82.260155,28.635044],[-82.259886,28.641787],[-82.256884,28.645225],[-82.25684,28.648868],[-82.260858,28.64698],[-82.267301,28.648218],[-82.274096,28.654602],[-82.274006,28.660683],[-82.26682,28.660519],[-82.267771,28.662809],[-82.261774,28.668986],[-82.260041,28.674251],[-82.25997,28.682723],[-82.253737,28.689944],[-82.248603,28.701494],[-82.251174,28.705408],[-82.248926,28.707403],[-82.25114,28.710931],[-82.249076,28.717772],[-82.232681,28.730711],[-82.231357,28.736076],[-82.218591,28.744022],[-82.216879,28.74812],[-82.21322,28.747674],[-82.210885,28.753808],[-82.207754,28.756618],[-82.199022,28.757308],[-82.195065,28.760161],[-82.188714,28.759067],[-82.184809,28.761771],[-82.182241,28.768879],[-82.188241,28.771662],[-82.187929,28.777757],[-82.184453,28.783114],[-82.169468,28.791559],[-82.16951,28.796147],[-82.179307,28.803316],[-82.183637,28.823626],[-82.204977,28.834748],[-82.206934,28.840547],[-82.212231,28.842733],[-82.219217,28.850764],[-82.231952,28.856582],[-82.23674,28.861282],[-82.236958,28.86516],[-82.240142,28.866785],[-82.239236,28.870266],[-82.242529,28.876813],[-82.265659,28.890341],[-82.273585,28.897216],[-82.276248,28.901668],[-82.274731,28.903352],[-82.277317,28.910553],[-82.282184,28.914693],[-82.28193,28.917827],[-82.288341,28.928067],[-82.289992,28.935593],[-82.295944,28.938397],[-82.294862,28.942692],[-82.297091,28.948354],[-82.308481,28.955289],[-82.311697,28.960391]]]}},{"type":"Feature","properties":{"name":"Suwannee County School District","students":406,"total_funded":2810074},"geometry":{"type":"Polygon","coordinates":[[[-83.253226,30.253743],[-83.250564,30.259578],[-83.236954,30.261628],[-83.240297,30.267024],[-83.231671,30.283817],[-83.233007,30.29202],[-83.225791,30.301266],[-83.21251,30.307272],[-83.209924,30.311878],[-83.214357,30.319834],[-83.213563,30.323412],[-83.207897,30.331087],[-83.210822,30.336572],[-83.212551,30.345851],[-83.20871,30.350533],[-83.203258,30.351088],[-83.1983,30.348279],[-83.190247,30.351877],[-83.193592,30.357624],[-83.192079,30.363696],[-83.192869,30.374032],[-83.177946,30.384139],[-83.169618,30.386184],[-83.169032,30.390989],[-83.164429,30.392772],[-83.165406,30.398581],[-83.158412,30.400525],[-83.155397,30.408802],[-83.159713,30.409786],[-83.158052,30.414109],[-83.15521,30.417217],[-83.149723,30.418927],[-83.147977,30.417494],[-83.14392,30.419374],[-83.141643,30.422659],[-83.137055,30.421463],[-83.134871,30.418807],[-83.128626,30.428553],[-83.122103,30.43261],[-83.117368,30.431542],[-83.111188,30.434038],[-83.104998,30.433628],[-83.095872,30.436748],[-83.084076,30.43808],[-83.08243,30.442863],[-83.078608,30.43788],[-83.075638,30.425462],[-83.069015,30.424538],[-83.067864,30.428757],[-83.059646,30.427392],[-83.061507,30.428799],[-83.060556,30.430136],[-83.051905,30.427877],[-83.048531,30.430404],[-83.038556,30.43079],[-83.035699,30.428908],[-83.034552,30.430878],[-83.015682,30.422922],[-83.00793,30.422471],[-83.004965,30.427739],[-83.002191,30.428886],[-83.004718,30.431241],[-83.003231,30.431833],[-82.984878,30.42554],[-82.982862,30.419037],[-82.977651,30.41985],[-82.977636,30.41849],[-82.974089,30.417487],[-82.972377,30.419045],[-82.971791,30.4173],[-82.966174,30.417503],[-82.964426,30.415266],[-82.956246,30.413685],[-82.954508,30.411991],[-82.955261,30.409978],[-82.951605,30.409128],[-82.949911,30.406335],[-82.946798,30.406067],[-82.948775,30.401002],[-82.938784,30.399885],[-82.935607,30.395048],[-82.932834,30.395057],[-82.930734,30.389606],[-82.929376,30.389058],[-82.927866,30.391103],[-82.921143,30.386296],[-82.915941,30.385527],[-82.915119,30.383178],[-82.910668,30.383239],[-82.908559,30.380074],[-82.907638,30.384367],[-82.90349,30.383154],[-82.902515,30.3847],[-82.903168,30.386333],[-82.906118,30.386327],[-82.906112,30.388002],[-82.891695,30.387491],[-82.88879,30.385847],[-82.891623,30.381423],[-82.890564,30.37812],[-82.893394,30.373885],[-82.887844,30.368184],[-82.884669,30.367184],[-82.885135,30.365316],[-82.882063,30.365072],[-82.879584,30.367255],[-82.876862,30.365594],[-82.872127,30.366383],[-82.870973,30.362467],[-82.868484,30.36245],[-82.865808,30.358032],[-82.85708,30.358324],[-82.854506,30.352778],[-82.853191,30.353103],[-82.853506,30.356674],[-82.852163,30.357138],[-82.852601,30.348969],[-82.844246,30.340904],[-82.842096,30.341345],[-82.841508,30.343303],[-82.836054,30.342368],[-82.832122,30.346765],[-82.827211,30.345784],[-82.826061,30.341953],[-82.815859,30.341872],[-82.811983,30.340352],[-82.810578,30.337011],[-82.806857,30.340972],[-82.80672,30.344308],[-82.804521,30.345455],[-82.799598,30.344225],[-82.795847,30.340769],[-82.794594,30.337024],[-82.793975,29.986202],[-82.760411,29.986205],[-82.758583,29.975707],[-82.762003,29.964578],[-82.773198,29.959038],[-82.779163,29.958011],[-82.783249,29.954587],[-82.785765,29.954884],[-82.791911,29.944011],[-82.791453,29.942105],[-82.795549,29.93991],[-82.800477,29.932126],[-82.803355,29.931016],[-82.808508,29.933079],[-82.814423,29.929831],[-82.817574,29.925884],[-82.823285,29.923108],[-82.831473,29.912808],[-82.839425,29.914564],[-82.841918,29.911889],[-82.851606,29.913883],[-82.863266,29.91105],[-82.865137,29.90477],[-82.867561,29.902785],[-82.866765,29.898756],[-82.871725,29.898452],[-82.874508,29.890731],[-82.878749,29.889186],[-82.884196,29.882334],[-82.89133,29.885912],[-82.893092,29.88957],[-82.890851,29.890912],[-82.885902,29.887996],[-82.885156,29.891576],[-82.897866,29.90144],[-82.90565,29.900118],[-82.907628,29.898138],[-82.907378,29.893161],[-82.909,29.889494],[-82.913001,29.889777],[-82.918607,29.896388],[-82.917789,29.899936],[-82.912736,29.902433],[-82.912101,29.904836],[-82.919012,29.908255],[-82.918586,29.915071],[-82.921627,29.919337],[-82.925884,29.921331],[-82.925353,29.924685],[-82.920546,29.930072],[-82.92396,29.936515],[-82.923471,29.943181],[-82.930782,29.957399],[-82.942049,29.957398],[-82.952399,29.959361],[-82.954241,29.966375],[-82.960377,29.975154],[-82.96385,29.994544],[-82.974148,29.996635],[-82.977608,30.006116],[-82.97942,30.007393],[-82.994608,30.006032],[-83.001312,30.008789],[-83.013293,30.032123],[-83.026899,30.043387],[-83.034717,30.045783],[-83.041499,30.054569],[-83.067683,30.066335],[-83.07042,30.072562],[-83.069553,30.081252],[-83.087415,30.082944],[-83.099757,30.091308],[-83.111909,30.091156],[-83.11406,30.093628],[-83.114243,30.102424],[-83.119203,30.104973],[-83.12215,30.104945],[-83.133556,30.096923],[-83.140557,30.103523],[-83.149957,30.104123],[-83.162457,30.110022],[-83.167657,30.100822],[-83.171158,30.099222],[-83.179258,30.099422],[-83.182058,30.094522],[-83.184358,30.094122],[-83.195258,30.104622],[-83.201059,30.105822],[-83.213559,30.103322],[-83.219159,30.109621],[-83.225659,30.113321],[-83.225128,30.137993],[-83.238702,30.15276],[-83.232243,30.16066],[-83.231601,30.166841],[-83.247115,30.179748],[-83.249996,30.190487],[-83.250076,30.200644],[-83.239683,30.226741],[-83.250362,30.232],[-83.253048,30.238725],[-83.249033,30.245176],[-83.244503,30.245891],[-83.242525,30.248231],[-83.245018,30.249648],[-83.250795,30.247572],[-83.253226,30.253743]]]}},{"type":"Feature","properties":{"name":"Taylor County School District","students":157,"total_funded":1146258},"geometry":{"type":"Polygon","coordinates":[[[-83.999955,29.898948],[-83.991338,30.084282],[-83.992184,30.096208],[-83.987984,30.103608],[-83.984483,30.105008],[-83.981183,30.110908],[-83.97772,30.123094],[-83.968656,30.136028],[-83.972724,30.14049],[-83.973327,30.145625],[-83.960364,30.152146],[-83.963083,30.157511],[-83.957671,30.162267],[-83.956885,30.168503],[-83.958125,30.1719],[-83.956758,30.174637],[-83.952705,30.175791],[-83.950631,30.182359],[-83.951299,30.186282],[-83.94083,30.19209],[-83.932653,30.191112],[-83.93101,30.189123],[-83.925453,30.19286],[-83.927011,30.194401],[-83.923342,30.202466],[-83.92575,30.20472],[-83.9174,30.217565],[-83.918944,30.220138],[-83.917454,30.220936],[-83.916555,30.225459],[-83.918355,30.225081],[-83.918902,30.227883],[-83.921619,30.228709],[-83.916001,30.234416],[-83.916645,30.237025],[-83.914881,30.239797],[-83.916471,30.240605],[-83.915761,30.245312],[-83.909966,30.24773],[-83.90813,30.246604],[-83.906366,30.248043],[-83.902584,30.247456],[-83.902761,30.249426],[-83.899618,30.249954],[-83.896976,30.252526],[-83.895733,30.257685],[-83.89333,30.258118],[-83.892327,30.260829],[-83.884408,30.26566],[-83.882941,30.264992],[-83.879506,30.269132],[-83.87334,30.268839],[-83.868047,30.271352],[-83.861502,30.270827],[-83.860285,30.273019],[-83.857416,30.273099],[-83.856164,30.274737],[-83.854333,30.273974],[-83.853489,30.27735],[-83.849232,30.276889],[-83.847501,30.27854],[-83.844874,30.277432],[-83.840297,30.280566],[-83.838658,30.280196],[-83.838408,30.282016],[-83.837336,30.28078],[-83.833654,30.286787],[-83.828404,30.288909],[-83.827633,30.290369],[-83.829317,30.291785],[-83.827258,30.291791],[-83.828409,30.292924],[-83.82567,30.297309],[-83.820045,30.299786],[-83.820235,30.30354],[-83.468768,30.304212],[-83.469267,30.260351],[-83.36726,30.26044],[-83.36678,30.20109],[-83.368564,30.187217],[-83.37089,29.887934],[-83.352986,29.887859],[-83.35286,29.822222],[-83.318859,29.822623],[-83.319462,29.778328],[-83.321398,29.778305],[-83.323698,29.774764],[-83.326616,29.773625],[-83.325972,29.769521],[-83.327813,29.76887],[-83.331438,29.762082],[-83.336888,29.760401],[-83.341707,29.75095],[-83.342222,29.746406],[-83.345676,29.74349],[-83.343267,29.73713],[-83.343749,29.735396],[-83.347642,29.733856],[-83.344902,29.726811],[-83.347026,29.72351],[-83.346058,29.719507],[-83.347108,29.714598],[-83.350141,29.712396],[-83.351372,29.706694],[-83.35074,29.695301],[-83.361885,29.678953],[-83.365217,29.676342],[-83.363207,29.668238],[-83.366398,29.665701],[-83.373351,29.665951],[-83.381837,29.669593],[-83.386814,29.668989],[-83.399632,29.673968],[-83.415441,29.665539],[-83.575406,29.527003],[-83.57996,29.54598],[-83.58207,29.56332],[-83.59952,29.57529],[-83.6144,29.58842],[-83.64798,29.60163],[-83.67539,29.61708],[-83.6925,29.63056],[-83.71007,29.64919],[-83.72147,29.66488],[-83.74515,29.70537],[-83.75233,29.72546],[-83.75747,29.75321],[-83.76994,29.77038],[-83.7809,29.79004],[-83.78495,29.79382],[-83.79534,29.80193],[-83.83029,29.81972],[-83.85398,29.82147],[-83.87524,29.82536],[-83.89431,29.83116],[-83.91451,29.83966],[-83.94586,29.85946],[-83.96021,29.87233],[-83.97264,29.88642],[-83.999955,29.898948]]]}},{"type":"Feature","properties":{"name":"Union County School District","students":46,"total_funded":333086},"geometry":{"type":"Polygon","coordinates":[[[-82.576124,29.991292],[-82.573553,29.993206],[-82.573655,29.997458],[-82.571762,30.000581],[-82.57364,30.007863],[-82.572901,30.01091],[-82.570474,30.010833],[-82.562606,30.01613],[-82.558271,30.015668],[-82.55269,30.019105],[-82.540366,30.021991],[-82.540384,30.023916],[-82.534689,30.027781],[-82.534732,30.031917],[-82.53968,30.035196],[-82.537941,30.040657],[-82.53916,30.044166],[-82.53186,30.061247],[-82.518911,30.076132],[-82.511732,30.081206],[-82.50342,30.084541],[-82.499039,30.088822],[-82.489616,30.089767],[-82.481061,30.094077],[-82.467672,30.097106],[-82.45768,30.102795],[-82.452518,30.123887],[-82.458257,30.128989],[-82.458364,30.136449],[-82.443667,30.138086],[-82.359381,30.139294],[-82.359395,30.141041],[-82.142578,30.143117],[-82.145574,30.137191],[-82.145792,30.132208],[-82.140704,30.132839],[-82.137858,30.12808],[-82.142372,30.116303],[-82.14734,30.109985],[-82.169921,30.099203],[-82.174148,30.091238],[-82.177628,30.075034],[-82.182472,30.068269],[-82.208163,30.052392],[-82.208636,30.049725],[-82.21344,30.04419],[-82.216665,30.045334],[-82.220588,30.038067],[-82.226042,30.033978],[-82.241604,30.029358],[-82.244051,30.030391],[-82.251494,30.028026],[-82.259636,30.028431],[-82.263154,30.021326],[-82.265638,30.020705],[-82.267158,30.013472],[-82.266065,30.012735],[-82.272584,30.005603],[-82.273177,29.999329],[-82.276464,29.995711],[-82.279266,29.988649],[-82.288613,29.979069],[-82.290382,29.979157],[-82.292114,29.973652],[-82.294098,29.973536],[-82.297308,29.969015],[-82.300776,29.967602],[-82.304939,29.958174],[-82.313189,29.95472],[-82.322386,29.955611],[-82.322164,29.953977],[-82.32646,29.954917],[-82.325197,29.956072],[-82.326972,29.958052],[-82.342329,29.961317],[-82.34522,29.956789],[-82.344081,29.951652],[-82.345666,29.949174],[-82.345281,29.946288],[-82.348107,29.943463],[-82.346961,29.942589],[-82.349345,29.942067],[-82.351995,29.939607],[-82.351901,29.937267],[-82.358025,29.933574],[-82.371085,29.935312],[-82.377508,29.933268],[-82.384805,29.927825],[-82.390862,29.925501],[-82.398375,29.92695],[-82.403939,29.92529],[-82.408895,29.927112],[-82.415652,29.926326],[-82.422399,29.919923],[-82.42657,29.921985],[-82.433743,29.929548],[-82.433667,29.928359],[-82.435316,29.928433],[-82.436587,29.93085],[-82.43924,29.931129],[-82.439774,29.929339],[-82.441713,29.929112],[-82.448493,29.931817],[-82.452553,29.925599],[-82.461284,29.931621],[-82.46375,29.928478],[-82.464668,29.929614],[-82.469141,29.928426],[-82.469812,29.925727],[-82.472673,29.92691],[-82.475676,29.932384],[-82.477172,29.93199],[-82.477572,29.934893],[-82.48069,29.937019],[-82.481769,29.935915],[-82.48428,29.936733],[-82.484382,29.939724],[-82.491127,29.938101],[-82.493898,29.940001],[-82.49899,29.938881],[-82.501325,29.941939],[-82.510819,29.945234],[-82.516611,29.943305],[-82.521894,29.943309],[-82.522353,29.94482],[-82.525339,29.945048],[-82.526682,29.942175],[-82.529705,29.940881],[-82.531112,29.948413],[-82.530044,29.951746],[-82.533301,29.958357],[-82.540532,29.96294],[-82.555313,29.963975],[-82.556709,29.96876],[-82.56928,29.97498],[-82.570013,29.979402],[-82.573754,29.983867],[-82.572971,29.986914],[-82.576124,29.991292]]]}},{"type":"Feature","properties":{"name":"Volusia County School District","students":2853,"total_funded":19211545},"geometry":{"type":"Polygon","coordinates":[[[-81.680903,29.32443],[-81.450685,29.378519],[-81.445704,29.38006],[-81.440126,29.385501],[-81.439849,29.391438],[-81.434622,29.396164],[-81.43454,29.399294],[-81.431694,29.399663],[-81.429931,29.397299],[-81.426901,29.396851],[-81.424691,29.397318],[-81.42272,29.400563],[-81.420745,29.399645],[-81.41729,29.261156],[-81.150081,29.265957],[-81.15343,29.375255],[-81.155881,29.410954],[-81.148152,29.411846],[-81.148731,29.416788],[-81.111023,29.426901],[-81.092355,29.42715],[-81.045706,29.432462],[-80.999776,29.33682],[-80.955785,29.250258],[-80.94017,29.211726],[-80.906836,29.144706],[-80.874815,29.105968],[-80.763625,28.937297],[-80.663461,28.790588],[-80.967895,28.790197],[-80.964453,28.613039],[-80.988982,28.613359],[-80.990406,28.616522],[-80.986868,28.617907],[-80.988761,28.624517],[-80.994538,28.621702],[-80.999569,28.627415],[-80.998177,28.630583],[-81.002443,28.631404],[-81.007099,28.636326],[-81.005106,28.638894],[-81.001056,28.640011],[-81.003087,28.648129],[-81.008266,28.65875],[-81.007231,28.663451],[-81.011042,28.66808],[-81.021287,28.674253],[-81.0213,28.685242],[-81.019972,28.688548],[-81.016554,28.690775],[-81.016646,28.693037],[-81.021446,28.701143],[-81.034741,28.709387],[-81.03553,28.712601],[-81.033999,28.718565],[-81.038828,28.72159],[-81.036393,28.722534],[-81.036449,28.724945],[-81.041443,28.726662],[-81.040946,28.72974],[-81.057683,28.745119],[-81.06111,28.750001],[-81.060562,28.761994],[-81.053087,28.773557],[-81.053947,28.777542],[-81.05866,28.794156],[-81.067813,28.803709],[-81.066709,28.811725],[-81.070037,28.814701],[-81.073925,28.815277],[-81.076085,28.819325],[-81.084769,28.815741],[-81.091942,28.824653],[-81.097734,28.821517],[-81.103494,28.824813],[-81.105286,28.828477],[-81.119782,28.826157],[-81.126586,28.820897],[-81.123142,28.814125],[-81.12484,28.810655],[-81.131079,28.806301],[-81.129287,28.799454],[-81.140327,28.796238],[-81.136071,28.79435],[-81.136167,28.792222],[-81.160376,28.790862],[-81.165336,28.78875],[-81.170728,28.783038],[-81.171588,28.786031],[-81.177576,28.78587],[-81.177462,28.78292],[-81.178936,28.781886],[-81.181433,28.783277],[-81.179488,28.790973],[-81.180999,28.79661],[-81.183198,28.797468],[-81.18817,28.793773],[-81.191336,28.795673],[-81.197369,28.79192],[-81.207379,28.801272],[-81.213717,28.804212],[-81.214491,28.807875],[-81.216435,28.808083],[-81.215898,28.814423],[-81.221345,28.82034],[-81.224627,28.821585],[-81.222874,28.826862],[-81.226003,28.83263],[-81.320473,28.83453],[-81.323391,28.837309],[-81.333483,28.840398],[-81.341547,28.847053],[-81.347627,28.846221],[-81.358715,28.848284],[-81.359627,28.8503],[-81.355307,28.853756],[-81.354539,28.858668],[-81.351115,28.858108],[-81.352475,28.862588],[-81.364651,28.865692],[-81.363839,28.869099],[-81.360171,28.871399],[-81.366796,28.878731],[-81.366312,28.88],[-81.36302,28.879387],[-81.365644,28.883563],[-81.366124,28.887755],[-81.363591,28.890542],[-81.357168,28.887149],[-81.354835,28.892607],[-81.355563,28.897034],[-81.352643,28.897103],[-81.357563,28.899642],[-81.357531,28.903722],[-81.360171,28.90665],[-81.356667,28.910538],[-81.359202,28.914646],[-81.354123,28.920905],[-81.351931,28.920746],[-81.355371,28.929929],[-81.351435,28.932841],[-81.353371,28.937193],[-81.349643,28.939289],[-81.355341,28.940336],[-81.353705,28.947093],[-81.35944,28.944797],[-81.353956,28.949575],[-81.360375,28.95174],[-81.35892,28.955945],[-81.361673,28.957104],[-81.367872,28.955336],[-81.370895,28.958537],[-81.366923,28.959804],[-81.367254,28.958544],[-81.36581,28.960855],[-81.369587,28.968898],[-81.364169,28.96873],[-81.361851,28.975845],[-81.355226,28.982535],[-81.355898,28.987047],[-81.36441,28.992727],[-81.375674,28.993999],[-81.372202,28.998502],[-81.378154,28.99894],[-81.380772,29.007395],[-81.388189,29.010689],[-81.387541,29.015561],[-81.389935,29.018849],[-81.392201,29.020018],[-81.39581,29.019116],[-81.394756,29.024138],[-81.402855,29.032469],[-81.409896,29.031267],[-81.413193,29.037199],[-81.419607,29.038424],[-81.42579,29.044812],[-81.43221,29.04442],[-81.436321,29.048035],[-81.446074,29.062113],[-81.452262,29.061647],[-81.455289,29.063071],[-81.455764,29.071548],[-81.460352,29.073951],[-81.460852,29.075751],[-81.459717,29.079201],[-81.454383,29.081984],[-81.45846,29.093832],[-81.468745,29.097022],[-81.474108,29.094691],[-81.48697,29.092911],[-81.502055,29.097802],[-81.500604,29.103452],[-81.506739,29.112184],[-81.504534,29.123711],[-81.513092,29.135658],[-81.516893,29.147558],[-81.523072,29.156942],[-81.52258,29.1677],[-81.525679,29.170153],[-81.530689,29.171232],[-81.531749,29.177198],[-81.543461,29.180583],[-81.547408,29.184965],[-81.553957,29.184647],[-81.553591,29.188433],[-81.560905,29.20019],[-81.572055,29.203352],[-81.593928,29.199032],[-81.612259,29.202828],[-81.617356,29.212696],[-81.615257,29.216163],[-81.615835,29.217841],[-81.614988,29.217291],[-81.615736,29.221054],[-81.619209,29.228491],[-81.63399,29.244779],[-81.63389,29.25434],[-81.638644,29.269004],[-81.650092,29.293142],[-81.655677,29.29994],[-81.660059,29.29916],[-81.666398,29.300569],[-81.672134,29.305274],[-81.680903,29.32443]]]}},{"type":"Feature","properties":{"name":"Wakulla County School District","students":64,"total_funded":452250},"geometry":{"type":"Polygon","coordinates":[[[-84.737823,30.266178],[-84.736557,30.26812],[-84.73217,30.267942],[-84.7305,30.27005],[-84.730942,30.275158],[-84.727661,30.275846],[-84.727257,30.278439],[-84.730841,30.28044],[-84.729207,30.287439],[-84.713351,30.30017],[-84.247673,30.303493],[-84.241222,30.274244],[-84.075539,30.273617],[-84.076328,29.93749],[-84.1205,29.9255],[-84.160797,29.921266],[-84.16245,29.903],[-84.16891,29.8755],[-84.17574,29.85764],[-84.18768,29.83406],[-84.20231,29.81315],[-84.21595,29.79847],[-84.23031,29.78634],[-84.25287,29.77158],[-84.28231,29.75823],[-84.31896,29.74875],[-84.37101,29.74314],[-84.39127,29.74323],[-84.411551,29.745639],[-84.29688,29.972559],[-84.341166,29.97124],[-84.348838,29.969081],[-84.358953,29.970683],[-84.372947,29.976197],[-84.384048,29.976845],[-84.394167,29.98255],[-84.40802,29.984924],[-84.418522,29.983365],[-84.426856,29.985914],[-84.43816,29.977207],[-84.442145,29.981726],[-84.444191,29.981799],[-84.449482,29.973344],[-84.454551,29.971333],[-84.458403,29.975198],[-84.459675,29.993376],[-84.464211,29.998988],[-84.470202,30.002501],[-84.477191,29.999362],[-84.487087,29.988457],[-84.499438,29.987154],[-84.513171,29.989266],[-84.514591,29.987592],[-84.511955,29.98338],[-84.51284,29.981076],[-84.518001,29.980289],[-84.523992,29.981728],[-84.525098,29.985593],[-84.51896,29.995129],[-84.525007,30.005221],[-84.530075,30.007621],[-84.542419,30.002445],[-84.548871,30.007087],[-84.548411,30.008983],[-84.543021,30.012835],[-84.547177,30.01556],[-84.548061,30.011411],[-84.550566,30.014609],[-84.55569,30.014778],[-84.555709,30.019745],[-84.558376,30.02212],[-84.562871,30.022653],[-84.561203,30.020205],[-84.565536,30.017329],[-84.568329,30.020398],[-84.56907,30.017011],[-84.570368,30.016884],[-84.573624,30.020488],[-84.591048,30.029637],[-84.595114,30.033286],[-84.599323,30.040131],[-84.597169,30.041309],[-84.593239,30.040182],[-84.59332,30.041758],[-84.600181,30.043616],[-84.596661,30.046961],[-84.600939,30.04542],[-84.603916,30.046335],[-84.608945,30.058505],[-84.616036,30.065361],[-84.617563,30.064431],[-84.620384,30.066937],[-84.621991,30.063585],[-84.626084,30.062392],[-84.625798,30.065296],[-84.631333,30.065684],[-84.627922,30.069004],[-84.633141,30.068467],[-84.63527,30.072164],[-84.632761,30.073389],[-84.635883,30.075087],[-84.63559,30.077396],[-84.63917,30.079181],[-84.637886,30.083738],[-84.641793,30.082695],[-84.644768,30.09128],[-84.649704,30.09296],[-84.648186,30.093601],[-84.651146,30.095758],[-84.650902,30.097364],[-84.654251,30.097061],[-84.652756,30.098234],[-84.654252,30.100543],[-84.65052,30.101242],[-84.652588,30.103189],[-84.64814,30.105364],[-84.652039,30.104313],[-84.651924,30.106979],[-84.648095,30.108834],[-84.651708,30.112291],[-84.652869,30.117992],[-84.656409,30.117206],[-84.656587,30.114262],[-84.659623,30.115079],[-84.661194,30.117176],[-84.660812,30.120202],[-84.664665,30.120365],[-84.667542,30.12299],[-84.665817,30.124487],[-84.668777,30.124807],[-84.670357,30.127626],[-84.666035,30.132204],[-84.668326,30.132714],[-84.665452,30.134485],[-84.668062,30.135126],[-84.667,30.137251],[-84.671608,30.137678],[-84.670174,30.139139],[-84.672226,30.141235],[-84.668323,30.143306],[-84.669258,30.14666],[-84.671677,30.147209],[-84.670373,30.149839],[-84.672538,30.150406],[-84.668758,30.152644],[-84.670786,30.153714],[-84.669461,30.15498],[-84.670609,30.157753],[-84.667641,30.161437],[-84.66911,30.163558],[-84.666994,30.163983],[-84.669617,30.165476],[-84.667834,30.167044],[-84.665138,30.166096],[-84.667401,30.168375],[-84.664921,30.17],[-84.666017,30.172483],[-84.668381,30.170919],[-84.668362,30.172708],[-84.670151,30.173363],[-84.668084,30.17482],[-84.668495,30.182893],[-84.670436,30.184965],[-84.672558,30.184087],[-84.672867,30.187124],[-84.674751,30.183786],[-84.674706,30.185574],[-84.678255,30.18809],[-84.678095,30.195439],[-84.675972,30.201162],[-84.681856,30.203048],[-84.680096,30.207039],[-84.682133,30.212096],[-84.681981,30.218183],[-84.687645,30.222263],[-84.694855,30.22258],[-84.693611,30.224115],[-84.695945,30.225465],[-84.695486,30.227329],[-84.699669,30.227798],[-84.69726,30.228869],[-84.701027,30.231972],[-84.701515,30.234739],[-84.698593,30.233582],[-84.699097,30.236374],[-84.697121,30.236868],[-84.699409,30.238121],[-84.697499,30.239336],[-84.700645,30.243408],[-84.698456,30.245892],[-84.705203,30.251635],[-84.706963,30.250963],[-84.708305,30.253439],[-84.712219,30.250439],[-84.726608,30.25672],[-84.737823,30.266178]]]}},{"type":"Feature","properties":{"name":"Walton County School District","students":96,"total_funded":705472},"geometry":{"type":"Polygon","coordinates":[[[-86.39964,30.226956],[-86.396905,30.39826],[-86.392942,30.512727],[-86.392057,30.750188],[-86.389113,30.88344],[-86.388646,30.994181],[-86.035039,30.99332],[-86.037591,30.704572],[-85.844421,30.70313],[-85.850754,30.701214],[-85.852264,30.698631],[-85.853482,30.700094],[-85.857988,30.698574],[-85.860482,30.692806],[-85.865821,30.691146],[-85.863308,30.68549],[-85.867344,30.680492],[-85.873856,30.681869],[-85.875493,30.680836],[-85.871019,30.675096],[-85.872325,30.673231],[-85.870797,30.669132],[-85.872071,30.667703],[-85.874934,30.669158],[-85.875566,30.66807],[-85.867122,30.66313],[-85.872917,30.66321],[-85.874934,30.660019],[-85.879165,30.661686],[-85.881649,30.656832],[-85.890601,30.656452],[-85.889478,30.652525],[-85.890599,30.651437],[-85.893985,30.652351],[-85.897156,30.645479],[-85.898442,30.648002],[-85.901087,30.647936],[-85.90298,30.644275],[-85.905846,30.644896],[-85.907528,30.640193],[-85.915297,30.636427],[-85.910883,30.630398],[-85.912341,30.625622],[-85.910754,30.623207],[-85.91342,30.62169],[-85.910304,30.620829],[-85.91381,30.61725],[-85.908216,30.613687],[-85.909631,30.608365],[-85.911961,30.60709],[-85.911249,30.602549],[-85.915921,30.596788],[-85.913264,30.595918],[-85.91133,30.597974],[-85.908927,30.597401],[-85.910508,30.593821],[-85.908318,30.590891],[-85.909458,30.586877],[-85.903199,30.584807],[-85.89535,30.58635],[-85.893053,30.584445],[-85.893868,30.580829],[-85.889052,30.581537],[-85.890169,30.578638],[-85.888688,30.568782],[-85.890939,30.564481],[-85.888434,30.559777],[-85.883373,30.559866],[-85.879827,30.556205],[-85.8783,30.546293],[-85.880363,30.543058],[-85.877278,30.53195],[-85.880038,30.53128],[-85.880595,30.534983],[-85.887143,30.527037],[-85.882365,30.520951],[-85.887563,30.518546],[-85.882179,30.516796],[-85.87909,30.512416],[-85.881302,30.510287],[-85.880266,30.50747],[-85.882987,30.509208],[-85.883821,30.507842],[-85.878206,30.504358],[-85.874934,30.507467],[-85.873241,30.504818],[-85.867909,30.506928],[-85.868274,30.503301],[-85.865375,30.502136],[-85.866306,30.498841],[-85.858001,30.496905],[-85.860056,30.493223],[-85.859769,30.490134],[-85.866818,30.487637],[-85.870013,30.4841],[-85.87802,30.466845],[-85.886454,30.465917],[-85.885732,30.471509],[-85.887057,30.47247],[-85.889359,30.47114],[-85.891365,30.46264],[-85.894472,30.458814],[-85.893057,30.456316],[-85.893862,30.455169],[-85.897624,30.456119],[-85.899616,30.447447],[-85.90272,30.442441],[-85.908879,30.442713],[-85.916153,30.438502],[-85.932434,30.441644],[-85.933193,30.444887],[-85.935938,30.445245],[-85.943465,30.443641],[-85.949591,30.444756],[-85.958821,30.440569],[-85.962415,30.440585],[-85.969113,30.431105],[-85.970819,30.431671],[-85.968649,30.435262],[-85.970103,30.43594],[-85.974361,30.434229],[-85.974373,30.43143],[-85.978143,30.430868],[-85.979221,30.432579],[-85.98659,30.423515],[-85.986077,30.421659],[-85.98363,30.42136],[-85.984176,30.417502],[-85.98989,30.40858],[-85.993396,30.405901],[-85.99337,30.355669],[-86.00077,30.1036],[-86.07407,30.13519],[-86.1498,30.16291],[-86.19048,30.17556],[-86.30638,30.2094],[-86.34466,30.21841],[-86.39964,30.226956]]]}},{"type":"Feature","properties":{"name":"Washington County School District","students":133,"total_funded":858768},"geometry":{"type":"Polygon","coordinates":[[[-85.992736,30.38932],[-85.993396,30.405901],[-85.98989,30.40858],[-85.983727,30.418482],[-85.98363,30.42136],[-85.986077,30.421659],[-85.98659,30.423515],[-85.979221,30.432579],[-85.978143,30.430868],[-85.974373,30.43143],[-85.974361,30.434229],[-85.970103,30.43594],[-85.968649,30.435262],[-85.970819,30.431671],[-85.969113,30.431105],[-85.966936,30.432669],[-85.963701,30.439935],[-85.949591,30.444756],[-85.943465,30.443641],[-85.934059,30.445252],[-85.932434,30.441644],[-85.916153,30.438502],[-85.908879,30.442713],[-85.90272,30.442441],[-85.899616,30.447447],[-85.897624,30.456119],[-85.893862,30.455169],[-85.893057,30.456316],[-85.894472,30.458814],[-85.891365,30.46264],[-85.889359,30.47114],[-85.887057,30.47247],[-85.885732,30.471509],[-85.886454,30.465917],[-85.87802,30.466845],[-85.870013,30.4841],[-85.866818,30.487637],[-85.859473,30.490781],[-85.860056,30.493223],[-85.858001,30.496905],[-85.866306,30.498841],[-85.865375,30.502136],[-85.868274,30.503301],[-85.867909,30.506928],[-85.873241,30.504818],[-85.874934,30.507467],[-85.878206,30.504358],[-85.883821,30.507842],[-85.882987,30.509208],[-85.880266,30.50747],[-85.881302,30.510287],[-85.87909,30.512416],[-85.882179,30.516796],[-85.887563,30.518546],[-85.882365,30.520951],[-85.887143,30.527037],[-85.880595,30.534983],[-85.880038,30.53128],[-85.877278,30.53195],[-85.880363,30.543058],[-85.8783,30.546293],[-85.879827,30.556205],[-85.883373,30.559866],[-85.888434,30.559777],[-85.890939,30.564481],[-85.888688,30.568782],[-85.890169,30.578638],[-85.889052,30.581537],[-85.893868,30.580829],[-85.893053,30.584445],[-85.89535,30.58635],[-85.903199,30.584807],[-85.909458,30.586877],[-85.908318,30.590891],[-85.910508,30.593821],[-85.908927,30.597401],[-85.91133,30.597974],[-85.913264,30.595918],[-85.915921,30.596788],[-85.911249,30.602549],[-85.911961,30.60709],[-85.909631,30.608365],[-85.908216,30.613687],[-85.91381,30.61725],[-85.910304,30.620829],[-85.91342,30.62169],[-85.910754,30.623207],[-85.912341,30.625622],[-85.910883,30.630398],[-85.915297,30.636427],[-85.907528,30.640193],[-85.905846,30.644896],[-85.90298,30.644275],[-85.901087,30.647936],[-85.898442,30.648002],[-85.897156,30.645479],[-85.893985,30.652351],[-85.890599,30.651437],[-85.889478,30.652525],[-85.890601,30.656452],[-85.881649,30.656832],[-85.879165,30.661686],[-85.874934,30.660019],[-85.872917,30.66321],[-85.867122,30.66313],[-85.875566,30.66807],[-85.874934,30.669158],[-85.872071,30.667703],[-85.870797,30.669132],[-85.872325,30.673231],[-85.871019,30.675096],[-85.875493,30.680836],[-85.873856,30.681869],[-85.867344,30.680492],[-85.863308,30.68549],[-85.866067,30.690792],[-85.860482,30.692806],[-85.857988,30.698574],[-85.853482,30.700094],[-85.852264,30.698631],[-85.850754,30.701214],[-85.844308,30.70313],[-85.84515,30.707752],[-85.84299,30.707559],[-85.842467,30.710766],[-85.835157,30.710323],[-85.839774,30.717283],[-85.838655,30.718766],[-85.836257,30.717215],[-85.834055,30.720315],[-85.834751,30.726316],[-85.833031,30.726856],[-85.831696,30.723038],[-85.825251,30.725778],[-85.828521,30.729859],[-85.824842,30.735554],[-85.822531,30.73528],[-85.822585,30.738787],[-85.825257,30.73823],[-85.82998,30.740576],[-85.828139,30.742538],[-85.823879,30.743198],[-85.826675,30.744376],[-85.827869,30.747507],[-85.832534,30.748683],[-85.832743,30.750477],[-85.827737,30.752245],[-85.832518,30.759224],[-85.828252,30.760959],[-85.830472,30.766889],[-85.827249,30.775609],[-85.822591,30.778881],[-85.819471,30.779074],[-85.816361,30.782555],[-85.821616,30.790775],[-85.751927,30.789837],[-85.751979,30.775706],[-85.735115,30.775292],[-85.736051,30.74637],[-85.685151,30.744582],[-85.619011,30.743868],[-85.618622,30.755815],[-85.620381,30.758058],[-85.619421,30.761782],[-85.620728,30.763981],[-85.620158,30.76997],[-85.621458,30.770882],[-85.615946,30.776258],[-85.613879,30.782677],[-85.603221,30.796528],[-85.598883,30.815107],[-85.599747,30.826397],[-85.598595,30.828163],[-85.599934,30.830552],[-85.482276,30.829509],[-85.482718,30.785892],[-85.432274,30.785457],[-85.435189,30.624766],[-85.434782,30.56756],[-85.486358,30.567574],[-85.485847,30.519454],[-85.487968,30.436655],[-85.811592,30.439912],[-85.824562,30.441356],[-85.8535,30.440623],[-85.86082,30.437209],[-85.864069,30.428041],[-85.870358,30.419764],[-85.883984,30.410253],[-85.898575,30.410926],[-85.901916,30.407333],[-85.907638,30.405819],[-85.915211,30.409479],[-85.918502,30.41402],[-85.923934,30.416379],[-85.92726,30.416058],[-85.929911,30.413362],[-85.940246,30.408622],[-85.945213,30.40842],[-85.951314,30.412376],[-85.964967,30.410708],[-85.964569,30.407377],[-85.97351,30.402122],[-85.974374,30.399458],[-85.977292,30.397726],[-85.976375,30.395994],[-85.979995,30.394775],[-85.982406,30.391939],[-85.992736,30.38932]]]}}]}