{"type": "FeatureCollection", "features": [{"type": "Feature", "properties": {"name": "Jasper County", "students": 563, "suppressed": false, "pop": 5804, "acsPriv": 933, "seats": 979}, "geometry": {"type": "Polygon", "coordinates": [[[-87.099793, 40.837607], [-87.09839, 40.736541], [-87.267298, 40.736582], [-87.26905, 40.911517], [-87.276449, 40.911477], [-87.275882, 41.218595], [-87.226324, 41.235513], [-87.192361, 41.265289], [-87.131245, 41.286261], [-87.122124, 41.286365], [-87.059724, 41.26952], [-87.011028, 41.240908], [-86.984244, 41.227853], [-86.977017, 41.221549], [-86.968125, 41.219658], [-86.938891, 41.22962], [-86.930079, 41.236798], [-86.929768, 41.234227], [-86.930762, 40.912405], [-86.987438, 40.912177], [-86.986438, 40.837921], [-87.099793, 40.837607]]]}}, {"type": "Feature", "properties": {"name": "Steuben County", "students": 0, "suppressed": false, "pop": 5159, "acsPriv": 580, "seats": 0}, "geometry": {"type": "Polygon", "coordinates": [[[-84.805885, 41.760171], [-84.804687, 41.530134], [-85.194084, 41.526437], [-85.196774, 41.759644], [-84.805885, 41.760171]]]}}, {"type": "Feature", "properties": {"name": "Ohio County", "students": 0, "suppressed": false, "pop": 905, "acsPriv": 47, "seats": 0}, "geometry": {"type": "Polygon", "coordinates": [[[-85.140203, 38.903869], [-85.13264, 38.947828], [-85.124954, 38.950944], [-85.120916, 38.955843], [-85.115466, 38.956555], [-85.113179, 38.955023], [-85.113353, 38.952803], [-85.118859, 38.948293], [-85.120877, 38.944425], [-85.118762, 38.937196], [-85.113723, 38.936146], [-85.103679, 38.940521], [-85.096344, 38.935446], [-85.093986, 38.940135], [-85.088904, 38.943119], [-85.082642, 38.952241], [-85.07684, 38.948375], [-85.072034, 38.948123], [-85.07013, 38.956475], [-85.068079, 38.957139], [-85.064563, 38.954942], [-85.0672, 38.951922], [-85.066614, 38.950023], [-85.060109, 38.947986], [-85.058263, 38.949816], [-85.058203, 38.958099], [-85.054481, 38.959564], [-85.046072, 38.956679], [-85.046393, 38.960043], [-85.050847, 38.963522], [-85.051198, 38.966908], [-85.046947, 38.968967], [-85.041523, 38.975396], [-85.03569, 38.976309], [-85.024668, 38.974498], [-85.021617, 38.981156], [-85.019536, 38.982529], [-85.008602, 38.979182], [-85.005498, 38.975176], [-85.003564, 38.975221], [-85.000889, 38.98293], [-85.00194, 38.987439], [-84.99777, 38.996735], [-84.994154, 38.997511], [-84.991601, 38.994674], [-84.985151, 38.994929], [-84.983658, 38.997949], [-84.970084, 38.992386], [-84.964247, 38.997772], [-84.961159, 38.994657], [-84.953866, 38.994892], [-84.951783, 38.998334], [-84.953289, 38.999204], [-84.94769, 38.998181], [-84.946276, 38.998756], [-84.947186, 39.001192], [-84.944072, 39.000188], [-84.946477, 39.005392], [-84.943731, 39.007734], [-84.938316, 39.007084], [-84.936012, 39.005187], [-84.927702, 39.010818], [-84.925776, 39.014342], [-84.920137, 39.013811], [-84.912999, 39.018854], [-84.897688, 39.013366], [-84.888261, 39.023274], [-84.87765, 39.031189], [-84.871824, 39.027756], [-84.850607, 39.004693], [-84.847736, 38.998008], [-84.837441, 38.988412], [-84.830274, 38.973854], [-84.829855, 38.969391], [-84.834252, 38.958771], [-84.849429, 38.948132], [-84.856263, 38.940677], [-84.866647, 38.933226], [-84.877837, 38.920357], [-84.879309, 38.916102], [-84.87853, 38.91239], [-84.870623, 38.900906], [-85.140203, 38.903869]]]}}, {"type": "Feature", "properties": {"name": "Perry County", "students": 0, "suppressed": false, "pop": 2940, "acsPriv": 219, "seats": 0}, "geometry": {"type": "Polygon", "coordinates": [[[-86.807212, 38.118258], [-86.795016, 38.123544], [-86.794963, 38.125869], [-86.798526, 38.12863], [-86.797554, 38.130653], [-86.803, 38.134596], [-86.799553, 38.13662], [-86.800424, 38.1396], [-86.806281, 38.142961], [-86.804805, 38.147485], [-86.803111, 38.147075], [-86.800918, 38.149733], [-86.801357, 38.152287], [-86.798942, 38.152009], [-86.797954, 38.155916], [-86.795333, 38.157356], [-86.799633, 38.162874], [-86.798199, 38.167908], [-86.802824, 38.170544], [-86.801815, 38.172639], [-86.803822, 38.174948], [-86.802118, 38.176289], [-86.80355, 38.181505], [-86.791316, 38.180071], [-86.792152, 38.2491], [-86.678992, 38.248062], [-86.679511, 38.263086], [-86.570136, 38.266328], [-86.571675, 38.207529], [-86.460425, 38.206825], [-86.461983, 38.140297], [-86.461023, 38.121097], [-86.466352, 38.113474], [-86.465503, 38.104306], [-86.462816, 38.099431], [-86.457408, 38.095016], [-86.434011, 38.086413], [-86.430689, 38.081841], [-86.430518, 38.075563], [-86.432641, 38.068105], [-86.436093, 38.062911], [-86.447898, 38.053171], [-86.453903, 38.050081], [-86.470018, 38.046335], [-86.50882, 38.045046], [-86.521712, 38.039617], [-86.525171, 38.028491], [-86.524937, 37.966495], [-86.520176, 37.953828], [-86.509318, 37.942297], [-86.507072, 37.936373], [-86.507691, 37.929038], [-86.519477, 37.922131], [-86.534626, 37.917075], [-86.548154, 37.91783], [-86.566673, 37.922236], [-86.579766, 37.923196], [-86.5882, 37.921409], [-86.595747, 37.914821], [-86.59962, 37.907418], [-86.598098, 37.884738], [-86.599316, 37.874882], [-86.59731, 37.870317], [-86.604501, 37.858446], [-86.630157, 37.8451], [-86.638279, 37.84269], [-86.651961, 37.841601], [-86.657492, 37.843674], [-86.660272, 37.846764], [-86.662481, 37.857084], [-86.658181, 37.869964], [-86.644719, 37.894991], [-86.644008, 37.902397], [-86.646266, 37.907919], [-86.650426, 37.910861], [-86.660115, 37.913], [-86.680788, 37.915035], [-86.717436, 37.893504], [-86.722386, 37.8927], [-86.732545, 37.894768], [-86.751121, 37.913356], [-86.770992, 37.941582], [-86.773925, 37.947901], [-86.777839, 37.951688], [-86.779982, 37.955529], [-86.778567, 37.957144], [-86.787344, 37.96908], [-86.794965, 37.989213], [-86.814652, 37.998708], [-86.805543, 38.002879], [-86.801192, 38.00878], [-86.802448, 38.013201], [-86.798293, 38.015528], [-86.792248, 38.010021], [-86.790995, 38.004358], [-86.787105, 38.000861], [-86.772105, 37.998474], [-86.771275, 38.001363], [-86.774209, 38.006566], [-86.774342, 38.010328], [-86.778374, 38.010328], [-86.775623, 38.013198], [-86.775784, 38.024042], [-86.78042, 38.02442], [-86.781994, 38.026348], [-86.780079, 38.028716], [-86.766959, 38.029707], [-86.774924, 38.034012], [-86.776947, 38.030753], [-86.779047, 38.035599], [-86.783088, 38.036199], [-86.77971, 38.037619], [-86.780204, 38.040305], [-86.78515, 38.038561], [-86.786966, 38.040922], [-86.783255, 38.044112], [-86.78178, 38.04239], [-86.779681, 38.04388], [-86.779197, 38.047472], [-86.782628, 38.048438], [-86.778766, 38.049692], [-86.780611, 38.053043], [-86.77573, 38.052189], [-86.764974, 38.058598], [-86.768924, 38.059072], [-86.768045, 38.060507], [-86.771649, 38.063813], [-86.775413, 38.072162], [-86.780759, 38.078443], [-86.772691, 38.083422], [-86.772722, 38.087531], [-86.769328, 38.086808], [-86.769419, 38.09081], [-86.767008, 38.093309], [-86.769449, 38.095876], [-86.76861, 38.102794], [-86.772782, 38.10201], [-86.77317, 38.105576], [-86.78004, 38.101595], [-86.782941, 38.102047], [-86.783403, 38.104262], [-86.785027, 38.102512], [-86.785115, 38.104028], [-86.788389, 38.10527], [-86.784352, 38.109681], [-86.786376, 38.112424], [-86.789827, 38.11142], [-86.792448, 38.116644], [-86.794489, 38.116997], [-86.79421, 38.114927], [-86.796835, 38.11521], [-86.795934, 38.1135], [-86.80095, 38.110527], [-86.803982, 38.11318], [-86.804916, 38.117368], [-86.807212, 38.118258]]]}}, {"type": "Feature", "properties": {"name": "Benton County", "students": 87, "suppressed": true, "pop": 1617, "acsPriv": 174, "seats": 117}, "geometry": {"type": "Polygon", "coordinates": [[[-87.526031, 40.736885], [-87.096819, 40.73649], [-87.097761, 40.666737], [-87.093676, 40.475745], [-87.526589, 40.476876], [-87.526031, 40.736885]]]}}, {"type": "Feature", "properties": {"name": "Huntington County", "students": 141, "suppressed": true, "pop": 5933, "acsPriv": 596, "seats": 182}, "geometry": {"type": "Polygon", "coordinates": [[[-85.335643, 41.00525], [-85.334667, 40.654413], [-85.638587, 40.653129], [-85.643841, 41.002305], [-85.452146, 41.005232], [-85.335643, 41.00525]]]}}, {"type": "Feature", "properties": {"name": "Wabash County", "students": 87, "suppressed": true, "pop": 4879, "acsPriv": 594, "seats": 235}, "geometry": {"type": "Polygon", "coordinates": [[[-85.946436, 40.999195], [-85.945402, 40.999256], [-85.945561, 41.042876], [-85.795814, 41.043588], [-85.684181, 41.046716], [-85.683198, 41.001909], [-85.643841, 41.002305], [-85.638587, 40.653129], [-85.939525, 40.650991], [-85.946436, 40.999195]]]}}, {"type": "Feature", "properties": {"name": "Allen County", "students": 9872, "suppressed": false, "pop": 73205, "acsPriv": 17200, "seats": 12449}, "geometry": {"type": "Polygon", "coordinates": [[[-85.109723, 40.917331], [-85.33603, 40.917082], [-85.335651, 41.006722], [-85.338276, 41.179065], [-85.309791, 41.178889], [-85.309322, 41.250798], [-85.307781, 41.264158], [-85.07632, 41.265613], [-84.803592, 41.270933], [-84.802922, 40.922568], [-85.109723, 40.917331]]]}}, {"type": "Feature", "properties": {"name": "Marshall County", "students": 324, "suppressed": true, "pop": 8447, "acsPriv": 1263, "seats": 343}, "geometry": {"type": "Polygon", "coordinates": [[[-86.054047, 41.173147], [-86.467046, 41.171442], [-86.467108, 41.476459], [-86.3069, 41.478449], [-86.306334, 41.477072], [-86.301855, 41.477069], [-86.286505, 41.477287], [-86.286216, 41.47872], [-86.059451, 41.479154], [-86.058348, 41.346682], [-86.054047, 41.173147]]]}}, {"type": "Feature", "properties": {"name": "Orange County", "students": 0, "suppressed": false, "pop": 3337, "acsPriv": 292, "seats": 0}, "geometry": {"type": "Polygon", "coordinates": [[[-86.681424, 38.394767], [-86.683102, 38.686561], [-86.460057, 38.688655], [-86.460023, 38.687576], [-86.456185, 38.687439], [-86.308701, 38.688101], [-86.307725, 38.644396], [-86.308868, 38.394069], [-86.499985, 38.396567], [-86.681424, 38.394767]]]}}, {"type": "Feature", "properties": {"name": "Newton County", "students": 0, "suppressed": false, "pop": 2116, "acsPriv": 331, "seats": 0}, "geometry": {"type": "Polygon", "coordinates": [[[-87.526031, 40.736885], [-87.526019, 41.166322], [-87.45799, 41.170591], [-87.446792, 41.174353], [-87.414338, 41.16223], [-87.393657, 41.16283], [-87.380709, 41.172652], [-87.346584, 41.182296], [-87.330964, 41.183143], [-87.324206, 41.186406], [-87.28573, 41.215202], [-87.275882, 41.218595], [-87.276449, 40.911477], [-87.26905, 40.911517], [-87.267298, 40.736582], [-87.526031, 40.736885]]]}}, {"type": "Feature", "properties": {"name": "Warrick County", "students": 323, "suppressed": true, "pop": 11536, "acsPriv": 1487, "seats": 1567}, "geometry": {"type": "Polygon", "coordinates": [[[-87.170409, 38.016414], [-87.16979, 38.011348], [-87.173991, 38.009491], [-87.183008, 38.010552], [-87.181269, 38.007491], [-87.175675, 38.006921], [-87.175894, 38.002662], [-87.180035, 38.000613], [-87.183344, 38.002621], [-87.185803, 37.996518], [-87.196218, 37.987454], [-87.20727, 37.981485], [-87.213471, 37.97622], [-87.226264, 37.971212], [-87.230182, 37.965461], [-87.228073, 37.961501], [-87.229575, 37.957437], [-87.227876, 37.956005], [-87.23147, 37.955768], [-87.230893, 37.951803], [-87.233053, 37.950717], [-87.231739, 37.948208], [-87.240918, 37.952269], [-87.246495, 37.94547], [-87.251871, 37.942323], [-87.265783, 37.928178], [-87.268003, 37.924766], [-87.268995, 37.878026], [-87.297613, 37.895595], [-87.318824, 37.905266], [-87.332748, 37.908308], [-87.336082, 37.907522], [-87.344362, 37.910986], [-87.35663, 37.920037], [-87.363173, 37.921968], [-87.37098, 37.928844], [-87.371688, 37.931189], [-87.386179, 37.937804], [-87.414134, 37.944772], [-87.437984, 37.944183], [-87.451219, 37.940808], [-87.449867, 38.03517], [-87.473011, 38.035135], [-87.472093, 38.121741], [-87.467913, 38.121729], [-87.466744, 38.201286], [-87.31703, 38.201753], [-87.316893, 38.246077], [-87.313897, 38.246123], [-87.298264, 38.246022], [-87.298388, 38.231671], [-87.199983, 38.231036], [-87.073067, 38.232596], [-87.073141, 38.203821], [-87.01749, 38.20358], [-87.017453, 38.118301], [-87.072332, 38.11828], [-87.073947, 38.114299], [-87.072339, 38.112867], [-87.07233, 38.1069], [-87.075057, 38.106132], [-87.076236, 38.104005], [-87.073526, 38.100735], [-87.074725, 38.097058], [-87.079244, 38.093911], [-87.082254, 38.093911], [-87.082239, 38.089847], [-87.085333, 38.088808], [-87.088776, 38.084087], [-87.088423, 38.0816], [-87.091797, 38.078162], [-87.092449, 38.07076], [-87.097919, 38.059328], [-87.097718, 38.056749], [-87.093684, 38.055981], [-87.094461, 38.054403], [-87.09048, 38.054888], [-87.090535, 38.053416], [-87.088432, 38.052725], [-87.088487, 38.049682], [-87.09174, 38.048775], [-87.09394, 38.050561], [-87.09479, 38.048418], [-87.099572, 38.0486], [-87.102604, 38.046523], [-87.115114, 38.047127], [-87.125021, 38.043866], [-87.13208, 38.050592], [-87.132987, 38.055006], [-87.148512, 38.058837], [-87.153495, 38.053588], [-87.151082, 38.046491], [-87.15661, 38.040588], [-87.156577, 38.037873], [-87.153875, 38.035444], [-87.154082, 38.032213], [-87.156516, 38.029988], [-87.16019, 38.032927], [-87.16632, 38.030054], [-87.166022, 38.028245], [-87.162451, 38.026497], [-87.154842, 38.02608], [-87.152794, 38.023577], [-87.152871, 38.020551], [-87.157811, 38.016949], [-87.169167, 38.018185], [-87.170409, 38.016414]]]}}, {"type": "Feature", "properties": {"name": "Wells County", "students": 73, "suppressed": false, "pop": 5321, "acsPriv": 705, "seats": 0}, "geometry": {"type": "Polygon", "coordinates": [[[-85.068479, 40.56824], [-85.447014, 40.566929], [-85.448825, 40.653607], [-85.334667, 40.654413], [-85.33603, 40.917082], [-85.1769, 40.916431], [-85.073861, 40.917823], [-85.068479, 40.56824]]]}}, {"type": "Feature", "properties": {"name": "Warren County", "students": 0, "suppressed": false, "pop": 1443, "acsPriv": 118, "seats": 0}, "geometry": {"type": "Polygon", "coordinates": [[[-87.336413, 40.225016], [-87.344763, 40.221711], [-87.347925, 40.216802], [-87.353108, 40.215923], [-87.358403, 40.210531], [-87.39299, 40.202729], [-87.403876, 40.196034], [-87.4199, 40.192258], [-87.425872, 40.180812], [-87.437094, 40.16971], [-87.438774, 40.164458], [-87.433471, 40.153504], [-87.406353, 40.141194], [-87.404859, 40.135709], [-87.406667, 40.127508], [-87.49041, 40.127406], [-87.490455, 40.148422], [-87.531449, 40.148127], [-87.526589, 40.476876], [-87.092774, 40.475737], [-87.092148, 40.366612], [-87.097317, 40.36635], [-87.104066, 40.36074], [-87.106259, 40.354859], [-87.134599, 40.339266], [-87.154146, 40.334721], [-87.158508, 40.336083], [-87.173323, 40.333963], [-87.187611, 40.326397], [-87.206302, 40.322429], [-87.234101, 40.31074], [-87.245787, 40.308846], [-87.247847, 40.306692], [-87.249683, 40.299146], [-87.264676, 40.288001], [-87.275564, 40.28372], [-87.281279, 40.278528], [-87.295296, 40.256324], [-87.303954, 40.25395], [-87.314476, 40.248311], [-87.319104, 40.24047], [-87.328539, 40.235396], [-87.336413, 40.225016]]]}}, {"type": "Feature", "properties": {"name": "Lake County", "students": 6823, "suppressed": false, "pop": 87211, "acsPriv": 11822, "seats": 7111}, "geometry": {"type": "Polygon", "coordinates": [[[-87.333143, 41.182857], [-87.346584, 41.182296], [-87.380709, 41.172652], [-87.393796, 41.162806], [-87.414421, 41.162248], [-87.446792, 41.174353], [-87.45799, 41.170591], [-87.484775, 41.169886], [-87.526587, 41.16609], [-87.523661, 41.759907], [-87.221, 41.760889], [-87.222932, 41.632596], [-87.219812, 41.476281], [-87.220266, 41.333327], [-87.218862, 41.242027], [-87.226324, 41.235513], [-87.285611, 41.215264], [-87.324206, 41.186406], [-87.333143, 41.182857]]]}}, {"type": "Feature", "properties": {"name": "Tippecanoe County", "students": 1982, "suppressed": false, "pop": 28178, "acsPriv": 3800, "seats": 2523}, "geometry": {"type": "Polygon", "coordinates": [[[-86.911266, 40.561327], [-86.695353, 40.561874], [-86.695133, 40.53602], [-86.695637, 40.214367], [-87.092563, 40.214806], [-87.091832, 40.375901], [-87.095357, 40.562895], [-86.911266, 40.561327]]]}}, {"type": "Feature", "properties": {"name": "LaPorte County", "students": 799, "suppressed": false, "pop": 17783, "acsPriv": 2052, "seats": 765}, "geometry": {"type": "Polygon", "coordinates": [[[-86.642542, 41.432639], [-86.670798, 41.413873], [-86.681092, 41.411988], [-86.700374, 41.402337], [-86.705716, 41.391574], [-86.707722, 41.380987], [-86.720827, 41.365245], [-86.723778, 41.360357], [-86.724712, 41.352034], [-86.735103, 41.33831], [-86.737207, 41.333172], [-86.737394, 41.326054], [-86.739889, 41.321853], [-86.761529, 41.307462], [-86.783401, 41.28551], [-86.814083, 41.273602], [-86.82811, 41.271135], [-86.839077, 41.272047], [-86.848625, 41.266834], [-86.870155, 41.264622], [-86.877197, 41.260082], [-86.897241, 41.254615], [-86.915317, 41.245923], [-86.920428, 41.245092], [-86.930079, 41.236798], [-86.930781, 41.339681], [-86.929353, 41.484929], [-86.932271, 41.617272], [-86.933334, 41.761035], [-86.524217, 41.759659], [-86.526682, 41.65044], [-86.487567, 41.649325], [-86.486263, 41.588901], [-86.486433, 41.570545], [-86.498158, 41.561083], [-86.498108, 41.531995], [-86.500305, 41.528221], [-86.500286, 41.52101], [-86.503612, 41.519534], [-86.52494, 41.519675], [-86.524711, 41.432886], [-86.642542, 41.432639]]]}}, {"type": "Feature", "properties": {"name": "Hamilton County", "students": 1978, "suppressed": false, "pop": 71381, "acsPriv": 10837, "seats": 4098}, "geometry": {"type": "Polygon", "coordinates": [[[-85.862395, 39.928943], [-86.240736, 39.926062], [-86.242743, 40.215834], [-85.861903, 40.218936], [-85.863578, 40.132998], [-85.862395, 39.928943]]]}}, {"type": "Feature", "properties": {"name": "Posey County", "students": 362, "suppressed": false, "pop": 4126, "acsPriv": 496, "seats": 474}, "geometry": {"type": "Polygon", "coordinates": [[[-87.786696, 37.876587], [-87.830139, 37.876486], [-87.839668, 37.88078], [-87.846443, 37.887992], [-87.846489, 37.893534], [-87.856787, 37.900193], [-87.863785, 37.912397], [-87.875025, 37.922864], [-87.882802, 37.926198], [-87.893637, 37.928049], [-87.904467, 37.925179], [-87.938163, 37.89106], [-87.940444, 37.886203], [-87.940977, 37.879473], [-87.939143, 37.87249], [-87.935562, 37.867106], [-87.925443, 37.856898], [-87.915703, 37.850365], [-87.910362, 37.843748], [-87.905142, 37.825418], [-87.904203, 37.813162], [-87.907848, 37.80684], [-87.934129, 37.796414], [-87.934943, 37.791211], [-87.938604, 37.787629], [-87.944855, 37.77481], [-87.950115, 37.771909], [-87.959495, 37.772957], [-87.972851, 37.785371], [-88.004715, 37.800104], [-88.016289, 37.801971], [-88.02802, 37.799197], [-88.029818, 37.806274], [-88.037623, 37.809864], [-88.045753, 37.808129], [-88.059662, 37.801196], [-88.066878, 37.800559], [-88.077029, 37.804993], [-88.090569, 37.817629], [-88.091848, 37.822108], [-88.090884, 37.824468], [-88.087625, 37.828195], [-88.081932, 37.830682], [-88.076427, 37.830239], [-88.061012, 37.823015], [-88.043831, 37.821525], [-88.031533, 37.825092], [-88.027789, 37.828298], [-88.025921, 37.832694], [-88.028217, 37.838585], [-88.031419, 37.841203], [-88.053481, 37.846316], [-88.065036, 37.853172], [-88.078529, 37.879118], [-88.084385, 37.885582], [-88.093521, 37.891952], [-88.097892, 37.901517], [-88.09776, 37.904026], [-88.095662, 37.905808], [-88.086237, 37.905713], [-88.071449, 37.895813], [-88.055373, 37.891238], [-88.031277, 37.892966], [-88.021117, 37.888057], [-88.017073, 37.889222], [-88.013451, 37.893951], [-88.017816, 37.902696], [-88.02006, 37.9129], [-88.022513, 37.914756], [-88.032944, 37.91366], [-88.059209, 37.917189], [-88.06519, 37.919684], [-88.069468, 37.925704], [-88.067561, 37.930214], [-88.057127, 37.934151], [-88.044989, 37.925099], [-88.039644, 37.924309], [-88.034065, 37.926159], [-88.03034, 37.931045], [-88.036125, 37.942745], [-88.036793, 37.956793], [-88.031989, 37.95859], [-88.020868, 37.959351], [-88.016311, 37.961574], [-88.012929, 37.966544], [-88.012574, 37.977062], [-88.022864, 37.997983], [-88.025831, 38.007245], [-88.021031, 38.019345], [-88.016931, 38.024045], [-88.008631, 38.027545], [-88.007931, 38.030845], [-88.012131, 38.033845], [-88.017631, 38.034745], [-88.027731, 38.031745], [-88.034132, 38.032045], [-88.041532, 38.037345], [-88.042132, 38.046345], [-88.037832, 38.050245], [-88.030032, 38.052145], [-88.00133, 38.051545], [-87.978735, 38.059815], [-87.967226, 38.067105], [-87.956664, 38.086202], [-87.960677, 38.100191], [-87.968813, 38.095932], [-88.002635, 38.08449], [-88.01139, 38.084691], [-88.016806, 38.095717], [-88.015114, 38.101411], [-88.00988, 38.105066], [-87.998224, 38.108557], [-87.983068, 38.107139], [-87.976058, 38.109562], [-87.973832, 38.113396], [-87.974445, 38.120836], [-87.972998, 38.125046], [-87.969464, 38.130744], [-87.966393, 38.132506], [-87.954858, 38.132622], [-87.945472, 38.126616], [-87.935135, 38.139428], [-87.929423, 38.140727], [-87.925811, 38.143633], [-87.927899, 38.151646], [-87.917719, 38.155889], [-87.910924, 38.162557], [-87.910792, 38.167666], [-87.913088, 38.17153], [-87.91729, 38.174169], [-87.92172, 38.17381], [-87.92523, 38.170634], [-87.925896, 38.166473], [-87.924513, 38.162025], [-87.925963, 38.159342], [-87.931211, 38.156348], [-87.934637, 38.156748], [-87.933759, 38.164351], [-87.937162, 38.172189], [-87.9595, 38.184376], [-87.969865, 38.191786], [-87.982763, 38.206705], [-87.985627, 38.217993], [-87.983732, 38.230354], [-87.799169, 38.22858], [-87.799677, 38.201944], [-87.688208, 38.201001], [-87.688918, 38.12471], [-87.696775, 38.124843], [-87.700786, 37.89742], [-87.718752, 37.892541], [-87.737351, 37.894732], [-87.758128, 37.891883], [-87.770609, 37.886597], [-87.786696, 37.876587]]]}}, {"type": "Feature", "properties": {"name": "Decatur County", "students": 310, "suppressed": true, "pop": 4582, "acsPriv": 607, "seats": 385}, "geometry": {"type": "Polygon", "coordinates": [[[-85.29654, 39.268291], [-85.56632, 39.132761], [-85.686783, 39.130859], [-85.686693, 39.269636], [-85.684515, 39.350049], [-85.63063, 39.350205], [-85.629125, 39.452833], [-85.297575, 39.453275], [-85.29654, 39.268291]]]}}, {"type": "Feature", "properties": {"name": "Dubois County", "students": 317, "suppressed": true, "pop": 7893, "acsPriv": 394, "seats": 485}, "geometry": {"type": "Polygon", "coordinates": [[[-86.92368, 38.203028], [-87.073141, 38.203821], [-87.072369, 38.5147], [-87.069499, 38.513129], [-87.064783, 38.502541], [-87.061208, 38.500703], [-87.055016, 38.502298], [-87.049836, 38.508451], [-87.045073, 38.510865], [-87.033151, 38.51218], [-87.02884, 38.508723], [-87.023427, 38.507225], [-87.017898, 38.508627], [-87.012329, 38.512256], [-87.006512, 38.50859], [-87.002412, 38.508543], [-86.995219, 38.513553], [-86.977992, 38.502388], [-86.965736, 38.504545], [-86.956217, 38.503439], [-86.955963, 38.492162], [-86.949965, 38.49037], [-86.945223, 38.491189], [-86.940638, 38.494125], [-86.93908, 38.501869], [-86.933048, 38.505367], [-86.92343, 38.505306], [-86.922116, 38.499918], [-86.915681, 38.496237], [-86.91291, 38.495965], [-86.906973, 38.500232], [-86.900552, 38.50129], [-86.890891, 38.495502], [-86.878902, 38.49492], [-86.875689, 38.50213], [-86.87075, 38.505767], [-86.855701, 38.509107], [-86.84418, 38.51517], [-86.836061, 38.5232], [-86.837462, 38.526468], [-86.682359, 38.526378], [-86.678992, 38.248062], [-86.792152, 38.2491], [-86.791497, 38.20513], [-86.864255, 38.205012], [-86.92368, 38.203028]]]}}, {"type": "Feature", "properties": {"name": "Scott County", "students": 110, "suppressed": true, "pop": 4287, "acsPriv": 295, "seats": 123}, "geometry": {"type": "Polygon", "coordinates": [[[-85.812343, 38.582911], [-85.812158, 38.575553], [-85.821457, 38.57539], [-85.821162, 38.561418], [-85.847893, 38.561269], [-85.848575, 38.576266], [-85.885643, 38.575412], [-85.886834, 38.648786], [-85.888108, 38.648791], [-85.888334, 38.734443], [-85.885743, 38.734833], [-85.887815, 38.732733], [-85.886549, 38.730492], [-85.882258, 38.730675], [-85.884095, 38.728058], [-85.881404, 38.725026], [-85.878773, 38.726627], [-85.880467, 38.72807], [-85.879647, 38.729397], [-85.869559, 38.726171], [-85.868772, 38.727019], [-85.871637, 38.728643], [-85.870879, 38.729537], [-85.86755, 38.730592], [-85.86571, 38.729403], [-85.861098, 38.731924], [-85.858294, 38.730026], [-85.854471, 38.734882], [-85.851434, 38.736303], [-85.847519, 38.734909], [-85.848166, 38.738297], [-85.843113, 38.73885], [-85.841624, 38.740475], [-85.843037, 38.745291], [-85.837838, 38.74792], [-85.836906, 38.751615], [-85.832348, 38.751819], [-85.829813, 38.764231], [-85.825364, 38.767393], [-85.825594, 38.769274], [-85.822287, 38.770574], [-85.819429, 38.776503], [-85.813642, 38.777691], [-85.81189, 38.779727], [-85.810575, 38.777414], [-85.804554, 38.779906], [-85.80725, 38.789377], [-85.804633, 38.795476], [-85.801972, 38.796574], [-85.800099, 38.80296], [-85.794657, 38.808269], [-85.783425, 38.807145], [-85.779825, 38.812568], [-85.776168, 38.812956], [-85.771783, 38.809384], [-85.769208, 38.810962], [-85.767684, 38.815379], [-85.763822, 38.815514], [-85.762009, 38.813683], [-85.757562, 38.814756], [-85.75829, 38.818831], [-85.75393, 38.820774], [-85.751268, 38.820177], [-85.749518, 38.815405], [-85.747033, 38.815411], [-85.74831, 38.819326], [-85.74667, 38.822912], [-85.744506, 38.821763], [-85.745098, 38.819471], [-85.742318, 38.818694], [-85.730854, 38.824604], [-85.730885, 38.827076], [-85.735363, 38.829981], [-85.733191, 38.831812], [-85.72676, 38.826963], [-85.726554, 38.824514], [-85.723187, 38.823027], [-85.718565, 38.823463], [-85.719152, 38.826232], [-85.712628, 38.828454], [-85.706191, 38.824404], [-85.7065, 38.820201], [-85.703263, 38.816577], [-85.699607, 38.818157], [-85.697969, 38.814655], [-85.694663, 38.81747], [-85.683839, 38.815406], [-85.683338, 38.736731], [-85.664357, 38.736888], [-85.664274, 38.730018], [-85.646218, 38.729859], [-85.64576, 38.708018], [-85.608678, 38.707858], [-85.60819, 38.67874], [-85.57093, 38.678706], [-85.56998, 38.606155], [-85.793584, 38.604814], [-85.793629, 38.590333], [-85.803143, 38.590261], [-85.802994, 38.58301], [-85.812343, 38.582911]]]}}, {"type": "Feature", "properties": {"name": "Ripley County", "students": 379, "suppressed": true, "pop": 5167, "acsPriv": 1034, "seats": 488}, "geometry": {"type": "Polygon", "coordinates": [[[-85.0651, 39.310069], [-85.135832, 38.929578], [-85.202849, 38.928523], [-85.202671, 38.913812], [-85.444897, 38.912998], [-85.444658, 39.000659], [-85.440054, 39.195617], [-85.217883, 39.308474], [-85.132683, 39.310469], [-85.0651, 39.310069]]]}}, {"type": "Feature", "properties": {"name": "Union County", "students": 0, "suppressed": false, "pop": 1051, "acsPriv": 155, "seats": 0}, "geometry": {"type": "Polygon", "coordinates": [[[-85.036087, 39.526213], [-85.034408, 39.729263], [-84.969106, 39.728975], [-84.969515, 39.726802], [-84.96709, 39.726742], [-84.814373, 39.72662], [-84.815353, 39.52195], [-84.929082, 39.524407], [-85.022818, 39.524382], [-85.022476, 39.526126], [-85.036087, 39.526213]]]}}, {"type": "Feature", "properties": {"name": "Franklin County", "students": 278, "suppressed": true, "pop": 3764, "acsPriv": 715, "seats": 0}, "geometry": {"type": "Polygon", "coordinates": [[[-85.0651, 39.310069], [-85.132683, 39.310469], [-85.217883, 39.308474], [-85.29654, 39.268291], [-85.297332, 39.339807], [-85.296086, 39.364979], [-85.298609, 39.525473], [-85.022476, 39.526126], [-85.022818, 39.524382], [-84.929082, 39.524407], [-84.815353, 39.52195], [-84.81945, 39.305153], [-85.065382, 39.307196], [-85.0651, 39.310069]]]}}, {"type": "Feature", "properties": {"name": "Bartholomew County", "students": 1444, "suppressed": false, "pop": 14901, "acsPriv": 1882, "seats": 1939}, "geometry": {"type": "Polygon", "coordinates": [[[-85.799834, 39.128897], [-85.798804, 39.068536], [-85.805795, 39.070857], [-85.812661, 39.06985], [-85.813034, 39.068247], [-85.816973, 39.070888], [-85.820089, 39.068658], [-85.823303, 39.069497], [-85.824448, 39.06636], [-85.828264, 39.063587], [-85.838938, 39.062095], [-85.841638, 39.06325], [-85.842736, 39.061114], [-85.847428, 39.059454], [-85.847279, 39.05523], [-85.852882, 39.055483], [-85.85774, 39.04993], [-85.862447, 39.048919], [-85.862187, 39.046295], [-85.859219, 39.04444], [-85.860498, 39.040921], [-86.079844, 39.035903], [-86.08093, 39.079633], [-86.07903, 39.079641], [-86.079439, 39.11269], [-86.085601, 39.344189], [-85.871231, 39.349261], [-85.684515, 39.350049], [-85.686693, 39.269636], [-85.68674, 39.13091], [-85.799834, 39.128897]]]}}, {"type": "Feature", "properties": {"name": "Cass County", "students": 0, "suppressed": false, "pop": 6558, "acsPriv": 267, "seats": 0}, "geometry": {"type": "Polygon", "coordinates": [[[-86.581532, 40.910925], [-86.16851, 40.909447], [-86.167526, 40.844173], [-86.168858, 40.743517], [-86.165635, 40.742047], [-86.166707, 40.674805], [-86.165024, 40.562649], [-86.374417, 40.561361], [-86.373521, 40.69246], [-86.525164, 40.692419], [-86.525143, 40.735445], [-86.581739, 40.735765], [-86.580347, 40.826327], [-86.581532, 40.910925]]]}}, {"type": "Feature", "properties": {"name": "Carroll County", "students": 0, "suppressed": false, "pop": 3343, "acsPriv": 326, "seats": 0}, "geometry": {"type": "Polygon", "coordinates": [[[-86.525143, 40.735445], [-86.525164, 40.692419], [-86.373521, 40.69246], [-86.375762, 40.431851], [-86.694665, 40.432156], [-86.695353, 40.561874], [-86.771293, 40.562082], [-86.772609, 40.649187], [-86.773852, 40.649191], [-86.77423, 40.664026], [-86.758301, 40.664282], [-86.756906, 40.669379], [-86.745449, 40.674622], [-86.742266, 40.679593], [-86.744243, 40.682473], [-86.748587, 40.678161], [-86.751239, 40.67754], [-86.758589, 40.676977], [-86.762176, 40.67952], [-86.760732, 40.68222], [-86.755393, 40.683269], [-86.753466, 40.686589], [-86.748705, 40.688404], [-86.754372, 40.68977], [-86.755833, 40.695234], [-86.761373, 40.697925], [-86.761936, 40.700094], [-86.759549, 40.702809], [-86.758687, 40.710203], [-86.747273, 40.717142], [-86.748202, 40.718739], [-86.756286, 40.721606], [-86.757719, 40.725109], [-86.756644, 40.728264], [-86.752676, 40.733866], [-86.747764, 40.73754], [-86.525143, 40.735445]]]}}, {"type": "Feature", "properties": {"name": "Montgomery County", "students": 0, "suppressed": false, "pop": 6555, "acsPriv": 638, "seats": 0}, "geometry": {"type": "Polygon", "coordinates": [[[-86.695637, 40.214367], [-86.695128, 39.864832], [-87.091542, 39.867265], [-87.090008, 39.952995], [-87.092142, 40.039019], [-87.092563, 40.214806], [-86.695637, 40.214367]]]}}, {"type": "Feature", "properties": {"name": "Gibson County", "students": 512, "suppressed": true, "pop": 5871, "acsPriv": 1036, "seats": 485}, "geometry": {"type": "Polygon", "coordinates": [[[-87.466744, 38.201286], [-87.467308, 38.16538], [-87.688374, 38.168419], [-87.688208, 38.201001], [-87.799677, 38.201944], [-87.799169, 38.22858], [-87.983732, 38.230354], [-87.980158, 38.236115], [-87.979789, 38.241661], [-87.983058, 38.250046], [-87.988123, 38.256451], [-87.986109, 38.258058], [-87.981868, 38.256444], [-87.972259, 38.247039], [-87.968968, 38.237389], [-87.960225, 38.237118], [-87.957992, 38.240096], [-87.958883, 38.246666], [-87.95761, 38.250046], [-87.94303, 38.25779], [-87.942067, 38.260301], [-87.948903, 38.264116], [-87.950651, 38.266819], [-87.952125, 38.273763], [-87.950298, 38.276792], [-87.940285, 38.281064], [-87.938244, 38.290279], [-87.934844, 38.295145], [-87.921423, 38.299343], [-87.914813, 38.299005], [-87.909536, 38.296061], [-87.907866, 38.293176], [-87.908529, 38.290957], [-87.917711, 38.279351], [-87.91947, 38.274547], [-87.917092, 38.269701], [-87.91012, 38.268108], [-87.906841, 38.269634], [-87.897067, 38.280134], [-87.887849, 38.285299], [-87.879389, 38.306507], [-87.870537, 38.31222], [-87.864271, 38.310703], [-87.860453, 38.305372], [-87.866248, 38.28998], [-87.863032, 38.280172], [-87.856605, 38.275522], [-87.845937, 38.276667], [-87.836495, 38.285486], [-87.831523, 38.296727], [-87.830714, 38.303073], [-87.833344, 38.315649], [-87.832723, 38.324853], [-87.822721, 38.346912], [-87.813791, 38.353792], [-87.806075, 38.363143], [-87.786093, 38.367649], [-87.77905, 38.371642], [-87.75003, 38.403027], [-87.745254, 38.408996], [-87.743691, 38.414387], [-87.735747, 38.416884], [-87.721852, 38.416393], [-87.708652, 38.418659], [-87.700122, 38.421864], [-87.692017, 38.427853], [-87.680848, 38.431762], [-87.674231, 38.428897], [-87.664162, 38.430874], [-87.66196, 38.432935], [-87.662085, 38.436714], [-87.664563, 38.438777], [-87.671499, 38.440445], [-87.673481, 38.446475], [-87.664128, 38.449218], [-87.661407, 38.455164], [-87.65681, 38.458649], [-87.650741, 38.457111], [-87.655749, 38.452396], [-87.652842, 38.449209], [-87.649814, 38.450113], [-87.644467, 38.45545], [-87.639268, 38.455523], [-87.637058, 38.452753], [-87.6381, 38.445533], [-87.635238, 38.442229], [-87.632041, 38.442919], [-87.629694, 38.447403], [-87.625273, 38.449554], [-87.611904, 38.446622], [-87.599317, 38.450721], [-87.59019, 38.462463], [-87.588906, 38.470563], [-87.579882, 38.484376], [-87.586726, 38.491526], [-87.585893, 38.497784], [-87.580721, 38.500017], [-87.576751, 38.49279], [-87.570021, 38.490582], [-87.549003, 38.490287], [-87.541064, 38.492044], [-87.540288, 38.495761], [-87.549462, 38.511645], [-87.546832, 38.516522], [-87.543127, 38.518059], [-87.536782, 38.518453], [-87.529952, 38.514431], [-87.529596, 38.51013], [-87.533254, 38.501787], [-87.531494, 38.498859], [-87.527631, 38.498697], [-87.521558, 38.503217], [-87.516138, 38.50381], [-87.510653, 38.502137], [-87.502294, 38.496067], [-87.494169, 38.494622], [-87.492761, 38.496544], [-87.494356, 38.501958], [-87.491755, 38.505286], [-87.473805, 38.51278], [-87.472189, 38.520268], [-87.478615, 38.52387], [-87.479159, 38.52748], [-87.476097, 38.528013], [-87.469977, 38.52039], [-87.468135, 38.523385], [-87.46943, 38.53066], [-87.462892, 38.533519], [-87.462486, 38.46561], [-87.444503, 38.465489], [-87.444549, 38.436125], [-87.407327, 38.43632], [-87.407583, 38.375501], [-87.403192, 38.377284], [-87.40289, 38.374524], [-87.39817, 38.374647], [-87.398805, 38.379565], [-87.397527, 38.380564], [-87.396391, 38.375975], [-87.393396, 38.376302], [-87.391939, 38.377272], [-87.393472, 38.381915], [-87.387893, 38.383028], [-87.386911, 38.380161], [-87.388517, 38.377268], [-87.385348, 38.3754], [-87.385642, 38.378515], [-87.381401, 38.379571], [-87.382171, 38.38123], [-87.379841, 38.38347], [-87.376528, 38.377137], [-87.374394, 38.377172], [-87.374956, 38.380338], [-87.372551, 38.38167], [-87.371163, 38.380035], [-87.371976, 38.37729], [-87.370031, 38.376907], [-87.367918, 38.379265], [-87.364041, 38.379001], [-87.364486, 38.38175], [-87.362033, 38.37991], [-87.357647, 38.382413], [-87.357244, 38.387894], [-87.352338, 38.385516], [-87.347675, 38.385946], [-87.350725, 38.383606], [-87.349944, 38.381906], [-87.344391, 38.382416], [-87.34033, 38.38725], [-87.337418, 38.384659], [-87.341462, 38.383132], [-87.341605, 38.379836], [-87.339687, 38.3788], [-87.338664, 38.381833], [-87.333916, 38.37908], [-87.330889, 38.381739], [-87.3294, 38.378275], [-87.327703, 38.377785], [-87.326568, 38.382203], [-87.324072, 38.38366], [-87.322711, 38.381303], [-87.325582, 38.379312], [-87.324316, 38.377866], [-87.320384, 38.377327], [-87.319153, 38.383066], [-87.315739, 38.380787], [-87.317947, 38.378959], [-87.316806, 38.377258], [-87.317677, 38.375394], [-87.31593, 38.375048], [-87.31703, 38.201753], [-87.466744, 38.201286]]]}}, {"type": "Feature", "properties": {"name": "Vermillion County", "students": 29, "suppressed": true, "pop": 2518, "acsPriv": 169, "seats": 32}, "geometry": {"type": "Polygon", "coordinates": [[[-87.532194, 39.607306], [-87.531449, 40.148127], [-87.490455, 40.148422], [-87.49041, 40.127406], [-87.406667, 40.127508], [-87.407402, 40.108705], [-87.41362, 40.096394], [-87.412136, 40.086534], [-87.415971, 40.0725], [-87.417438, 40.058684], [-87.421009, 40.053915], [-87.431499, 40.047748], [-87.430861, 40.045055], [-87.424224, 40.039872], [-87.431379, 40.032927], [-87.4354, 40.023509], [-87.433385, 39.994188], [-87.427732, 39.986703], [-87.427393, 39.981944], [-87.431317, 39.96934], [-87.440263, 39.960303], [-87.431398, 39.955093], [-87.42268, 39.956654], [-87.420517, 39.954001], [-87.422291, 39.944831], [-87.433667, 39.935165], [-87.43319, 39.931384], [-87.420627, 39.925737], [-87.411879, 39.92871], [-87.406261, 39.928024], [-87.405186, 39.923778], [-87.413199, 39.918904], [-87.411313, 39.915315], [-87.404959, 39.910857], [-87.391975, 39.906901], [-87.3845, 39.906327], [-87.378593, 39.902769], [-87.373218, 39.896788], [-87.367834, 39.887184], [-87.370395, 39.881824], [-87.378712, 39.877972], [-87.378421, 39.875038], [-87.368262, 39.867741], [-87.357972, 39.865568], [-87.353863, 39.862077], [-87.355011, 39.859197], [-87.360934, 39.856358], [-87.363436, 39.847527], [-87.369129, 39.839981], [-87.373172, 39.8377], [-87.381357, 39.836972], [-87.385538, 39.833365], [-87.384676, 39.80869], [-87.381155, 39.800255], [-87.374764, 39.793053], [-87.374279, 39.777844], [-87.380567, 39.766766], [-87.377371, 39.743036], [-87.379907, 39.73046], [-87.384418, 39.718573], [-87.379767, 39.708178], [-87.385584, 39.700066], [-87.38152, 39.693401], [-87.385449, 39.682502], [-87.390549, 39.675391], [-87.388109, 39.667466], [-87.388756, 39.663893], [-87.394332, 39.65869], [-87.395982, 39.652866], [-87.391665, 39.643207], [-87.391845, 39.634059], [-87.381442, 39.617354], [-87.382418, 39.607937], [-87.532194, 39.607306]]]}}, {"type": "Feature", "properties": {"name": "Henry County", "students": 220, "suppressed": true, "pop": 7490, "acsPriv": 844, "seats": 200}, "geometry": {"type": "Polygon", "coordinates": [[[-85.221118, 39.788449], [-85.596916, 39.786519], [-85.596678, 39.872926], [-85.576793, 39.872852], [-85.576197, 40.077143], [-85.214386, 40.076889], [-85.213496, 40.00438], [-85.201473, 40.004521], [-85.200945, 39.873799], [-85.220728, 39.873576], [-85.221118, 39.788449]]]}}, {"type": "Feature", "properties": {"name": "Fulton County", "students": 0, "suppressed": false, "pop": 3583, "acsPriv": 376, "seats": 0}, "geometry": {"type": "Polygon", "coordinates": [[[-86.467046, 41.171442], [-86.077551, 41.172868], [-86.075939, 41.084878], [-86.018414, 41.086118], [-86.018664, 41.041878], [-85.945561, 41.042876], [-85.945402, 40.999256], [-86.168459, 40.996097], [-86.169012, 40.909836], [-86.468509, 40.909889], [-86.467046, 41.171442]]]}}, {"type": "Feature", "properties": {"name": "Porter County", "students": 1420, "suppressed": false, "pop": 28537, "acsPriv": 2646, "seats": 1523}, "geometry": {"type": "Polygon", "coordinates": [[[-87.222523, 41.656084], [-87.221, 41.760889], [-86.933334, 41.761035], [-86.932271, 41.617272], [-86.929353, 41.484929], [-86.930781, 41.339681], [-86.92956, 41.249079], [-86.930079, 41.236798], [-86.937335, 41.23044], [-86.968125, 41.219658], [-86.977017, 41.221549], [-86.984244, 41.227853], [-87.011028, 41.240908], [-87.059724, 41.26952], [-87.122124, 41.286365], [-87.131653, 41.286155], [-87.192361, 41.265289], [-87.218862, 41.242027], [-87.220266, 41.333327], [-87.219812, 41.476281], [-87.222523, 41.656084]]]}}, {"type": "Feature", "properties": {"name": "Greene County", "students": 0, "suppressed": false, "pop": 5004, "acsPriv": 350, "seats": 0}, "geometry": {"type": "Polygon", "coordinates": [[[-86.682853, 38.904697], [-87.03542, 38.90246], [-87.129771, 38.90468], [-87.129882, 38.907315], [-87.241027, 38.907874], [-87.240737, 39.171773], [-87.068341, 39.167965], [-86.683002, 39.165746], [-86.682853, 38.904697]]]}}, {"type": "Feature", "properties": {"name": "Rush County", "students": 124, "suppressed": false, "pop": 2863, "acsPriv": 268, "seats": 133}, "geometry": {"type": "Polygon", "coordinates": [[[-85.297575, 39.453275], [-85.629327, 39.45275], [-85.632771, 39.611158], [-85.633491, 39.786177], [-85.301584, 39.787579], [-85.297575, 39.453275]]]}}, {"type": "Feature", "properties": {"name": "Vanderburgh County", "students": 4226, "suppressed": false, "pop": 28607, "acsPriv": 6321, "seats": 3905}, "geometry": {"type": "Polygon", "coordinates": [[[-87.610616, 37.944538], [-87.622429, 37.936203], [-87.617404, 37.93827], [-87.619322, 37.933181], [-87.626411, 37.927928], [-87.627317, 37.920402], [-87.619824, 37.906846], [-87.595888, 37.892001], [-87.586708, 37.884262], [-87.583737, 37.87808], [-87.583925, 37.872485], [-87.586304, 37.872493], [-87.588036, 37.868984], [-87.591432, 37.860754], [-87.590267, 37.85859], [-87.597841, 37.847652], [-87.606553, 37.838696], [-87.617259, 37.831184], [-87.644161, 37.826189], [-87.653838, 37.826087], [-87.672428, 37.828889], [-87.67772, 37.834157], [-87.680597, 37.840025], [-87.682098, 37.846783], [-87.681684, 37.856273], [-87.666714, 37.880038], [-87.664033, 37.887477], [-87.665373, 37.893351], [-87.673928, 37.901159], [-87.682443, 37.903616], [-87.700786, 37.89742], [-87.696775, 38.124843], [-87.688918, 38.12471], [-87.688374, 38.168419], [-87.467284, 38.165403], [-87.467913, 38.121729], [-87.472093, 38.121741], [-87.473011, 38.035135], [-87.449867, 38.03517], [-87.451219, 37.940808], [-87.476349, 37.926529], [-87.497631, 37.910699], [-87.50972, 37.906028], [-87.521999, 37.913308], [-87.548701, 37.923973], [-87.560896, 37.932113], [-87.569084, 37.94156], [-87.573567, 37.951722], [-87.577511, 37.951661], [-87.574513, 37.958296], [-87.575046, 37.965909], [-87.577809, 37.970198], [-87.584923, 37.974531], [-87.594844, 37.975109], [-87.601391, 37.971306], [-87.603403, 37.966814], [-87.60559, 37.950144], [-87.610616, 37.944538]]]}}, {"type": "Feature", "properties": {"name": "Johnson County", "students": 1458, "suppressed": false, "pop": 30468, "acsPriv": 4540, "seats": 2410}, "geometry": {"type": "Polygon", "coordinates": [[[-85.952005, 39.347373], [-86.251684, 39.341672], [-86.251621, 39.516671], [-86.250299, 39.516857], [-86.249885, 39.633645], [-85.95208, 39.638345], [-85.950777, 39.494779], [-85.950937, 39.436091], [-85.952604, 39.435546], [-85.95322, 39.38352], [-85.952005, 39.347373]]]}}, {"type": "Feature", "properties": {"name": "Owen County", "students": 0, "suppressed": false, "pop": 3260, "acsPriv": 241, "seats": 0}, "geometry": {"type": "Polygon", "coordinates": [[[-86.939981, 39.473345], [-86.76232, 39.470192], [-86.632206, 39.470214], [-86.630818, 39.346948], [-86.634076, 39.348784], [-86.640379, 39.348273], [-86.642158, 39.350931], [-86.651551, 39.355593], [-86.658721, 39.34952], [-86.659288, 39.344749], [-86.655335, 39.339998], [-86.655067, 39.332644], [-86.65638, 39.330646], [-86.658776, 39.330099], [-86.661122, 39.333475], [-86.663773, 39.334149], [-86.665847, 39.331665], [-86.665512, 39.329286], [-86.666962, 39.329258], [-86.68561, 39.336043], [-86.683002, 39.165746], [-87.054578, 39.168086], [-87.053646, 39.342621], [-86.942473, 39.342043], [-86.942409, 39.429356], [-86.939981, 39.473345]]]}}, {"type": "Feature", "properties": {"name": "Clinton County", "students": 0, "suppressed": false, "pop": 6603, "acsPriv": 584, "seats": 39}, "geometry": {"type": "Polygon", "coordinates": [[[-86.242992, 40.373661], [-86.242365, 40.180778], [-86.431094, 40.176998], [-86.695804, 40.178657], [-86.694665, 40.432156], [-86.309249, 40.431712], [-86.309325, 40.388372], [-86.280829, 40.388339], [-86.280755, 40.373734], [-86.242992, 40.373661]]]}}, {"type": "Feature", "properties": {"name": "Hancock County", "students": 342, "suppressed": true, "pop": 14807, "acsPriv": 2119, "seats": 226}, "geometry": {"type": "Polygon", "coordinates": [[[-85.633228, 39.698462], [-85.951721, 39.697136], [-85.954013, 39.869646], [-85.938067, 39.869812], [-85.938129, 39.926976], [-85.862395, 39.928943], [-85.862489, 39.943618], [-85.576192, 39.945756], [-85.576798, 39.872808], [-85.596678, 39.872926], [-85.596916, 39.786519], [-85.633491, 39.786177], [-85.633228, 39.698462]]]}}, {"type": "Feature", "properties": {"name": "Randolph County", "students": 0, "suppressed": false, "pop": 4103, "acsPriv": 236, "seats": 0}, "geometry": {"type": "Polygon", "coordinates": [[[-84.803672, 40.310093], [-84.810825, 40.005077], [-84.892846, 40.006357], [-84.893172, 40.005162], [-85.213496, 40.00438], [-85.218758, 40.306706], [-84.803672, 40.310093]]]}}, {"type": "Feature", "properties": {"name": "Jefferson County", "students": 539, "suppressed": true, "pop": 4859, "acsPriv": 936, "seats": 646}, "geometry": {"type": "Polygon", "coordinates": [[[-85.454661, 38.680716], [-85.444639, 38.670054], [-85.438629, 38.65889], [-85.437563, 38.650092], [-85.439597, 38.630846], [-85.438354, 38.606063], [-85.435901, 38.598874], [-85.4279, 38.586241], [-85.478762, 38.586178], [-85.478701, 38.592434], [-85.496452, 38.59222], [-85.496666, 38.606736], [-85.56998, 38.606155], [-85.57093, 38.678706], [-85.60819, 38.67874], [-85.608678, 38.707858], [-85.64576, 38.708018], [-85.646218, 38.729859], [-85.664274, 38.730018], [-85.664357, 38.736888], [-85.683338, 38.736731], [-85.684068, 38.823873], [-85.63844, 38.824182], [-85.638403, 38.817597], [-85.628855, 38.817583], [-85.628847, 38.824139], [-85.610595, 38.824247], [-85.610999, 38.853769], [-85.573776, 38.853745], [-85.573806, 38.882658], [-85.537431, 38.88278], [-85.5382, 38.912217], [-85.203166, 38.913803], [-85.203522, 38.792245], [-85.20145, 38.691038], [-85.213053, 38.695453], [-85.221119, 38.701058], [-85.233134, 38.714206], [-85.237359, 38.721447], [-85.2496, 38.733715], [-85.25882, 38.737818], [-85.271368, 38.74058], [-85.300595, 38.742032], [-85.334824, 38.735957], [-85.338024, 38.734086], [-85.363616, 38.730457], [-85.372657, 38.730474], [-85.408365, 38.737144], [-85.422626, 38.734651], [-85.436532, 38.728226], [-85.450272, 38.711815], [-85.451544, 38.707904], [-85.451784, 38.71015], [-85.456755, 38.692252], [-85.456723, 38.686357], [-85.454661, 38.680716]]]}}, {"type": "Feature", "properties": {"name": "Vigo County", "students": 475, "suppressed": false, "pop": 16120, "acsPriv": 1855, "seats": 106}, "geometry": {"type": "Polygon", "coordinates": [[[-87.240379, 39.259064], [-87.599405, 39.25939], [-87.604141, 39.259458], [-87.605543, 39.261122], [-87.601393, 39.27439], [-87.608543, 39.277187], [-87.609767, 39.284714], [-87.597545, 39.296388], [-87.597946, 39.299479], [-87.605348, 39.303217], [-87.617786, 39.301257], [-87.620939, 39.303407], [-87.620589, 39.307046], [-87.60592, 39.311076], [-87.589084, 39.333831], [-87.578331, 39.340343], [-87.572132, 39.341444], [-87.560692, 39.338851], [-87.5544, 39.340488], [-87.550832, 39.342378], [-87.548157, 39.34988], [-87.544013, 39.352907], [-87.537271, 39.352089], [-87.531646, 39.347888], [-87.532194, 39.607306], [-87.325527, 39.608259], [-87.199012, 39.607137], [-87.200107, 39.519858], [-87.238964, 39.52062], [-87.240379, 39.259064]]]}}, {"type": "Feature", "properties": {"name": "Elkhart County", "students": 2217, "suppressed": false, "pop": 41752, "acsPriv": 5724, "seats": 1714}, "geometry": {"type": "Polygon", "coordinates": [[[-86.062575, 41.760513], [-85.65975, 41.759068], [-85.653507, 41.436856], [-85.817149, 41.434909], [-86.05923, 41.435812], [-86.062575, 41.760513]]]}}, {"type": "Feature", "properties": {"name": "Floyd County", "students": 1632, "suppressed": false, "pop": 13707, "acsPriv": 2159, "seats": 1077}, "geometry": {"type": "Polygon", "coordinates": [[[-86.032557, 38.330825], [-86.032769, 38.417929], [-85.99462, 38.418345], [-85.994629, 38.410865], [-85.966886, 38.410876], [-85.966719, 38.403659], [-85.807726, 38.404313], [-85.808219, 38.400707], [-85.783201, 38.373263], [-85.781275, 38.373594], [-85.76103, 38.350349], [-85.773912, 38.342845], [-85.780513, 38.342466], [-85.782964, 38.338939], [-85.789889, 38.339931], [-85.789602, 38.33771], [-85.783329, 38.335061], [-85.783291, 38.331865], [-85.787518, 38.331658], [-85.793444, 38.33431], [-85.796986, 38.332881], [-85.794432, 38.325096], [-85.782947, 38.320832], [-85.793661, 38.314645], [-85.793484, 38.312724], [-85.787668, 38.308383], [-85.795961, 38.306571], [-85.791456, 38.300696], [-85.79051, 38.290043], [-85.795464, 38.286282], [-85.819651, 38.281828], [-85.829065, 38.276554], [-85.836588, 38.264072], [-85.838921, 38.240331], [-85.844048, 38.231564], [-85.852035, 38.2223], [-85.877543, 38.205666], [-85.899613, 38.180416], [-85.900099, 38.185471], [-85.958023, 38.185939], [-85.957959, 38.199135], [-85.955504, 38.19951], [-85.955199, 38.25774], [-85.973837, 38.258075], [-85.973706, 38.272763], [-85.992411, 38.272789], [-85.992433, 38.287058], [-85.995223, 38.287044], [-85.995324, 38.301844], [-86.014216, 38.301812], [-86.014313, 38.330645], [-86.032557, 38.330825]]]}}, {"type": "Feature", "properties": {"name": "LaGrange County", "students": 0, "suppressed": false, "pop": 9400, "acsPriv": 2725, "seats": 0}, "geometry": {"type": "Polygon", "coordinates": [[[-85.194084, 41.526437], [-85.654747, 41.523347], [-85.65975, 41.759068], [-85.196774, 41.759644], [-85.194084, 41.526437]]]}}, {"type": "Feature", "properties": {"name": "Harrison County", "students": 109, "suppressed": true, "pop": 6779, "acsPriv": 842, "seats": 243}, "geometry": {"type": "Polygon", "coordinates": [[[-86.032557, 38.330825], [-86.014313, 38.330645], [-86.014216, 38.301812], [-85.995324, 38.301844], [-85.995223, 38.287044], [-85.992433, 38.287058], [-85.992411, 38.272789], [-85.973706, 38.272763], [-85.973837, 38.258075], [-85.955199, 38.25774], [-85.955504, 38.19951], [-85.957959, 38.199135], [-85.958023, 38.185939], [-85.900099, 38.185471], [-85.899613, 38.180416], [-85.90618, 38.167906], [-85.908174, 38.158111], [-85.909016, 38.140476], [-85.904388, 38.106216], [-85.905052, 38.089957], [-85.913868, 38.071854], [-85.920652, 38.032306], [-85.925654, 38.021784], [-85.933514, 38.014078], [-85.946509, 38.005228], [-85.964506, 38.002974], [-85.977415, 38.003382], [-86.009467, 37.99839], [-86.021339, 37.995856], [-86.030358, 37.992057], [-86.034999, 37.98429], [-86.03352, 37.970142], [-86.034575, 37.963989], [-86.038499, 37.959232], [-86.04255, 37.958123], [-86.050137, 37.960536], [-86.062799, 37.973036], [-86.077279, 37.99739], [-86.073789, 37.995286], [-86.074133, 37.995792], [-86.080293, 38.001256], [-86.094602, 38.008809], [-86.105688, 38.012975], [-86.125329, 38.01624], [-86.148929, 38.014657], [-86.163186, 38.010064], [-86.178178, 38.010561], [-86.220242, 38.027964], [-86.225554, 38.033419], [-86.233736, 38.038431], [-86.233339, 38.039625], [-86.25006, 38.046003], [-86.267805, 38.057148], [-86.272773, 38.064824], [-86.278554, 38.086418], [-86.279116, 38.100938], [-86.270436, 38.128545], [-86.271801, 38.138872], [-86.291402, 38.161501], [-86.31883, 38.173792], [-86.3296, 38.181805], [-86.325697, 38.182661], [-86.317322, 38.178143], [-86.312786, 38.178126], [-86.309963, 38.181841], [-86.31522, 38.18456], [-86.318196, 38.188104], [-86.317045, 38.189386], [-86.310558, 38.189311], [-86.307641, 38.201636], [-86.295269, 38.20374], [-86.293905, 38.201448], [-86.289721, 38.202027], [-86.295082, 38.209066], [-86.289395, 38.210899], [-86.288647, 38.21356], [-86.297432, 38.218193], [-86.298119, 38.220921], [-86.293301, 38.224579], [-86.284282, 38.220693], [-86.276956, 38.227126], [-86.274762, 38.279956], [-86.280521, 38.284587], [-86.277069, 38.286476], [-86.269301, 38.278453], [-86.265881, 38.286059], [-86.257541, 38.283725], [-86.255705, 38.289429], [-86.253137, 38.2919], [-86.252877, 38.294604], [-86.255122, 38.296499], [-86.260434, 38.29694], [-86.264873, 38.295168], [-86.264795, 38.303228], [-86.259354, 38.304754], [-86.259348, 38.30614], [-86.265067, 38.308518], [-86.269594, 38.307942], [-86.274589, 38.300835], [-86.276688, 38.300713], [-86.278417, 38.303012], [-86.276013, 38.306319], [-86.276218, 38.30854], [-86.289724, 38.31652], [-86.284786, 38.320742], [-86.283222, 38.324182], [-86.287348, 38.328488], [-86.285314, 38.331987], [-86.283185, 38.330895], [-86.280807, 38.322545], [-86.276775, 38.32037], [-86.273474, 38.321105], [-86.273676, 38.324447], [-86.277119, 38.326936], [-86.273667, 38.329691], [-86.276557, 38.339366], [-86.271472, 38.342036], [-86.275142, 38.349515], [-86.281798, 38.349081], [-86.273706, 38.355837], [-86.271063, 38.361121], [-86.265003, 38.362005], [-86.261924, 38.356252], [-86.253551, 38.352273], [-86.250781, 38.348464], [-86.247035, 38.349764], [-86.25281, 38.355711], [-86.248196, 38.360678], [-86.248137, 38.363271], [-86.258048, 38.366831], [-86.257425, 38.369482], [-86.261159, 38.38097], [-86.258976, 38.389375], [-86.255875, 38.389446], [-86.255376, 38.384864], [-86.251735, 38.383071], [-86.245528, 38.387987], [-86.251208, 38.391514], [-86.261261, 38.394419], [-86.259906, 38.398168], [-86.255712, 38.394881], [-86.251417, 38.395642], [-86.250703, 38.397891], [-86.253041, 38.401886], [-86.251716, 38.406132], [-86.257967, 38.410012], [-86.264816, 38.41087], [-86.260129, 38.414314], [-86.255045, 38.422685], [-86.032769, 38.417897], [-86.032557, 38.330825]]]}}, {"type": "Feature", "properties": {"name": "Knox County", "students": 242, "suppressed": true, "pop": 5788, "acsPriv": 627, "seats": 364}, "geometry": {"type": "Polygon", "coordinates": [[[-87.445109, 38.532385], [-87.461331, 38.533536], [-87.467547, 38.53254], [-87.46975, 38.529071], [-87.468135, 38.523385], [-87.469977, 38.52039], [-87.476097, 38.528013], [-87.479159, 38.52748], [-87.478615, 38.52387], [-87.472189, 38.520268], [-87.473805, 38.51278], [-87.491755, 38.505286], [-87.494356, 38.501958], [-87.492761, 38.496544], [-87.495786, 38.494145], [-87.502294, 38.496067], [-87.510653, 38.502137], [-87.516138, 38.50381], [-87.521558, 38.503217], [-87.527631, 38.498697], [-87.531494, 38.498859], [-87.533254, 38.501787], [-87.529596, 38.51013], [-87.529952, 38.514431], [-87.536782, 38.518453], [-87.545216, 38.51735], [-87.549462, 38.511645], [-87.540651, 38.496547], [-87.54018, 38.492824], [-87.548816, 38.490297], [-87.570021, 38.490582], [-87.576751, 38.49279], [-87.580721, 38.500017], [-87.584631, 38.498726], [-87.58678, 38.496508], [-87.586982, 38.492351], [-87.580107, 38.483611], [-87.588906, 38.470563], [-87.59019, 38.462463], [-87.599317, 38.450721], [-87.611904, 38.446622], [-87.625273, 38.449554], [-87.629694, 38.447403], [-87.632041, 38.442919], [-87.635238, 38.442229], [-87.6381, 38.445533], [-87.637058, 38.452753], [-87.639268, 38.455523], [-87.644467, 38.45545], [-87.649814, 38.450113], [-87.652842, 38.449209], [-87.655749, 38.452396], [-87.650741, 38.457111], [-87.65681, 38.458649], [-87.661407, 38.455164], [-87.664128, 38.449218], [-87.673481, 38.446475], [-87.671499, 38.440445], [-87.664563, 38.438777], [-87.662085, 38.436714], [-87.66196, 38.432935], [-87.664162, 38.430874], [-87.674231, 38.428897], [-87.680848, 38.431762], [-87.692017, 38.427853], [-87.700122, 38.421864], [-87.708652, 38.418659], [-87.721852, 38.416393], [-87.735747, 38.416884], [-87.743691, 38.414387], [-87.74104, 38.435576], [-87.738812, 38.438929], [-87.730699, 38.442908], [-87.730134, 38.446518], [-87.731974, 38.45078], [-87.735729, 38.452986], [-87.740525, 38.454716], [-87.751477, 38.454213], [-87.755931, 38.455876], [-87.756179, 38.462538], [-87.750028, 38.471427], [-87.744644, 38.477266], [-87.740024, 38.479223], [-87.714047, 38.47988], [-87.693188, 38.488038], [-87.682324, 38.494618], [-87.671898, 38.507611], [-87.663701, 38.502931], [-87.658178, 38.501669], [-87.652365, 38.503219], [-87.646719, 38.507767], [-87.645371, 38.513835], [-87.656144, 38.521668], [-87.660978, 38.532145], [-87.668788, 38.541078], [-87.670071, 38.545237], [-87.665435, 38.549946], [-87.650704, 38.55624], [-87.650214, 38.558421], [-87.652745, 38.564459], [-87.651107, 38.569026], [-87.641389, 38.572934], [-87.638247, 38.576273], [-87.64026, 38.58587], [-87.64021, 38.589795], [-87.638393, 38.5922], [-87.634823, 38.592692], [-87.622897, 38.586198], [-87.61196, 38.589248], [-87.610886, 38.592632], [-87.612439, 38.594642], [-87.619443, 38.594824], [-87.624143, 38.596955], [-87.627348, 38.60544], [-87.626081, 38.608905], [-87.620532, 38.612165], [-87.622375, 38.618873], [-87.617043, 38.622195], [-87.615585, 38.625047], [-87.615943, 38.627952], [-87.620382, 38.634307], [-87.62012, 38.639489], [-87.617315, 38.642157], [-87.605817, 38.646518], [-87.60295, 38.651236], [-87.602863, 38.656363], [-87.60018, 38.662462], [-87.593678, 38.667402], [-87.579397, 38.672475], [-87.545538, 38.677613], [-87.531231, 38.684036], [-87.51961, 38.697198], [-87.519519, 38.710455], [-87.516707, 38.716332], [-87.508515, 38.725768], [-87.506172, 38.733725], [-87.496041, 38.739981], [-87.496494, 38.742728], [-87.504046, 38.748507], [-87.498948, 38.757774], [-87.496906, 38.766818], [-87.500494, 38.769176], [-87.51033, 38.767181], [-87.514861, 38.770503], [-87.513137, 38.773196], [-87.504301, 38.773846], [-87.498587, 38.77648], [-87.495739, 38.780303], [-87.495509, 38.784626], [-87.501123, 38.79138], [-87.508211, 38.795716], [-87.51922, 38.810478], [-87.527342, 38.818121], [-87.521681, 38.826576], [-87.522212, 38.830483], [-87.526695, 38.838578], [-87.526729, 38.850362], [-87.540309, 38.854715], [-87.553106, 38.861411], [-87.552066, 38.864511], [-87.545719, 38.86303], [-87.542642, 38.865281], [-87.547611, 38.872516], [-87.547064, 38.875957], [-87.534919, 38.878874], [-87.53828, 38.885799], [-87.544292, 38.888953], [-87.544089, 38.895093], [-87.539122, 38.896119], [-87.535955, 38.886993], [-87.534342, 38.891296], [-87.536591, 38.895566], [-87.533695, 38.900957], [-87.524465, 38.902365], [-87.241067, 38.901591], [-87.241027, 38.907874], [-87.129882, 38.907315], [-87.129771, 38.90468], [-87.098771, 38.903974], [-87.09137, 38.901594], [-87.090912, 38.898412], [-87.094876, 38.896768], [-87.098395, 38.897148], [-87.101721, 38.900832], [-87.104814, 38.900734], [-87.107017, 38.898843], [-87.107601, 38.895532], [-87.11023, 38.893937], [-87.113542, 38.894238], [-87.11711, 38.898983], [-87.122473, 38.897676], [-87.121707, 38.893881], [-87.115166, 38.891453], [-87.113445, 38.888264], [-87.118113, 38.886873], [-87.12267, 38.890317], [-87.126286, 38.890984], [-87.12938, 38.889102], [-87.13058, 38.885535], [-87.129366, 38.883802], [-87.125659, 38.883346], [-87.123573, 38.877715], [-87.120098, 38.874769], [-87.1207, 38.871635], [-87.122925, 38.869631], [-87.126004, 38.869616], [-87.131268, 38.875339], [-87.134352, 38.874488], [-87.135836, 38.871963], [-87.133055, 38.867831], [-87.133064, 38.863826], [-87.127444, 38.862748], [-87.126899, 38.859216], [-87.130598, 38.858596], [-87.143709, 38.867361], [-87.147232, 38.866683], [-87.146955, 38.864303], [-87.14101, 38.860281], [-87.143413, 38.853964], [-87.139521, 38.850239], [-87.142288, 38.84709], [-87.140574, 38.843513], [-87.144728, 38.839541], [-87.150193, 38.838624], [-87.15482, 38.843191], [-87.164257, 38.844543], [-87.16925, 38.846943], [-87.175759, 38.844818], [-87.183633, 38.847439], [-87.185979, 38.844557], [-87.183454, 38.842616], [-87.17496, 38.841332], [-87.172822, 38.838244], [-87.174641, 38.835638], [-87.171509, 38.83109], [-87.175927, 38.829371], [-87.182146, 38.834185], [-87.186034, 38.834581], [-87.185891, 38.82812], [-87.18798, 38.825196], [-87.191551, 38.83089], [-87.196341, 38.830707], [-87.197192, 38.826562], [-87.189807, 38.82316], [-87.18954, 38.820175], [-87.192243, 38.814688], [-87.195367, 38.815388], [-87.19794, 38.824321], [-87.20273, 38.825895], [-87.205331, 38.82294], [-87.203083, 38.815145], [-87.208159, 38.811631], [-87.210482, 38.807343], [-87.213267, 38.807977], [-87.210995, 38.820901], [-87.216054, 38.823644], [-87.218883, 38.821609], [-87.215094, 38.814395], [-87.215556, 38.811842], [-87.220754, 38.811386], [-87.225372, 38.804466], [-87.228731, 38.805495], [-87.226391, 38.81129], [-87.227299, 38.812968], [-87.231461, 38.813581], [-87.235773, 38.810822], [-87.238824, 38.81206], [-87.237881, 38.814753], [-87.233804, 38.816116], [-87.238937, 38.819642], [-87.2423, 38.816106], [-87.243859, 38.809995], [-87.2466, 38.807701], [-87.240888, 38.801539], [-87.242729, 38.797888], [-87.239866, 38.787673], [-87.240128, 38.782078], [-87.242858, 38.779172], [-87.255551, 38.778704], [-87.257788, 38.768599], [-87.255895, 38.765589], [-87.25285, 38.764671], [-87.244582, 38.768632], [-87.239704, 38.767326], [-87.239193, 38.766148], [-87.243708, 38.761703], [-87.244601, 38.758244], [-87.242959, 38.75362], [-87.239047, 38.749866], [-87.243872, 38.750047], [-87.2479, 38.758232], [-87.251862, 38.758058], [-87.253006, 38.755273], [-87.24493, 38.748736], [-87.244661, 38.744741], [-87.238103, 38.742312], [-87.241292, 38.74044], [-87.247999, 38.742157], [-87.254483, 38.735654], [-87.254616, 38.732123], [-87.2474, 38.729761], [-87.247031, 38.727318], [-87.248726, 38.726078], [-87.252674, 38.726551], [-87.25451, 38.730171], [-87.258356, 38.729893], [-87.25922, 38.73382], [-87.261677, 38.733119], [-87.262338, 38.728403], [-87.257118, 38.721784], [-87.257043, 38.718863], [-87.262679, 38.715651], [-87.264452, 38.711001], [-87.269632, 38.708427], [-87.267357, 38.700263], [-87.279173, 38.693938], [-87.279415, 38.692558], [-87.273014, 38.689191], [-87.26109, 38.686689], [-87.264011, 38.684404], [-87.272461, 38.683259], [-87.273424, 38.681149], [-87.26316, 38.674248], [-87.261314, 38.671526], [-87.261219, 38.667553], [-87.258896, 38.666214], [-87.256979, 38.665953], [-87.252326, 38.676926], [-87.250028, 38.678913], [-87.245984, 38.677884], [-87.246912, 38.673271], [-87.258544, 38.661991], [-87.255266, 38.654761], [-87.250736, 38.654365], [-87.241563, 38.6606], [-87.238671, 38.658879], [-87.240726, 38.653089], [-87.239158, 38.647732], [-87.241195, 38.64756], [-87.249725, 38.652996], [-87.251928, 38.651616], [-87.252235, 38.647682], [-87.250013, 38.645171], [-87.243506, 38.644177], [-87.242071, 38.637414], [-87.235982, 38.635052], [-87.240629, 38.632128], [-87.249057, 38.635668], [-87.252958, 38.631454], [-87.248958, 38.625597], [-87.240839, 38.618526], [-87.238584, 38.6145], [-87.238824, 38.610548], [-87.244358, 38.610332], [-87.249649, 38.615064], [-87.254231, 38.614072], [-87.255275, 38.612364], [-87.246928, 38.607729], [-87.245381, 38.603679], [-87.241093, 38.605307], [-87.239316, 38.604548], [-87.241045, 38.600992], [-87.248586, 38.599551], [-87.2451, 38.595582], [-87.249065, 38.590266], [-87.249384, 38.586889], [-87.246215, 38.582377], [-87.238459, 38.582267], [-87.23757, 38.581037], [-87.237832, 38.575721], [-87.239665, 38.573472], [-87.24716, 38.571442], [-87.247906, 38.570015], [-87.239118, 38.565559], [-87.237258, 38.563122], [-87.238074, 38.560647], [-87.248328, 38.559539], [-87.246673, 38.557005], [-87.237435, 38.552387], [-87.241795, 38.547437], [-87.242097, 38.54493], [-87.248531, 38.543041], [-87.253053, 38.538245], [-87.255127, 38.533054], [-87.255148, 38.527252], [-87.272578, 38.521403], [-87.287886, 38.511842], [-87.301231, 38.510263], [-87.309267, 38.519938], [-87.323962, 38.524044], [-87.337347, 38.531475], [-87.351833, 38.542247], [-87.358641, 38.54416], [-87.364216, 38.543734], [-87.36853, 38.541625], [-87.370095, 38.538029], [-87.368331, 38.532797], [-87.36214, 38.525937], [-87.361703, 38.521667], [-87.366002, 38.514193], [-87.372548, 38.512157], [-87.377446, 38.513857], [-87.381389, 38.517863], [-87.380111, 38.533882], [-87.385605, 38.538419], [-87.393997, 38.538673], [-87.403249, 38.541404], [-87.406214, 38.54044], [-87.40901, 38.537727], [-87.409007, 38.528581], [-87.411279, 38.526545], [-87.420283, 38.528891], [-87.422572, 38.53196], [-87.422491, 38.538826], [-87.425463, 38.540684], [-87.432392, 38.537587], [-87.432118, 38.530515], [-87.433939, 38.528916], [-87.439315, 38.528787], [-87.445109, 38.532385]]]}}, {"type": "Feature", "properties": {"name": "Pulaski County", "students": 0, "suppressed": false, "pop": 2051, "acsPriv": 244, "seats": 0}, "geometry": {"type": "Polygon", "coordinates": [[[-86.930759, 40.912418], [-86.93017, 41.172318], [-86.467046, 41.171442], [-86.468509, 40.909889], [-86.696558, 40.91223], [-86.930759, 40.912418]]]}}, {"type": "Feature", "properties": {"name": "Brown County", "students": 0, "suppressed": false, "pop": 1987, "acsPriv": 149, "seats": 0}, "geometry": {"type": "Polygon", "coordinates": [[[-86.381395, 39.339752], [-86.085601, 39.344189], [-86.079439, 39.11269], [-86.07903, 39.079641], [-86.08093, 39.079633], [-86.080272, 39.05027], [-86.172763, 39.048547], [-86.370066, 39.048375], [-86.369246, 39.111933], [-86.372408, 39.250905], [-86.379937, 39.25108], [-86.381395, 39.339752]]]}}, {"type": "Feature", "properties": {"name": "Clark County", "students": 945, "suppressed": false, "pop": 20155, "acsPriv": 2782, "seats": 1115}, "geometry": {"type": "Polygon", "coordinates": [[[-85.675725, 38.300711], [-85.685208, 38.294692], [-85.743475, 38.267294], [-85.751475, 38.267998], [-85.761265, 38.272111], [-85.766911, 38.276591], [-85.766394, 38.280546], [-85.773074, 38.285761], [-85.782162, 38.288395], [-85.792301, 38.287455], [-85.790118, 38.290859], [-85.790808, 38.298291], [-85.795961, 38.306571], [-85.787668, 38.308383], [-85.793484, 38.312724], [-85.793661, 38.314645], [-85.782947, 38.320832], [-85.794432, 38.325096], [-85.796986, 38.332881], [-85.793444, 38.33431], [-85.787518, 38.331658], [-85.783291, 38.331865], [-85.783329, 38.335061], [-85.789602, 38.33771], [-85.789889, 38.339931], [-85.782964, 38.338939], [-85.780513, 38.342466], [-85.773912, 38.342845], [-85.76103, 38.350349], [-85.781275, 38.373594], [-85.783201, 38.373263], [-85.808219, 38.400707], [-85.807726, 38.404313], [-85.966719, 38.403659], [-85.966886, 38.410876], [-85.994629, 38.410865], [-85.993317, 38.48854], [-85.956195, 38.488956], [-85.957102, 38.501949], [-85.884776, 38.503469], [-85.884708, 38.518152], [-85.866268, 38.518425], [-85.866341, 38.547095], [-85.847588, 38.54714], [-85.847893, 38.561269], [-85.821162, 38.561418], [-85.821457, 38.57539], [-85.812158, 38.575553], [-85.812343, 38.582911], [-85.802994, 38.58301], [-85.803143, 38.590261], [-85.793629, 38.590333], [-85.793584, 38.604814], [-85.496666, 38.606736], [-85.496452, 38.59222], [-85.478701, 38.592434], [-85.478762, 38.586178], [-85.4279, 38.586241], [-85.417555, 38.569487], [-85.415767, 38.563924], [-85.415555, 38.544969], [-85.419532, 38.53533], [-85.434234, 38.523264], [-85.463914, 38.51182], [-85.469689, 38.508012], [-85.476083, 38.501314], [-85.48163, 38.48753], [-85.488889, 38.477652], [-85.49711, 38.469508], [-85.505707, 38.464717], [-85.519291, 38.45939], [-85.534354, 38.455781], [-85.582753, 38.451043], [-85.597415, 38.444894], [-85.606954, 38.438574], [-85.62034, 38.423414], [-85.623051, 38.414388], [-85.631833, 38.398427], [-85.637454, 38.382219], [-85.639385, 38.361106], [-85.651526, 38.330262], [-85.655517, 38.323722], [-85.675725, 38.300711]]]}}, {"type": "Feature", "properties": {"name": "Morgan County", "students": 971, "suppressed": true, "pop": 12278, "acsPriv": 1462, "seats": 1066}, "geometry": {"type": "Polygon", "coordinates": [[[-86.465931, 39.630032], [-86.249885, 39.633645], [-86.250299, 39.516857], [-86.251621, 39.516671], [-86.251684, 39.341672], [-86.464896, 39.338291], [-86.630844, 39.340755], [-86.632206, 39.470214], [-86.686875, 39.470691], [-86.687561, 39.521902], [-86.684434, 39.521716], [-86.682545, 39.523993], [-86.682793, 39.526537], [-86.678109, 39.527195], [-86.677214, 39.529998], [-86.672899, 39.529454], [-86.673779, 39.530777], [-86.670377, 39.533668], [-86.672729, 39.535429], [-86.666936, 39.53587], [-86.663255, 39.53938], [-86.662696, 39.543396], [-86.659843, 39.545079], [-86.66095, 39.546981], [-86.65816, 39.547423], [-86.653942, 39.551966], [-86.651407, 39.549992], [-86.653302, 39.559439], [-86.650036, 39.561247], [-86.651217, 39.563709], [-86.648319, 39.565874], [-86.654232, 39.564975], [-86.655539, 39.568723], [-86.65455, 39.570128], [-86.658737, 39.573104], [-86.65553, 39.574743], [-86.658555, 39.576298], [-86.659594, 39.579206], [-86.656898, 39.58324], [-86.658006, 39.585188], [-86.654152, 39.587741], [-86.651975, 39.594429], [-86.651942, 39.595694], [-86.655347, 39.596774], [-86.65665, 39.601395], [-86.465605, 39.600769], [-86.465931, 39.630032]]]}}, {"type": "Feature", "properties": {"name": "Grant County", "students": 460, "suppressed": false, "pop": 10388, "acsPriv": 833, "seats": 356}, "geometry": {"type": "Polygon", "coordinates": [[[-85.44433, 40.37914], [-85.862296, 40.378367], [-85.864791, 40.651693], [-85.448825, 40.653607], [-85.44433, 40.37914]]]}}, {"type": "Feature", "properties": {"name": "St. Joseph County", "students": 6374, "suppressed": false, "pop": 46669, "acsPriv": 11275, "seats": 7416}, "geometry": {"type": "Polygon", "coordinates": [[[-86.062575, 41.760513], [-86.059451, 41.479154], [-86.286216, 41.47872], [-86.286505, 41.477287], [-86.301855, 41.477069], [-86.306334, 41.477072], [-86.3069, 41.478449], [-86.467108, 41.476459], [-86.466603, 41.432968], [-86.524711, 41.432886], [-86.52494, 41.519675], [-86.503612, 41.519534], [-86.500286, 41.52101], [-86.500305, 41.528221], [-86.498108, 41.531995], [-86.498158, 41.561083], [-86.486433, 41.570545], [-86.486263, 41.588901], [-86.487567, 41.649325], [-86.526682, 41.65044], [-86.524217, 41.759659], [-86.062575, 41.760513]]]}}, {"type": "Feature", "properties": {"name": "Starke County", "students": 125, "suppressed": true, "pop": 3833, "acsPriv": 740, "seats": 142}, "geometry": {"type": "Polygon", "coordinates": [[[-86.467046, 41.171442], [-86.930099, 41.172299], [-86.930079, 41.236798], [-86.920428, 41.245092], [-86.915317, 41.245923], [-86.897241, 41.254615], [-86.877197, 41.260082], [-86.870155, 41.264622], [-86.848625, 41.266834], [-86.839077, 41.272047], [-86.82811, 41.271135], [-86.814083, 41.273602], [-86.783401, 41.28551], [-86.761529, 41.307462], [-86.739889, 41.321853], [-86.737394, 41.326054], [-86.737207, 41.333172], [-86.735103, 41.33831], [-86.724712, 41.352034], [-86.723778, 41.360357], [-86.720827, 41.365245], [-86.707722, 41.380987], [-86.705716, 41.391574], [-86.700374, 41.402337], [-86.681092, 41.411988], [-86.670798, 41.413873], [-86.642542, 41.432639], [-86.466603, 41.432968], [-86.467046, 41.171442]]]}}, {"type": "Feature", "properties": {"name": "Fountain County", "students": 37, "suppressed": true, "pop": 2629, "acsPriv": 227, "seats": 11}, "geometry": {"type": "Polygon", "coordinates": [[[-87.090008, 39.952995], [-87.420221, 39.952452], [-87.42268, 39.956654], [-87.430232, 39.954834], [-87.439389, 39.959061], [-87.43953, 39.962106], [-87.431317, 39.96934], [-87.427393, 39.981944], [-87.427732, 39.986703], [-87.433385, 39.994188], [-87.4354, 40.023509], [-87.431379, 40.032927], [-87.424224, 40.039872], [-87.430861, 40.045055], [-87.431499, 40.047748], [-87.421009, 40.053915], [-87.417438, 40.058684], [-87.415971, 40.0725], [-87.412136, 40.086534], [-87.41362, 40.096394], [-87.407402, 40.108705], [-87.407762, 40.118604], [-87.404859, 40.135709], [-87.40575, 40.140353], [-87.408526, 40.142956], [-87.433471, 40.153504], [-87.438755, 40.165694], [-87.437094, 40.16971], [-87.425872, 40.180812], [-87.4199, 40.192258], [-87.403876, 40.196034], [-87.39299, 40.202729], [-87.358403, 40.210531], [-87.353108, 40.215923], [-87.347925, 40.216802], [-87.344763, 40.221711], [-87.337865, 40.223866], [-87.328539, 40.235396], [-87.319104, 40.24047], [-87.314476, 40.248311], [-87.303954, 40.25395], [-87.295296, 40.256324], [-87.281279, 40.278528], [-87.275564, 40.28372], [-87.264676, 40.288001], [-87.249683, 40.299146], [-87.247847, 40.306692], [-87.245787, 40.308846], [-87.234101, 40.31074], [-87.206302, 40.322429], [-87.187611, 40.326397], [-87.173323, 40.333963], [-87.158508, 40.336083], [-87.154146, 40.334721], [-87.134599, 40.339266], [-87.106259, 40.354859], [-87.104066, 40.36074], [-87.097317, 40.36635], [-87.092148, 40.366612], [-87.092142, 40.039019], [-87.090008, 39.952995]]]}}, {"type": "Feature", "properties": {"name": "Tipton County", "students": 0, "suppressed": false, "pop": 2241, "acsPriv": 358, "seats": 0}, "geometry": {"type": "Polygon", "coordinates": [[[-85.861903, 40.218936], [-86.242743, 40.215834], [-86.242812, 40.402914], [-85.862117, 40.406889], [-85.861263, 40.305696], [-85.860242, 40.305696], [-85.861903, 40.218936]]]}}, {"type": "Feature", "properties": {"name": "Crawford County", "students": 0, "suppressed": false, "pop": 1628, "acsPriv": 177, "seats": 0}, "geometry": {"type": "Polygon", "coordinates": [[[-86.46198, 38.140369], [-86.460425, 38.206825], [-86.571675, 38.207529], [-86.570136, 38.266328], [-86.679511, 38.263086], [-86.681424, 38.394767], [-86.499985, 38.396567], [-86.308868, 38.394069], [-86.308674, 38.422875], [-86.255045, 38.422685], [-86.260129, 38.414314], [-86.264816, 38.41087], [-86.257967, 38.410012], [-86.251716, 38.406132], [-86.253041, 38.401886], [-86.250703, 38.397891], [-86.251417, 38.395642], [-86.255712, 38.394881], [-86.259906, 38.398168], [-86.261261, 38.394419], [-86.251208, 38.391514], [-86.245528, 38.387987], [-86.251735, 38.383071], [-86.255376, 38.384864], [-86.255875, 38.389446], [-86.258976, 38.389375], [-86.261159, 38.38097], [-86.257425, 38.369482], [-86.258048, 38.366831], [-86.248137, 38.363271], [-86.248196, 38.360678], [-86.25281, 38.355711], [-86.247035, 38.349764], [-86.250781, 38.348464], [-86.253551, 38.352273], [-86.261924, 38.356252], [-86.265003, 38.362005], [-86.271063, 38.361121], [-86.273706, 38.355837], [-86.281798, 38.349081], [-86.275142, 38.349515], [-86.271472, 38.342036], [-86.276557, 38.339366], [-86.273667, 38.329691], [-86.277119, 38.326936], [-86.273676, 38.324447], [-86.273474, 38.321105], [-86.276775, 38.32037], [-86.280807, 38.322545], [-86.283185, 38.330895], [-86.285314, 38.331987], [-86.287348, 38.328488], [-86.283222, 38.324182], [-86.284786, 38.320742], [-86.289724, 38.31652], [-86.276218, 38.30854], [-86.276013, 38.306319], [-86.278417, 38.303012], [-86.276688, 38.300713], [-86.274589, 38.300835], [-86.269594, 38.307942], [-86.265067, 38.308518], [-86.259348, 38.30614], [-86.259354, 38.304754], [-86.264795, 38.303228], [-86.264873, 38.295168], [-86.260434, 38.29694], [-86.255122, 38.296499], [-86.252839, 38.292978], [-86.255705, 38.289429], [-86.257004, 38.284011], [-86.260366, 38.283681], [-86.265547, 38.286246], [-86.269301, 38.278453], [-86.277069, 38.286476], [-86.280521, 38.284587], [-86.274762, 38.279956], [-86.276956, 38.227126], [-86.284282, 38.220693], [-86.293301, 38.224579], [-86.298119, 38.220921], [-86.297432, 38.218193], [-86.288647, 38.21356], [-86.289395, 38.210899], [-86.295082, 38.209066], [-86.289721, 38.202027], [-86.293905, 38.201448], [-86.295269, 38.20374], [-86.307641, 38.201636], [-86.310558, 38.189311], [-86.317045, 38.189386], [-86.318196, 38.188104], [-86.31522, 38.18456], [-86.309963, 38.181841], [-86.312786, 38.178126], [-86.317322, 38.178143], [-86.325697, 38.182661], [-86.3312, 38.182394], [-86.347401, 38.195112], [-86.357717, 38.198807], [-86.364124, 38.198355], [-86.372065, 38.194956], [-86.377611, 38.187225], [-86.377915, 38.173172], [-86.372331, 38.164606], [-86.363139, 38.160861], [-86.342459, 38.158742], [-86.325874, 38.154029], [-86.321133, 38.146586], [-86.32512, 38.136339], [-86.330547, 38.130878], [-86.338671, 38.127882], [-86.375083, 38.130638], [-86.380768, 38.129018], [-86.389316, 38.122292], [-86.396463, 38.106891], [-86.401879, 38.104329], [-86.404568, 38.105178], [-86.416993, 38.116741], [-86.432344, 38.126336], [-86.448991, 38.127321], [-86.455742, 38.125031], [-86.461023, 38.121097], [-86.46198, 38.140369]]]}}, {"type": "Feature", "properties": {"name": "Switzerland County", "students": 0, "suppressed": false, "pop": 1784, "acsPriv": 261, "seats": 0}, "geometry": {"type": "Polygon", "coordinates": [[[-84.99308, 38.777919], [-85.012247, 38.765976], [-85.027843, 38.758891], [-85.040366, 38.755436], [-85.052446, 38.748142], [-85.073036, 38.74104], [-85.102014, 38.726297], [-85.107389, 38.72077], [-85.13199, 38.702916], [-85.149755, 38.694383], [-85.173161, 38.688007], [-85.188871, 38.687585], [-85.19124, 38.689313], [-85.20145, 38.691038], [-85.203522, 38.792245], [-85.202849, 38.928523], [-85.135832, 38.929578], [-85.140312, 38.903194], [-84.870623, 38.900906], [-84.861874, 38.897752], [-84.830366, 38.897245], [-84.81216, 38.89498], [-84.793159, 38.887418], [-84.785483, 38.880894], [-84.784535, 38.875082], [-84.785735, 38.86996], [-84.791524, 38.859974], [-84.803747, 38.850433], [-84.823645, 38.838921], [-84.829856, 38.830766], [-84.829976, 38.825714], [-84.827576, 38.819586], [-84.813991, 38.800217], [-84.811599, 38.79196], [-84.812534, 38.786729], [-84.814672, 38.784505], [-84.828857, 38.783271], [-84.855598, 38.789996], [-84.887421, 38.794831], [-84.894137, 38.793713], [-84.915604, 38.784045], [-84.941119, 38.775688], [-84.979313, 38.779168], [-84.99308, 38.777919]]]}}, {"type": "Feature", "properties": {"name": "Delaware County", "students": 251, "suppressed": true, "pop": 15103, "acsPriv": 1507, "seats": 139}, "geometry": {"type": "Polygon", "coordinates": [[[-85.575851, 40.24735], [-85.578589, 40.379524], [-85.331737, 40.378222], [-85.220027, 40.379182], [-85.214386, 40.076889], [-85.576197, 40.077143], [-85.575851, 40.24735]]]}}, {"type": "Feature", "properties": {"name": "Spencer County", "students": 135, "suppressed": true, "pop": 3355, "acsPriv": 316, "seats": 0}, "geometry": {"type": "Polygon", "coordinates": [[[-86.90727, 37.942999], [-86.918922, 37.936837], [-86.926973, 37.93503], [-86.967579, 37.932691], [-86.966743, 37.933483], [-86.97618, 37.931112], [-87.009975, 37.919893], [-87.035174, 37.905466], [-87.041756, 37.899175], [-87.045878, 37.892646], [-87.046059, 37.887709], [-87.043051, 37.877956], [-87.04324, 37.868368], [-87.049233, 37.853995], [-87.056664, 37.827531], [-87.065414, 37.807614], [-87.071533, 37.799818], [-87.08731, 37.789047], [-87.105986, 37.783062], [-87.116216, 37.782428], [-87.129363, 37.785991], [-87.133941, 37.792718], [-87.135855, 37.803895], [-87.141115, 37.815518], [-87.154689, 37.834186], [-87.161704, 37.839764], [-87.168991, 37.842129], [-87.175836, 37.841017], [-87.202334, 37.844199], [-87.219664, 37.848752], [-87.2555, 37.867802], [-87.268995, 37.878026], [-87.26795, 37.925172], [-87.240918, 37.952269], [-87.231544, 37.948404], [-87.233053, 37.950717], [-87.230893, 37.951803], [-87.23147, 37.955768], [-87.227876, 37.956005], [-87.229575, 37.957437], [-87.228073, 37.961501], [-87.230182, 37.965461], [-87.226264, 37.971212], [-87.213471, 37.97622], [-87.20727, 37.981485], [-87.196218, 37.987454], [-87.185803, 37.996518], [-87.183344, 38.002621], [-87.180035, 38.000613], [-87.175894, 38.002662], [-87.175675, 38.006921], [-87.181269, 38.007491], [-87.183008, 38.010552], [-87.17282, 38.009796], [-87.169417, 38.011831], [-87.170409, 38.016414], [-87.169167, 38.018185], [-87.157811, 38.016949], [-87.153598, 38.019496], [-87.152617, 38.022307], [-87.153943, 38.025372], [-87.157517, 38.026865], [-87.162451, 38.026497], [-87.166022, 38.028245], [-87.16632, 38.030054], [-87.16019, 38.032927], [-87.156516, 38.029988], [-87.154082, 38.032213], [-87.153875, 38.035444], [-87.156577, 38.037873], [-87.15661, 38.040588], [-87.151082, 38.046491], [-87.153495, 38.053588], [-87.148771, 38.058638], [-87.132987, 38.055006], [-87.13208, 38.050592], [-87.125021, 38.043866], [-87.115114, 38.047127], [-87.102604, 38.046523], [-87.099572, 38.0486], [-87.09479, 38.048418], [-87.09394, 38.050561], [-87.089565, 38.048904], [-87.088432, 38.052725], [-87.090897, 38.055152], [-87.094461, 38.054403], [-87.093684, 38.055981], [-87.097718, 38.056749], [-87.097919, 38.059328], [-87.092449, 38.07076], [-87.091797, 38.078162], [-87.088423, 38.0816], [-87.088776, 38.084087], [-87.085333, 38.088808], [-87.082239, 38.089847], [-87.082254, 38.093911], [-87.079244, 38.093911], [-87.074725, 38.097058], [-87.073526, 38.100735], [-87.076236, 38.104005], [-87.075057, 38.106132], [-87.07233, 38.1069], [-87.072339, 38.112867], [-87.073947, 38.114299], [-87.072332, 38.11828], [-87.017453, 38.118301], [-87.01749, 38.20358], [-86.922901, 38.203028], [-86.864255, 38.205012], [-86.791497, 38.20513], [-86.791316, 38.180071], [-86.803569, 38.18143], [-86.802118, 38.176289], [-86.803822, 38.174948], [-86.801815, 38.172639], [-86.802824, 38.170544], [-86.798199, 38.167908], [-86.799633, 38.162874], [-86.795363, 38.157199], [-86.797814, 38.156123], [-86.798942, 38.152009], [-86.801357, 38.152287], [-86.800918, 38.149733], [-86.803111, 38.147075], [-86.804805, 38.147485], [-86.806281, 38.142961], [-86.800424, 38.1396], [-86.799553, 38.13662], [-86.803, 38.134596], [-86.797554, 38.130653], [-86.798526, 38.12863], [-86.794963, 38.125869], [-86.795016, 38.123544], [-86.807235, 38.117953], [-86.804916, 38.117368], [-86.803982, 38.11318], [-86.80095, 38.110527], [-86.795934, 38.1135], [-86.796835, 38.11521], [-86.79421, 38.114927], [-86.795048, 38.116775], [-86.792641, 38.11679], [-86.789827, 38.11142], [-86.786855, 38.112606], [-86.784425, 38.110364], [-86.788433, 38.105621], [-86.785115, 38.104028], [-86.785027, 38.102512], [-86.783403, 38.104262], [-86.782941, 38.102047], [-86.78004, 38.101595], [-86.77317, 38.105576], [-86.772782, 38.10201], [-86.76861, 38.102794], [-86.769449, 38.095876], [-86.767008, 38.093309], [-86.769419, 38.09081], [-86.769328, 38.086808], [-86.772722, 38.087531], [-86.772691, 38.083422], [-86.780759, 38.078443], [-86.775413, 38.072162], [-86.771649, 38.063813], [-86.768045, 38.060507], [-86.768924, 38.059072], [-86.764974, 38.058598], [-86.77573, 38.052189], [-86.780611, 38.053043], [-86.778766, 38.049692], [-86.782628, 38.048438], [-86.779197, 38.047472], [-86.779681, 38.04388], [-86.78178, 38.04239], [-86.783255, 38.044112], [-86.786976, 38.040745], [-86.78515, 38.038561], [-86.780204, 38.040305], [-86.77971, 38.037619], [-86.783088, 38.036199], [-86.779047, 38.035599], [-86.776947, 38.030753], [-86.774924, 38.034012], [-86.766959, 38.029707], [-86.780079, 38.028716], [-86.781994, 38.026348], [-86.78042, 38.02442], [-86.775784, 38.024042], [-86.775623, 38.013198], [-86.778374, 38.010328], [-86.774342, 38.010328], [-86.774209, 38.006566], [-86.771275, 38.001363], [-86.771896, 37.998868], [-86.77588, 37.998186], [-86.78682, 38.000682], [-86.790518, 38.003628], [-86.791724, 38.009233], [-86.796405, 38.014794], [-86.800288, 38.015068], [-86.802448, 38.013201], [-86.801508, 38.008112], [-86.808271, 38.000945], [-86.81324, 37.998787], [-86.824347, 37.998752], [-86.832764, 37.994685], [-86.852148, 37.98902], [-86.860914, 37.984368], [-86.885814, 37.963619], [-86.892021, 37.955869], [-86.90727, 37.942999]]]}}, {"type": "Feature", "properties": {"name": "Kosciusko County", "students": 467, "suppressed": true, "pop": 14106, "acsPriv": 1830, "seats": 440}, "geometry": {"type": "Polygon", "coordinates": [[[-85.795814, 41.043588], [-86.018664, 41.041878], [-86.018414, 41.086118], [-86.075939, 41.084878], [-86.077551, 41.172868], [-86.054047, 41.173147], [-86.05923, 41.435812], [-85.817149, 41.434909], [-85.653507, 41.436856], [-85.651193, 41.265647], [-85.652715, 41.178489], [-85.686574, 41.178376], [-85.684181, 41.046716], [-85.795814, 41.043588]]]}}, {"type": "Feature", "properties": {"name": "Boone County", "students": 383, "suppressed": false, "pop": 14441, "acsPriv": 1214, "seats": 708}, "geometry": {"type": "Polygon", "coordinates": [[[-86.359962, 39.923999], [-86.695071, 39.92277], [-86.695804, 40.178657], [-86.431094, 40.176998], [-86.242365, 40.180778], [-86.240736, 39.926062], [-86.359962, 39.923999]]]}}, {"type": "Feature", "properties": {"name": "Jay County", "students": 152, "suppressed": true, "pop": 3778, "acsPriv": 330, "seats": 202}, "geometry": {"type": "Polygon", "coordinates": [[[-84.802477, 40.572213], [-84.803672, 40.310093], [-85.218758, 40.306706], [-85.219901, 40.379034], [-85.206831, 40.379182], [-85.206508, 40.479373], [-85.200827, 40.479547], [-85.201146, 40.567242], [-84.802477, 40.572213]]]}}, {"type": "Feature", "properties": {"name": "Sullivan County", "students": 0, "suppressed": false, "pop": 2893, "acsPriv": 156, "seats": 0}, "geometry": {"type": "Polygon", "coordinates": [[[-87.240379, 39.259064], [-87.241067, 38.901591], [-87.522939, 38.90239], [-87.518008, 38.902705], [-87.516811, 38.904544], [-87.51848, 38.905836], [-87.524314, 38.905194], [-87.527295, 38.907215], [-87.526033, 38.913606], [-87.527715, 38.919232], [-87.526058, 38.921355], [-87.520634, 38.921665], [-87.518826, 38.923205], [-87.516658, 38.93348], [-87.521765, 38.941117], [-87.513598, 38.948795], [-87.512187, 38.954417], [-87.524335, 38.962964], [-87.529496, 38.971925], [-87.575605, 38.986166], [-87.578319, 38.988786], [-87.578019, 38.990647], [-87.574535, 38.991518], [-87.563966, 38.988802], [-87.560427, 38.992425], [-87.561976, 38.994198], [-87.568205, 38.993705], [-87.576565, 38.997027], [-87.579117, 39.001607], [-87.573761, 39.008684], [-87.569696, 39.019413], [-87.569875, 39.023105], [-87.575027, 39.034062], [-87.580373, 39.040707], [-87.57229, 39.050587], [-87.572588, 39.057286], [-87.578702, 39.061698], [-87.583546, 39.067947], [-87.591515, 39.073181], [-87.596373, 39.079639], [-87.601101, 39.081405], [-87.614171, 39.081784], [-87.620258, 39.086572], [-87.620387, 39.091522], [-87.614309, 39.097778], [-87.613996, 39.100995], [-87.615684, 39.103316], [-87.638585, 39.105894], [-87.64707, 39.104268], [-87.652796, 39.106839], [-87.655042, 39.110921], [-87.652083, 39.115543], [-87.650434, 39.116495], [-87.640761, 39.114372], [-87.635903, 39.118329], [-87.635019, 39.122124], [-87.64217, 39.123212], [-87.643145, 39.128562], [-87.655239, 39.132283], [-87.658694, 39.137311], [-87.653201, 39.143993], [-87.652782, 39.149435], [-87.642175, 39.157097], [-87.637443, 39.156773], [-87.633348, 39.153068], [-87.627713, 39.154906], [-87.629377, 39.158023], [-87.640856, 39.159867], [-87.641806, 39.16374], [-87.637934, 39.168428], [-87.619618, 39.170975], [-87.621436, 39.181943], [-87.619603, 39.186032], [-87.613064, 39.18418], [-87.606293, 39.18513], [-87.601631, 39.192493], [-87.594151, 39.194932], [-87.585725, 39.200396], [-87.584977, 39.205276], [-87.577029, 39.211123], [-87.575601, 39.213837], [-87.574615, 39.223931], [-87.579319, 39.243552], [-87.572088, 39.247825], [-87.57238, 39.253669], [-87.576836, 39.255458], [-87.582387, 39.254764], [-87.587507, 39.249282], [-87.592394, 39.247146], [-87.604141, 39.259458], [-87.240379, 39.259064]]]}}, {"type": "Feature", "properties": {"name": "White County", "students": 0, "suppressed": false, "pop": 4297, "acsPriv": 294, "seats": 0}, "geometry": {"type": "Polygon", "coordinates": [[[-86.581739, 40.735765], [-86.747764, 40.73754], [-86.752676, 40.733866], [-86.757283, 40.727002], [-86.756286, 40.721606], [-86.748202, 40.718739], [-86.747273, 40.717142], [-86.758687, 40.710203], [-86.759549, 40.702809], [-86.761936, 40.700094], [-86.761373, 40.697925], [-86.755833, 40.695234], [-86.754372, 40.68977], [-86.748705, 40.688404], [-86.753466, 40.686589], [-86.755393, 40.683269], [-86.760732, 40.68222], [-86.762176, 40.67952], [-86.758589, 40.676977], [-86.751239, 40.67754], [-86.748587, 40.678161], [-86.744243, 40.682473], [-86.742266, 40.679593], [-86.745449, 40.674622], [-86.756906, 40.669379], [-86.758301, 40.664282], [-86.77423, 40.664026], [-86.773852, 40.649191], [-86.772609, 40.649187], [-86.771293, 40.562082], [-86.911266, 40.561327], [-87.095357, 40.562895], [-87.097761, 40.666737], [-87.096729, 40.736379], [-87.09839, 40.736541], [-87.099793, 40.837607], [-86.986438, 40.837921], [-86.987438, 40.912177], [-86.581532, 40.910925], [-86.580347, 40.826327], [-86.581739, 40.735765]]]}}, {"type": "Feature", "properties": {"name": "Noble County", "students": 304, "suppressed": true, "pop": 8443, "acsPriv": 1063, "seats": 329}, "geometry": {"type": "Polygon", "coordinates": [[[-85.654747, 41.523347], [-85.194066, 41.526416], [-85.193559, 41.321947], [-85.192094, 41.264209], [-85.53718, 41.266157], [-85.536288, 41.295241], [-85.651928, 41.294776], [-85.654747, 41.523347]]]}}, {"type": "Feature", "properties": {"name": "Clay County", "students": 0, "suppressed": false, "pop": 4473, "acsPriv": 409, "seats": 0}, "geometry": {"type": "Polygon", "coordinates": [[[-87.053646, 39.342621], [-87.054578, 39.168086], [-87.240737, 39.171773], [-87.238964, 39.52062], [-87.200107, 39.519858], [-87.199012, 39.607137], [-87.013062, 39.604787], [-87.014727, 39.47378], [-86.939981, 39.473345], [-86.942409, 39.429356], [-86.942473, 39.342043], [-87.053646, 39.342621]]]}}, {"type": "Feature", "properties": {"name": "Jennings County", "students": 168, "suppressed": false, "pop": 4838, "acsPriv": 747, "seats": 235}, "geometry": {"type": "Polygon", "coordinates": [[[-85.5382, 38.912217], [-85.537431, 38.88278], [-85.573806, 38.882658], [-85.573776, 38.853745], [-85.610999, 38.853769], [-85.610595, 38.824247], [-85.628847, 38.824139], [-85.628855, 38.817583], [-85.638403, 38.817597], [-85.63844, 38.824182], [-85.68384, 38.823955], [-85.683839, 38.815406], [-85.694663, 38.81747], [-85.697735, 38.814632], [-85.698992, 38.815479], [-85.698525, 38.817814], [-85.702825, 38.816463], [-85.70575, 38.818797], [-85.705869, 38.823809], [-85.710258, 38.827516], [-85.715524, 38.828224], [-85.719152, 38.826232], [-85.718565, 38.823463], [-85.723187, 38.823027], [-85.726554, 38.824514], [-85.72676, 38.826963], [-85.733191, 38.831812], [-85.735363, 38.829981], [-85.730885, 38.827076], [-85.730854, 38.824604], [-85.742318, 38.818694], [-85.745098, 38.819471], [-85.744506, 38.821763], [-85.74667, 38.822912], [-85.74831, 38.819326], [-85.747033, 38.815411], [-85.749518, 38.815405], [-85.751268, 38.820177], [-85.75393, 38.820774], [-85.75829, 38.818831], [-85.757562, 38.814756], [-85.762009, 38.813683], [-85.763822, 38.815514], [-85.767684, 38.815379], [-85.769208, 38.810962], [-85.771783, 38.809384], [-85.776168, 38.812956], [-85.779825, 38.812568], [-85.783425, 38.807145], [-85.789216, 38.806986], [-85.790649, 38.808657], [-85.795357, 38.807508], [-85.799834, 39.128897], [-85.56632, 39.132761], [-85.440054, 39.195617], [-85.444658, 39.000659], [-85.444897, 38.912998], [-85.5382, 38.912217]]]}}, {"type": "Feature", "properties": {"name": "Daviess County", "students": 232, "suppressed": true, "pop": 7112, "acsPriv": 2118, "seats": 299}, "geometry": {"type": "Polygon", "coordinates": [[[-87.147554, 38.865837], [-87.143709, 38.867361], [-87.132282, 38.859333], [-87.127234, 38.858893], [-87.127444, 38.862748], [-87.133064, 38.863826], [-87.133055, 38.867831], [-87.135491, 38.872803], [-87.13096, 38.875262], [-87.127719, 38.870588], [-87.12411, 38.869437], [-87.121535, 38.870567], [-87.119894, 38.873832], [-87.123573, 38.877715], [-87.125659, 38.883346], [-87.129913, 38.884188], [-87.12938, 38.889102], [-87.124404, 38.891025], [-87.118113, 38.886873], [-87.113862, 38.887663], [-87.113975, 38.890642], [-87.122567, 38.894959], [-87.12301, 38.896686], [-87.120832, 38.8989], [-87.116155, 38.898626], [-87.114054, 38.894663], [-87.111885, 38.893942], [-87.108408, 38.89467], [-87.107017, 38.898843], [-87.103733, 38.901129], [-87.096684, 38.896723], [-87.090912, 38.898412], [-87.09137, 38.901594], [-87.098771, 38.903974], [-87.031529, 38.902434], [-86.904252, 38.904204], [-86.904227, 38.817511], [-86.922943, 38.817238], [-86.924186, 38.505358], [-86.936589, 38.504262], [-86.940208, 38.499711], [-86.939774, 38.495023], [-86.942612, 38.492513], [-86.947663, 38.490453], [-86.955398, 38.491706], [-86.956217, 38.503439], [-86.965736, 38.504545], [-86.977992, 38.502388], [-86.995219, 38.513553], [-87.002412, 38.508543], [-87.006512, 38.50859], [-87.012329, 38.512256], [-87.017898, 38.508627], [-87.023427, 38.507225], [-87.02884, 38.508723], [-87.033151, 38.51218], [-87.045073, 38.510865], [-87.049836, 38.508451], [-87.055016, 38.502298], [-87.061628, 38.500818], [-87.064783, 38.502541], [-87.070406, 38.513916], [-87.075084, 38.514981], [-87.083153, 38.511914], [-87.086704, 38.512846], [-87.086875, 38.515475], [-87.081835, 38.520675], [-87.092495, 38.522645], [-87.097063, 38.531108], [-87.107653, 38.537705], [-87.118277, 38.535225], [-87.119741, 38.532208], [-87.119169, 38.527045], [-87.12322, 38.525102], [-87.127112, 38.52584], [-87.129997, 38.529285], [-87.135492, 38.531922], [-87.13911, 38.526272], [-87.135367, 38.519153], [-87.149961, 38.515615], [-87.156193, 38.518928], [-87.153955, 38.526025], [-87.155986, 38.528649], [-87.162344, 38.532431], [-87.170279, 38.531842], [-87.17369, 38.541662], [-87.182473, 38.547582], [-87.2055, 38.552094], [-87.210183, 38.549622], [-87.214643, 38.542985], [-87.220945, 38.538829], [-87.235475, 38.544975], [-87.242097, 38.54493], [-87.241795, 38.547437], [-87.237435, 38.552387], [-87.246673, 38.557005], [-87.248328, 38.559539], [-87.247192, 38.560651], [-87.239222, 38.560123], [-87.237258, 38.563122], [-87.239118, 38.565559], [-87.247906, 38.570015], [-87.24716, 38.571442], [-87.239665, 38.573472], [-87.237832, 38.575721], [-87.23757, 38.581037], [-87.238459, 38.582267], [-87.246215, 38.582377], [-87.249384, 38.586889], [-87.249065, 38.590266], [-87.2451, 38.595582], [-87.248586, 38.599551], [-87.241045, 38.600992], [-87.239089, 38.603507], [-87.241093, 38.605307], [-87.245381, 38.603679], [-87.246928, 38.607729], [-87.255275, 38.612364], [-87.254231, 38.614072], [-87.249649, 38.615064], [-87.244358, 38.610332], [-87.238824, 38.610548], [-87.238584, 38.6145], [-87.240839, 38.618526], [-87.248958, 38.625597], [-87.252958, 38.631454], [-87.249057, 38.635668], [-87.240629, 38.632128], [-87.235982, 38.635052], [-87.242071, 38.637414], [-87.243506, 38.644177], [-87.250013, 38.645171], [-87.252235, 38.647682], [-87.251928, 38.651616], [-87.249725, 38.652996], [-87.241195, 38.64756], [-87.239158, 38.647732], [-87.240726, 38.653089], [-87.238671, 38.658879], [-87.241563, 38.6606], [-87.250736, 38.654365], [-87.255266, 38.654761], [-87.258544, 38.661991], [-87.246912, 38.673271], [-87.245984, 38.677884], [-87.250028, 38.678913], [-87.252326, 38.676926], [-87.256979, 38.665953], [-87.258896, 38.666214], [-87.261219, 38.667553], [-87.261314, 38.671526], [-87.26316, 38.674248], [-87.273424, 38.681149], [-87.272461, 38.683259], [-87.264011, 38.684404], [-87.26109, 38.686689], [-87.273014, 38.689191], [-87.279415, 38.692558], [-87.279173, 38.693938], [-87.267357, 38.700263], [-87.269632, 38.708427], [-87.264452, 38.711001], [-87.262679, 38.715651], [-87.257043, 38.718863], [-87.257118, 38.721784], [-87.262338, 38.728403], [-87.261677, 38.733119], [-87.25922, 38.73382], [-87.258356, 38.729893], [-87.25451, 38.730171], [-87.252674, 38.726551], [-87.248726, 38.726078], [-87.247031, 38.727318], [-87.2474, 38.729761], [-87.254616, 38.732123], [-87.254483, 38.735654], [-87.247999, 38.742157], [-87.241292, 38.74044], [-87.238103, 38.742312], [-87.244661, 38.744741], [-87.24493, 38.748736], [-87.253006, 38.755273], [-87.251862, 38.758058], [-87.2479, 38.758232], [-87.243872, 38.750047], [-87.239047, 38.749866], [-87.242959, 38.75362], [-87.244601, 38.758244], [-87.243708, 38.761703], [-87.239295, 38.766664], [-87.243153, 38.768839], [-87.250012, 38.765152], [-87.254606, 38.764852], [-87.257788, 38.768599], [-87.256957, 38.776622], [-87.254077, 38.779395], [-87.242858, 38.779172], [-87.24046, 38.781175], [-87.239866, 38.787673], [-87.242729, 38.797888], [-87.240888, 38.801539], [-87.2466, 38.807701], [-87.243859, 38.809995], [-87.239915, 38.819264], [-87.233885, 38.816616], [-87.238727, 38.813867], [-87.237962, 38.811244], [-87.234939, 38.811062], [-87.231461, 38.813581], [-87.226737, 38.812331], [-87.228719, 38.806407], [-87.227275, 38.804178], [-87.224681, 38.804884], [-87.220754, 38.811386], [-87.215556, 38.811842], [-87.215094, 38.814395], [-87.218883, 38.821609], [-87.216054, 38.823644], [-87.210995, 38.820901], [-87.212651, 38.8075], [-87.210482, 38.807343], [-87.208159, 38.811631], [-87.203083, 38.815145], [-87.205338, 38.820802], [-87.203667, 38.825598], [-87.19794, 38.824321], [-87.195367, 38.815388], [-87.192243, 38.814688], [-87.18954, 38.820175], [-87.189807, 38.82316], [-87.197192, 38.826562], [-87.196341, 38.830707], [-87.191551, 38.83089], [-87.18798, 38.825196], [-87.185891, 38.82812], [-87.186034, 38.834581], [-87.182146, 38.834185], [-87.175927, 38.829371], [-87.171509, 38.83109], [-87.174641, 38.835638], [-87.172822, 38.838244], [-87.174308, 38.84064], [-87.185098, 38.843434], [-87.18527, 38.846634], [-87.183633, 38.847439], [-87.174762, 38.844792], [-87.16925, 38.846943], [-87.164257, 38.844543], [-87.15482, 38.843191], [-87.14932, 38.83838], [-87.144728, 38.839541], [-87.140574, 38.843513], [-87.142288, 38.84709], [-87.139521, 38.850239], [-87.143413, 38.853964], [-87.14101, 38.860281], [-87.147554, 38.865837]]]}}, {"type": "Feature", "properties": {"name": "DeKalb County", "students": 676, "suppressed": false, "pop": 7804, "acsPriv": 986, "seats": 0}, "geometry": {"type": "Polygon", "coordinates": [[[-84.804687, 41.530134], [-84.803592, 41.270933], [-85.192094, 41.264209], [-85.193559, 41.321947], [-85.194084, 41.526437], [-84.804687, 41.530134]]]}}, {"type": "Feature", "properties": {"name": "Howard County", "students": 366, "suppressed": true, "pop": 14160, "acsPriv": 927, "seats": 486}, "geometry": {"type": "Polygon", "coordinates": [[[-85.862117, 40.406889], [-86.242812, 40.402914], [-86.242992, 40.373661], [-86.280755, 40.373734], [-86.280829, 40.388339], [-86.309325, 40.388372], [-86.309249, 40.431712], [-86.375762, 40.431851], [-86.374417, 40.561361], [-85.863641, 40.565525], [-85.862117, 40.406889]]]}}, {"type": "Feature", "properties": {"name": "Pike County", "students": 0, "suppressed": false, "pop": 2019, "acsPriv": 59, "seats": 0}, "geometry": {"type": "Polygon", "coordinates": [[[-87.323962, 38.524044], [-87.307788, 38.518839], [-87.302302, 38.510426], [-87.288884, 38.51156], [-87.271024, 38.522125], [-87.255884, 38.526585], [-87.254477, 38.528462], [-87.254253, 38.536142], [-87.247608, 38.543562], [-87.237629, 38.545549], [-87.220945, 38.538829], [-87.214643, 38.542985], [-87.210183, 38.549622], [-87.20347, 38.552238], [-87.185417, 38.548513], [-87.175497, 38.543954], [-87.172457, 38.53862], [-87.171509, 38.532771], [-87.162344, 38.532431], [-87.154714, 38.527381], [-87.154189, 38.524162], [-87.156193, 38.518928], [-87.151473, 38.51587], [-87.142569, 38.516542], [-87.135367, 38.519153], [-87.13911, 38.526272], [-87.135492, 38.531922], [-87.129997, 38.529285], [-87.127112, 38.52584], [-87.12322, 38.525102], [-87.119169, 38.527045], [-87.119741, 38.532208], [-87.118277, 38.535225], [-87.107653, 38.537705], [-87.097063, 38.531108], [-87.092495, 38.522645], [-87.081835, 38.520675], [-87.086875, 38.515475], [-87.086704, 38.512846], [-87.083153, 38.511914], [-87.07684, 38.514639], [-87.072369, 38.5147], [-87.073067, 38.232596], [-87.199983, 38.231036], [-87.298388, 38.231671], [-87.298264, 38.246022], [-87.316893, 38.246077], [-87.31593, 38.375048], [-87.317677, 38.375394], [-87.316806, 38.377258], [-87.317947, 38.378959], [-87.315739, 38.380787], [-87.319153, 38.383066], [-87.320384, 38.377327], [-87.324316, 38.377866], [-87.325582, 38.379312], [-87.322711, 38.381303], [-87.324072, 38.38366], [-87.326568, 38.382203], [-87.327703, 38.377785], [-87.3294, 38.378275], [-87.330889, 38.381739], [-87.333916, 38.37908], [-87.338664, 38.381833], [-87.339687, 38.3788], [-87.341605, 38.379836], [-87.341462, 38.383132], [-87.337418, 38.384659], [-87.34033, 38.38725], [-87.344391, 38.382416], [-87.349944, 38.381906], [-87.350725, 38.383606], [-87.347675, 38.385946], [-87.352338, 38.385516], [-87.357244, 38.387894], [-87.357647, 38.382413], [-87.362033, 38.37991], [-87.364486, 38.38175], [-87.364041, 38.379001], [-87.367918, 38.379265], [-87.370031, 38.376907], [-87.371976, 38.37729], [-87.371163, 38.380035], [-87.372551, 38.38167], [-87.374956, 38.380338], [-87.374394, 38.377172], [-87.376528, 38.377137], [-87.379841, 38.38347], [-87.382171, 38.38123], [-87.381401, 38.379571], [-87.385642, 38.378515], [-87.385348, 38.3754], [-87.388517, 38.377268], [-87.386911, 38.380161], [-87.387893, 38.383028], [-87.393472, 38.381915], [-87.391939, 38.377272], [-87.393396, 38.376302], [-87.396391, 38.375975], [-87.397527, 38.380564], [-87.398805, 38.379565], [-87.39817, 38.374647], [-87.40289, 38.374524], [-87.403192, 38.377284], [-87.407583, 38.375501], [-87.407327, 38.43632], [-87.444549, 38.436125], [-87.444503, 38.465489], [-87.462486, 38.46561], [-87.462892, 38.533519], [-87.445597, 38.532613], [-87.435986, 38.52837], [-87.432118, 38.530515], [-87.431842, 38.538348], [-87.425463, 38.540684], [-87.422491, 38.538826], [-87.422572, 38.53196], [-87.420283, 38.528891], [-87.411279, 38.526545], [-87.409007, 38.528581], [-87.40901, 38.537727], [-87.406214, 38.54044], [-87.403249, 38.541404], [-87.393997, 38.538673], [-87.385605, 38.538419], [-87.380111, 38.533882], [-87.381389, 38.517863], [-87.377446, 38.513857], [-87.369667, 38.512153], [-87.36432, 38.516009], [-87.361416, 38.523061], [-87.36214, 38.525937], [-87.369273, 38.534571], [-87.36993, 38.539228], [-87.366157, 38.543348], [-87.358641, 38.54416], [-87.351833, 38.542247], [-87.337347, 38.531475], [-87.323962, 38.524044]]]}}, {"type": "Feature", "properties": {"name": "Dearborn County", "students": 236, "suppressed": true, "pop": 8394, "acsPriv": 609, "seats": 326}, "geometry": {"type": "Polygon", "coordinates": [[[-84.930271, 39.008528], [-84.936533, 39.005095], [-84.938316, 39.007084], [-84.943731, 39.007734], [-84.946477, 39.005392], [-84.944072, 39.000188], [-84.947186, 39.001192], [-84.946276, 38.998756], [-84.94769, 38.998181], [-84.953289, 38.999204], [-84.951783, 38.998334], [-84.953866, 38.994892], [-84.961159, 38.994657], [-84.964247, 38.997772], [-84.970084, 38.992386], [-84.983658, 38.997949], [-84.985151, 38.994929], [-84.991601, 38.994674], [-84.994154, 38.997511], [-84.99777, 38.996735], [-85.00194, 38.987439], [-85.000889, 38.98293], [-85.003564, 38.975221], [-85.005498, 38.975176], [-85.008602, 38.979182], [-85.019536, 38.982529], [-85.021617, 38.981156], [-85.024668, 38.974498], [-85.03569, 38.976309], [-85.041523, 38.975396], [-85.046947, 38.968967], [-85.051198, 38.966908], [-85.050847, 38.963522], [-85.046393, 38.960043], [-85.046072, 38.956679], [-85.054481, 38.959564], [-85.058203, 38.958099], [-85.058263, 38.949816], [-85.060109, 38.947986], [-85.066614, 38.950023], [-85.0672, 38.951922], [-85.064563, 38.954942], [-85.068079, 38.957139], [-85.07013, 38.956475], [-85.072034, 38.948123], [-85.07684, 38.948375], [-85.082642, 38.952241], [-85.088904, 38.943119], [-85.093986, 38.940135], [-85.096344, 38.935446], [-85.103679, 38.940521], [-85.113723, 38.936146], [-85.118762, 38.937196], [-85.120877, 38.944425], [-85.118859, 38.948293], [-85.113353, 38.952803], [-85.114088, 38.956144], [-85.120916, 38.955843], [-85.124954, 38.950944], [-85.132508, 38.948055], [-85.065574, 39.307232], [-84.81945, 39.305153], [-84.820155, 39.105419], [-84.833409, 39.099861], [-84.862388, 39.077084], [-84.884617, 39.068366], [-84.893595, 39.062061], [-84.897371, 39.0574], [-84.896299, 39.052441], [-84.885774, 39.037661], [-84.880285, 39.034841], [-84.87765, 39.031189], [-84.888261, 39.023274], [-84.897075, 39.013757], [-84.898555, 39.013174], [-84.912999, 39.018854], [-84.920137, 39.013811], [-84.925776, 39.014342], [-84.930271, 39.008528]]]}}, {"type": "Feature", "properties": {"name": "Jackson County", "students": 995, "suppressed": false, "pop": 9103, "acsPriv": 1022, "seats": 740}, "geometry": {"type": "Polygon", "coordinates": [[[-86.318133, 39.04881], [-86.172763, 39.048547], [-86.080272, 39.05027], [-86.079844, 39.035903], [-85.860573, 39.04091], [-85.859219, 39.04444], [-85.862187, 39.046295], [-85.862447, 39.048919], [-85.85774, 39.04993], [-85.852882, 39.055483], [-85.847279, 39.05523], [-85.847428, 39.059454], [-85.842736, 39.061114], [-85.841638, 39.06325], [-85.838938, 39.062095], [-85.828264, 39.063587], [-85.824448, 39.06636], [-85.823303, 39.069497], [-85.820089, 39.068658], [-85.816973, 39.070888], [-85.813034, 39.068247], [-85.812661, 39.06985], [-85.805795, 39.070857], [-85.798804, 39.068536], [-85.795233, 38.812373], [-85.795357, 38.807508], [-85.800099, 38.80296], [-85.801972, 38.796574], [-85.804633, 38.795476], [-85.80725, 38.789377], [-85.804554, 38.779906], [-85.810575, 38.777414], [-85.81189, 38.779727], [-85.813642, 38.777691], [-85.819429, 38.776503], [-85.822287, 38.770574], [-85.825594, 38.769274], [-85.825364, 38.767393], [-85.829813, 38.764231], [-85.832348, 38.751819], [-85.836906, 38.751615], [-85.837838, 38.74792], [-85.843037, 38.745291], [-85.841624, 38.740475], [-85.843113, 38.73885], [-85.848166, 38.738297], [-85.847519, 38.734909], [-85.851434, 38.736303], [-85.854471, 38.734882], [-85.858294, 38.730026], [-85.861098, 38.731924], [-85.86571, 38.729403], [-85.86755, 38.730592], [-85.870879, 38.729537], [-85.871637, 38.728643], [-85.868772, 38.727019], [-85.869559, 38.726171], [-85.879647, 38.729397], [-85.880467, 38.72807], [-85.878656, 38.727039], [-85.880674, 38.725049], [-85.883927, 38.7273], [-85.882431, 38.730859], [-85.886089, 38.730352], [-85.887674, 38.731772], [-85.885986, 38.735013], [-85.889959, 38.733727], [-85.890137, 38.729997], [-85.894199, 38.730204], [-85.891886, 38.736543], [-85.895625, 38.73849], [-85.894894, 38.740069], [-85.896471, 38.74126], [-85.898721, 38.740529], [-85.900442, 38.742199], [-85.896907, 38.74419], [-85.898396, 38.747555], [-85.896263, 38.75049], [-85.900587, 38.753814], [-85.903043, 38.751824], [-85.906346, 38.752877], [-85.908919, 38.751161], [-85.91, 38.752855], [-85.908449, 38.756151], [-85.909677, 38.757112], [-85.911547, 38.756953], [-85.912543, 38.752673], [-85.90959, 38.748817], [-85.911139, 38.747353], [-85.915495, 38.751071], [-85.916283, 38.753978], [-85.918592, 38.754185], [-85.919529, 38.750551], [-85.915494, 38.747056], [-85.916663, 38.74566], [-85.924906, 38.750505], [-85.928004, 38.750661], [-85.928618, 38.75343], [-85.927185, 38.755971], [-85.936072, 38.755399], [-85.93803, 38.759449], [-85.936072, 38.761921], [-85.936861, 38.762905], [-85.944929, 38.759289], [-85.945279, 38.75517], [-85.948377, 38.753636], [-85.95054, 38.754093], [-85.952324, 38.757297], [-85.950424, 38.760845], [-85.957762, 38.76137], [-85.96171, 38.764047], [-85.966123, 38.761185], [-85.967874, 38.75512], [-85.976641, 38.752393], [-85.98015, 38.754887], [-85.979801, 38.758664], [-85.98559, 38.758249], [-85.985273, 38.76491], [-85.982204, 38.766742], [-85.984252, 38.768115], [-85.993343, 38.767286], [-85.996264, 38.764996], [-85.997781, 38.760899], [-86.004949, 38.760624], [-86.010944, 38.756713], [-86.016703, 38.757974], [-86.017432, 38.761087], [-86.015529, 38.765367], [-86.02114, 38.76752], [-86.025996, 38.762097], [-86.025619, 38.756352], [-86.026788, 38.755735], [-86.031843, 38.761321], [-86.042203, 38.761709], [-86.049607, 38.770394], [-86.062376, 38.778334], [-86.067011, 38.778099], [-86.074253, 38.774422], [-86.080944, 38.780509], [-86.091705, 38.783399], [-86.095506, 38.782891], [-86.098169, 38.780465], [-86.100656, 38.775061], [-86.099273, 38.768384], [-86.103262, 38.765527], [-86.107911, 38.767235], [-86.116429, 38.766982], [-86.134944, 38.762425], [-86.140185, 38.765435], [-86.153316, 38.768778], [-86.163576, 38.774832], [-86.167545, 38.772617], [-86.173608, 38.773381], [-86.178718, 38.776397], [-86.181722, 38.782401], [-86.184102, 38.783588], [-86.188697, 38.779444], [-86.186905, 38.777494], [-86.189881, 38.776626], [-86.195832, 38.777565], [-86.196973, 38.780747], [-86.199317, 38.782142], [-86.205499, 38.781814], [-86.202242, 38.775946], [-86.197424, 38.775414], [-86.197651, 38.773769], [-86.205297, 38.774033], [-86.208765, 38.779158], [-86.213161, 38.77938], [-86.215375, 38.777799], [-86.21413, 38.774414], [-86.215047, 38.772644], [-86.218736, 38.771134], [-86.220796, 38.772285], [-86.220384, 38.776595], [-86.224068, 38.779147], [-86.240821, 38.765912], [-86.249015, 38.768023], [-86.253442, 38.76352], [-86.257129, 38.763498], [-86.257741, 38.765042], [-86.254103, 38.770118], [-86.257117, 38.772006], [-86.26263, 38.769729], [-86.26405, 38.764948], [-86.270661, 38.76592], [-86.275281, 38.763795], [-86.280389, 38.991028], [-86.317474, 38.99087], [-86.318133, 39.04881]]]}}, {"type": "Feature", "properties": {"name": "Martin County", "students": 0, "suppressed": false, "pop": 1578, "acsPriv": 120, "seats": 0}, "geometry": {"type": "Polygon", "coordinates": [[[-86.682359, 38.526378], [-86.837462, 38.526468], [-86.836061, 38.5232], [-86.837336, 38.521543], [-86.84418, 38.51517], [-86.853386, 38.510167], [-86.866558, 38.507434], [-86.874196, 38.50367], [-86.878902, 38.49492], [-86.890891, 38.495502], [-86.900552, 38.50129], [-86.906973, 38.500232], [-86.91291, 38.495965], [-86.915681, 38.496237], [-86.922116, 38.499918], [-86.924186, 38.505358], [-86.922943, 38.817238], [-86.904227, 38.817511], [-86.904252, 38.904204], [-86.682853, 38.904697], [-86.684058, 38.761472], [-86.682359, 38.526378]]]}}, {"type": "Feature", "properties": {"name": "Wayne County", "students": 392, "suppressed": true, "pop": 10990, "acsPriv": 1229, "seats": 718}, "geometry": {"type": "Polygon", "coordinates": [[[-85.201473, 40.004521], [-84.893172, 40.005162], [-84.892846, 40.006357], [-84.810825, 40.005077], [-84.814373, 39.72662], [-84.96709, 39.726742], [-84.969515, 39.726802], [-84.969106, 39.728975], [-85.034408, 39.729263], [-85.034559, 39.714764], [-85.185089, 39.715515], [-85.183472, 39.788397], [-85.221118, 39.788449], [-85.220728, 39.873576], [-85.200945, 39.873799], [-85.201473, 40.004521]]]}}, {"type": "Feature", "properties": {"name": "Shelby County", "students": 137, "suppressed": true, "pop": 7515, "acsPriv": 748, "seats": 96}, "geometry": {"type": "Polygon", "coordinates": [[[-85.63063, 39.350205], [-85.952005, 39.347373], [-85.95322, 39.38352], [-85.952604, 39.435546], [-85.950937, 39.436091], [-85.952626, 39.625051], [-85.951721, 39.697136], [-85.76808, 39.699068], [-85.632505, 39.698455], [-85.632771, 39.611158], [-85.62907, 39.439033], [-85.63063, 39.350205]]]}}, {"type": "Feature", "properties": {"name": "Monroe County", "students": 829, "suppressed": true, "pop": 16475, "acsPriv": 2470, "seats": 1062}, "geometry": {"type": "Polygon", "coordinates": [[[-86.683002, 39.165746], [-86.68561, 39.336043], [-86.666329, 39.329145], [-86.663773, 39.334149], [-86.661122, 39.333475], [-86.658776, 39.330099], [-86.655507, 39.331476], [-86.655335, 39.339998], [-86.659288, 39.344749], [-86.658721, 39.34952], [-86.650479, 39.355702], [-86.641658, 39.3506], [-86.640379, 39.348273], [-86.634076, 39.348784], [-86.630818, 39.346948], [-86.630844, 39.340755], [-86.464896, 39.338291], [-86.381395, 39.339752], [-86.379937, 39.25108], [-86.372408, 39.250905], [-86.369246, 39.111933], [-86.370066, 39.048375], [-86.318133, 39.04881], [-86.317474, 38.99087], [-86.682277, 38.992404], [-86.683002, 39.165746]]]}}, {"type": "Feature", "properties": {"name": "Miami County", "students": 0, "suppressed": false, "pop": 5644, "acsPriv": 696, "seats": 0}, "geometry": {"type": "Polygon", "coordinates": [[[-85.863641, 40.565525], [-86.165024, 40.562649], [-86.166707, 40.674805], [-86.165635, 40.742047], [-86.168858, 40.743517], [-86.167515, 40.850686], [-86.169024, 40.910235], [-86.168459, 40.996097], [-85.946436, 40.999195], [-85.939525, 40.650991], [-85.864791, 40.651693], [-85.863641, 40.565525]]]}}, {"type": "Feature", "properties": {"name": "Madison County", "students": 1019, "suppressed": false, "pop": 21087, "acsPriv": 2540, "seats": 1138}, "geometry": {"type": "Polygon", "coordinates": [[[-85.576192, 39.945756], [-85.862489, 39.943618], [-85.863578, 40.132998], [-85.860242, 40.305696], [-85.861263, 40.305696], [-85.862296, 40.378367], [-85.578589, 40.379524], [-85.575541, 40.211184], [-85.576192, 39.945756]]]}}, {"type": "Feature", "properties": {"name": "Putnam County", "students": 0, "suppressed": false, "pop": 5438, "acsPriv": 691, "seats": 0}, "geometry": {"type": "Polygon", "coordinates": [[[-87.014533, 39.473572], [-87.009477, 39.866705], [-86.686843, 39.864842], [-86.687406, 39.630437], [-86.64164, 39.630064], [-86.644985, 39.627509], [-86.64316, 39.617734], [-86.64539, 39.614958], [-86.647766, 39.614564], [-86.647648, 39.610123], [-86.650002, 39.611116], [-86.65387, 39.607932], [-86.657015, 39.600735], [-86.655347, 39.596774], [-86.651942, 39.595694], [-86.651975, 39.594429], [-86.654152, 39.587741], [-86.658006, 39.585188], [-86.656898, 39.58324], [-86.659594, 39.579206], [-86.658555, 39.576298], [-86.65553, 39.574743], [-86.658737, 39.573104], [-86.65455, 39.570128], [-86.655539, 39.568723], [-86.654232, 39.564975], [-86.648319, 39.565874], [-86.651217, 39.563709], [-86.650036, 39.561247], [-86.653302, 39.559439], [-86.651407, 39.549992], [-86.653942, 39.551966], [-86.65816, 39.547423], [-86.66095, 39.546981], [-86.659843, 39.545079], [-86.662696, 39.543396], [-86.663255, 39.53938], [-86.666936, 39.53587], [-86.672729, 39.535429], [-86.670377, 39.533668], [-86.673779, 39.530777], [-86.672899, 39.529454], [-86.677214, 39.529998], [-86.678109, 39.527195], [-86.682793, 39.526537], [-86.682545, 39.523993], [-86.684434, 39.521716], [-86.687561, 39.521902], [-86.687474, 39.484783], [-86.686875, 39.470691], [-86.68571, 39.470063], [-87.014533, 39.473572]]]}}, {"type": "Feature", "properties": {"name": "Marion County", "students": 18076, "suppressed": false, "pop": 175471, "acsPriv": 29206, "seats": 21482}, "geometry": {"type": "Polygon", "coordinates": [[[-85.95208, 39.638345], [-86.326341, 39.632177], [-86.326385, 39.779539], [-86.328121, 39.866125], [-86.325373, 39.866176], [-86.326289, 39.924042], [-86.145883, 39.927168], [-85.937587, 39.927137], [-85.938067, 39.869812], [-85.954013, 39.869646], [-85.9516, 39.719913], [-85.95208, 39.638345]]]}}, {"type": "Feature", "properties": {"name": "Parke County", "students": 0, "suppressed": false, "pop": 2689, "acsPriv": 625, "seats": 0}, "geometry": {"type": "Polygon", "coordinates": [[[-87.434162, 39.934187], [-87.423161, 39.943681], [-87.420221, 39.952452], [-87.091006, 39.953009], [-87.091542, 39.867265], [-87.009477, 39.866705], [-87.013062, 39.604787], [-87.250088, 39.607899], [-87.382418, 39.607937], [-87.381442, 39.617354], [-87.391845, 39.634059], [-87.391665, 39.643207], [-87.395982, 39.652866], [-87.394332, 39.65869], [-87.388756, 39.663893], [-87.388109, 39.667466], [-87.390549, 39.675391], [-87.385449, 39.682502], [-87.38152, 39.693401], [-87.385584, 39.700066], [-87.379767, 39.708178], [-87.384418, 39.718573], [-87.379907, 39.73046], [-87.377371, 39.743036], [-87.380567, 39.766766], [-87.374279, 39.777844], [-87.374764, 39.793053], [-87.381155, 39.800255], [-87.384676, 39.80869], [-87.385538, 39.833365], [-87.381357, 39.836972], [-87.373172, 39.8377], [-87.369129, 39.839981], [-87.363436, 39.847527], [-87.360934, 39.856358], [-87.355011, 39.859197], [-87.353863, 39.862077], [-87.357972, 39.865568], [-87.368262, 39.867741], [-87.378421, 39.875038], [-87.378712, 39.877972], [-87.370395, 39.881824], [-87.367834, 39.887184], [-87.373218, 39.896788], [-87.378593, 39.902769], [-87.3845, 39.906327], [-87.391975, 39.906901], [-87.404959, 39.910857], [-87.411313, 39.915315], [-87.413199, 39.918904], [-87.405186, 39.923778], [-87.406261, 39.928024], [-87.409863, 39.929009], [-87.422175, 39.92594], [-87.431128, 39.929571], [-87.434162, 39.934187]]]}}, {"type": "Feature", "properties": {"name": "Whitley County", "students": 38, "suppressed": true, "pop": 5915, "acsPriv": 963, "seats": 0}, "geometry": {"type": "Polygon", "coordinates": [[[-85.452146, 41.005232], [-85.683198, 41.001909], [-85.686574, 41.178376], [-85.652715, 41.178489], [-85.651242, 41.248321], [-85.651928, 41.294776], [-85.536288, 41.295241], [-85.53718, 41.266157], [-85.307781, 41.264158], [-85.309322, 41.250798], [-85.309791, 41.178889], [-85.338276, 41.179065], [-85.335643, 41.00525], [-85.452146, 41.005232]]]}}, {"type": "Feature", "properties": {"name": "Fayette County", "students": 125, "suppressed": true, "pop": 3883, "acsPriv": 359, "seats": 144}, "geometry": {"type": "Polygon", "coordinates": [[[-85.034575, 39.714764], [-85.036087, 39.526213], [-85.29811, 39.525476], [-85.301584, 39.787579], [-85.183472, 39.788397], [-85.185089, 39.715515], [-85.034575, 39.714764]]]}}, {"type": "Feature", "properties": {"name": "Adams County", "students": 278, "suppressed": false, "pop": 8122, "acsPriv": 1396, "seats": 404}, "geometry": {"type": "Polygon", "coordinates": [[[-84.802922, 40.922568], [-84.802477, 40.572213], [-85.068479, 40.56824], [-85.073861, 40.917823], [-84.802922, 40.922568]]]}}, {"type": "Feature", "properties": {"name": "Washington County", "students": 0, "suppressed": false, "pop": 4846, "acsPriv": 775, "seats": 0}, "geometry": {"type": "Polygon", "coordinates": [[[-86.310065, 38.732184], [-86.308289, 38.734144], [-86.302225, 38.735815], [-86.302087, 38.73076], [-86.299827, 38.729642], [-86.300587, 38.733192], [-86.298486, 38.734907], [-86.290664, 38.735755], [-86.291558, 38.742541], [-86.287984, 38.747829], [-86.287142, 38.754222], [-86.282041, 38.761124], [-86.284332, 38.763745], [-86.283959, 38.766041], [-86.278759, 38.762859], [-86.270661, 38.76592], [-86.26405, 38.764948], [-86.26263, 38.769729], [-86.257117, 38.772006], [-86.254103, 38.770118], [-86.257741, 38.765042], [-86.257129, 38.763498], [-86.253442, 38.76352], [-86.249015, 38.768023], [-86.240821, 38.765912], [-86.224068, 38.779147], [-86.220384, 38.776595], [-86.220796, 38.772285], [-86.218736, 38.771134], [-86.215047, 38.772644], [-86.21413, 38.774414], [-86.215375, 38.777799], [-86.213161, 38.77938], [-86.208765, 38.779158], [-86.205297, 38.774033], [-86.197651, 38.773769], [-86.197424, 38.775414], [-86.202242, 38.775946], [-86.205528, 38.779903], [-86.205499, 38.781814], [-86.202356, 38.78264], [-86.196973, 38.780747], [-86.195832, 38.777565], [-86.189881, 38.776626], [-86.186905, 38.777494], [-86.188697, 38.779444], [-86.183221, 38.783413], [-86.178718, 38.776397], [-86.173608, 38.773381], [-86.167545, 38.772617], [-86.163576, 38.774832], [-86.153316, 38.768778], [-86.140185, 38.765435], [-86.134944, 38.762425], [-86.116429, 38.766982], [-86.102356, 38.765755], [-86.099273, 38.768384], [-86.100656, 38.775061], [-86.098169, 38.780465], [-86.092538, 38.783462], [-86.080944, 38.780509], [-86.074253, 38.774422], [-86.067011, 38.778099], [-86.062376, 38.778334], [-86.049607, 38.770394], [-86.042203, 38.761709], [-86.031843, 38.761321], [-86.026788, 38.755735], [-86.025619, 38.756352], [-86.025996, 38.762097], [-86.02114, 38.76752], [-86.015529, 38.765367], [-86.017432, 38.761087], [-86.016703, 38.757974], [-86.010944, 38.756713], [-86.004949, 38.760624], [-85.997781, 38.760899], [-85.996264, 38.764996], [-85.993343, 38.767286], [-85.984252, 38.768115], [-85.982204, 38.766742], [-85.985273, 38.76491], [-85.98559, 38.758249], [-85.979801, 38.758664], [-85.98015, 38.754887], [-85.976641, 38.752393], [-85.967874, 38.75512], [-85.966123, 38.761185], [-85.960862, 38.764185], [-85.957762, 38.76137], [-85.950424, 38.760845], [-85.952324, 38.757297], [-85.95054, 38.754093], [-85.948377, 38.753636], [-85.945279, 38.75517], [-85.944929, 38.759289], [-85.936569, 38.762837], [-85.93803, 38.759449], [-85.936072, 38.755399], [-85.927185, 38.755971], [-85.928618, 38.75343], [-85.928004, 38.750661], [-85.924906, 38.750505], [-85.916663, 38.74566], [-85.915494, 38.747056], [-85.919529, 38.750551], [-85.918592, 38.754185], [-85.916283, 38.753978], [-85.916109, 38.751872], [-85.911753, 38.747307], [-85.90959, 38.748817], [-85.912601, 38.752101], [-85.911167, 38.757204], [-85.908449, 38.756151], [-85.91, 38.752855], [-85.908919, 38.751161], [-85.906346, 38.752877], [-85.903043, 38.751824], [-85.900587, 38.753814], [-85.89616, 38.750056], [-85.898396, 38.747555], [-85.896907, 38.74419], [-85.900442, 38.742199], [-85.898721, 38.740529], [-85.896471, 38.74126], [-85.894894, 38.740069], [-85.895625, 38.73849], [-85.89177, 38.736242], [-85.894199, 38.730204], [-85.890137, 38.729997], [-85.890135, 38.73343], [-85.888334, 38.734443], [-85.888108, 38.648791], [-85.886834, 38.648786], [-85.885643, 38.575412], [-85.848575, 38.576266], [-85.847588, 38.54714], [-85.866341, 38.547095], [-85.866268, 38.518425], [-85.884708, 38.518152], [-85.884776, 38.503469], [-85.957102, 38.501949], [-85.956195, 38.488956], [-85.993317, 38.48854], [-85.99462, 38.418345], [-86.053254, 38.417989], [-86.214553, 38.422173], [-86.308674, 38.422875], [-86.307793, 38.671602], [-86.310065, 38.732184]]]}}, {"type": "Feature", "properties": {"name": "Blackford County", "students": 0, "suppressed": false, "pop": 2119, "acsPriv": 143, "seats": 0}, "geometry": {"type": "Polygon", "coordinates": [[[-85.447014, 40.566929], [-85.201146, 40.567242], [-85.200827, 40.479547], [-85.206508, 40.479373], [-85.206831, 40.379182], [-85.444323, 40.378746], [-85.447014, 40.566929]]]}}, {"type": "Feature", "properties": {"name": "Hendricks County", "students": 1795, "suppressed": false, "pop": 34869, "acsPriv": 4186, "seats": 1390}, "geometry": {"type": "Polygon", "coordinates": [[[-86.328121, 39.866125], [-86.326385, 39.779539], [-86.326341, 39.632177], [-86.465931, 39.630032], [-86.465605, 39.600769], [-86.65665, 39.601395], [-86.65387, 39.607932], [-86.650002, 39.611116], [-86.647648, 39.610123], [-86.647766, 39.614564], [-86.64539, 39.614958], [-86.64316, 39.617734], [-86.644985, 39.627509], [-86.64164, 39.630064], [-86.687406, 39.630437], [-86.686843, 39.864842], [-86.695127, 39.864845], [-86.69531, 39.92273], [-86.326293, 39.924029], [-86.325373, 39.866176], [-86.328121, 39.866125]]]}}, {"type": "Feature", "properties": {"name": "Lawrence County", "students": 167, "suppressed": false, "pop": 7042, "acsPriv": 712, "seats": 66}, "geometry": {"type": "Polygon", "coordinates": [[[-86.308701, 38.688101], [-86.456185, 38.687439], [-86.460023, 38.687576], [-86.460057, 38.688655], [-86.683102, 38.686561], [-86.684058, 38.761472], [-86.682277, 38.992404], [-86.280389, 38.991028], [-86.275281, 38.763795], [-86.278759, 38.762859], [-86.282819, 38.76631], [-86.284397, 38.765565], [-86.282041, 38.761124], [-86.287142, 38.754222], [-86.287984, 38.747829], [-86.291558, 38.742541], [-86.291111, 38.73529], [-86.298486, 38.734907], [-86.300587, 38.733192], [-86.300128, 38.729601], [-86.302627, 38.732176], [-86.302225, 38.735815], [-86.310058, 38.733131], [-86.308701, 38.688101]]]}}]}