{"type":"FeatureCollection","features":[{"type":"Feature","properties":{"name":"Chatham County","students":849},"geometry":{"type":"Polygon","coordinates":[[[-79.241132,35.570543],[-79.244663,35.569116],[-79.242801,35.56075],[-79.245199,35.552961],[-79.26094,35.537139],[-79.267475,35.532756],[-79.276283,35.53197],[-79.286109,35.538984],[-79.29061,35.540098],[-79.291787,35.54272],[-79.290936,35.545398],[-79.282061,35.551632],[-79.284598,35.554999],[-79.294053,35.552691],[-79.299282,35.553435],[-79.303767,35.551754],[-79.303499,35.548546],[-79.312443,35.544819],[-79.317557,35.543296],[-79.323909,35.543839],[-79.313622,35.535467],[-79.310983,35.532214],[-79.312086,35.53046],[-79.322441,35.524453],[-79.334561,35.525149],[-79.339176,35.521117],[-79.348357,35.51985],[-79.350073,35.518002],[-79.555804,35.515039],[-79.553233,35.599281],[-79.546211,35.718699],[-79.542428,35.843303],[-79.237312,35.844122],[-79.236969,35.850612],[-79.248378,35.854636],[-79.250393,35.856978],[-79.248928,35.866164],[-79.250954,35.871123],[-79.249538,35.87681],[-79.221935,35.874044],[-79.221534,35.875467],[-79.218816,35.875257],[-79.218815,35.873725],[-79.082036,35.860776],[-78.906071,35.868096],[-78.909425,35.842937],[-78.926417,35.801962],[-78.930891,35.794377],[-78.936271,35.771898],[-78.995048,35.610166],[-78.916067,35.584102],[-78.96964,35.521669],[-78.983881,35.535583],[-78.990848,35.54019],[-78.997302,35.542468],[-79.014692,35.543696],[-79.024001,35.548377],[-79.036299,35.561876],[-79.045919,35.56867],[-79.047358,35.572227],[-79.046642,35.578039],[-79.051569,35.584975],[-79.052335,35.595872],[-79.069131,35.609283],[-79.077747,35.614037],[-79.093116,35.618859],[-79.100884,35.623873],[-79.11226,35.622948],[-79.117096,35.628164],[-79.121247,35.627632],[-79.125775,35.623864],[-79.141971,35.623072],[-79.15006,35.617059],[-79.157888,35.603595],[-79.18351,35.584376],[-79.186123,35.580327],[-79.200854,35.576678],[-79.20183,35.573176],[-79.199069,35.563923],[-79.199886,35.558558],[-79.214439,35.555687],[-79.224479,35.550811],[-79.226427,35.554456],[-79.221497,35.559169],[-79.218944,35.566059],[-79.222772,35.568586],[-79.231684,35.56806],[-79.241132,35.570543]]]}},{"type":"Feature","properties":{"name":"Alamance County","students":2343},"geometry":{"type":"Polygon","coordinates":[[[-79.268243,35.909182],[-79.260419,35.905614],[-79.256916,35.902055],[-79.257946,35.891493],[-79.249335,35.875998],[-79.250954,35.871123],[-79.248928,35.866164],[-79.250393,35.856978],[-79.248378,35.854636],[-79.236969,35.850612],[-79.237312,35.844122],[-79.542428,35.843303],[-79.539153,36.082569],[-79.531865,36.249673],[-79.257952,36.243445],[-79.260103,36.107768],[-79.258695,36.103763],[-79.260108,36.103219],[-79.261437,36.07087],[-79.260463,36.066483],[-79.262143,36.061681],[-79.26086,36.040086],[-79.263378,35.973715],[-79.264541,35.973745],[-79.262924,35.968668],[-79.263988,35.967792],[-79.264027,35.914114],[-79.267149,35.913691],[-79.268243,35.909182]]]}},{"type":"Feature","properties":{"name":"Davidson County","students":1949},"geometry":{"type":"Polygon","coordinates":[[[-80.394307,35.972762],[-80.344468,35.990957],[-80.330015,35.990759],[-80.330298,35.996556],[-80.213842,35.996699],[-80.21373,36.026808],[-80.149407,36.026768],[-80.043238,36.010758],[-80.059934,35.678678],[-80.066842,35.505661],[-80.183264,35.504141],[-80.184741,35.508793],[-80.183996,35.516472],[-80.190627,35.525779],[-80.197355,35.529968],[-80.195528,35.53662],[-80.199217,35.545647],[-80.207046,35.54929],[-80.209794,35.552263],[-80.210276,35.556973],[-80.206956,35.573061],[-80.20886,35.581334],[-80.231728,35.596532],[-80.236974,35.606778],[-80.243447,35.61443],[-80.256624,35.622483],[-80.262946,35.62841],[-80.28875,35.63569],[-80.293805,35.643201],[-80.304621,35.65354],[-80.307345,35.665778],[-80.31483,35.671665],[-80.325667,35.674716],[-80.330602,35.678799],[-80.333317,35.683563],[-80.334399,35.69236],[-80.331954,35.69728],[-80.324841,35.703707],[-80.324145,35.706702],[-80.325887,35.711941],[-80.333034,35.719447],[-80.341008,35.721279],[-80.371222,35.716165],[-80.382337,35.71982],[-80.388658,35.719323],[-80.392385,35.723671],[-80.395675,35.725061],[-80.405949,35.72216],[-80.413811,35.722524],[-80.441995,35.734645],[-80.452394,35.734224],[-80.455459,35.735919],[-80.459486,35.746623],[-80.457418,35.754046],[-80.452641,35.758264],[-80.450791,35.767091],[-80.454986,35.773044],[-80.471647,35.783104],[-80.476702,35.789093],[-80.474784,35.796867],[-80.465859,35.8012],[-80.464754,35.806627],[-80.472337,35.825543],[-80.4775,35.830665],[-80.48577,35.830616],[-80.487553,35.833234],[-80.482826,35.840051],[-80.476429,35.843843],[-80.472587,35.841375],[-80.462556,35.826964],[-80.455168,35.827282],[-80.446444,35.83666],[-80.438354,35.832124],[-80.436184,35.828499],[-80.431691,35.828356],[-80.427658,35.833283],[-80.424194,35.851047],[-80.420733,35.852662],[-80.414149,35.851487],[-80.407596,35.84546],[-80.398823,35.841347],[-80.393598,35.841678],[-80.388917,35.844642],[-80.385779,35.854489],[-80.390041,35.868277],[-80.395376,35.871596],[-80.407203,35.874788],[-80.416641,35.881056],[-80.410661,35.890103],[-80.407859,35.891481],[-80.390887,35.892135],[-80.378419,35.885319],[-80.373132,35.884439],[-80.368877,35.886991],[-80.365127,35.893667],[-80.375027,35.911832],[-80.374024,35.916934],[-80.369411,35.923401],[-80.368344,35.92758],[-80.375296,35.939644],[-80.374579,35.954798],[-80.378328,35.962558],[-80.390054,35.966952],[-80.394307,35.972762]]]}},{"type":"Feature","properties":{"name":"Franklin County","students":651},"geometry":{"type":"Polygon","coordinates":[[[-78.129693,36.239551],[-78.12497,36.235242],[-78.12662,36.233281],[-78.125704,36.226325],[-78.123025,36.226259],[-78.1217,36.223994],[-78.118907,36.224161],[-78.114839,36.216693],[-78.112027,36.217499],[-78.11055,36.216072],[-78.110069,36.210204],[-78.104907,36.210681],[-78.102682,36.20894],[-78.098365,36.210827],[-78.097428,36.208921],[-78.09427,36.210315],[-78.091606,36.207688],[-78.084915,36.209232],[-78.083226,36.212623],[-78.077014,36.211465],[-78.07402,36.215417],[-78.071328,36.215279],[-78.07101,36.216585],[-78.068516,36.215046],[-78.066222,36.216486],[-78.063736,36.213907],[-78.058337,36.212823],[-78.058237,36.210992],[-78.044521,36.215412],[-78.043338,36.213878],[-78.045429,36.212546],[-78.037202,36.210504],[-78.038946,36.208828],[-78.035437,36.206982],[-78.031178,36.209005],[-78.030468,36.214539],[-78.02876,36.21028],[-78.024693,36.20948],[-78.02523,36.208225],[-78.023833,36.208322],[-78.022338,36.205445],[-78.018644,36.205024],[-78.016159,36.207818],[-78.014092,36.20516],[-78.011666,36.206094],[-78.006551,36.202633],[-78.182182,35.938758],[-78.255973,35.81812],[-78.255133,35.822453],[-78.256915,35.823592],[-78.254712,35.824363],[-78.253911,35.828119],[-78.258192,35.831039],[-78.269824,35.84499],[-78.270174,35.850857],[-78.278014,35.867335],[-78.281105,35.868129],[-78.284316,35.874578],[-78.289941,35.876597],[-78.291081,35.880565],[-78.295373,35.881385],[-78.297029,35.886834],[-78.30133,35.887771],[-78.303023,35.890588],[-78.305072,35.891048],[-78.303656,35.892144],[-78.307727,35.894805],[-78.307125,35.896718],[-78.31299,35.897321],[-78.319521,35.89427],[-78.320622,35.896002],[-78.3285,35.896726],[-78.331521,35.897934],[-78.335508,35.905819],[-78.343904,35.906798],[-78.350375,35.909517],[-78.353277,35.931056],[-78.394331,35.936876],[-78.426864,35.975012],[-78.493542,36.002668],[-78.546414,36.021826],[-78.544812,36.080846],[-78.49555,36.17552],[-78.495932,36.179658],[-78.492795,36.183944],[-78.48453,36.179008],[-78.485608,36.175094],[-78.466802,36.172557],[-78.460812,36.170044],[-78.460416,36.165948],[-78.457909,36.163661],[-78.454013,36.167997],[-78.449858,36.16911],[-78.431817,36.166686],[-78.432357,36.164377],[-78.421523,36.164416],[-78.422009,36.168091],[-78.418129,36.167459],[-78.416553,36.169336],[-78.412095,36.169597],[-78.37814,36.235065],[-78.338135,36.234448],[-78.332567,36.241677],[-78.314801,36.256171],[-78.306965,36.266191],[-78.235705,36.258281],[-78.230258,36.255935],[-78.224789,36.256547],[-78.215729,36.2519],[-78.198384,36.251581],[-78.193922,36.246773],[-78.188942,36.247724],[-78.173172,36.255492],[-78.161948,36.247858],[-78.160874,36.245603],[-78.156983,36.244416],[-78.148727,36.246917],[-78.142341,36.246038],[-78.137641,36.24757],[-78.136257,36.245919],[-78.132961,36.246382],[-78.129693,36.239551]]]}},{"type":"Feature","properties":{"name":"Robeson County","students":748},"geometry":{"type":"Polygon","coordinates":[[[-79.191391,34.833717],[-79.038747,34.952715],[-78.95486,34.913266],[-78.953091,34.909288],[-78.940844,34.903368],[-78.938665,34.897714],[-78.926657,34.886785],[-78.921593,34.870663],[-78.926818,34.865702],[-78.926848,34.863609],[-78.90422,34.834862],[-78.901998,34.835268],[-78.900321,34.832448],[-78.899794,34.824784],[-78.895894,34.820673],[-78.892836,34.814194],[-78.887137,34.810852],[-78.883339,34.812121],[-78.886699,34.809564],[-78.883913,34.804607],[-78.884766,34.802298],[-78.877588,34.79208],[-78.877125,34.788014],[-78.869996,34.778692],[-78.870782,34.776879],[-78.86866,34.775077],[-78.869164,34.77333],[-78.866102,34.773099],[-78.863808,34.770932],[-78.865296,34.767775],[-78.861982,34.759811],[-78.862198,34.756655],[-78.858352,34.753512],[-78.856064,34.747772],[-78.854248,34.73549],[-78.84879,34.732618],[-78.844887,34.727074],[-78.840819,34.727292],[-78.844456,34.724124],[-78.837813,34.717859],[-78.832375,34.719742],[-78.832671,34.715617],[-78.821629,34.709595],[-78.811938,34.694408],[-78.805834,34.68956],[-78.805431,34.686603],[-78.807194,34.681559],[-78.806397,34.67514],[-78.810421,34.672715],[-78.809431,34.668276],[-78.813726,34.667848],[-78.819379,34.662079],[-78.818418,34.655032],[-78.815384,34.654703],[-78.813603,34.651741],[-78.818098,34.650842],[-78.819805,34.645573],[-78.821773,34.645695],[-78.821767,34.643964],[-78.819095,34.643645],[-78.818501,34.641707],[-78.822785,34.643003],[-78.82514,34.640653],[-78.826478,34.63835],[-78.825467,34.637041],[-78.827605,34.63708],[-78.827212,34.634818],[-78.829844,34.632224],[-78.828386,34.629698],[-78.830588,34.627902],[-78.829847,34.62582],[-78.832004,34.625755],[-78.834434,34.621583],[-78.833098,34.618062],[-78.834746,34.615002],[-78.831516,34.611399],[-78.831663,34.60818],[-78.833996,34.601594],[-78.837179,34.598436],[-78.841246,34.597223],[-78.835253,34.597492],[-78.836045,34.593416],[-78.838979,34.589702],[-78.843305,34.58783],[-78.843617,34.578476],[-78.847954,34.575685],[-78.854186,34.574955],[-78.856948,34.56886],[-78.857041,34.563108],[-78.86135,34.563717],[-78.862659,34.562227],[-78.862692,34.559975],[-78.858035,34.556938],[-78.860803,34.552543],[-78.857554,34.54704],[-78.858271,34.545586],[-78.859947,34.54773],[-78.860089,34.544931],[-78.861218,34.544854],[-78.860055,34.537367],[-78.855719,34.533984],[-78.855518,34.530562],[-78.852988,34.527762],[-78.856593,34.524728],[-78.853903,34.518772],[-78.857255,34.51538],[-78.850337,34.513771],[-78.849633,34.512453],[-78.851134,34.512041],[-78.844721,34.50897],[-78.846338,34.499813],[-78.849425,34.499958],[-78.84937,34.502611],[-78.857447,34.501296],[-78.863547,34.497952],[-78.869358,34.487143],[-78.869835,34.482189],[-78.881589,34.475263],[-78.881822,34.472774],[-78.887739,34.470659],[-78.88888,34.46872],[-78.891859,34.467423],[-78.894519,34.468378],[-78.893138,34.465352],[-78.895532,34.462281],[-78.901126,34.459907],[-78.906192,34.462345],[-78.90728,34.460091],[-78.903733,34.45783],[-78.906854,34.455841],[-78.914056,34.45916],[-78.9199,34.459298],[-78.920887,34.458333],[-78.917074,34.453279],[-78.918617,34.451809],[-78.921644,34.453861],[-78.925212,34.452824],[-78.929368,34.455025],[-78.932936,34.453898],[-78.936825,34.455341],[-78.935051,34.453706],[-78.936756,34.451731],[-78.94134,34.453414],[-78.94573,34.449069],[-78.948321,34.449968],[-78.951808,34.448756],[-78.9542,34.445701],[-78.953956,34.443413],[-78.955374,34.444516],[-78.956314,34.44291],[-78.959775,34.442982],[-78.960818,34.439172],[-78.966068,34.435443],[-78.966784,34.431233],[-78.971187,34.42747],[-78.968183,34.425089],[-78.969993,34.424339],[-78.969279,34.42244],[-78.967391,34.42219],[-78.971849,34.41806],[-78.96803,34.416605],[-78.970231,34.415254],[-78.969696,34.412984],[-78.967875,34.412984],[-78.970947,34.409975],[-78.967284,34.41078],[-78.969631,34.405955],[-78.967867,34.405602],[-78.967176,34.402138],[-78.96989,34.401213],[-78.968015,34.39761],[-78.970349,34.396601],[-78.969736,34.395211],[-78.973956,34.394749],[-78.97553,34.396055],[-78.975687,34.393925],[-78.97351,34.392128],[-78.977251,34.390351],[-78.979695,34.39086],[-78.978523,34.392648],[-78.982888,34.392287],[-78.983535,34.393843],[-78.994992,34.392574],[-78.994896,34.390352],[-78.998596,34.39098],[-79.002259,34.384254],[-79.006365,34.38361],[-79.006912,34.381461],[-79.008475,34.38235],[-79.011611,34.380887],[-79.009593,34.380034],[-79.010224,34.376952],[-79.007428,34.376805],[-79.007408,34.372501],[-79.005628,34.372895],[-79.00492,34.369704],[-79.002893,34.368892],[-79.002828,34.36455],[-79.000779,34.364866],[-79.004056,34.362785],[-79.003822,34.361231],[-79.008065,34.361449],[-79.005547,34.3596],[-79.010746,34.355139],[-79.009079,34.352828],[-79.016774,34.351799],[-79.017173,34.350019],[-79.018519,34.352155],[-79.027112,34.353068],[-79.024966,34.351669],[-79.025062,34.348155],[-79.026818,34.348859],[-79.030425,34.346827],[-79.028738,34.345491],[-79.028717,34.342747],[-79.032248,34.342738],[-79.030443,34.340124],[-79.034459,34.338423],[-79.033572,34.337161],[-79.035648,34.336723],[-79.035004,34.333874],[-79.037149,34.333509],[-79.034759,34.329886],[-79.036464,34.328822],[-79.034912,34.32708],[-79.036884,34.326055],[-79.03383,34.324784],[-79.035511,34.319202],[-79.036542,34.321368],[-79.040378,34.317456],[-79.037219,34.316401],[-79.038471,34.313138],[-79.04556,34.310727],[-79.049514,34.311866],[-79.050468,34.314605],[-79.052881,34.314635],[-79.057534,34.310781],[-79.054781,34.308959],[-79.058387,34.308876],[-79.060901,34.306714],[-79.061623,34.308276],[-79.065259,34.308687],[-79.068358,34.306977],[-79.069633,34.305017],[-79.067175,34.303626],[-79.070353,34.303471],[-79.068879,34.301181],[-79.071211,34.299342],[-79.220413,34.424714],[-79.37555,34.560354],[-79.461506,34.630379],[-79.330861,34.773974],[-79.33179,34.776468],[-79.333131,34.776434],[-79.331923,34.777099],[-79.334379,34.777377],[-79.337178,34.785524],[-79.338838,34.785576],[-79.3383,34.787768],[-79.339613,34.787144],[-79.339563,34.789114],[-79.342412,34.790197],[-79.34191,34.792143],[-79.344176,34.792281],[-79.342963,34.794092],[-79.345447,34.795882],[-79.346468,34.800393],[-79.348132,34.800876],[-79.34681,34.802529],[-79.35019,34.805234],[-79.349147,34.808725],[-79.351761,34.810834],[-79.351402,34.812686],[-79.353521,34.812457],[-79.353084,34.81428],[-79.355511,34.815305],[-79.354869,34.816697],[-79.357415,34.818963],[-79.357663,34.820693],[-79.352959,34.824025],[-79.353658,34.826193],[-79.3522,34.825889],[-79.351631,34.8277],[-79.353616,34.82875],[-79.348832,34.838855],[-79.191391,34.833717]]]}},{"type":"Feature","properties":{"name":"Lincoln County","students":665},"geometry":{"type":"Polygon","coordinates":[[[-81.537485,35.564431],[-81.535403,35.568137],[-81.496238,35.567062],[-80.960025,35.54702],[-80.958802,35.544612],[-80.942058,35.532639],[-80.939667,35.529203],[-80.941302,35.526702],[-80.944779,35.526006],[-80.953853,35.532325],[-80.956327,35.531947],[-80.95775,35.523658],[-80.95598,35.515072],[-80.963521,35.505961],[-80.96038,35.496151],[-80.948049,35.491018],[-80.945325,35.483617],[-80.948143,35.480044],[-80.951745,35.468224],[-80.950618,35.465289],[-80.943251,35.459373],[-80.942371,35.456449],[-80.943086,35.452916],[-80.950254,35.447467],[-80.958639,35.432901],[-80.955128,35.421023],[-80.958717,35.411501],[-80.95486,35.400078],[-81.016247,35.403891],[-81.4556,35.419811],[-81.45863,35.423317],[-81.481383,35.471503],[-81.513004,35.523317],[-81.509463,35.53605],[-81.509218,35.550352],[-81.515421,35.558297],[-81.537485,35.564431]]]}},{"type":"Feature","properties":{"name":"Caldwell County","students":441},"geometry":{"type":"Polygon","coordinates":[[[-81.344981,36.025623],[-81.328324,35.996583],[-81.342905,35.923203],[-81.333373,35.878892],[-81.344034,35.824553],[-81.342358,35.82236],[-81.340521,35.82441],[-81.339308,35.823357],[-81.337397,35.817911],[-81.339974,35.816057],[-81.335743,35.814514],[-81.337917,35.812631],[-81.335033,35.803777],[-81.332531,35.80367],[-81.331829,35.800748],[-81.334272,35.796281],[-81.343159,35.795567],[-81.347526,35.79261],[-81.351512,35.783829],[-81.355553,35.780273],[-81.352473,35.77379],[-81.353872,35.768851],[-81.357485,35.767062],[-81.369106,35.767354],[-81.375412,35.761524],[-81.376694,35.757804],[-81.382192,35.757192],[-81.391117,35.75946],[-81.399218,35.75856],[-81.408066,35.765236],[-81.426452,35.772004],[-81.441022,35.773605],[-81.442548,35.775194],[-81.444019,35.784037],[-81.44605,35.785245],[-81.474621,35.783542],[-81.490267,35.780547],[-81.51616,35.780859],[-81.554103,35.776948],[-81.600809,35.825096],[-81.610385,35.819612],[-81.630065,35.830377],[-81.626109,35.833482],[-81.632245,35.83579],[-81.639217,35.848346],[-81.710169,35.875178],[-81.717003,35.883247],[-81.719101,35.883309],[-81.724638,35.889651],[-81.72897,35.891184],[-81.73071,35.897848],[-81.735056,35.902832],[-81.740016,35.907183],[-81.744587,35.908683],[-81.74573,35.916378],[-81.752523,35.924426],[-81.756818,35.92554],[-81.758733,35.928466],[-81.762886,35.925707],[-81.769404,35.929138],[-81.77623,35.927117],[-81.777692,35.929917],[-81.775451,35.933851],[-81.779751,35.938704],[-81.776687,35.941596],[-81.777535,35.947381],[-81.787068,35.947601],[-81.794509,35.950233],[-81.796171,35.948788],[-81.808849,35.958346],[-81.735673,36.067584],[-81.741114,36.071891],[-81.754283,36.07307],[-81.755371,36.076011],[-81.758517,36.077164],[-81.75803,36.08253],[-81.760803,36.08983],[-81.774121,36.098648],[-81.781318,36.101161],[-81.785722,36.100456],[-81.792209,36.103172],[-81.796761,36.107091],[-81.810516,36.111511],[-81.674833,36.122619],[-81.660632,36.118399],[-81.545488,36.117475],[-81.520011,36.102596],[-81.516465,36.097476],[-81.508413,36.096977],[-81.501614,36.100332],[-81.495659,36.100584],[-81.493512,36.097494],[-81.489347,36.098575],[-81.484351,36.095992],[-81.477121,36.096834],[-81.477791,36.092764],[-81.467802,36.085536],[-81.460022,36.090967],[-81.453986,36.090494],[-81.453199,36.086706],[-81.447375,36.08303],[-81.448056,36.079409],[-81.444446,36.075468],[-81.44477,36.072131],[-81.438198,36.075288],[-81.43107,36.075316],[-81.424441,36.077851],[-81.417345,36.070848],[-81.41469,36.072724],[-81.411223,36.072801],[-81.409449,36.07073],[-81.407414,36.07185],[-81.406383,36.06783],[-81.403284,36.065932],[-81.397773,36.066431],[-81.40004,36.062572],[-81.396537,36.056611],[-81.389463,36.050128],[-81.397308,36.0431],[-81.396396,36.040764],[-81.380843,36.044359],[-81.380556,36.042097],[-81.378013,36.040744],[-81.348473,36.025792],[-81.344981,36.025623]]]}},{"type":"Feature","properties":{"name":"Durham County","students":2628},"geometry":{"type":"Polygon","coordinates":[[[-78.804836,35.927552],[-78.829965,35.866978],[-78.906071,35.868096],[-79.016305,35.86321],[-78.950597,36.23932],[-78.802335,36.235794],[-78.805316,36.093916],[-78.803055,36.08956],[-78.807537,36.087367],[-78.798312,36.08461],[-78.792578,36.085969],[-78.790814,36.0811],[-78.79309,36.07769],[-78.789335,36.078829],[-78.784886,36.076731],[-78.788113,36.072916],[-78.783795,36.070018],[-78.780414,36.072324],[-78.751273,36.070834],[-78.754284,36.056338],[-78.753611,36.031384],[-78.740187,36.023561],[-78.719951,36.02959],[-78.707437,36.011106],[-78.699316,36.011448],[-78.717014,35.961265],[-78.741707,35.933906],[-78.749899,35.932925],[-78.759104,35.918394],[-78.804836,35.927552]]]}},{"type":"Feature","properties":{"name":"Person County","students":144},"geometry":{"type":"Polygon","coordinates":[[[-79.153997,36.241875],[-79.13832,36.541975],[-78.796274,36.541741],[-78.794845,36.526439],[-78.802335,36.235794],[-79.153997,36.241875]]]}},{"type":"Feature","properties":{"name":"Madison County","students":173},"geometry":{"type":"Polygon","coordinates":[[[-82.513161,35.80338],[-82.531781,35.795824],[-82.535687,35.791067],[-82.539627,35.791797],[-82.667885,35.73771],[-82.668461,35.734734],[-82.67767,35.734634],[-82.66952,35.730239],[-82.669608,35.725794],[-82.68526,35.726964],[-82.690198,35.729753],[-82.691847,35.733531],[-82.694719,35.735033],[-82.700863,35.734747],[-82.707259,35.732176],[-82.712131,35.732994],[-82.709984,35.728663],[-82.713715,35.727049],[-82.709515,35.726868],[-82.708895,35.72553],[-82.71103,35.72517],[-82.713963,35.717652],[-82.720633,35.715547],[-82.727422,35.718036],[-82.730975,35.722403],[-82.73263,35.718173],[-82.736771,35.716068],[-82.732955,35.714047],[-82.736094,35.713864],[-82.737087,35.711824],[-82.744801,35.714747],[-82.746079,35.712648],[-82.751531,35.71077],[-82.749953,35.706463],[-82.75161,35.706999],[-82.756207,35.702525],[-82.769449,35.698319],[-82.774928,35.700088],[-82.785461,35.698075],[-82.788347,35.695994],[-82.793165,35.696525],[-82.797331,35.692013],[-82.79767,35.689271],[-82.804852,35.686091],[-82.815558,35.689095],[-82.824416,35.688485],[-82.826688,35.690697],[-82.838972,35.693608],[-82.842613,35.699545],[-82.848652,35.701756],[-82.85408,35.699452],[-82.853884,35.69675],[-82.857074,35.693401],[-82.867162,35.688943],[-82.871101,35.688925],[-82.874775,35.683507],[-82.884269,35.678128],[-82.901071,35.684929],[-82.898624,35.687015],[-82.898259,35.691193],[-82.9005,35.695612],[-82.898614,35.703736],[-82.901871,35.709215],[-82.910409,35.716184],[-82.906717,35.720235],[-82.908566,35.724913],[-82.90769,35.727844],[-82.915562,35.737594],[-82.91765,35.744808],[-82.923012,35.746745],[-82.926471,35.744988],[-82.936133,35.744836],[-82.947879,35.738945],[-82.952931,35.742599],[-82.953368,35.745729],[-82.957176,35.746843],[-82.955094,35.750363],[-82.956865,35.757409],[-82.955543,35.759119],[-82.952688,35.759097],[-82.953137,35.762158],[-82.950078,35.766359],[-82.952186,35.771099],[-82.949991,35.774487],[-82.952644,35.776633],[-82.951918,35.779487],[-82.955724,35.782749],[-82.957347,35.782502],[-82.956813,35.785089],[-82.959562,35.786869],[-82.95923,35.789453],[-82.961754,35.790959],[-82.9629,35.794924],[-82.961556,35.800824],[-82.951764,35.816608],[-82.948196,35.817784],[-82.945847,35.824378],[-82.935975,35.825594],[-82.933343,35.830529],[-82.93407,35.836662],[-82.920211,35.839385],[-82.916343,35.841663],[-82.921034,35.850945],[-82.918213,35.859272],[-82.921432,35.863105],[-82.920831,35.868178],[-82.910774,35.868573],[-82.906555,35.87018],[-82.900891,35.872909],[-82.896081,35.879544],[-82.898286,35.881258],[-82.903627,35.880458],[-82.906825,35.883908],[-82.901043,35.892791],[-82.908109,35.904204],[-82.90698,35.907429],[-82.908032,35.911314],[-82.909734,35.910968],[-82.914387,35.91515],[-82.911624,35.916808],[-82.913535,35.924261],[-82.919241,35.925892],[-82.919835,35.928886],[-82.912195,35.929594],[-82.910621,35.927505],[-82.905947,35.926197],[-82.90182,35.92696],[-82.898886,35.929876],[-82.901784,35.937852],[-82.898182,35.94523],[-82.892662,35.945003],[-82.888986,35.948344],[-82.878223,35.950117],[-82.874293,35.95283],[-82.860647,35.947479],[-82.851733,35.949344],[-82.846037,35.946169],[-82.844546,35.941987],[-82.841116,35.941741],[-82.838638,35.937271],[-82.833472,35.935598],[-82.832406,35.932813],[-82.828098,35.932413],[-82.821948,35.92183],[-82.815086,35.925547],[-82.805085,35.927137],[-82.802675,35.929571],[-82.806168,35.937758],[-82.799727,35.944661],[-82.794545,35.946933],[-82.791375,35.950997],[-82.78756,35.952013],[-82.785043,35.962483],[-82.778038,35.966773],[-82.775086,35.971829],[-82.776505,35.974058],[-82.781587,35.974297],[-82.78569,35.977841],[-82.784476,35.981884],[-82.785276,35.988539],[-82.779214,35.992289],[-82.775758,36.001051],[-82.772073,36.000704],[-82.76257,36.004844],[-82.754693,36.004318],[-82.752568,36.006202],[-82.750221,36.005981],[-82.750787,36.008871],[-82.740284,36.012132],[-82.739117,36.014979],[-82.725464,36.018161],[-82.71647,36.02241],[-82.715141,36.028642],[-82.70864,36.029721],[-82.701796,36.03265],[-82.701228,36.034359],[-82.69819,36.0342],[-82.697224,36.035783],[-82.689586,36.038157],[-82.685987,36.041421],[-82.684073,36.045795],[-82.674851,36.048833],[-82.670562,36.052976],[-82.666346,36.053036],[-82.659268,36.057117],[-82.651533,36.057368],[-82.63723,36.06582],[-82.632764,36.065917],[-82.632055,36.064021],[-82.617954,36.05591],[-82.617042,36.053768],[-82.618384,36.046916],[-82.608659,36.044411],[-82.601876,36.038653],[-82.601659,36.036054],[-82.593209,36.036207],[-82.590786,36.03364],[-82.590995,36.031574],[-82.602923,36.023371],[-82.602839,36.017756],[-82.607761,36.015754],[-82.609445,36.011038],[-82.606876,36.01043],[-82.613825,36.004917],[-82.614928,36.002046],[-82.612897,35.993606],[-82.607128,35.99236],[-82.604413,35.987463],[-82.610939,35.97438],[-82.610703,35.967203],[-82.600106,35.964594],[-82.591982,35.966289],[-82.580462,35.965248],[-82.577798,35.964334],[-82.576169,35.95872],[-82.557988,35.953873],[-82.549904,35.963923],[-82.544716,35.965433],[-82.54018,35.968953],[-82.530492,35.972257],[-82.525031,35.971055],[-82.522121,35.974012],[-82.517077,35.975825],[-82.512849,35.975301],[-82.510298,35.977292],[-82.505425,35.977432],[-82.501047,35.966092],[-82.496304,35.962221],[-82.496708,35.956973],[-82.486292,35.954092],[-82.480137,35.949191],[-82.488,35.943025],[-82.490335,35.937039],[-82.495698,35.931199],[-82.498548,35.930193],[-82.49802,35.925342],[-82.493665,35.923814],[-82.493094,35.921242],[-82.490326,35.921064],[-82.490251,35.91708],[-82.494781,35.909484],[-82.486182,35.907063],[-82.48285,35.909004],[-82.474775,35.909245],[-82.463486,35.899719],[-82.453678,35.899879],[-82.450178,35.897955],[-82.441865,35.887498],[-82.44307,35.884749],[-82.439605,35.879432],[-82.432141,35.87668],[-82.430841,35.874218],[-82.42365,35.869529],[-82.425213,35.861155],[-82.417552,35.859363],[-82.418422,35.850392],[-82.417329,35.847476],[-82.419547,35.841882],[-82.416264,35.829246],[-82.412048,35.826764],[-82.414336,35.823261],[-82.413953,35.819839],[-82.408602,35.818178],[-82.412346,35.814719],[-82.41788,35.813359],[-82.427365,35.813766],[-82.435623,35.808529],[-82.443968,35.808847],[-82.44706,35.810429],[-82.454299,35.807348],[-82.463658,35.809665],[-82.465159,35.801796],[-82.475845,35.798308],[-82.488318,35.801489],[-82.495165,35.799457],[-82.498996,35.801511],[-82.503342,35.800931],[-82.506517,35.802768],[-82.513161,35.80338]]]}},{"type":"Feature","properties":{"name":"Randolph County","students":1449},"geometry":{"type":"Polygon","coordinates":[[[-79.555804,35.515039],[-79.906762,35.509801],[-80.066842,35.505661],[-80.059934,35.678678],[-80.046869,35.920693],[-79.541728,35.899851],[-79.546211,35.718699],[-79.553233,35.599281],[-79.555804,35.515039]]]}},{"type":"Feature","properties":{"name":"Northampton County","students":321},"geometry":{"type":"Polygon","coordinates":[[[-77.899773,36.544596],[-77.206536,36.544367],[-77.170545,36.54728],[-77.164377,36.546329],[-77.163876,36.544118],[-77.160249,36.541911],[-77.157875,36.543144],[-77.157262,36.53994],[-77.154888,36.541396],[-77.152737,36.539679],[-77.150971,36.540528],[-77.151521,36.538414],[-77.15335,36.537952],[-77.149374,36.536535],[-77.148695,36.534057],[-77.150733,36.533344],[-77.150443,36.53048],[-77.152553,36.529781],[-77.148507,36.526809],[-77.148531,36.525086],[-77.135363,36.523745],[-77.131242,36.522338],[-77.127033,36.518109],[-77.122848,36.520434],[-77.121123,36.519239],[-77.121806,36.522142],[-77.11888,36.52318],[-77.114119,36.521502],[-77.114421,36.518295],[-77.103282,36.516648],[-77.103227,36.521047],[-77.099055,36.51702],[-77.095762,36.516473],[-77.092796,36.51817],[-77.086967,36.513536],[-77.083427,36.513201],[-77.083271,36.507232],[-77.080872,36.507194],[-77.085151,36.50529],[-77.084034,36.500977],[-77.085708,36.500259],[-77.079975,36.496384],[-77.077998,36.497613],[-77.076881,36.496029],[-77.07467,36.496235],[-77.074002,36.499515],[-77.071563,36.49742],[-77.070061,36.498755],[-77.066452,36.496968],[-77.069928,36.494542],[-77.067112,36.492363],[-77.069382,36.489351],[-77.068739,36.487232],[-77.066284,36.487187],[-77.067626,36.484773],[-77.066348,36.483167],[-77.070913,36.483493],[-77.071297,36.479269],[-77.074979,36.481044],[-77.074394,36.47813],[-77.076735,36.480562],[-77.079936,36.478804],[-77.082927,36.476683],[-77.081282,36.474876],[-77.083638,36.472301],[-77.085372,36.475455],[-77.091673,36.471682],[-77.093621,36.472326],[-77.09993,36.479095],[-77.101446,36.477154],[-77.107391,36.475783],[-77.112338,36.47772],[-77.114585,36.47389],[-77.119525,36.473982],[-77.122959,36.471218],[-77.126529,36.463961],[-77.137014,36.455908],[-77.136525,36.447402],[-77.131591,36.441511],[-77.131339,36.437806],[-77.178533,36.317025],[-77.208289,36.246774],[-77.228799,36.217387],[-77.228565,36.214411],[-77.244133,36.215138],[-77.248971,36.218375],[-77.254358,36.218592],[-77.264064,36.217183],[-77.270028,36.213241],[-77.275652,36.214463],[-77.287827,36.211383],[-77.290652,36.212919],[-77.297906,36.208105],[-77.297368,36.202334],[-77.293267,36.197084],[-77.295868,36.193123],[-77.295107,36.188422],[-77.298896,36.186052],[-77.299717,36.181409],[-77.295554,36.174345],[-77.298314,36.172324],[-77.295659,36.1722],[-77.291519,36.168342],[-77.299599,36.164906],[-77.308702,36.167959],[-77.313061,36.172209],[-77.31309,36.175357],[-77.309048,36.180719],[-77.319386,36.18179],[-77.325729,36.186959],[-77.329236,36.192408],[-77.340132,36.189997],[-77.350971,36.191532],[-77.35787,36.197459],[-77.383611,36.208206],[-77.386595,36.213548],[-77.382193,36.227093],[-77.376624,36.237104],[-77.376934,36.245047],[-77.381366,36.249757],[-77.409684,36.2638],[-77.413401,36.276037],[-77.413557,36.291937],[-77.434652,36.314381],[-77.440291,36.323614],[-77.445886,36.324888],[-77.46632,36.321958],[-77.476288,36.317231],[-77.485497,36.315961],[-77.495096,36.308381],[-77.523742,36.306775],[-77.542075,36.303176],[-77.556296,36.305208],[-77.571386,36.314086],[-77.577206,36.328517],[-77.585275,36.334966],[-77.585599,36.337344],[-77.576541,36.35438],[-77.547566,36.372483],[-77.544446,36.393895],[-77.549481,36.412052],[-77.555275,36.417964],[-77.572389,36.422892],[-77.580912,36.424125],[-77.587716,36.422409],[-77.590295,36.424538],[-77.592284,36.431617],[-77.597039,36.434227],[-77.609632,36.436746],[-77.616271,36.444106],[-77.621597,36.443204],[-77.626019,36.445699],[-77.630494,36.450112],[-77.639565,36.47501],[-77.644509,36.480484],[-77.64927,36.481485],[-77.661274,36.479207],[-77.68114,36.479177],[-77.694476,36.4818],[-77.710044,36.48715],[-77.725467,36.487536],[-77.730717,36.486476],[-77.745951,36.478962],[-77.753754,36.478933],[-77.765588,36.482253],[-77.767914,36.480045],[-77.775472,36.48229],[-77.789133,36.49121],[-77.794405,36.491866],[-77.805202,36.497208],[-77.817453,36.500482],[-77.834213,36.501134],[-77.858293,36.506648],[-77.866052,36.503381],[-77.86939,36.503604],[-77.876036,36.506101],[-77.884895,36.506434],[-77.887567,36.509823],[-77.892355,36.512071],[-77.896165,36.509469],[-77.899524,36.504259],[-77.899773,36.544596]]]}},{"type":"Feature","properties":{"name":"Beaufort County","students":442},"geometry":{"type":"Polygon","coordinates":[[[-76.602726,35.516291],[-76.604106,35.505225],[-76.601164,35.497664],[-76.596113,35.493493],[-76.58319,35.488907],[-76.579458,35.485201],[-76.581557,35.466798],[-76.585077,35.457359],[-76.584042,35.449142],[-76.575482,35.436646],[-76.562985,35.424383],[-76.560307,35.417038],[-76.558563,35.403662],[-76.538936,35.380382],[-76.522131,35.353623],[-76.590497,35.361857],[-76.604229,35.338223],[-76.612844,35.334823],[-76.617033,35.330871],[-76.616235,35.314679],[-76.619359,35.302284],[-76.614319,35.291569],[-76.614421,35.285409],[-76.612165,35.279409],[-76.61425,35.274785],[-76.613773,35.270942],[-76.632561,35.235324],[-76.845505,35.216059],[-76.958887,35.301013],[-77.190423,35.418994],[-77.189189,35.426186],[-77.19123,35.435026],[-77.181368,35.440691],[-77.179971,35.444152],[-77.182254,35.448173],[-77.180799,35.455104],[-77.173841,35.456596],[-77.173818,35.484966],[-77.167067,35.496923],[-77.176543,35.501339],[-77.17817,35.50768],[-77.17621,35.5191],[-77.12709,35.554081],[-77.113178,35.549738],[-77.084641,35.552661],[-77.088814,35.554417],[-77.087483,35.558502],[-77.089233,35.558578],[-77.089692,35.560469],[-77.086549,35.562834],[-77.090692,35.569332],[-77.097151,35.56468],[-77.101636,35.566331],[-77.100518,35.567664],[-77.102347,35.568658],[-77.101722,35.570119],[-77.107321,35.57125],[-77.108824,35.569242],[-77.110453,35.56963],[-77.111883,35.574822],[-77.1096,35.575714],[-77.106676,35.5814],[-77.109897,35.583123],[-77.114275,35.58034],[-77.117208,35.581387],[-77.114069,35.588442],[-77.118197,35.586808],[-77.118047,35.583217],[-77.125507,35.584659],[-77.125414,35.586644],[-77.123982,35.585519],[-77.1233,35.586528],[-77.123816,35.591995],[-77.121855,35.592042],[-77.124644,35.596862],[-77.126956,35.597263],[-77.126996,35.594508],[-77.1285,35.59389],[-77.129202,35.596083],[-77.130081,35.594645],[-77.131735,35.596372],[-77.134656,35.596157],[-77.139002,35.602174],[-77.143125,35.598815],[-77.144413,35.599383],[-77.144056,35.60162],[-77.150686,35.602429],[-77.1483,35.60461],[-77.146357,35.604215],[-77.147086,35.605226],[-77.142369,35.60375],[-77.1402,35.605668],[-77.145742,35.608829],[-77.143646,35.615099],[-77.14454,35.616096],[-77.14239,35.61788],[-77.143553,35.620505],[-77.1481,35.620235],[-77.152015,35.626199],[-77.157264,35.62659],[-77.159255,35.629743],[-77.161585,35.629125],[-77.162539,35.633203],[-77.164983,35.630946],[-77.167933,35.631045],[-77.174154,35.635592],[-77.172753,35.644163],[-77.174673,35.658718],[-77.180691,35.664947],[-77.177453,35.669366],[-77.172008,35.668976],[-77.168188,35.67022],[-77.166983,35.672305],[-77.172455,35.677444],[-77.169426,35.67855],[-77.169849,35.684339],[-77.175321,35.687306],[-77.177237,35.684203],[-77.179833,35.685174],[-77.181282,35.693178],[-77.187847,35.695352],[-77.190191,35.693338],[-77.193026,35.694195],[-77.195772,35.699779],[-77.1935,35.70152],[-77.194645,35.703627],[-77.193949,35.709235],[-77.187174,35.712251],[-77.187717,35.714647],[-77.18495,35.720478],[-77.182844,35.718535],[-77.170785,35.716463],[-77.170423,35.720596],[-77.172299,35.724886],[-77.174527,35.725861],[-77.173523,35.727936],[-77.175105,35.729667],[-77.173353,35.730631],[-77.174089,35.732622],[-77.171987,35.736232],[-77.16384,35.739473],[-77.034646,35.678952],[-76.985842,35.658848],[-76.847264,35.719982],[-76.84462,35.705719],[-76.637513,35.705215],[-76.625127,35.693696],[-76.623847,35.69015],[-76.619676,35.688175],[-76.601852,35.669906],[-76.600308,35.663963],[-76.606119,35.646733],[-76.600691,35.635921],[-76.591804,35.624374],[-76.578603,35.614313],[-76.577569,35.611243],[-76.574169,35.611205],[-76.574286,35.609393],[-76.570564,35.605758],[-76.564327,35.603659],[-76.56393,35.60108],[-76.554872,35.600226],[-76.553239,35.597107],[-76.542633,35.599237],[-76.534313,35.595594],[-76.532545,35.593123],[-76.534445,35.589528],[-76.539548,35.585909],[-76.538748,35.582771],[-76.532041,35.580901],[-76.530445,35.5822],[-76.527744,35.581575],[-76.525053,35.585315],[-76.519108,35.584835],[-76.519078,35.578802],[-76.513219,35.576115],[-76.506019,35.581014],[-76.501593,35.579723],[-76.500449,35.578936],[-76.502965,35.575613],[-76.500466,35.570788],[-76.491143,35.572633],[-76.486992,35.568501],[-76.482631,35.567322],[-76.479933,35.562852],[-76.467761,35.556504],[-76.467781,35.550929],[-76.478574,35.530997],[-76.484903,35.524384],[-76.491192,35.520857],[-76.500483,35.5189],[-76.524461,35.518701],[-76.562863,35.52003],[-76.58668,35.523254],[-76.599085,35.51996],[-76.602726,35.516291]]]}},{"type":"Feature","properties":{"name":"Rowan County","students":1522},"geometry":{"type":"Polygon","coordinates":[[[-80.771582,35.672163],[-80.707824,35.852961],[-80.700082,35.850461],[-80.696518,35.85457],[-80.693199,35.853696],[-80.691744,35.8635],[-80.687366,35.859767],[-80.676962,35.855859],[-80.67427,35.857725],[-80.672311,35.855805],[-80.668765,35.856306],[-80.669579,35.852114],[-80.672935,35.849816],[-80.671296,35.846531],[-80.660502,35.844589],[-80.649321,35.846206],[-80.642459,35.844116],[-80.631698,35.845649],[-80.63109,35.838507],[-80.622623,35.839036],[-80.610912,35.831279],[-80.609929,35.828709],[-80.612496,35.82551],[-80.609573,35.823127],[-80.603906,35.823726],[-80.603361,35.826259],[-80.601446,35.823352],[-80.599225,35.827341],[-80.594191,35.827323],[-80.594199,35.823023],[-80.591043,35.81724],[-80.587315,35.819245],[-80.590041,35.821276],[-80.586869,35.823067],[-80.570382,35.816296],[-80.567806,35.811918],[-80.561816,35.809524],[-80.554788,35.8004],[-80.546801,35.798352],[-80.542972,35.792254],[-80.537356,35.78994],[-80.535615,35.791555],[-80.533448,35.791028],[-80.533576,35.78562],[-80.52823,35.783418],[-80.520678,35.784326],[-80.514936,35.778107],[-80.508511,35.774521],[-80.504599,35.780515],[-80.500291,35.783453],[-80.496147,35.782554],[-80.492221,35.779282],[-80.487318,35.766276],[-80.487098,35.771314],[-80.484775,35.775586],[-80.478299,35.774771],[-80.471417,35.767834],[-80.468758,35.757381],[-80.461871,35.750684],[-80.45635,35.737314],[-80.453043,35.734368],[-80.442605,35.734833],[-80.412327,35.722229],[-80.405403,35.722242],[-80.395142,35.724959],[-80.388658,35.719323],[-80.382337,35.71982],[-80.370768,35.71611],[-80.341008,35.721279],[-80.335177,35.720789],[-80.325887,35.711941],[-80.324211,35.707715],[-80.324841,35.703707],[-80.331954,35.69728],[-80.334399,35.69236],[-80.333317,35.683563],[-80.330602,35.678799],[-80.325667,35.674716],[-80.31483,35.671665],[-80.307345,35.665778],[-80.304621,35.65354],[-80.293805,35.643201],[-80.28875,35.63569],[-80.262946,35.62841],[-80.256624,35.622483],[-80.243447,35.61443],[-80.236974,35.606778],[-80.231728,35.596532],[-80.20886,35.581334],[-80.206956,35.573061],[-80.210276,35.556973],[-80.209794,35.552263],[-80.207046,35.54929],[-80.199217,35.545647],[-80.195528,35.53662],[-80.197355,35.529968],[-80.190627,35.525779],[-80.183996,35.516472],[-80.184699,35.508144],[-80.182866,35.503274],[-80.521818,35.502253],[-80.675478,35.50651],[-80.737249,35.505801],[-80.737293,35.524897],[-80.740826,35.532155],[-80.742176,35.540822],[-80.739797,35.544145],[-80.771582,35.672163]]]}},{"type":"Feature","properties":{"name":"Cumberland County","students":4737},"geometry":{"type":"Polygon","coordinates":[[[-78.826331,34.850693],[-78.90422,34.834862],[-78.926848,34.863609],[-78.926818,34.865702],[-78.921652,34.870307],[-78.922321,34.875483],[-78.926657,34.886785],[-78.938665,34.897714],[-78.940844,34.903368],[-78.953091,34.909288],[-78.954982,34.913329],[-79.038747,34.952715],[-79.035556,34.955197],[-79.037583,34.957537],[-79.034775,34.963119],[-79.037271,34.967045],[-79.041034,34.967793],[-79.043469,34.975243],[-79.047025,34.978279],[-79.049699,34.991954],[-79.05677,34.998282],[-79.061938,35.009115],[-79.071391,35.01451],[-79.072256,35.018009],[-79.084229,35.035458],[-79.090291,35.042031],[-79.090058,35.045806],[-79.091783,35.047606],[-79.088154,35.049547],[-79.08819,35.051689],[-79.093166,35.056446],[-79.090388,35.059375],[-79.092088,35.063947],[-79.089409,35.073365],[-79.090548,35.077919],[-79.093428,35.079598],[-79.091736,35.082904],[-79.093176,35.090349],[-79.098458,35.094345],[-79.099556,35.098949],[-79.098322,35.100997],[-79.099827,35.103032],[-79.098977,35.105512],[-79.100757,35.108063],[-79.101266,35.114606],[-79.108666,35.124336],[-79.112755,35.124667],[-79.096262,35.177858],[-79.098734,35.183855],[-79.097195,35.191023],[-78.998037,35.21413],[-78.941581,35.2193],[-78.935545,35.218722],[-78.929485,35.222381],[-78.925522,35.221883],[-78.924709,35.223893],[-78.920211,35.220276],[-78.916681,35.223709],[-78.905435,35.226972],[-78.898045,35.231168],[-78.893264,35.228646],[-78.888593,35.23079],[-78.880408,35.23044],[-78.874032,35.235977],[-78.876057,35.241536],[-78.867859,35.245013],[-78.859681,35.242589],[-78.854503,35.248382],[-78.848097,35.250222],[-78.847158,35.252986],[-78.842533,35.25246],[-78.838667,35.25393],[-78.834669,35.252353],[-78.832217,35.255509],[-78.828277,35.255109],[-78.825343,35.259487],[-78.819427,35.260461],[-78.805855,35.25664],[-78.80146,35.262951],[-78.79866,35.262002],[-78.797669,35.264834],[-78.79428,35.266101],[-78.786812,35.263561],[-78.782495,35.263754],[-78.783743,35.262526],[-78.782169,35.260999],[-78.77826,35.263559],[-78.771042,35.262099],[-78.769616,35.259304],[-78.765884,35.25823],[-78.764181,35.25866],[-78.763684,35.261437],[-78.761014,35.261053],[-78.762995,35.26316],[-78.759974,35.263939],[-78.760609,35.262226],[-78.7591,35.261551],[-78.75753,35.263505],[-78.754495,35.263413],[-78.754024,35.259715],[-78.750107,35.261635],[-78.75003,35.263476],[-78.741096,35.263818],[-78.736025,35.261699],[-78.730029,35.26326],[-78.725564,35.2669],[-78.720506,35.264936],[-78.718939,35.260016],[-78.712982,35.259491],[-78.711997,35.257566],[-78.707702,35.259194],[-78.704393,35.256733],[-78.617114,35.245718],[-78.617279,35.240767],[-78.615263,35.238138],[-78.619013,35.234062],[-78.618304,35.229457],[-78.619501,35.226927],[-78.623964,35.220826],[-78.630765,35.217142],[-78.633668,35.212534],[-78.627795,35.205841],[-78.625367,35.205743],[-78.624516,35.203419],[-78.626966,35.201164],[-78.63213,35.201122],[-78.63695,35.197886],[-78.642601,35.200923],[-78.646797,35.197704],[-78.640132,35.192444],[-78.635895,35.192013],[-78.639993,35.185757],[-78.638675,35.181774],[-78.635201,35.179689],[-78.634862,35.177173],[-78.629862,35.172485],[-78.632128,35.169892],[-78.635623,35.170941],[-78.638908,35.167235],[-78.637838,35.16515],[-78.632359,35.163939],[-78.633664,35.157115],[-78.638052,35.157375],[-78.639923,35.155068],[-78.636019,35.150766],[-78.637988,35.148431],[-78.636888,35.141776],[-78.634661,35.139914],[-78.63553,35.137381],[-78.638369,35.132644],[-78.641747,35.13173],[-78.64292,35.12799],[-78.648783,35.125208],[-78.652539,35.121014],[-78.651832,35.118838],[-78.649319,35.117805],[-78.641426,35.121133],[-78.639274,35.116039],[-78.64308,35.113133],[-78.650649,35.113064],[-78.653809,35.111416],[-78.654014,35.107883],[-78.651928,35.103695],[-78.654356,35.100707],[-78.657926,35.10138],[-78.659027,35.100025],[-78.658238,35.094466],[-78.663609,35.092164],[-78.667265,35.093677],[-78.670478,35.092737],[-78.670537,35.08766],[-78.672308,35.085381],[-78.669202,35.080481],[-78.665556,35.08053],[-78.662976,35.078066],[-78.662482,35.069501],[-78.664079,35.06727],[-78.660644,35.063275],[-78.661589,35.059861],[-78.654065,35.049591],[-78.659346,35.04289],[-78.653469,35.034545],[-78.655863,35.034592],[-78.649649,35.02686],[-78.650093,35.023748],[-78.652877,35.02063],[-78.649927,35.018573],[-78.650207,35.015096],[-78.64503,35.010117],[-78.647555,35.005597],[-78.645777,35.003403],[-78.647614,34.993218],[-78.643786,34.989175],[-78.636334,34.987826],[-78.634589,34.985655],[-78.637158,34.981099],[-78.634117,34.977675],[-78.632345,34.978071],[-78.627645,34.974472],[-78.627167,34.971637],[-78.623771,34.968665],[-78.620522,34.968249],[-78.618462,34.96434],[-78.611201,34.960909],[-78.610777,34.957816],[-78.607536,34.953613],[-78.605086,34.954266],[-78.602107,34.951346],[-78.598753,34.951864],[-78.594795,34.94979],[-78.588285,34.942092],[-78.584492,34.941769],[-78.583593,34.938386],[-78.572832,34.937515],[-78.572691,34.929827],[-78.570308,34.926823],[-78.564465,34.925067],[-78.561843,34.917602],[-78.557703,34.915344],[-78.550605,34.914906],[-78.547991,34.916944],[-78.544485,34.914821],[-78.542029,34.911282],[-78.543088,34.909403],[-78.541888,34.908132],[-78.545819,34.90508],[-78.545729,34.902632],[-78.547516,34.902346],[-78.546861,34.90062],[-78.536917,34.895231],[-78.535093,34.89561],[-78.53497,34.893659],[-78.526515,34.891172],[-78.524666,34.883972],[-78.519683,34.882337],[-78.519684,34.883819],[-78.517647,34.883811],[-78.515554,34.881636],[-78.513917,34.881959],[-78.514631,34.880907],[-78.512699,34.880596],[-78.515093,34.875095],[-78.512751,34.872359],[-78.513212,34.869222],[-78.502556,34.86461],[-78.502209,34.861676],[-78.499379,34.8592],[-78.495091,34.859099],[-78.494705,34.856182],[-78.506288,34.852573],[-78.516123,34.845919],[-78.533633,34.851129],[-78.826331,34.850693]]]}},{"type":"Feature","properties":{"name":"Richmond County","students":535},"geometry":{"type":"Polygon","coordinates":[[[-80.074218,35.132402],[-80.075365,35.143081],[-80.041106,35.139693],[-80.037084,35.140641],[-80.022753,35.137191],[-80.002172,35.149034],[-79.988717,35.153989],[-79.984655,35.158172],[-79.974983,35.156601],[-79.966533,35.158176],[-79.952462,35.156479],[-79.94927,35.157712],[-79.944271,35.164169],[-79.89861,35.161714],[-79.851268,35.183855],[-79.836139,35.177232],[-79.830042,35.177061],[-79.824492,35.179092],[-79.818749,35.177888],[-79.81187,35.179942],[-79.792011,35.175952],[-79.768378,35.177174],[-79.749463,35.172999],[-79.736903,35.178128],[-79.714044,35.173049],[-79.703553,35.175443],[-79.694365,35.179642],[-79.693697,35.17823],[-79.683596,35.176573],[-79.679755,35.177352],[-79.673494,35.175374],[-79.670248,35.172418],[-79.663297,35.170807],[-79.65741,35.164536],[-79.642129,35.157717],[-79.614304,35.163679],[-79.614408,35.159653],[-79.610212,35.155358],[-79.609409,35.148971],[-79.606251,35.149008],[-79.605055,35.147593],[-79.605893,35.146252],[-79.60227,35.146463],[-79.588131,35.138094],[-79.584581,35.13357],[-79.584373,35.129125],[-79.573305,35.122536],[-79.575649,35.111173],[-79.574778,35.101334],[-79.582479,35.08993],[-79.582838,35.084123],[-79.576204,35.070051],[-79.572364,35.069155],[-79.568263,35.064836],[-79.565136,35.063665],[-79.563963,35.064948],[-79.551499,35.066334],[-79.538615,35.064685],[-79.523592,35.066182],[-79.507887,35.0615],[-79.499181,35.063931],[-79.492456,35.061342],[-79.492373,35.059982],[-79.488342,35.061017],[-79.486315,35.058939],[-79.483102,35.059515],[-79.477371,35.057246],[-79.475287,35.052101],[-79.470694,35.048422],[-79.467344,35.047913],[-79.461791,35.043372],[-79.458751,35.043639],[-79.460886,35.040898],[-79.468886,35.036567],[-79.510506,35.026152],[-79.521381,35.019225],[-79.553038,35.004775],[-79.567935,34.994325],[-79.573423,34.99221],[-79.566667,34.979415],[-79.577993,34.972386],[-79.577579,34.968771],[-79.5819,34.963877],[-79.581607,34.957413],[-79.585618,34.954745],[-79.583241,34.948],[-79.584787,34.945385],[-79.58173,34.935442],[-79.578604,34.930896],[-79.568259,34.927372],[-79.563987,34.917946],[-79.566007,34.911136],[-79.561856,34.91035],[-79.616,34.865928],[-79.626767,34.851911],[-79.619929,34.848903],[-79.619718,34.846462],[-79.622809,34.843739],[-79.617367,34.839282],[-79.620133,34.835242],[-79.618591,34.833331],[-79.619222,34.830968],[-79.621993,34.829388],[-79.622929,34.826817],[-79.621445,34.82487],[-79.622765,34.820238],[-79.620801,34.817982],[-79.617125,34.818601],[-79.614045,34.815309],[-79.625644,34.817895],[-79.634571,34.825493],[-79.654499,34.814881],[-79.678373,34.813948],[-79.688392,34.81134],[-79.692944,34.805155],[-79.927412,34.806734],[-79.923089,34.808756],[-79.913903,34.818452],[-79.90872,34.841584],[-79.900462,34.857779],[-79.883136,34.864451],[-79.870614,34.874997],[-79.863019,34.882479],[-79.848688,34.902608],[-79.849384,34.910642],[-79.855648,34.925073],[-79.860109,34.933189],[-79.866994,34.93981],[-79.872303,34.950371],[-79.872341,34.955003],[-79.863813,34.974208],[-79.864793,34.979988],[-79.880496,34.988833],[-79.900627,35.005737],[-79.900017,35.00904],[-79.894645,35.016435],[-79.892427,35.02487],[-79.876744,35.035945],[-79.876189,35.043448],[-79.883596,35.051722],[-79.903132,35.062068],[-79.908983,35.066963],[-79.912341,35.075338],[-79.912518,35.096067],[-79.9219,35.106685],[-79.923169,35.114246],[-79.926537,35.117285],[-79.942839,35.119178],[-79.958475,35.113719],[-79.978772,35.100784],[-79.986068,35.089116],[-79.992941,35.08559],[-79.998308,35.085365],[-80.024355,35.090375],[-80.042206,35.102967],[-80.067719,35.111712],[-80.069686,35.115002],[-80.069025,35.122291],[-80.074218,35.132402]]]}},{"type":"Feature","properties":{"name":"Hoke County","students":828},"geometry":{"type":"Polygon","coordinates":[[[-79.458751,35.043639],[-79.335477,35.161588],[-79.328535,35.161521],[-79.329325,35.164467],[-79.323998,35.166869],[-79.3123,35.168485],[-79.31054,35.172964],[-79.304623,35.175205],[-79.304315,35.177118],[-79.294475,35.184755],[-79.292787,35.188371],[-79.29112,35.18759],[-79.286306,35.190601],[-79.284356,35.190224],[-79.285047,35.192893],[-79.281485,35.195226],[-79.277079,35.195511],[-79.275231,35.19789],[-79.264559,35.199183],[-79.259534,35.204494],[-79.255659,35.202926],[-79.249612,35.207436],[-79.246735,35.213058],[-79.2429,35.213796],[-79.240742,35.211969],[-79.242121,35.209344],[-79.240953,35.208548],[-79.236676,35.210753],[-79.229712,35.210602],[-79.223511,35.20207],[-79.219756,35.202392],[-79.218317,35.198338],[-79.211767,35.193981],[-79.208059,35.194822],[-79.206209,35.193657],[-79.204225,35.195719],[-79.204298,35.192641],[-79.196002,35.19304],[-79.195077,35.191591],[-79.194891,35.19442],[-79.18904,35.192352],[-79.188593,35.194057],[-79.185041,35.193703],[-79.183756,35.19073],[-79.18113,35.189771],[-79.178649,35.189888],[-79.178268,35.191831],[-79.175214,35.19306],[-79.172394,35.191507],[-79.172653,35.186284],[-79.16796,35.185064],[-79.168329,35.181383],[-79.161955,35.180452],[-79.161506,35.178723],[-79.159342,35.179463],[-79.160409,35.182469],[-79.156413,35.179947],[-79.154443,35.180725],[-79.154974,35.17663],[-79.151833,35.174147],[-79.147627,35.176174],[-79.148893,35.17309],[-79.142844,35.169012],[-79.137273,35.171557],[-79.13626,35.177064],[-79.132952,35.177749],[-79.129551,35.175731],[-79.13151,35.173899],[-79.128215,35.171644],[-79.127565,35.167672],[-79.125264,35.166538],[-79.119873,35.171702],[-79.110075,35.170538],[-79.107534,35.175852],[-79.104411,35.175209],[-79.103383,35.172713],[-79.101095,35.171909],[-79.097551,35.174233],[-79.112921,35.125651],[-79.111865,35.124184],[-79.109122,35.124671],[-79.105455,35.121453],[-79.101266,35.114606],[-79.100757,35.108063],[-79.098977,35.105512],[-79.099827,35.103032],[-79.098322,35.100997],[-79.099556,35.098949],[-79.098458,35.094345],[-79.093176,35.090349],[-79.091736,35.082904],[-79.093428,35.079598],[-79.090548,35.077919],[-79.089409,35.073365],[-79.092088,35.063947],[-79.090388,35.059375],[-79.093166,35.056446],[-79.08819,35.051689],[-79.088154,35.049547],[-79.091783,35.047606],[-79.090058,35.045806],[-79.090291,35.042031],[-79.084229,35.035458],[-79.072256,35.018009],[-79.071391,35.01451],[-79.061938,35.009115],[-79.05677,34.998282],[-79.049699,34.991954],[-79.047025,34.978279],[-79.043469,34.975243],[-79.041034,34.967793],[-79.037271,34.967045],[-79.034775,34.963119],[-79.037583,34.957537],[-79.035556,34.955197],[-79.191391,34.833717],[-79.347868,34.838553],[-79.347904,34.843147],[-79.345135,34.843364],[-79.345292,34.846],[-79.341779,34.84751],[-79.342148,34.849241],[-79.338754,34.850428],[-79.340228,34.851842],[-79.336923,34.85379],[-79.337333,34.856394],[-79.338972,34.857026],[-79.33785,34.859287],[-79.34155,34.862315],[-79.342108,34.868293],[-79.343549,34.868434],[-79.342032,34.871928],[-79.34506,34.874568],[-79.344257,34.877728],[-79.34655,34.879068],[-79.348917,34.893651],[-79.350315,34.894542],[-79.348298,34.896158],[-79.349805,34.898919],[-79.348321,34.899635],[-79.348514,34.902983],[-79.352096,34.911123],[-79.350418,34.917519],[-79.351746,34.919816],[-79.349725,34.92139],[-79.351025,34.924584],[-79.352448,34.924061],[-79.35459,34.926576],[-79.35613,34.933139],[-79.354217,34.934472],[-79.354658,34.937206],[-79.353209,34.936892],[-79.354295,34.938629],[-79.352905,34.939564],[-79.353132,34.944329],[-79.35526,34.944837],[-79.358452,34.949652],[-79.362192,34.950258],[-79.362064,34.953074],[-79.363645,34.954184],[-79.360839,34.957922],[-79.362378,34.957513],[-79.363972,34.960312],[-79.369947,34.963347],[-79.370516,34.966636],[-79.378537,34.975784],[-79.381904,34.976503],[-79.386346,34.981463],[-79.388389,34.981467],[-79.390595,34.98384],[-79.390187,34.985934],[-79.39661,34.991815],[-79.396506,34.994115],[-79.398361,34.993959],[-79.401163,34.997407],[-79.407616,34.999243],[-79.410098,35.001991],[-79.41598,35.002918],[-79.42111,35.009043],[-79.424917,35.010353],[-79.43133,35.020131],[-79.441966,35.022276],[-79.445809,35.026038],[-79.449346,35.026857],[-79.450052,35.030201],[-79.452056,35.030438],[-79.452815,35.033785],[-79.457339,35.037668],[-79.456223,35.0395],[-79.458751,35.043639]]]}},{"type":"Feature","properties":{"name":"Cabarrus County","students":2246},"geometry":{"type":"Polygon","coordinates":[[[-80.570602,35.503318],[-80.423706,35.501961],[-80.295421,35.50292],[-80.484356,35.216368],[-80.483102,35.212841],[-80.494389,35.205622],[-80.499539,35.198065],[-80.505655,35.193751],[-80.504107,35.187486],[-80.504985,35.184998],[-80.66648,35.267934],[-80.693061,35.346379],[-80.708878,35.35535],[-80.74441,35.380667],[-80.755309,35.394823],[-80.766414,35.401478],[-80.763549,35.412099],[-80.752167,35.41405],[-80.772974,35.457679],[-80.773384,35.463148],[-80.779331,35.472012],[-80.781895,35.483819],[-80.787091,35.494916],[-80.784167,35.506017],[-80.675478,35.50651],[-80.570602,35.503318]]]}},{"type":"Feature","properties":{"name":"Camden County","students":51},"geometry":{"type":"Polygon","coordinates":[[[-76.541966,36.550653],[-76.313303,36.55052],[-76.158532,36.425333],[-76.157472,36.398178],[-76.147626,36.394463],[-76.12181,36.371088],[-76.114444,36.357636],[-76.106653,36.354531],[-76.097731,36.353522],[-76.09321,36.35074],[-76.090549,36.352124],[-76.086427,36.349665],[-76.084887,36.352132],[-76.08145,36.348104],[-76.079893,36.34888],[-76.078284,36.347064],[-76.074875,36.3486],[-76.075991,36.346844],[-76.073918,36.346124],[-76.071876,36.349971],[-76.068266,36.349526],[-76.068928,36.34787],[-76.063689,36.347451],[-76.06282,36.349175],[-76.064711,36.351297],[-76.059209,36.352001],[-76.058379,36.354361],[-76.055399,36.355613],[-76.055708,36.358634],[-76.051925,36.360261],[-76.049261,36.356448],[-76.04603,36.358346],[-76.041775,36.355386],[-76.037109,36.355425],[-76.0324,36.350575],[-76.028796,36.34913],[-76.028458,36.344437],[-76.033446,36.341312],[-76.031674,36.338597],[-76.024908,36.341008],[-76.023282,36.344997],[-76.017518,36.345068],[-76.016927,36.338213],[-76.020427,36.332802],[-76.01639,36.327256],[-76.007914,36.328648],[-76.002361,36.324206],[-76.001872,36.315127],[-75.999651,36.311174],[-75.990608,36.308287],[-75.973111,36.309773],[-75.969625,36.306312],[-75.969743,36.295706],[-75.966631,36.289557],[-75.961469,36.287436],[-75.955356,36.289379],[-75.948669,36.285702],[-75.950453,36.279844],[-75.94898,36.274036],[-75.951666,36.271491],[-75.962265,36.267165],[-75.963743,36.26396],[-75.963233,36.258471],[-75.95287,36.253197],[-75.94249,36.243027],[-75.934512,36.237939],[-75.929635,36.219963],[-75.92956,36.207235],[-75.926374,36.200058],[-75.918964,36.192418],[-75.898793,36.180291],[-75.889459,36.167521],[-75.887281,36.159199],[-75.887415,36.150802],[-75.896711,36.125163],[-75.906295,36.085877],[-75.950459,36.087958],[-76.022398,36.086654],[-76.02321,36.125158],[-76.02939,36.158819],[-76.034312,36.167098],[-76.04447,36.178789],[-76.067591,36.2153],[-76.071469,36.218558],[-76.086397,36.222029],[-76.09827,36.227627],[-76.101862,36.231436],[-76.105299,36.240076],[-76.120263,36.259244],[-76.137603,36.273326],[-76.147877,36.276638],[-76.163948,36.277044],[-76.172197,36.282713],[-76.175249,36.289047],[-76.179314,36.292954],[-76.197023,36.291247],[-76.2051,36.29691],[-76.217085,36.298803],[-76.216943,36.301537],[-76.213793,36.304046],[-76.200948,36.305616],[-76.201108,36.314569],[-76.199638,36.31727],[-76.19694,36.317513],[-76.19227,36.314253],[-76.187964,36.314459],[-76.182755,36.317213],[-76.181276,36.321939],[-76.192207,36.32814],[-76.215978,36.327675],[-76.218083,36.333617],[-76.214178,36.341599],[-76.218683,36.34517],[-76.225115,36.34643],[-76.227395,36.34833],[-76.225774,36.354141],[-76.231407,36.362075],[-76.231329,36.37208],[-76.237586,36.371967],[-76.243953,36.365714],[-76.254704,36.362827],[-76.257177,36.363544],[-76.260225,36.367007],[-76.257303,36.369993],[-76.256477,36.373675],[-76.259108,36.376721],[-76.257086,36.38228],[-76.258891,36.384274],[-76.273716,36.388225],[-76.279529,36.38626],[-76.285126,36.388913],[-76.287385,36.384767],[-76.291542,36.386629],[-76.300474,36.395401],[-76.301847,36.400504],[-76.310541,36.401926],[-76.310381,36.406155],[-76.314452,36.408316],[-76.314636,36.410842],[-76.323065,36.417242],[-76.323056,36.420228],[-76.32001,36.423125],[-76.322172,36.427456],[-76.329573,36.42385],[-76.332893,36.425448],[-76.337852,36.424899],[-76.341287,36.42184],[-76.34583,36.421489],[-76.34848,36.423867],[-76.34741,36.428166],[-76.356912,36.426631],[-76.367429,36.431222],[-76.367467,36.433713],[-76.369329,36.435372],[-76.367354,36.439353],[-76.372099,36.439543],[-76.371145,36.441381],[-76.376044,36.442429],[-76.376552,36.445861],[-76.382473,36.447477],[-76.386817,36.446892],[-76.394749,36.454549],[-76.398665,36.455503],[-76.40699,36.454175],[-76.414754,36.460488],[-76.421131,36.461868],[-76.42271,36.464386],[-76.437286,36.467846],[-76.541966,36.550653]]]}},{"type":"Feature","properties":{"name":"Stokes County","students":370},"geometry":{"type":"Polygon","coordinates":[[[-80.448067,36.413375],[-80.44034,36.550665],[-80.294877,36.544053],[-80.027339,36.54248],[-80.035119,36.257184],[-80.451925,36.261515],[-80.448067,36.413375]]]}},{"type":"Feature","properties":{"name":"Carteret County","students":575},"geometry":{"type":"Polygon","coordinates":[[[-76.315731,34.77603],[-76.374638,34.715991],[-76.439001,34.640288],[-76.466338,34.595738],[-76.47746,34.566204],[-76.483183,34.55636],[-76.491991,34.546532],[-76.504213,34.539596],[-76.524378,34.532155],[-76.531644,34.531736],[-76.547874,34.532839],[-76.562509,34.536912],[-76.572066,34.542544],[-76.58372,34.552625],[-76.590745,34.56313],[-76.595485,34.577843],[-76.612344,34.600128],[-76.614722,34.618278],[-76.677227,34.634304],[-76.6928,34.64295],[-76.729827,34.64721],[-76.749655,34.647665],[-76.818937,34.643253],[-76.950968,34.625162],[-76.999666,34.617009],[-77.079208,34.595974],[-77.094311,34.588591],[-77.117198,34.584367],[-77.11293,34.638544],[-77.108032,34.63974],[-77.10838,34.643058],[-77.111844,34.646595],[-77.11316,34.651027],[-77.101747,34.661921],[-77.096073,34.67124],[-77.107899,34.675939],[-77.113529,34.680541],[-77.113382,34.68291],[-77.108561,34.687346],[-77.105153,34.694712],[-77.105995,34.710328],[-77.109153,34.717874],[-77.121798,34.731534],[-77.125766,34.748269],[-77.125646,34.756707],[-77.131267,34.758918],[-77.135751,34.764609],[-77.139333,34.760105],[-77.141686,34.759704],[-77.143363,34.765789],[-77.149017,34.768506],[-77.155024,34.765634],[-77.157914,34.766036],[-77.158419,34.769478],[-77.150654,34.771171],[-77.15313,34.77314],[-77.153981,34.776837],[-77.157585,34.773569],[-77.160095,34.774257],[-77.160061,34.777014],[-77.157118,34.779739],[-77.158375,34.781663],[-77.160655,34.781814],[-77.164049,34.778911],[-77.166287,34.779813],[-77.165986,34.785032],[-77.162995,34.785526],[-77.162065,34.787177],[-77.16538,34.787893],[-77.167769,34.791],[-77.164382,34.790501],[-77.1612,34.7952],[-77.153303,34.792571],[-77.147754,34.794191],[-77.144191,34.793336],[-77.14223,34.797004],[-77.135714,34.797993],[-77.134233,34.796836],[-77.130665,34.798125],[-77.128126,34.795898],[-77.125603,34.796174],[-77.125393,34.793376],[-77.123647,34.792636],[-77.120033,34.794501],[-77.116205,34.793917],[-77.115566,34.79723],[-77.112688,34.796475],[-77.107382,34.803106],[-77.09615,34.799243],[-77.090731,34.799316],[-77.090082,34.808669],[-77.084952,34.811148],[-77.080255,34.809984],[-77.078263,34.811322],[-76.954438,34.809066],[-76.954773,34.824508],[-76.882195,34.836704],[-76.883201,34.844893],[-76.771766,34.846677],[-76.76643,34.848795],[-76.758008,34.846285],[-76.693018,34.86918],[-76.691035,34.882386],[-76.686771,34.888702],[-76.686263,34.895371],[-76.682974,34.899269],[-76.669567,34.905135],[-76.662675,34.911853],[-76.652571,34.937595],[-76.685363,34.96424],[-76.71158,34.981768],[-76.624651,35.030931],[-76.304136,35.201453],[-76.065774,35.124937],[-76.019044,35.065392],[-76.016003,35.065319],[-76.006557,35.053869],[-76.006936,35.006031],[-76.02443,35.005364],[-76.124626,34.933081],[-76.219248,34.856422],[-76.249632,34.834631],[-76.315731,34.77603]]]}},{"type":"Feature","properties":{"name":"Alleghany County","students":2},"geometry":{"type":"Polygon","coordinates":[[[-81.187856,36.401133],[-81.212588,36.385554],[-81.220168,36.377603],[-81.230827,36.374984],[-81.238107,36.37036],[-81.238285,36.368294],[-81.24332,36.366088],[-81.24927,36.367615],[-81.253552,36.366622],[-81.249912,36.372395],[-81.245679,36.37374],[-81.247044,36.375864],[-81.24416,36.384848],[-81.246792,36.387348],[-81.246138,36.392487],[-81.252529,36.397942],[-81.25254,36.400914],[-81.258848,36.402502],[-81.264567,36.410254],[-81.266578,36.415248],[-81.265422,36.417569],[-81.262657,36.418178],[-81.262542,36.419927],[-81.264333,36.423462],[-81.263761,36.428929],[-81.265352,36.432953],[-81.269041,36.43754],[-81.272303,36.447116],[-81.279661,36.451614],[-81.286953,36.461621],[-81.294676,36.465515],[-81.296414,36.464616],[-81.299727,36.475067],[-81.307774,36.480789],[-81.322575,36.495826],[-81.326601,36.504875],[-81.328339,36.517333],[-81.332192,36.522858],[-81.337723,36.526797],[-81.347493,36.540144],[-81.347956,36.54269],[-81.34553,36.545429],[-81.346081,36.55182],[-81.34903,36.552017],[-81.351712,36.546309],[-81.35315,36.546077],[-81.353259,36.574692],[-81.176933,36.571885],[-81.003808,36.563656],[-80.901641,36.561766],[-80.917535,36.524113],[-80.921629,36.525915],[-80.926915,36.501219],[-80.963878,36.459276],[-80.973643,36.453474],[-80.947182,36.419074],[-80.968399,36.400935],[-80.971273,36.395581],[-80.981667,36.391231],[-80.984027,36.388823],[-80.979437,36.379111],[-80.981373,36.37616],[-80.994653,36.379399],[-81.013613,36.37127],[-81.026688,36.373195],[-81.043789,36.393323],[-81.044272,36.411063],[-81.078047,36.417921],[-81.079766,36.422426],[-81.078794,36.425915],[-81.083318,36.42984],[-81.083727,36.433026],[-81.091786,36.435922],[-81.095112,36.440773],[-81.128398,36.425899],[-81.128275,36.42213],[-81.132626,36.415484],[-81.138242,36.412479],[-81.142631,36.419198],[-81.147653,36.419181],[-81.146917,36.422058],[-81.149112,36.425251],[-81.160364,36.428999],[-81.162956,36.432515],[-81.187856,36.401133]]]}},{"type":"Feature","properties":{"name":"Pasquotank County","students":599},"geometry":{"type":"Polygon","coordinates":[[[-76.491405,36.468648],[-76.491336,36.510677],[-76.437286,36.467846],[-76.42271,36.464386],[-76.421131,36.461868],[-76.414754,36.460488],[-76.40699,36.454175],[-76.398665,36.455503],[-76.394749,36.454549],[-76.386817,36.446892],[-76.382473,36.447477],[-76.376552,36.445861],[-76.376044,36.442429],[-76.371145,36.441381],[-76.372099,36.439543],[-76.367354,36.439353],[-76.369329,36.435372],[-76.367467,36.433713],[-76.367429,36.431222],[-76.356912,36.426631],[-76.34741,36.428166],[-76.34848,36.423867],[-76.34744,36.42217],[-76.341537,36.42175],[-76.339413,36.424343],[-76.333523,36.425447],[-76.329573,36.42385],[-76.322172,36.427456],[-76.32001,36.423125],[-76.323056,36.420228],[-76.323065,36.417242],[-76.314636,36.410842],[-76.314452,36.408316],[-76.310381,36.406155],[-76.310541,36.401926],[-76.301847,36.400504],[-76.300474,36.395401],[-76.291542,36.386629],[-76.287385,36.384767],[-76.285126,36.388913],[-76.279529,36.38626],[-76.273716,36.388225],[-76.258891,36.384274],[-76.257086,36.38228],[-76.259108,36.376721],[-76.256477,36.373675],[-76.257303,36.369993],[-76.260225,36.367007],[-76.257177,36.363544],[-76.254704,36.362827],[-76.243953,36.365714],[-76.237586,36.371967],[-76.231329,36.37208],[-76.231407,36.362075],[-76.225774,36.354141],[-76.227395,36.34833],[-76.225115,36.34643],[-76.218683,36.34517],[-76.214178,36.341599],[-76.218083,36.333617],[-76.215978,36.327675],[-76.192207,36.32814],[-76.181276,36.321939],[-76.182755,36.317213],[-76.187964,36.314459],[-76.19227,36.314253],[-76.19694,36.317513],[-76.199638,36.31727],[-76.201108,36.314569],[-76.200948,36.305616],[-76.213793,36.304046],[-76.216943,36.301537],[-76.217085,36.298803],[-76.2051,36.29691],[-76.197023,36.291247],[-76.179314,36.292954],[-76.175249,36.289047],[-76.172197,36.282713],[-76.163948,36.277044],[-76.147877,36.276638],[-76.137603,36.273326],[-76.120263,36.259244],[-76.105299,36.240076],[-76.101862,36.231436],[-76.09827,36.227627],[-76.086397,36.222029],[-76.071469,36.218558],[-76.067591,36.2153],[-76.04447,36.178789],[-76.034312,36.167098],[-76.02939,36.158819],[-76.02321,36.125158],[-76.022607,36.096725],[-76.058217,36.080593],[-76.076074,36.075629],[-76.101065,36.069526],[-76.157953,36.059517],[-76.178743,36.111193],[-76.182749,36.114212],[-76.194668,36.117738],[-76.215507,36.130361],[-76.223804,36.139669],[-76.228685,36.149892],[-76.234886,36.155128],[-76.240324,36.163756],[-76.251408,36.169489],[-76.25988,36.179527],[-76.271928,36.185723],[-76.273284,36.195179],[-76.279305,36.198244],[-76.280101,36.20319],[-76.286985,36.210536],[-76.288411,36.21358],[-76.285035,36.215788],[-76.289912,36.218201],[-76.290244,36.223358],[-76.30365,36.221729],[-76.304193,36.225963],[-76.307026,36.227532],[-76.307181,36.230319],[-76.314674,36.232711],[-76.31723,36.24017],[-76.324794,36.240442],[-76.332226,36.244438],[-76.337292,36.24079],[-76.340612,36.241425],[-76.343536,36.243254],[-76.343363,36.246779],[-76.347449,36.249789],[-76.3606,36.252415],[-76.374985,36.258779],[-76.377939,36.269261],[-76.375487,36.272793],[-76.376639,36.275321],[-76.381218,36.27585],[-76.38646,36.283589],[-76.391945,36.287485],[-76.39179,36.290729],[-76.395108,36.29261],[-76.394665,36.296808],[-76.397969,36.300402],[-76.40173,36.301619],[-76.447632,36.363738],[-76.491405,36.468648]]]}},{"type":"Feature","properties":{"name":"Wilkes County","students":295},"geometry":{"type":"Polygon","coordinates":[[[-80.975675,36.05881],[-81.048508,36.04108],[-81.057572,36.03155],[-81.098113,36.028162],[-81.098584,36.030891],[-81.10833,36.03709],[-81.112069,36.037648],[-81.115799,36.034248],[-81.121509,36.035621],[-81.123461,36.037805],[-81.136815,36.036385],[-81.139823,36.037652],[-81.145534,36.03387],[-81.167286,36.025493],[-81.173903,36.026162],[-81.174871,36.027431],[-81.173829,36.029062],[-81.175731,36.031105],[-81.182482,36.033061],[-81.185825,36.035712],[-81.189529,36.035549],[-81.19028,36.037212],[-81.195902,36.035033],[-81.202868,36.036147],[-81.207419,36.032717],[-81.212254,36.034107],[-81.219342,36.029825],[-81.230153,36.031453],[-81.232349,36.030163],[-81.237811,36.030885],[-81.240792,36.026311],[-81.244377,36.024832],[-81.249874,36.027264],[-81.253216,36.025423],[-81.256524,36.026453],[-81.268451,36.024983],[-81.272055,36.021624],[-81.281248,36.018372],[-81.284465,36.015427],[-81.28387,36.012894],[-81.288088,36.010702],[-81.300385,36.006161],[-81.301418,36.004291],[-81.308606,36.005436],[-81.314352,36.004259],[-81.3139,36.001461],[-81.315841,36.000698],[-81.31755,35.997072],[-81.326728,35.994851],[-81.344981,36.025623],[-81.348473,36.025792],[-81.378013,36.040744],[-81.381479,36.044611],[-81.396396,36.040764],[-81.397308,36.0431],[-81.389463,36.050128],[-81.396537,36.056611],[-81.40004,36.062572],[-81.397773,36.066431],[-81.403284,36.065932],[-81.406383,36.06783],[-81.407414,36.07185],[-81.409449,36.07073],[-81.411223,36.072801],[-81.41469,36.072724],[-81.417345,36.070848],[-81.424441,36.077851],[-81.43107,36.075316],[-81.438198,36.075288],[-81.44477,36.072131],[-81.444446,36.075468],[-81.448056,36.079409],[-81.447375,36.08303],[-81.453199,36.086706],[-81.453986,36.090494],[-81.460022,36.090967],[-81.467802,36.085536],[-81.477791,36.092764],[-81.477121,36.096834],[-81.484351,36.095992],[-81.489347,36.098575],[-81.493512,36.097494],[-81.495659,36.100584],[-81.501614,36.100332],[-81.508413,36.096977],[-81.516465,36.097476],[-81.520011,36.102596],[-81.545488,36.117475],[-81.500366,36.142527],[-81.455792,36.200441],[-81.459909,36.202134],[-81.461807,36.206089],[-81.46121,36.211286],[-81.463507,36.212677],[-81.466392,36.220367],[-81.466747,36.22499],[-81.465317,36.226578],[-81.472183,36.229392],[-81.477702,36.23583],[-81.475389,36.253036],[-81.465507,36.251523],[-81.458236,36.248415],[-81.458157,36.250848],[-81.452461,36.258342],[-81.451672,36.257468],[-81.446639,36.26078],[-81.442923,36.259773],[-81.440505,36.262084],[-81.430587,36.265794],[-81.4295,36.272041],[-81.430879,36.275471],[-81.429413,36.277374],[-81.417443,36.278005],[-81.413125,36.281457],[-81.415836,36.291654],[-81.414088,36.294732],[-81.409232,36.294397],[-81.404737,36.290382],[-81.387419,36.284885],[-81.386852,36.282581],[-81.378643,36.277913],[-81.374121,36.284644],[-81.366667,36.285884],[-81.366827,36.30166],[-81.358849,36.305302],[-81.359872,36.308148],[-81.358627,36.312208],[-81.361997,36.313845],[-81.354301,36.355608],[-81.332519,36.370512],[-81.33194,36.372236],[-81.320898,36.377059],[-81.318576,36.375921],[-81.318291,36.370838],[-81.311936,36.370347],[-81.308449,36.367724],[-81.303807,36.367124],[-81.298356,36.368745],[-81.291931,36.366767],[-81.286273,36.368799],[-81.279839,36.363236],[-81.271349,36.363918],[-81.267199,36.363143],[-81.266018,36.361106],[-81.261232,36.364971],[-81.260684,36.363479],[-81.255886,36.363217],[-81.253649,36.366601],[-81.25003,36.367507],[-81.24332,36.366088],[-81.238285,36.368294],[-81.238107,36.37036],[-81.230827,36.374984],[-81.220168,36.377603],[-81.212588,36.385554],[-81.189256,36.399351],[-81.162956,36.432515],[-81.160364,36.428999],[-81.149112,36.425251],[-81.146917,36.422058],[-81.147653,36.419181],[-81.142631,36.419198],[-81.138242,36.412479],[-81.132626,36.415484],[-81.128275,36.42213],[-81.128398,36.425899],[-81.095112,36.440773],[-81.091786,36.435922],[-81.083727,36.433026],[-81.083318,36.42984],[-81.078794,36.425915],[-81.079766,36.422426],[-81.078047,36.417921],[-81.044272,36.411063],[-81.043789,36.393323],[-81.026688,36.373195],[-81.013613,36.37127],[-80.994653,36.379399],[-80.981373,36.37616],[-80.979437,36.379111],[-80.984027,36.388823],[-80.981667,36.391231],[-80.971273,36.395581],[-80.967153,36.40202],[-80.964537,36.399018],[-80.957237,36.397206],[-80.954878,36.393858],[-80.957098,36.389978],[-80.956622,36.385924],[-80.951829,36.383493],[-80.942136,36.373604],[-80.932538,36.369307],[-80.930798,36.366637],[-80.922835,36.364511],[-80.920263,36.367268],[-80.917135,36.36756],[-80.910562,36.362372],[-80.905784,36.361099],[-80.893248,36.341101],[-80.880136,36.333943],[-80.876752,36.333526],[-80.875726,36.33087],[-80.868746,36.326447],[-80.881591,36.055718],[-80.975675,36.05881]]]}},{"type":"Feature","properties":{"name":"Alexander County","students":516},"geometry":{"type":"Polygon","coordinates":[[[-81.237999,36.030845],[-81.219342,36.029825],[-81.212254,36.034107],[-81.207419,36.032717],[-81.202868,36.036147],[-81.195902,36.035033],[-81.19028,36.037212],[-81.189529,36.035549],[-81.185825,36.035712],[-81.182482,36.033061],[-81.175731,36.031105],[-81.173829,36.029062],[-81.174871,36.027431],[-81.173903,36.026162],[-81.167286,36.025493],[-81.145534,36.03387],[-81.139823,36.037652],[-81.136815,36.036385],[-81.123461,36.037805],[-81.121509,36.035621],[-81.115799,36.034248],[-81.111689,36.037739],[-81.104926,36.035504],[-81.098584,36.030891],[-81.098113,36.028162],[-81.057572,36.03155],[-81.048508,36.04108],[-81.028833,36.045652],[-81.0034,35.996737],[-81.005541,35.958287],[-81.041339,35.857855],[-81.060451,35.835109],[-81.064603,35.824561],[-81.070057,35.818141],[-81.077505,35.812734],[-81.079265,35.808994],[-81.078943,35.802775],[-81.086731,35.796681],[-81.093699,35.794033],[-81.101036,35.787477],[-81.102009,35.783382],[-81.105823,35.781902],[-81.106453,35.778512],[-81.109507,35.776594],[-81.115753,35.782308],[-81.122879,35.784939],[-81.128414,35.789383],[-81.130812,35.803241],[-81.138642,35.808442],[-81.141085,35.812162],[-81.142338,35.827434],[-81.149609,35.828958],[-81.154857,35.828311],[-81.160303,35.825087],[-81.168349,35.825595],[-81.175941,35.823054],[-81.196081,35.821161],[-81.201893,35.823289],[-81.205137,35.8228],[-81.216186,35.817277],[-81.225814,35.809519],[-81.232186,35.812419],[-81.240954,35.812841],[-81.249642,35.815685],[-81.254113,35.808798],[-81.267281,35.804495],[-81.280115,35.806135],[-81.288995,35.80039],[-81.298074,35.798193],[-81.304495,35.802608],[-81.308346,35.802509],[-81.315913,35.796857],[-81.334272,35.796281],[-81.331905,35.802671],[-81.335033,35.803777],[-81.337917,35.812631],[-81.335743,35.814514],[-81.339974,35.816057],[-81.337397,35.817911],[-81.339899,35.824155],[-81.342358,35.82236],[-81.344034,35.824553],[-81.333373,35.878892],[-81.342905,35.923203],[-81.328324,35.996583],[-81.326491,35.994829],[-81.322505,35.996847],[-81.317855,35.996869],[-81.3139,36.001461],[-81.314511,36.004121],[-81.311959,36.005123],[-81.301196,36.004352],[-81.300385,36.006161],[-81.28387,36.012894],[-81.284465,36.015427],[-81.281404,36.018258],[-81.272055,36.021624],[-81.268451,36.024983],[-81.256524,36.026453],[-81.253216,36.025423],[-81.249874,36.027264],[-81.244377,36.024832],[-81.240713,36.026384],[-81.237999,36.030845]]]}},{"type":"Feature","properties":{"name":"Halifax County","students":438},"geometry":{"type":"Polygon","coordinates":[[[-77.409427,36.263549],[-77.381366,36.249757],[-77.376934,36.245047],[-77.376624,36.237104],[-77.382193,36.227093],[-77.386595,36.213548],[-77.383611,36.208206],[-77.35787,36.197459],[-77.350971,36.191532],[-77.340132,36.189997],[-77.329236,36.192408],[-77.325729,36.186959],[-77.319386,36.18179],[-77.309048,36.180719],[-77.313315,36.173369],[-77.311331,36.16986],[-77.307356,36.167339],[-77.299599,36.164906],[-77.287037,36.169201],[-77.281401,36.165558],[-77.276503,36.157374],[-77.263366,36.158941],[-77.263005,36.157218],[-77.267279,36.150542],[-77.265602,36.139835],[-77.250814,36.134572],[-77.250994,36.131087],[-77.254891,36.124857],[-77.254334,36.122535],[-77.239704,36.120275],[-77.241336,36.118479],[-77.25072,36.117695],[-77.251468,36.115051],[-77.244325,36.112108],[-77.232632,36.110238],[-77.230129,36.105932],[-77.231557,36.103597],[-77.242786,36.097183],[-77.268937,36.100005],[-77.282188,36.097284],[-77.293125,36.091228],[-77.31386,36.088836],[-77.31999,36.078654],[-77.327556,36.076376],[-77.327569,36.071361],[-77.331426,36.068078],[-77.339809,36.066184],[-77.339279,36.064707],[-77.402614,36.004966],[-77.408538,36.006995],[-77.421138,36.003609],[-77.427962,36.005291],[-77.435177,36.013183],[-77.441638,36.014683],[-77.437984,36.018511],[-77.439301,36.021212],[-77.45408,36.029622],[-77.467385,36.031622],[-77.474851,36.037775],[-77.517646,36.036775],[-77.522373,36.03881],[-77.52666,36.037574],[-77.526673,36.039201],[-77.529304,36.039421],[-77.528707,36.040712],[-77.524562,36.039996],[-77.524135,36.044127],[-77.52262,36.045093],[-77.525628,36.047818],[-77.526616,36.046506],[-77.529159,36.047379],[-77.529482,36.050494],[-77.531444,36.049725],[-77.533567,36.052439],[-77.531398,36.053304],[-77.532404,36.056135],[-77.535438,36.054811],[-77.540136,36.060828],[-77.538946,36.0648],[-77.536062,36.063307],[-77.529523,36.068856],[-77.525435,36.06923],[-77.528011,36.073409],[-77.530455,36.07279],[-77.532604,36.074177],[-77.530793,36.076115],[-77.532482,36.07539],[-77.532907,36.077242],[-77.535687,36.077891],[-77.534391,36.078945],[-77.535921,36.080341],[-77.533631,36.080183],[-77.534924,36.081478],[-77.532853,36.081259],[-77.531491,36.08377],[-77.533721,36.085125],[-77.533433,36.091051],[-77.535708,36.092115],[-77.538546,36.091088],[-77.538312,36.09402],[-77.540781,36.096178],[-77.541844,36.095294],[-77.553209,36.100079],[-77.553585,36.097975],[-77.557737,36.097433],[-77.557482,36.095447],[-77.560305,36.094466],[-77.563068,36.097371],[-77.569733,36.098557],[-77.570009,36.096909],[-77.574877,36.098259],[-77.574508,36.099854],[-77.57643,36.099741],[-77.576971,36.097705],[-77.579434,36.097949],[-77.579192,36.100764],[-77.581778,36.099455],[-77.583379,36.101679],[-77.585876,36.100227],[-77.58623,36.101966],[-77.584512,36.102632],[-77.586273,36.103427],[-77.587209,36.101746],[-77.5899,36.103887],[-77.590379,36.102223],[-77.59232,36.101958],[-77.593934,36.104407],[-77.594292,36.101257],[-77.596394,36.100873],[-77.595735,36.102481],[-77.599805,36.104197],[-77.600726,36.10651],[-77.604948,36.107467],[-77.6056,36.11041],[-77.61014,36.107657],[-77.608561,36.110552],[-77.610971,36.111249],[-77.610747,36.110094],[-77.614775,36.109432],[-77.619636,36.110548],[-77.620719,36.112179],[-77.622426,36.110763],[-77.624489,36.111776],[-77.6253,36.115194],[-77.626531,36.111437],[-77.628145,36.113692],[-77.627171,36.115019],[-77.630141,36.115427],[-77.628077,36.119595],[-77.631376,36.118974],[-77.629469,36.121935],[-77.631613,36.122785],[-77.630276,36.123825],[-77.632082,36.124564],[-77.631837,36.12701],[-77.633551,36.12844],[-77.63459,36.127001],[-77.636605,36.127764],[-77.635415,36.129306],[-77.636371,36.131774],[-77.64086,36.133231],[-77.64344,36.135465],[-77.643833,36.138052],[-77.648493,36.136953],[-77.650067,36.138089],[-77.651095,36.135275],[-77.652578,36.137876],[-77.655565,36.13709],[-77.655636,36.13899],[-77.659398,36.136793],[-77.661618,36.138358],[-77.663317,36.136028],[-77.665493,36.138756],[-77.667333,36.136471],[-77.668087,36.137759],[-77.670076,36.137147],[-77.670521,36.139117],[-77.668396,36.139469],[-77.672248,36.141067],[-77.671696,36.143041],[-77.676867,36.144202],[-77.672105,36.148505],[-77.678937,36.150723],[-77.678533,36.154373],[-77.682951,36.153403],[-77.682723,36.151456],[-77.686524,36.153149],[-77.69177,36.15094],[-77.698716,36.153235],[-77.702643,36.150487],[-77.704924,36.150913],[-77.707029,36.14828],[-77.70646,36.146785],[-77.711874,36.145342],[-77.715896,36.146422],[-77.721582,36.141417],[-77.716432,36.13638],[-77.721332,36.133795],[-77.726256,36.138],[-77.731528,36.139317],[-77.729387,36.148985],[-77.732446,36.147431],[-77.737184,36.153748],[-77.741656,36.15515],[-77.745937,36.153078],[-77.750068,36.157468],[-77.753229,36.156873],[-77.753202,36.151983],[-77.757021,36.148985],[-77.769315,36.146177],[-77.772567,36.147027],[-77.774138,36.142529],[-77.778495,36.14403],[-77.783119,36.141388],[-77.792486,36.145139],[-77.799263,36.144476],[-77.804335,36.149731],[-77.805899,36.147091],[-77.805161,36.141616],[-77.808066,36.138221],[-77.81552,36.14],[-77.821601,36.144723],[-77.847771,36.145035],[-77.85608,36.146038],[-77.861858,36.1491],[-77.871626,36.145223],[-77.878924,36.144721],[-77.87896,36.143145],[-77.882024,36.146847],[-77.884231,36.147298],[-77.88724,36.14384],[-77.892354,36.151179],[-77.901196,36.156349],[-77.900739,36.162697],[-77.909529,36.165335],[-77.915868,36.163563],[-77.922682,36.166342],[-77.92306,36.168884],[-77.917707,36.180493],[-77.923918,36.188906],[-77.926093,36.183168],[-77.930821,36.182306],[-77.940854,36.192218],[-77.944004,36.192592],[-77.944518,36.188308],[-77.943028,36.186512],[-77.944368,36.182114],[-77.951216,36.180565],[-77.967384,36.194208],[-77.972939,36.194331],[-77.973031,36.18978],[-77.969586,36.186347],[-77.969052,36.183531],[-77.971508,36.17788],[-77.973539,36.176776],[-77.975707,36.177703],[-77.978185,36.17528],[-77.979575,36.178695],[-77.984366,36.181451],[-77.983042,36.186651],[-77.987542,36.189555],[-77.991211,36.186593],[-77.990652,36.185168],[-77.992525,36.185527],[-77.993626,36.190496],[-77.996791,36.192697],[-77.997791,36.197287],[-77.9967,36.198511],[-78.001714,36.19895],[-78.006551,36.202633],[-77.942406,36.298526],[-77.911963,36.382446],[-77.912064,36.424859],[-77.918254,36.429824],[-77.92004,36.43652],[-77.917151,36.440869],[-77.911795,36.442807],[-77.909245,36.473937],[-77.905552,36.490947],[-77.898813,36.506072],[-77.892355,36.512071],[-77.887567,36.509823],[-77.884895,36.506434],[-77.876036,36.506101],[-77.86939,36.503604],[-77.866052,36.503381],[-77.858293,36.506648],[-77.834213,36.501134],[-77.817099,36.500411],[-77.805202,36.497208],[-77.794405,36.491866],[-77.789133,36.49121],[-77.775472,36.48229],[-77.767914,36.480045],[-77.765588,36.482253],[-77.753754,36.478933],[-77.745951,36.478962],[-77.730717,36.486476],[-77.725467,36.487536],[-77.710044,36.48715],[-77.694476,36.4818],[-77.68114,36.479177],[-77.661274,36.479207],[-77.64927,36.481485],[-77.644633,36.480553],[-77.639565,36.47501],[-77.630494,36.450112],[-77.626019,36.445699],[-77.621597,36.443204],[-77.616271,36.444106],[-77.609632,36.436746],[-77.597039,36.434227],[-77.592284,36.431617],[-77.590295,36.424538],[-77.587716,36.422409],[-77.580912,36.424125],[-77.572389,36.422892],[-77.555275,36.417964],[-77.549481,36.412052],[-77.544446,36.393895],[-77.547566,36.372483],[-77.576541,36.35438],[-77.585599,36.337344],[-77.585275,36.334966],[-77.577206,36.328517],[-77.571386,36.314086],[-77.556296,36.305208],[-77.542075,36.303176],[-77.523742,36.306775],[-77.495096,36.308381],[-77.485497,36.315961],[-77.476288,36.317231],[-77.466942,36.321785],[-77.441663,36.324353],[-77.438026,36.321641],[-77.434652,36.314381],[-77.414034,36.292866],[-77.412612,36.285931],[-77.413314,36.275435],[-77.409427,36.263549]]]}},{"type":"Feature","properties":{"name":"Sampson County","students":874},"geometry":{"type":"Polygon","coordinates":[[[-78.491897,35.263319],[-78.411734,35.254663],[-78.397725,35.26296],[-78.30658,35.287604],[-78.246217,35.225996],[-78.161845,35.204323],[-78.164628,35.169057],[-78.163013,35.137266],[-78.170714,35.114874],[-78.171845,35.093528],[-78.159818,35.0798],[-78.147129,34.902506],[-78.198642,34.741637],[-78.150553,34.721964],[-78.135194,34.710201],[-78.124714,34.71334],[-78.114007,34.721795],[-78.113472,34.707219],[-78.15652,34.67907],[-78.254441,34.553595],[-78.256868,34.555842],[-78.260439,34.556162],[-78.251697,34.562122],[-78.254416,34.563982],[-78.254925,34.568841],[-78.257732,34.568279],[-78.262238,34.571305],[-78.260589,34.574229],[-78.264011,34.576535],[-78.262691,34.578808],[-78.265092,34.579131],[-78.266015,34.583719],[-78.271258,34.581029],[-78.273495,34.582983],[-78.275197,34.581437],[-78.274858,34.584195],[-78.2804,34.589016],[-78.279841,34.591103],[-78.282399,34.590727],[-78.285906,34.593823],[-78.287126,34.593095],[-78.289027,34.598075],[-78.292651,34.597126],[-78.291208,34.600488],[-78.294172,34.601871],[-78.297915,34.599732],[-78.300811,34.601286],[-78.30324,34.600531],[-78.302782,34.602799],[-78.305495,34.603222],[-78.303514,34.603891],[-78.304837,34.605606],[-78.30399,34.607065],[-78.30642,34.608469],[-78.304561,34.610953],[-78.306876,34.613436],[-78.310992,34.612011],[-78.312945,34.614021],[-78.311193,34.61573],[-78.314446,34.619008],[-78.313116,34.625883],[-78.317097,34.626297],[-78.315662,34.627106],[-78.316493,34.628412],[-78.319386,34.627127],[-78.322393,34.628895],[-78.321183,34.63126],[-78.31399,34.633133],[-78.316937,34.635741],[-78.312615,34.638612],[-78.311424,34.641226],[-78.313414,34.641354],[-78.312737,34.643605],[-78.313931,34.64472],[-78.319004,34.645784],[-78.31803,34.646757],[-78.320891,34.650056],[-78.322086,34.64877],[-78.324666,34.64983],[-78.322637,34.653906],[-78.326576,34.655868],[-78.325523,34.663108],[-78.32721,34.664266],[-78.326081,34.665997],[-78.323548,34.665501],[-78.325485,34.669686],[-78.327805,34.669135],[-78.327581,34.67085],[-78.330784,34.671483],[-78.33079,34.672645],[-78.33852,34.674674],[-78.342289,34.679914],[-78.344541,34.678835],[-78.345021,34.680407],[-78.347131,34.680378],[-78.34756,34.682284],[-78.344379,34.683883],[-78.346236,34.68418],[-78.346969,34.690555],[-78.348711,34.690091],[-78.348781,34.688308],[-78.350319,34.689058],[-78.349493,34.692319],[-78.355177,34.690112],[-78.358138,34.69292],[-78.361917,34.691337],[-78.362742,34.693345],[-78.360581,34.693788],[-78.361877,34.695544],[-78.365599,34.695063],[-78.366641,34.693085],[-78.369135,34.696758],[-78.373405,34.699208],[-78.373751,34.70148],[-78.369337,34.700409],[-78.371707,34.702425],[-78.368493,34.704515],[-78.377398,34.709848],[-78.376375,34.711512],[-78.377823,34.712514],[-78.376211,34.71282],[-78.382323,34.717279],[-78.379541,34.720464],[-78.37935,34.723355],[-78.382918,34.723624],[-78.383548,34.726442],[-78.39203,34.729824],[-78.392887,34.73265],[-78.387585,34.738063],[-78.392788,34.74213],[-78.39291,34.744221],[-78.390026,34.744848],[-78.391898,34.74816],[-78.390859,34.749737],[-78.395153,34.751088],[-78.398784,34.750104],[-78.400819,34.751724],[-78.400267,34.753024],[-78.403742,34.754644],[-78.403526,34.757124],[-78.405543,34.756269],[-78.407591,34.757611],[-78.405811,34.759436],[-78.409137,34.761523],[-78.409991,34.765434],[-78.420386,34.765876],[-78.420919,34.767929],[-78.42446,34.769872],[-78.423171,34.770809],[-78.423667,34.773],[-78.430287,34.776527],[-78.428415,34.780433],[-78.429822,34.782192],[-78.438693,34.78568],[-78.439187,34.791118],[-78.437346,34.792266],[-78.444764,34.797652],[-78.441008,34.800474],[-78.44944,34.807835],[-78.447754,34.810835],[-78.449756,34.813507],[-78.459416,34.812824],[-78.458838,34.819894],[-78.460073,34.822092],[-78.461854,34.821072],[-78.463116,34.822417],[-78.464713,34.820633],[-78.466538,34.821969],[-78.467331,34.823274],[-78.46491,34.82619],[-78.465826,34.827643],[-78.482213,34.836796],[-78.485399,34.83499],[-78.487727,34.836407],[-78.488278,34.83945],[-78.490812,34.840988],[-78.489552,34.842813],[-78.49358,34.843138],[-78.492066,34.84934],[-78.495458,34.852303],[-78.494948,34.85898],[-78.499498,34.859246],[-78.502519,34.862058],[-78.502556,34.86461],[-78.513212,34.869222],[-78.512751,34.872359],[-78.515092,34.875208],[-78.512772,34.880797],[-78.517647,34.883811],[-78.519684,34.883819],[-78.519683,34.882337],[-78.524666,34.883972],[-78.526515,34.891172],[-78.53497,34.893659],[-78.535093,34.89561],[-78.536917,34.895231],[-78.546861,34.90062],[-78.547516,34.902346],[-78.545729,34.902632],[-78.545819,34.90508],[-78.541888,34.908132],[-78.543088,34.909403],[-78.542029,34.911282],[-78.544485,34.914821],[-78.547991,34.916944],[-78.550605,34.914906],[-78.557703,34.915344],[-78.561843,34.917602],[-78.564465,34.925067],[-78.570308,34.926823],[-78.572691,34.929827],[-78.572832,34.937515],[-78.583593,34.938386],[-78.584492,34.941769],[-78.588285,34.942092],[-78.594795,34.94979],[-78.598753,34.951864],[-78.602107,34.951346],[-78.605086,34.954266],[-78.607536,34.953613],[-78.610777,34.957816],[-78.611201,34.960909],[-78.618462,34.96434],[-78.620522,34.968249],[-78.623771,34.968665],[-78.627167,34.971637],[-78.627645,34.974472],[-78.632345,34.978071],[-78.634117,34.977675],[-78.637158,34.981099],[-78.634589,34.985655],[-78.636334,34.987826],[-78.643313,34.988987],[-78.646551,34.99149],[-78.647734,34.99474],[-78.646473,34.995622],[-78.647033,35.001191],[-78.645777,35.003403],[-78.647555,35.005597],[-78.64503,35.010117],[-78.650207,35.015096],[-78.649927,35.018573],[-78.652877,35.02063],[-78.650093,35.023748],[-78.649649,35.02686],[-78.655863,35.034592],[-78.653469,35.034545],[-78.659346,35.04289],[-78.654065,35.049591],[-78.661589,35.059861],[-78.660644,35.063275],[-78.664079,35.06727],[-78.662482,35.069501],[-78.662976,35.078066],[-78.665556,35.08053],[-78.669202,35.080481],[-78.672286,35.085244],[-78.670537,35.08766],[-78.670478,35.092737],[-78.667265,35.093677],[-78.663609,35.092164],[-78.658238,35.094466],[-78.659027,35.100025],[-78.657926,35.10138],[-78.654356,35.100707],[-78.651928,35.103695],[-78.654014,35.107883],[-78.653809,35.111416],[-78.650649,35.113064],[-78.64308,35.113133],[-78.639009,35.116994],[-78.641479,35.121149],[-78.649319,35.117805],[-78.651832,35.118838],[-78.652539,35.121014],[-78.648783,35.125208],[-78.64292,35.12799],[-78.641747,35.13173],[-78.638369,35.132644],[-78.63553,35.137381],[-78.634661,35.139914],[-78.636888,35.141776],[-78.637988,35.148431],[-78.636019,35.150766],[-78.639923,35.155068],[-78.638052,35.157375],[-78.633664,35.157115],[-78.632359,35.163939],[-78.637838,35.16515],[-78.638908,35.167235],[-78.635623,35.170941],[-78.632128,35.169892],[-78.629862,35.172485],[-78.634862,35.177173],[-78.635201,35.179689],[-78.638675,35.181774],[-78.639993,35.185757],[-78.635895,35.192013],[-78.640132,35.192444],[-78.646658,35.198119],[-78.642601,35.200923],[-78.63695,35.197886],[-78.63213,35.201122],[-78.626966,35.201164],[-78.624516,35.203419],[-78.625367,35.205743],[-78.627795,35.205841],[-78.633171,35.211218],[-78.633188,35.213719],[-78.630531,35.217359],[-78.623964,35.220826],[-78.619501,35.226927],[-78.618304,35.229457],[-78.619013,35.234062],[-78.615263,35.238138],[-78.617279,35.240767],[-78.616867,35.246293],[-78.608667,35.254376],[-78.599982,35.258403],[-78.598522,35.264975],[-78.584639,35.273312],[-78.583114,35.279143],[-78.585604,35.284649],[-78.583285,35.290965],[-78.585319,35.293541],[-78.581876,35.298125],[-78.576125,35.296002],[-78.572539,35.297696],[-78.570277,35.302119],[-78.564288,35.304449],[-78.557713,35.304713],[-78.559887,35.306333],[-78.5555,35.309553],[-78.547678,35.311048],[-78.538349,35.31641],[-78.52665,35.303025],[-78.522225,35.295037],[-78.491897,35.263319]]]}},{"type":"Feature","properties":{"name":"Watauga County","students":176},"geometry":{"type":"Polygon","coordinates":[[[-81.545488,36.117475],[-81.660632,36.118399],[-81.674833,36.122619],[-81.811522,36.111459],[-81.824345,36.156651],[-81.829377,36.169011],[-81.835647,36.168496],[-81.837254,36.172896],[-81.856781,36.19368],[-81.885383,36.189451],[-81.888324,36.196607],[-81.902846,36.207028],[-81.909008,36.216392],[-81.906763,36.218256],[-81.907448,36.22374],[-81.911238,36.229502],[-81.907899,36.234098],[-81.907742,36.238638],[-81.902237,36.239175],[-81.897026,36.242738],[-81.899889,36.2486],[-81.90339,36.24937],[-81.903943,36.251427],[-81.902204,36.254302],[-81.900947,36.252166],[-81.900037,36.254011],[-81.896675,36.25508],[-81.896078,36.25643],[-81.897932,36.257522],[-81.895857,36.25825],[-81.895509,36.26035],[-81.89706,36.26201],[-81.893489,36.264531],[-81.895357,36.272116],[-81.900072,36.280732],[-81.907325,36.278475],[-81.917576,36.285507],[-81.918119,36.287129],[-81.908167,36.301966],[-81.898346,36.307252],[-81.887236,36.309238],[-81.87952,36.313789],[-81.866628,36.326223],[-81.865509,36.329193],[-81.854988,36.337211],[-81.851911,36.337012],[-81.833049,36.347332],[-81.810276,36.35185],[-81.800932,36.357999],[-81.79728,36.358545],[-81.793085,36.362408],[-81.793588,36.358958],[-81.790756,36.355642],[-81.78973,36.348328],[-81.778889,36.348566],[-81.774077,36.343824],[-81.76917,36.342463],[-81.764954,36.338722],[-81.761132,36.340254],[-81.75447,36.336999],[-81.745733,36.337592],[-81.739606,36.339757],[-81.736029,36.342972],[-81.727838,36.341383],[-81.718494,36.336122],[-81.707475,36.335225],[-81.705323,36.341415],[-81.706112,36.343724],[-81.708242,36.346333],[-81.716799,36.347595],[-81.721521,36.351304],[-81.724373,36.357695],[-81.72252,36.35864],[-81.722883,36.361237],[-81.727116,36.365586],[-81.726066,36.368785],[-81.73466,36.379442],[-81.729498,36.385439],[-81.730513,36.388285],[-81.728781,36.391309],[-81.638186,36.349606],[-81.597368,36.308739],[-81.589236,36.303089],[-81.582159,36.291111],[-81.57417,36.283721],[-81.57398,36.281628],[-81.566119,36.272037],[-81.552237,36.276387],[-81.546772,36.272229],[-81.532608,36.265705],[-81.521685,36.255329],[-81.515132,36.256894],[-81.486319,36.241256],[-81.477516,36.24025],[-81.477702,36.23583],[-81.474976,36.231642],[-81.465317,36.226578],[-81.466747,36.22499],[-81.466392,36.220367],[-81.463507,36.212677],[-81.46121,36.211286],[-81.461807,36.206089],[-81.459909,36.202134],[-81.455792,36.200441],[-81.500366,36.142527],[-81.545488,36.117475]]]}},{"type":"Feature","properties":{"name":"Swain County","students":21},"geometry":{"type":"Polygon","coordinates":[[[-83.953392,35.460233],[-83.942879,35.464398],[-83.94197,35.467312],[-83.936723,35.471553],[-83.924141,35.474311],[-83.916621,35.473649],[-83.911653,35.476243],[-83.905781,35.488689],[-83.900365,35.493031],[-83.901466,35.496552],[-83.889927,35.504663],[-83.879848,35.51905],[-83.873236,35.520856],[-83.868069,35.520008],[-83.857181,35.521573],[-83.849144,35.518632],[-83.832143,35.524574],[-83.820467,35.525652],[-83.809893,35.532996],[-83.808038,35.537093],[-83.802804,35.541487],[-83.798785,35.541641],[-83.794646,35.545649],[-83.780182,35.550634],[-83.772666,35.557432],[-83.77136,35.561606],[-83.759551,35.562573],[-83.754992,35.564615],[-83.746512,35.560336],[-83.736137,35.565521],[-83.722772,35.562296],[-83.714007,35.564183],[-83.712475,35.566402],[-83.70699,35.568551],[-83.701242,35.567476],[-83.69561,35.570322],[-83.687697,35.568197],[-83.679757,35.570351],[-83.663805,35.569756],[-83.661002,35.568339],[-83.656014,35.570013],[-83.645152,35.565913],[-83.64013,35.566165],[-83.635329,35.568096],[-83.633862,35.570672],[-83.629313,35.568171],[-83.621308,35.572697],[-83.618571,35.572254],[-83.608336,35.580015],[-83.601774,35.578919],[-83.598302,35.575],[-83.596117,35.574999],[-83.584374,35.562698],[-83.572663,35.565381],[-83.566525,35.564294],[-83.564979,35.566091],[-83.551043,35.563454],[-83.540717,35.565865],[-83.531984,35.564485],[-83.521295,35.565592],[-83.516564,35.562438],[-83.498403,35.562932],[-83.493317,35.56683],[-83.485357,35.568471],[-83.478631,35.57919],[-83.479072,35.583218],[-83.472854,35.586252],[-83.471296,35.590268],[-83.462692,35.59257],[-83.461452,35.595286],[-83.456589,35.597194],[-83.455011,35.602022],[-83.451648,35.603528],[-83.445676,35.611747],[-83.432303,35.60999],[-83.422038,35.611049],[-83.420135,35.613517],[-83.415034,35.614504],[-83.405533,35.620512],[-83.396147,35.622866],[-83.391671,35.626564],[-83.388726,35.633622],[-83.378087,35.634562],[-83.371828,35.639163],[-83.367797,35.637841],[-83.366056,35.641028],[-83.358273,35.646998],[-83.355933,35.650757],[-83.355969,35.654305],[-83.352599,35.658965],[-83.350561,35.660647],[-83.345007,35.661209],[-83.341064,35.664589],[-83.338721,35.663634],[-83.334656,35.665662],[-83.321757,35.663109],[-83.312076,35.654612],[-83.298244,35.657255],[-83.293545,35.661879],[-83.290305,35.673498],[-83.283989,35.674463],[-83.281342,35.677699],[-83.274467,35.679076],[-83.271166,35.683168],[-83.27068,35.686827],[-83.259291,35.690371],[-83.257612,35.693969],[-83.253739,35.695731],[-83.21513,35.692337],[-83.206944,35.681066],[-83.203772,35.679682],[-83.199719,35.681056],[-83.194614,35.677859],[-83.191975,35.67787],[-83.189355,35.673547],[-83.181977,35.671327],[-83.194665,35.660889],[-83.196381,35.654313],[-83.202821,35.649565],[-83.20243,35.6445],[-83.199858,35.641188],[-83.187514,35.64082],[-83.177098,35.631955],[-83.175871,35.6275],[-83.180707,35.622989],[-83.181633,35.618687],[-83.179015,35.614296],[-83.17598,35.61245],[-83.182655,35.605205],[-83.185372,35.59937],[-83.183199,35.596084],[-83.184638,35.59142],[-83.183158,35.589399],[-83.183541,35.586317],[-83.175209,35.580762],[-83.166749,35.578465],[-83.162064,35.56818],[-83.163342,35.564669],[-83.160056,35.562609],[-83.159515,35.558655],[-83.155835,35.552622],[-83.159676,35.548424],[-83.162923,35.548051],[-83.165365,35.538475],[-83.171609,35.537646],[-83.171744,35.533806],[-83.16995,35.531037],[-83.173143,35.528856],[-83.173983,35.521681],[-83.180777,35.518725],[-83.183646,35.514995],[-83.186322,35.514368],[-83.196065,35.519378],[-83.204827,35.519431],[-83.207683,35.518024],[-83.211097,35.519726],[-83.216402,35.526043],[-83.220011,35.524762],[-83.227498,35.525589],[-83.232678,35.523292],[-83.236073,35.524564],[-83.241833,35.519033],[-83.247229,35.516702],[-83.257149,35.513153],[-83.261771,35.514495],[-83.264488,35.510716],[-83.264352,35.506529],[-83.272405,35.504675],[-83.275357,35.500457],[-83.283463,35.497423],[-83.286395,35.492535],[-83.285278,35.4889],[-83.291653,35.483129],[-83.297045,35.484278],[-83.304915,35.4786],[-83.308931,35.479323],[-83.311801,35.471501],[-83.317882,35.465302],[-83.331969,35.469949],[-83.335893,35.474861],[-83.345658,35.473367],[-83.351726,35.468092],[-83.358973,35.440348],[-83.35739,35.437579],[-83.363766,35.426923],[-83.360704,35.411813],[-83.355652,35.409893],[-83.351805,35.411075],[-83.347952,35.405355],[-83.349145,35.401222],[-83.34358,35.397396],[-83.341143,35.397378],[-83.340017,35.395475],[-83.342852,35.394212],[-83.345854,35.389338],[-83.337408,35.382075],[-83.338527,35.376115],[-83.337012,35.371073],[-83.334703,35.368916],[-83.335146,35.359842],[-83.33144,35.353733],[-83.336511,35.346484],[-83.335832,35.342928],[-83.340308,35.337382],[-83.339609,35.330993],[-83.347272,35.328477],[-83.35725,35.329683],[-83.364228,35.325993],[-83.372456,35.329095],[-83.37932,35.325506],[-83.386304,35.326781],[-83.391397,35.325522],[-83.399564,35.32777],[-83.404262,35.3249],[-83.410918,35.316528],[-83.415854,35.319459],[-83.421751,35.317622],[-83.428369,35.324548],[-83.432586,35.325155],[-83.437745,35.321915],[-83.440808,35.317205],[-83.448124,35.316671],[-83.452066,35.314204],[-83.45589,35.302797],[-83.461344,35.301725],[-83.463609,35.298973],[-83.467584,35.297752],[-83.474052,35.297669],[-83.486665,35.30543],[-83.490276,35.305547],[-83.49575,35.299521],[-83.673057,35.282774],[-83.678912,35.279107],[-83.681671,35.28042],[-83.68176,35.285019],[-83.684587,35.2887],[-83.695343,35.297536],[-83.694625,35.305534],[-83.691242,35.310016],[-83.690594,35.317158],[-83.685045,35.323797],[-83.678582,35.328218],[-83.670176,35.328576],[-83.668281,35.331229],[-83.660507,35.335626],[-83.651756,35.336864],[-83.645016,35.340211],[-83.63895,35.338818],[-83.628568,35.343918],[-83.620759,35.345289],[-83.616995,35.349064],[-83.613615,35.357275],[-83.601001,35.370524],[-83.596881,35.371871],[-83.593092,35.376986],[-83.595369,35.381076],[-83.592944,35.383047],[-83.588298,35.398081],[-83.586007,35.400936],[-83.585217,35.406584],[-83.583023,35.407417],[-83.582386,35.40963],[-83.585205,35.413334],[-83.585087,35.418204],[-83.58903,35.418937],[-83.585181,35.426005],[-83.585756,35.434832],[-83.589744,35.434918],[-83.594378,35.431786],[-83.600293,35.431373],[-83.610814,35.427045],[-83.61382,35.429014],[-83.618006,35.435836],[-83.623488,35.436675],[-83.632251,35.441942],[-83.64242,35.443618],[-83.644603,35.441775],[-83.645859,35.429454],[-83.652224,35.426476],[-83.65789,35.432261],[-83.664631,35.431161],[-83.669861,35.435643],[-83.674789,35.435582],[-83.703018,35.443232],[-83.707965,35.443786],[-83.713829,35.442047],[-83.721109,35.442968],[-83.732819,35.447406],[-83.756677,35.441709],[-83.775566,35.443605],[-83.800838,35.4558],[-83.80458,35.454184],[-83.8044,35.450021],[-83.808424,35.443955],[-83.815984,35.446435],[-83.819125,35.450379],[-83.831412,35.450953],[-83.837899,35.448742],[-83.844328,35.453111],[-83.86589,35.448292],[-83.868057,35.455198],[-83.873794,35.460413],[-83.881546,35.463183],[-83.895375,35.461491],[-83.907495,35.466467],[-83.914077,35.465054],[-83.928287,35.450246],[-83.935745,35.448435],[-83.9443,35.450788],[-83.953392,35.460233]]]}},{"type":"Feature","properties":{"name":"Avery County","students":57},"geometry":{"type":"Polygon","coordinates":[[[-81.870031,35.976306],[-81.877517,35.981159],[-81.877762,35.989046],[-81.881386,35.992932],[-81.899871,35.999909],[-81.962987,35.941783],[-81.962607,35.938101],[-81.954698,35.932326],[-81.954427,35.926759],[-81.960297,35.921278],[-81.964845,35.920782],[-81.972058,35.914937],[-81.976659,35.915095],[-81.981954,35.911361],[-82.034104,35.942057],[-82.048325,35.963843],[-82.059134,35.988346],[-82.058073,35.995244],[-82.055113,35.999476],[-82.048853,36.001674],[-82.049135,36.008163],[-82.043024,36.006042],[-82.039175,36.007774],[-82.071926,36.069673],[-82.06961,36.076408],[-82.076845,36.085073],[-82.075823,36.095728],[-82.081004,36.100939],[-82.080028,36.106433],[-82.061539,36.113372],[-82.054317,36.126624],[-82.044755,36.125556],[-82.038924,36.121567],[-82.033839,36.120475],[-82.030067,36.123393],[-82.026201,36.131208],[-81.962216,36.224949],[-81.918119,36.287129],[-81.912831,36.281471],[-81.907573,36.278553],[-81.900072,36.280732],[-81.895357,36.272116],[-81.893489,36.264531],[-81.89706,36.26201],[-81.895509,36.26035],[-81.895857,36.25825],[-81.897932,36.257522],[-81.896078,36.25643],[-81.896675,36.25508],[-81.900037,36.254011],[-81.900947,36.252166],[-81.902204,36.254302],[-81.903943,36.251427],[-81.90339,36.24937],[-81.899889,36.2486],[-81.897026,36.242738],[-81.902237,36.239175],[-81.907742,36.238638],[-81.907899,36.234098],[-81.911238,36.229502],[-81.907448,36.22374],[-81.906763,36.218256],[-81.909008,36.216392],[-81.903133,36.207324],[-81.888324,36.196607],[-81.885383,36.189451],[-81.856666,36.19362],[-81.837254,36.172896],[-81.835647,36.168496],[-81.82923,36.168791],[-81.824345,36.156651],[-81.811522,36.111459],[-81.797004,36.107195],[-81.785722,36.100456],[-81.781318,36.101161],[-81.774121,36.098648],[-81.760803,36.08983],[-81.75803,36.08253],[-81.758517,36.077164],[-81.755371,36.076011],[-81.754283,36.07307],[-81.741114,36.071891],[-81.735673,36.067584],[-81.807162,35.961955],[-81.812513,35.963977],[-81.817614,35.968423],[-81.832648,35.967238],[-81.835732,35.971736],[-81.840745,35.971991],[-81.844536,35.974976],[-81.849508,35.973586],[-81.870031,35.976306]]]}},{"type":"Feature","properties":{"name":"Cleveland County","students":417},"geometry":{"type":"Polygon","coordinates":[[[-81.768102,35.180611],[-81.759541,35.222646],[-81.702853,35.357304],[-81.692167,35.546119],[-81.692673,35.582981],[-81.690175,35.584315],[-81.68684,35.579295],[-81.6844,35.577153],[-81.680064,35.57638],[-81.670969,35.56677],[-81.66219,35.567546],[-81.660376,35.565373],[-81.656746,35.565344],[-81.648967,35.56161],[-81.635435,35.564963],[-81.633429,35.567293],[-81.632975,35.565359],[-81.618635,35.56724],[-81.61742,35.565456],[-81.607193,35.566831],[-81.596232,35.57126],[-81.594924,35.567156],[-81.591379,35.565073],[-81.580435,35.567529],[-81.577234,35.566399],[-81.579096,35.562154],[-81.572946,35.558509],[-81.567094,35.558232],[-81.561061,35.562932],[-81.555673,35.562229],[-81.546427,35.564797],[-81.537343,35.564192],[-81.515421,35.558297],[-81.509218,35.550352],[-81.509463,35.53605],[-81.513004,35.523317],[-81.481383,35.471503],[-81.45863,35.423317],[-81.398924,35.353138],[-81.382832,35.346075],[-81.356682,35.330604],[-81.363813,35.323419],[-81.366618,35.315146],[-81.355381,35.296228],[-81.355515,35.28023],[-81.353507,35.277351],[-81.321729,35.260449],[-81.324264,35.241269],[-81.323668,35.189605],[-81.328037,35.163467],[-81.768102,35.180611]]]}},{"type":"Feature","properties":{"name":"Moore County","students":1240},"geometry":{"type":"Polygon","coordinates":[[[-79.335437,35.161581],[-79.458751,35.043639],[-79.461791,35.043372],[-79.467344,35.047913],[-79.470694,35.048422],[-79.475287,35.052101],[-79.477371,35.057246],[-79.483102,35.059515],[-79.486315,35.058939],[-79.488342,35.061017],[-79.492373,35.059982],[-79.492456,35.061342],[-79.499181,35.063931],[-79.507887,35.0615],[-79.523592,35.066182],[-79.538615,35.064685],[-79.549622,35.066376],[-79.563963,35.064948],[-79.565136,35.063665],[-79.572364,35.069155],[-79.576204,35.070051],[-79.580326,35.077198],[-79.579693,35.078917],[-79.582779,35.08396],[-79.58296,35.087886],[-79.574778,35.101334],[-79.575649,35.111173],[-79.573353,35.122679],[-79.584373,35.129125],[-79.585343,35.135236],[-79.587578,35.135987],[-79.589079,35.138974],[-79.60227,35.146463],[-79.605893,35.146252],[-79.605055,35.147593],[-79.606251,35.149008],[-79.609409,35.148971],[-79.610212,35.155358],[-79.614408,35.159653],[-79.615968,35.168438],[-79.617718,35.168004],[-79.621803,35.17178],[-79.62244,35.170342],[-79.627542,35.170074],[-79.627678,35.174454],[-79.636974,35.176025],[-79.649252,35.188619],[-79.657578,35.191596],[-79.662129,35.204844],[-79.662143,35.211914],[-79.664791,35.216522],[-79.664314,35.226629],[-79.66856,35.22955],[-79.667944,35.234539],[-79.669329,35.235023],[-79.669483,35.23989],[-79.672315,35.244714],[-79.681606,35.248129],[-79.68542,35.247688],[-79.687882,35.249999],[-79.698007,35.251521],[-79.70268,35.255907],[-79.705284,35.26823],[-79.711896,35.275608],[-79.71247,35.28665],[-79.710469,35.292616],[-79.711271,35.299675],[-79.709913,35.301275],[-79.75173,35.443994],[-79.764192,35.475735],[-79.767957,35.511484],[-79.350073,35.518002],[-79.351241,35.514319],[-79.340516,35.50632],[-79.33592,35.497754],[-79.33918,35.4923],[-79.345623,35.488316],[-79.351535,35.47768],[-79.359807,35.477682],[-79.35659,35.473284],[-79.359822,35.469883],[-79.357146,35.468094],[-79.355642,35.469549],[-79.355126,35.464542],[-79.351899,35.465637],[-79.352698,35.464416],[-79.348304,35.463371],[-79.35159,35.459543],[-79.350454,35.457923],[-79.346146,35.456994],[-79.341195,35.450925],[-79.341871,35.448719],[-79.334611,35.444839],[-79.332277,35.440799],[-79.32894,35.439237],[-79.328957,35.43642],[-79.326672,35.434786],[-79.326855,35.432899],[-79.329529,35.431185],[-79.329723,35.423449],[-79.327348,35.42371],[-79.326319,35.422516],[-79.327437,35.421635],[-79.325219,35.420769],[-79.317379,35.419923],[-79.311886,35.412927],[-79.310572,35.408621],[-79.305589,35.407461],[-79.304479,35.404817],[-79.293966,35.399604],[-79.289561,35.400439],[-79.283855,35.385962],[-79.277125,35.376914],[-79.275083,35.365815],[-79.271876,35.362329],[-79.273473,35.352589],[-79.265713,35.345279],[-79.254266,35.343291],[-79.221976,35.324337],[-79.183556,35.307161],[-79.223021,35.268133],[-79.202523,35.258181],[-79.193544,35.250129],[-79.186891,35.247339],[-79.17868,35.247787],[-79.165108,35.240925],[-79.159188,35.233003],[-79.153881,35.229226],[-79.154098,35.219883],[-79.151255,35.213699],[-79.137945,35.211406],[-79.134639,35.206824],[-79.120492,35.204844],[-79.100761,35.196359],[-79.095808,35.192068],[-79.098143,35.188595],[-79.098734,35.183855],[-79.096262,35.177858],[-79.097551,35.174233],[-79.100893,35.171886],[-79.107206,35.175928],[-79.110075,35.170538],[-79.119873,35.171702],[-79.125264,35.166538],[-79.127565,35.167672],[-79.128215,35.171644],[-79.13151,35.173899],[-79.129551,35.175731],[-79.132952,35.177749],[-79.136163,35.177197],[-79.1371,35.171747],[-79.142711,35.168984],[-79.148893,35.17309],[-79.147627,35.176174],[-79.151833,35.174147],[-79.154974,35.17663],[-79.154443,35.180725],[-79.156413,35.179947],[-79.160409,35.182469],[-79.159342,35.179463],[-79.161506,35.178723],[-79.161955,35.180452],[-79.168329,35.181383],[-79.16796,35.185064],[-79.172653,35.186284],[-79.172394,35.191507],[-79.175214,35.19306],[-79.178268,35.191831],[-79.178649,35.189888],[-79.18113,35.189771],[-79.183756,35.19073],[-79.185041,35.193703],[-79.188593,35.194057],[-79.18904,35.192352],[-79.194891,35.19442],[-79.195077,35.191591],[-79.196002,35.19304],[-79.204298,35.192641],[-79.204225,35.195719],[-79.206209,35.193657],[-79.208059,35.194822],[-79.211767,35.193981],[-79.218317,35.198338],[-79.219756,35.202392],[-79.223511,35.20207],[-79.229712,35.210602],[-79.236676,35.210753],[-79.240953,35.208548],[-79.242121,35.209344],[-79.240742,35.211969],[-79.243637,35.21378],[-79.246735,35.213058],[-79.249612,35.207436],[-79.255659,35.202926],[-79.259534,35.204494],[-79.264559,35.199183],[-79.275231,35.19789],[-79.277079,35.195511],[-79.281485,35.195226],[-79.285047,35.192893],[-79.284356,35.190224],[-79.286306,35.190601],[-79.29112,35.18759],[-79.292787,35.188371],[-79.294475,35.184755],[-79.304315,35.177118],[-79.304623,35.175205],[-79.31054,35.172964],[-79.3123,35.168485],[-79.323998,35.166869],[-79.329325,35.164467],[-79.328535,35.161521],[-79.335437,35.161581]]]}},{"type":"Feature","properties":{"name":"Forsyth County","students":4321},"geometry":{"type":"Polygon","coordinates":[[[-80.213842,35.996699],[-80.330298,35.996556],[-80.330015,35.990759],[-80.344468,35.990957],[-80.394307,35.972762],[-80.410466,35.979632],[-80.421767,35.988007],[-80.421773,35.994232],[-80.413402,36.00161],[-80.418148,36.015983],[-80.442393,36.031098],[-80.447124,36.038881],[-80.455889,36.047526],[-80.458934,36.058131],[-80.462613,36.062092],[-80.467671,36.062625],[-80.473021,36.060316],[-80.475045,36.057052],[-80.474722,36.050394],[-80.48767,36.043114],[-80.492752,36.043744],[-80.506589,36.053895],[-80.508545,36.057954],[-80.509877,36.073335],[-80.516682,36.084048],[-80.515553,36.093444],[-80.510228,36.097957],[-80.507291,36.10784],[-80.488008,36.11609],[-80.473287,36.11877],[-80.462307,36.11814],[-80.454004,36.122455],[-80.449488,36.129461],[-80.439045,36.137777],[-80.443033,36.15126],[-80.442871,36.155979],[-80.439094,36.160877],[-80.436823,36.169296],[-80.438524,36.175532],[-80.44368,36.18075],[-80.439587,36.19048],[-80.446336,36.207699],[-80.442887,36.212978],[-80.433124,36.215583],[-80.432153,36.217553],[-80.437419,36.229824],[-80.452656,36.241651],[-80.451925,36.261515],[-80.035119,36.257184],[-80.043238,36.010758],[-80.149407,36.026768],[-80.21373,36.026808],[-80.213842,35.996699]]]}},{"type":"Feature","properties":{"name":"Granville County","students":431},"geometry":{"type":"Polygon","coordinates":[[[-78.508331,36.182956],[-78.4993,36.17577],[-78.496614,36.175199],[-78.544812,36.080846],[-78.546414,36.021826],[-78.603679,36.042413],[-78.683224,36.074484],[-78.715609,36.076112],[-78.751273,36.070834],[-78.78059,36.072316],[-78.783371,36.069944],[-78.788113,36.072916],[-78.784886,36.076731],[-78.789335,36.078829],[-78.79309,36.07769],[-78.790814,36.0811],[-78.792578,36.085969],[-78.798312,36.08461],[-78.807484,36.087295],[-78.803055,36.08956],[-78.805316,36.093916],[-78.794845,36.526439],[-78.796274,36.541741],[-78.510897,36.541049],[-78.456913,36.542541],[-78.457302,36.541463],[-78.453477,36.540287],[-78.455996,36.538312],[-78.45491,36.535705],[-78.455857,36.533415],[-78.458455,36.533542],[-78.458857,36.531813],[-78.463997,36.533628],[-78.467078,36.532181],[-78.469313,36.526685],[-78.465124,36.525575],[-78.466573,36.523977],[-78.46829,36.523587],[-78.470206,36.52581],[-78.470501,36.522671],[-78.472907,36.521232],[-78.475459,36.522057],[-78.480244,36.517968],[-78.485469,36.516761],[-78.486257,36.518185],[-78.493325,36.518307],[-78.493797,36.516053],[-78.497736,36.514664],[-78.496887,36.508357],[-78.494857,36.508216],[-78.500223,36.504001],[-78.501535,36.501648],[-78.500558,36.49827],[-78.502315,36.498147],[-78.504203,36.495161],[-78.504478,36.491846],[-78.502345,36.491091],[-78.504061,36.488281],[-78.500929,36.486957],[-78.511224,36.454808],[-78.508331,36.182956]]]}},{"type":"Feature","properties":{"name":"Warren County","students":198},"geometry":{"type":"Polygon","coordinates":[[[-77.899773,36.544596],[-77.899523,36.504202],[-77.905552,36.490947],[-77.909245,36.473937],[-77.911795,36.442807],[-77.917328,36.440734],[-77.920104,36.436051],[-77.918028,36.429502],[-77.912064,36.424859],[-77.911963,36.382446],[-77.942406,36.298526],[-78.006551,36.202633],[-78.011666,36.206094],[-78.014092,36.20516],[-78.016159,36.207818],[-78.018644,36.205024],[-78.022338,36.205445],[-78.023833,36.208322],[-78.02523,36.208225],[-78.024693,36.20948],[-78.02876,36.21028],[-78.030468,36.214539],[-78.031178,36.209005],[-78.035437,36.206982],[-78.038946,36.208828],[-78.037202,36.210504],[-78.045429,36.212546],[-78.043338,36.213878],[-78.044521,36.215412],[-78.058237,36.210992],[-78.058337,36.212823],[-78.063736,36.213907],[-78.066222,36.216486],[-78.068516,36.215046],[-78.07101,36.216585],[-78.071328,36.215279],[-78.07402,36.215417],[-78.077014,36.211465],[-78.083226,36.212623],[-78.084915,36.209232],[-78.091606,36.207688],[-78.09427,36.210315],[-78.097428,36.208921],[-78.098365,36.210827],[-78.102682,36.20894],[-78.104907,36.210681],[-78.110069,36.210204],[-78.11055,36.216072],[-78.112027,36.217499],[-78.114839,36.216693],[-78.118907,36.224161],[-78.1217,36.223994],[-78.123025,36.226259],[-78.125704,36.226325],[-78.12662,36.233281],[-78.12497,36.235242],[-78.13076,36.240425],[-78.132739,36.246281],[-78.136257,36.245919],[-78.137641,36.24757],[-78.142341,36.246038],[-78.148727,36.246917],[-78.156983,36.244416],[-78.160874,36.245603],[-78.161948,36.247858],[-78.173172,36.255492],[-78.188942,36.247724],[-78.193922,36.246773],[-78.198384,36.251581],[-78.215729,36.2519],[-78.224789,36.256547],[-78.230258,36.255935],[-78.235705,36.258281],[-78.306965,36.266191],[-78.302138,36.274708],[-78.292242,36.284982],[-78.290941,36.290263],[-78.277165,36.306132],[-78.323991,36.543822],[-77.899773,36.544596]]]}},{"type":"Feature","properties":{"name":"Pamlico County","students":181},"geometry":{"type":"Polygon","coordinates":[[[-76.624651,35.030931],[-76.756003,34.956151],[-76.77135,34.951392],[-76.780586,34.950434],[-76.812271,34.951286],[-76.827748,34.955117],[-76.89569,34.981363],[-76.92507,35.000159],[-76.953285,35.021248],[-76.967297,35.040655],[-76.953238,35.051527],[-76.941623,35.052087],[-76.941058,35.057698],[-76.936222,35.061725],[-76.935118,35.071266],[-76.93752,35.075802],[-76.933631,35.077567],[-76.933292,35.081941],[-76.935953,35.083092],[-76.935008,35.084772],[-76.935206,35.085198],[-76.937982,35.085044],[-76.936419,35.086797],[-76.938538,35.088738],[-76.93716,35.090644],[-76.938425,35.094721],[-76.937676,35.097157],[-76.935924,35.097045],[-76.937732,35.098005],[-76.936829,35.10161],[-76.940228,35.103131],[-76.93738,35.102925],[-76.936661,35.105299],[-76.932821,35.105611],[-76.936234,35.108141],[-76.935872,35.11185],[-76.937876,35.112883],[-76.937608,35.11459],[-76.937077,35.115056],[-76.934083,35.115153],[-76.931523,35.115952],[-76.930865,35.116819],[-76.940229,35.114706],[-76.94208,35.115712],[-76.940819,35.119103],[-76.943546,35.121306],[-76.947036,35.121344],[-76.947874,35.124089],[-76.947764,35.123119],[-76.948735,35.123422],[-76.948211,35.123378],[-76.948071,35.124599],[-76.948364,35.12486],[-76.948139,35.125177],[-76.948157,35.125534],[-76.948399,35.125738],[-76.948562,35.123689],[-76.955642,35.125438],[-76.959142,35.127618],[-76.968465,35.129273],[-76.974987,35.133073],[-76.977985,35.138351],[-76.984884,35.145035],[-76.987337,35.151085],[-76.987347,35.154904],[-76.976877,35.155472],[-76.970194,35.162149],[-76.971759,35.166434],[-76.969242,35.171084],[-76.971405,35.176646],[-76.966184,35.182912],[-76.965733,35.188518],[-76.960963,35.200792],[-76.952409,35.207811],[-76.944511,35.210903],[-76.942629,35.213324],[-76.942548,35.219688],[-76.93259,35.230286],[-76.906081,35.235945],[-76.895919,35.253889],[-76.845505,35.216059],[-76.632561,35.235324],[-76.613773,35.270942],[-76.61425,35.274785],[-76.612165,35.279409],[-76.614421,35.285409],[-76.614319,35.291569],[-76.619359,35.302284],[-76.616235,35.314679],[-76.617033,35.330871],[-76.612844,35.334823],[-76.604229,35.338223],[-76.590497,35.361857],[-76.522131,35.353623],[-76.518674,35.348002],[-76.463756,35.338134],[-76.445418,35.329264],[-76.304136,35.201453],[-76.624651,35.030931]]]}},{"type":"Feature","properties":{"name":"Caswell County","students":89},"geometry":{"type":"Polygon","coordinates":[[[-79.13832,36.541975],[-79.153997,36.241875],[-79.531865,36.249673],[-79.513638,36.540902],[-79.13832,36.541975]]]}},{"type":"Feature","properties":{"name":"Lenoir County","students":680},"geometry":{"type":"Polygon","coordinates":[[[-77.507463,35.172814],[-77.601282,35.071368],[-77.731026,35.008138],[-77.746037,35.02234],[-77.747226,35.051377],[-77.7489,35.051331],[-77.74918,35.058106],[-77.747507,35.058225],[-77.749572,35.10861],[-77.769177,35.145576],[-77.834249,35.177846],[-77.82418,35.343811],[-77.81927,35.351999],[-77.818047,35.357435],[-77.806248,35.368754],[-77.777669,35.367664],[-77.697516,35.377097],[-77.696211,35.375351],[-77.697157,35.371198],[-77.694151,35.365577],[-77.690146,35.364283],[-77.690139,35.359689],[-77.686605,35.357234],[-77.680052,35.34774],[-77.673174,35.347889],[-77.659088,35.353941],[-77.653223,35.352492],[-77.648,35.355317],[-77.63793,35.354202],[-77.627434,35.366619],[-77.618073,35.372609],[-77.61415,35.377705],[-77.606957,35.379497],[-77.602875,35.374998],[-77.595394,35.375582],[-77.589111,35.373832],[-77.584667,35.3797],[-77.581305,35.377966],[-77.580196,35.379756],[-77.566382,35.382982],[-77.564883,35.383908],[-77.564509,35.387675],[-77.561462,35.387277],[-77.534173,35.398104],[-77.531739,35.401342],[-77.532763,35.404845],[-77.531493,35.407916],[-77.528599,35.40925],[-77.527272,35.412573],[-77.528338,35.414336],[-77.520623,35.414648],[-77.520566,35.417329],[-77.506516,35.421894],[-77.507409,35.419071],[-77.50438,35.419488],[-77.498606,35.417131],[-77.498965,35.414136],[-77.495653,35.412156],[-77.484241,35.413578],[-77.481212,35.415278],[-77.482682,35.422795],[-77.474032,35.426662],[-77.470033,35.420835],[-77.470722,35.409765],[-77.463652,35.404361],[-77.464925,35.402747],[-77.463261,35.401176],[-77.460786,35.400647],[-77.463187,35.399128],[-77.457223,35.396537],[-77.456061,35.395273],[-77.458282,35.394243],[-77.455771,35.392719],[-77.452071,35.394326],[-77.452026,35.39222],[-77.448488,35.39273],[-77.450415,35.391598],[-77.449428,35.389313],[-77.455032,35.385533],[-77.449793,35.381048],[-77.445094,35.380494],[-77.448799,35.374551],[-77.448165,35.371541],[-77.440407,35.367024],[-77.431774,35.367273],[-77.42714,35.359896],[-77.427084,35.350758],[-77.425905,35.349347],[-77.421252,35.348881],[-77.42082,35.351507],[-77.418839,35.352574],[-77.413255,35.351703],[-77.408074,35.353347],[-77.401314,35.348091],[-77.393142,35.346855],[-77.391667,35.345386],[-77.391026,35.339533],[-77.396019,35.342822],[-77.410944,35.338032],[-77.410498,35.331868],[-77.414215,35.333969],[-77.414687,35.330413],[-77.421349,35.331331],[-77.423349,35.328744],[-77.431253,35.32983],[-77.432295,35.324479],[-77.431133,35.312907],[-77.438837,35.311458],[-77.440537,35.303509],[-77.449136,35.301839],[-77.449609,35.299426],[-77.446413,35.296173],[-77.446596,35.293573],[-77.43993,35.289593],[-77.440589,35.284574],[-77.437656,35.276987],[-77.431776,35.271184],[-77.428609,35.264076],[-77.426172,35.262375],[-77.426849,35.256059],[-77.432831,35.249978],[-77.445907,35.246579],[-77.464316,35.239155],[-77.465616,35.234618],[-77.473294,35.231064],[-77.473692,35.228985],[-77.527182,35.243001],[-77.507463,35.172814]]]}},{"type":"Feature","properties":{"name":"Graham County","students":6},"geometry":{"type":"Polygon","coordinates":[[[-84.023498,35.411419],[-84.014441,35.412349],[-84.00128,35.423391],[-83.997955,35.430732],[-83.99939,35.431241],[-83.999593,35.433893],[-83.994712,35.43518],[-83.992004,35.440523],[-83.988919,35.439087],[-83.987983,35.440921],[-83.984433,35.44015],[-83.979757,35.44826],[-83.976094,35.446537],[-83.975128,35.448011],[-83.972655,35.447298],[-83.973289,35.452762],[-83.971096,35.453007],[-83.971855,35.454849],[-83.964624,35.454112],[-83.965693,35.456238],[-83.962781,35.456616],[-83.96108,35.464138],[-83.954572,35.462854],[-83.9443,35.450788],[-83.935745,35.448435],[-83.928287,35.450246],[-83.914077,35.465054],[-83.908284,35.466514],[-83.895375,35.461491],[-83.881546,35.463183],[-83.873794,35.460413],[-83.868057,35.455198],[-83.86589,35.448292],[-83.844328,35.453111],[-83.837899,35.448742],[-83.831412,35.450953],[-83.819125,35.450379],[-83.815508,35.446156],[-83.808118,35.443968],[-83.8044,35.450021],[-83.80479,35.453853],[-83.800838,35.4558],[-83.775566,35.443605],[-83.756677,35.441709],[-83.732819,35.447406],[-83.721109,35.442968],[-83.713829,35.442047],[-83.707965,35.443786],[-83.703018,35.443232],[-83.674789,35.435582],[-83.669861,35.435643],[-83.664631,35.431161],[-83.65789,35.432261],[-83.652224,35.426476],[-83.645859,35.429454],[-83.644603,35.441775],[-83.64242,35.443618],[-83.632251,35.441942],[-83.623488,35.436675],[-83.618006,35.435836],[-83.61382,35.429014],[-83.610814,35.427045],[-83.586905,35.435083],[-83.585756,35.434832],[-83.585181,35.426005],[-83.58903,35.418937],[-83.585087,35.418204],[-83.585205,35.413334],[-83.582386,35.40963],[-83.583023,35.407417],[-83.585217,35.406584],[-83.586007,35.400936],[-83.588298,35.398081],[-83.592944,35.383047],[-83.595369,35.381076],[-83.593092,35.376986],[-83.596881,35.371871],[-83.601001,35.370524],[-83.613615,35.357275],[-83.61677,35.349341],[-83.620475,35.345491],[-83.628568,35.343918],[-83.63922,35.338733],[-83.644679,35.340268],[-83.651756,35.336864],[-83.660507,35.335626],[-83.668281,35.331229],[-83.670176,35.328576],[-83.678582,35.328218],[-83.685045,35.323797],[-83.690594,35.317158],[-83.691242,35.310016],[-83.694625,35.305534],[-83.695343,35.297536],[-83.684587,35.2887],[-83.681635,35.284651],[-83.682079,35.281033],[-83.680114,35.2795],[-83.684064,35.276355],[-83.6848,35.272746],[-83.688494,35.269118],[-83.694721,35.25763],[-83.702652,35.248462],[-83.704357,35.24916],[-83.703164,35.251538],[-83.707848,35.255139],[-83.708591,35.257603],[-83.713144,35.257689],[-83.718787,35.25326],[-83.722664,35.25304],[-83.734215,35.245016],[-83.745463,35.245204],[-83.756767,35.242459],[-83.76161,35.247854],[-83.767207,35.248166],[-83.773547,35.245743],[-83.781423,35.252166],[-83.787915,35.252831],[-83.789878,35.255544],[-83.795159,35.257463],[-83.806638,35.252813],[-83.809911,35.25248],[-83.813489,35.254748],[-83.822333,35.250273],[-83.825633,35.251184],[-83.831062,35.256108],[-83.841277,35.254325],[-83.84515,35.255236],[-83.848665,35.253253],[-83.851227,35.249377],[-83.864705,35.247416],[-83.869167,35.243359],[-83.873738,35.244105],[-83.879696,35.238481],[-83.887997,35.234815],[-83.892346,35.234931],[-83.893395,35.233251],[-83.901094,35.238482],[-83.90704,35.233531],[-83.926009,35.228013],[-83.934124,35.223043],[-83.943438,35.222549],[-83.942807,35.220611],[-83.945385,35.21983],[-83.957323,35.220372],[-83.956935,35.218463],[-83.959207,35.216893],[-83.968532,35.218074],[-83.975245,35.220844],[-83.977364,35.225623],[-83.986088,35.230808],[-83.988922,35.229959],[-84.002774,35.234824],[-84.004,35.239775],[-84.006425,35.241681],[-84.00092,35.249628],[-84.002398,35.250829],[-84.001832,35.252855],[-84.005885,35.2531],[-84.011015,35.257164],[-84.009648,35.273062],[-84.016443,35.276128],[-84.016083,35.277904],[-84.019827,35.279842],[-84.022529,35.286914],[-84.029191,35.291605],[-84.023378,35.296308],[-84.021419,35.301401],[-84.026298,35.306321],[-84.026969,35.309672],[-84.034115,35.311183],[-84.035884,35.313215],[-84.034492,35.322557],[-84.029257,35.3331],[-84.031474,35.336529],[-84.036195,35.337658],[-84.033962,35.343095],[-84.038881,35.348208],[-84.03839,35.350924],[-84.023334,35.354312],[-84.015057,35.364981],[-84.007394,35.371649],[-84.008742,35.372818],[-84.008301,35.378766],[-84.011396,35.384601],[-84.008222,35.390574],[-84.012513,35.392192],[-84.013867,35.397885],[-84.018712,35.399996],[-84.023498,35.411419]]]}},{"type":"Feature","properties":{"name":"Gates County","students":36},"geometry":{"type":"Polygon","coordinates":[[[-76.683032,36.301525],[-76.696571,36.296138],[-76.69959,36.299669],[-76.71331,36.305579],[-76.725943,36.31829],[-76.736477,36.324835],[-76.758492,36.350226],[-76.761314,36.352412],[-76.768545,36.353747],[-76.77827,36.361991],[-76.784766,36.362739],[-76.789931,36.360077],[-76.795409,36.359717],[-76.822691,36.364447],[-76.831734,36.371456],[-76.83917,36.374404],[-76.852144,36.375612],[-76.874091,36.38319],[-76.88284,36.383019],[-76.893605,36.390128],[-76.907887,36.390732],[-76.930017,36.399928],[-76.943202,36.409481],[-76.947237,36.416074],[-76.945158,36.441081],[-76.949032,36.457283],[-76.946742,36.465763],[-76.950606,36.47079],[-76.94708,36.47235],[-76.934362,36.471269],[-76.933356,36.473458],[-76.936361,36.480136],[-76.935201,36.484012],[-76.925833,36.487591],[-76.920431,36.504376],[-76.918705,36.50557],[-76.913344,36.504114],[-76.90998,36.505643],[-76.906462,36.510692],[-76.906331,36.516179],[-76.903135,36.519096],[-76.905063,36.522567],[-76.916224,36.530746],[-76.922154,36.528787],[-76.924879,36.530333],[-76.923916,36.532318],[-76.920008,36.532339],[-76.921464,36.538449],[-76.916746,36.538542],[-76.914199,36.541959],[-76.917154,36.545833],[-76.916852,36.551325],[-76.541966,36.550653],[-76.491336,36.510677],[-76.491405,36.468648],[-76.453711,36.378092],[-76.539029,36.357313],[-76.556881,36.355204],[-76.570756,36.334295],[-76.575955,36.335337],[-76.586035,36.333592],[-76.592786,36.330292],[-76.594095,36.324789],[-76.596603,36.323259],[-76.613072,36.323966],[-76.622841,36.328853],[-76.63931,36.329799],[-76.642506,36.322935],[-76.642217,36.319801],[-76.646878,36.320083],[-76.649716,36.317951],[-76.651426,36.310698],[-76.654616,36.310684],[-76.654313,36.314191],[-76.657655,36.314696],[-76.659376,36.313124],[-76.662507,36.31451],[-76.664367,36.313654],[-76.665084,36.315976],[-76.667469,36.313799],[-76.669852,36.315348],[-76.672336,36.312449],[-76.672076,36.31052],[-76.673742,36.311074],[-76.674906,36.308954],[-76.672269,36.306991],[-76.675968,36.30618],[-76.67549,36.304439],[-76.672472,36.303334],[-76.675828,36.303236],[-76.675412,36.301294],[-76.679574,36.301297],[-76.680602,36.30001],[-76.683032,36.301525]]]}},{"type":"Feature","properties":{"name":"Rutherford County","students":466},"geometry":{"type":"Polygon","coordinates":[[[-82.169049,35.527811],[-82.150538,35.518002],[-82.095766,35.531666],[-82.082621,35.533401],[-82.039843,35.532704],[-82.022132,35.537321],[-82.012995,35.547706],[-82.002783,35.551847],[-81.994457,35.544041],[-81.986252,35.540709],[-81.986209,35.538076],[-81.978002,35.530637],[-81.967619,35.526007],[-81.957326,35.527774],[-81.933121,35.536074],[-81.924051,35.534021],[-81.921188,35.535179],[-81.920899,35.533661],[-81.904954,35.541917],[-81.842468,35.542263],[-81.843916,35.546337],[-81.841113,35.550407],[-81.840973,35.554149],[-81.833166,35.559345],[-81.83382,35.562857],[-81.829495,35.567684],[-81.828376,35.573918],[-81.824122,35.574983],[-81.822132,35.580513],[-81.818492,35.57798],[-81.81035,35.581313],[-81.803527,35.578116],[-81.800025,35.579223],[-81.796033,35.584555],[-81.796481,35.589319],[-81.794058,35.593239],[-81.787417,35.594235],[-81.783014,35.591961],[-81.772182,35.592623],[-81.768014,35.597224],[-81.771907,35.602111],[-81.768336,35.602947],[-81.766121,35.606994],[-81.757361,35.609417],[-81.753407,35.613588],[-81.750414,35.611764],[-81.746823,35.605689],[-81.739006,35.604187],[-81.737143,35.601908],[-81.731788,35.601991],[-81.721701,35.606308],[-81.717287,35.604579],[-81.715836,35.602948],[-81.716707,35.600926],[-81.715206,35.601143],[-81.717507,35.598831],[-81.715977,35.59802],[-81.716326,35.595012],[-81.712045,35.591945],[-81.712138,35.589267],[-81.709206,35.589893],[-81.705653,35.581214],[-81.70334,35.581528],[-81.702587,35.583332],[-81.697503,35.578803],[-81.691989,35.580041],[-81.692167,35.546119],[-81.702853,35.357304],[-81.759541,35.222646],[-81.768102,35.180611],[-81.969348,35.187217],[-81.971045,35.205515],[-81.969573,35.209462],[-81.970882,35.211589],[-81.967706,35.219827],[-81.962806,35.22686],[-81.965679,35.231062],[-81.963869,35.24945],[-81.968398,35.250888],[-81.968788,35.257764],[-81.977622,35.26335],[-81.982508,35.263371],[-81.995764,35.27065],[-81.99943,35.276182],[-82.000769,35.282701],[-82.005715,35.284117],[-82.010511,35.289692],[-82.01519,35.292406],[-82.016757,35.299152],[-82.022995,35.298203],[-82.029517,35.301502],[-82.031005,35.308729],[-82.043587,35.320659],[-82.046472,35.320952],[-82.048197,35.3252],[-82.047202,35.327459],[-82.051424,35.329093],[-82.053922,35.335378],[-82.05856,35.337084],[-82.064442,35.334462],[-82.067969,35.339219],[-82.070941,35.338144],[-82.07622,35.341156],[-82.079619,35.346642],[-82.079662,35.352978],[-82.084786,35.353304],[-82.088319,35.355289],[-82.088546,35.358903],[-82.097265,35.369927],[-82.100287,35.369769],[-82.101832,35.366283],[-82.105244,35.367214],[-82.107704,35.381169],[-82.115201,35.387388],[-82.120128,35.388202],[-82.123033,35.393372],[-82.129209,35.396852],[-82.131669,35.395642],[-82.141736,35.399142],[-82.151535,35.407581],[-82.159872,35.409349],[-82.166297,35.407711],[-82.171365,35.409508],[-82.173217,35.40558],[-82.18086,35.402782],[-82.18515,35.396619],[-82.190003,35.399342],[-82.19411,35.397352],[-82.196466,35.399012],[-82.197148,35.402207],[-82.204552,35.40363],[-82.209018,35.397669],[-82.214398,35.398171],[-82.220543,35.394636],[-82.228476,35.396004],[-82.239115,35.402557],[-82.255833,35.39707],[-82.26052,35.3931],[-82.270121,35.400356],[-82.268514,35.406214],[-82.272607,35.409668],[-82.272713,35.41884],[-82.275803,35.423282],[-82.273423,35.430707],[-82.276147,35.437143],[-82.279027,35.438545],[-82.280146,35.444976],[-82.276296,35.448921],[-82.265795,35.467818],[-82.251437,35.460685],[-82.2425,35.467838],[-82.224336,35.498269],[-82.224103,35.500364],[-82.227192,35.5047],[-82.233335,35.509629],[-82.233203,35.519402],[-82.220515,35.520025],[-82.169049,35.527811]]]}},{"type":"Feature","properties":{"name":"Washington County","students":46},"geometry":{"type":"Polygon","coordinates":[[[-76.847264,35.719982],[-76.831328,35.730702],[-76.833683,35.73318],[-76.832598,35.736695],[-76.825926,35.740172],[-76.825223,35.744906],[-76.817773,35.747584],[-76.817117,35.749128],[-76.820187,35.754018],[-76.817088,35.759876],[-76.809182,35.762999],[-76.80796,35.768205],[-76.803471,35.77268],[-76.802263,35.776323],[-76.804003,35.779584],[-76.803457,35.78393],[-76.798472,35.784608],[-76.792763,35.790067],[-76.794112,35.791234],[-76.792821,35.792445],[-76.793504,35.795413],[-76.802606,35.805165],[-76.799448,35.81356],[-76.79685,35.816199],[-76.782603,35.824349],[-76.781921,35.826857],[-76.784921,35.829151],[-76.784661,35.832889],[-76.7893,35.837856],[-76.786248,35.840873],[-76.783729,35.848939],[-76.78027,35.851362],[-76.781168,35.853447],[-76.778438,35.854108],[-76.77857,35.85687],[-76.776895,35.856705],[-76.776013,35.858918],[-76.772177,35.858213],[-76.771578,35.861011],[-76.765392,35.861341],[-76.76317,35.864104],[-76.761309,35.862916],[-76.760598,35.864887],[-76.747963,35.869282],[-76.73807,35.877621],[-76.731067,35.888425],[-76.728264,35.897957],[-76.723616,35.906168],[-76.723199,35.912046],[-76.719989,35.917259],[-76.710665,35.922949],[-76.700705,35.923579],[-76.694534,35.933967],[-76.692495,35.943779],[-76.687508,35.950667],[-76.683751,35.953101],[-76.654594,35.966522],[-76.618125,35.976925],[-76.606214,35.978051],[-76.591536,35.97471],[-76.563163,35.974654],[-76.523613,35.978799],[-76.493375,35.985224],[-76.44545,35.999945],[-76.436944,36.004232],[-76.412986,36.020935],[-76.396794,36.026443],[-76.381396,36.026229],[-76.358393,36.020019],[-76.358141,35.951564],[-76.3655,35.944083],[-76.367703,35.929999],[-76.380009,35.914666],[-76.373104,35.899227],[-76.369646,35.883233],[-76.360222,35.87557],[-76.353554,35.861301],[-76.405603,35.786294],[-76.405971,35.697579],[-76.545621,35.705084],[-76.84462,35.705719],[-76.847264,35.719982]]]}},{"type":"Feature","properties":{"name":"Anson County","students":140},"geometry":{"type":"Polygon","coordinates":[[[-80.320828,34.813906],[-80.276829,35.195722],[-80.271507,35.20167],[-80.265012,35.20405],[-80.263855,35.20841],[-80.259195,35.208796],[-80.254816,35.2113],[-80.251401,35.209075],[-80.250829,35.202613],[-80.239999,35.188067],[-80.2421,35.181573],[-80.241241,35.17907],[-80.225002,35.156241],[-80.207838,35.155986],[-80.205252,35.165433],[-80.197369,35.166586],[-80.19492,35.165381],[-80.193528,35.158877],[-80.191192,35.155905],[-80.172819,35.147847],[-80.165076,35.147476],[-80.159831,35.14982],[-80.161002,35.153068],[-80.166602,35.158476],[-80.167614,35.161907],[-80.165807,35.164528],[-80.159144,35.167332],[-80.15702,35.173797],[-80.15164,35.174549],[-80.141895,35.168251],[-80.135742,35.167636],[-80.131767,35.173362],[-80.124175,35.175281],[-80.129114,35.184629],[-80.128668,35.188051],[-80.122148,35.192483],[-80.112965,35.193996],[-80.1085,35.189735],[-80.108878,35.17867],[-80.107071,35.173062],[-80.091949,35.162749],[-80.077678,35.147595],[-80.075365,35.143081],[-80.074218,35.132402],[-80.069025,35.122291],[-80.069686,35.115002],[-80.068484,35.112363],[-80.042206,35.102967],[-80.024355,35.090375],[-79.993377,35.08546],[-79.984254,35.090715],[-79.981406,35.097437],[-79.977589,35.101785],[-79.956992,35.114361],[-79.941645,35.119223],[-79.930609,35.118678],[-79.923972,35.11543],[-79.9219,35.106685],[-79.912518,35.096067],[-79.912341,35.075338],[-79.908983,35.066963],[-79.903132,35.062068],[-79.883596,35.051722],[-79.875884,35.042584],[-79.877197,35.03531],[-79.892751,35.024399],[-79.894645,35.016435],[-79.900017,35.00904],[-79.900627,35.005737],[-79.880496,34.988833],[-79.864793,34.979988],[-79.863813,34.974208],[-79.872341,34.955003],[-79.872303,34.950371],[-79.866994,34.93981],[-79.860109,34.933189],[-79.855648,34.925073],[-79.849384,34.910642],[-79.849131,34.900982],[-79.865784,34.879358],[-79.881032,34.866016],[-79.900462,34.857779],[-79.90872,34.841584],[-79.913903,34.818452],[-79.923089,34.808756],[-79.927412,34.806734],[-80.320828,34.813906]]]}},{"type":"Feature","properties":{"name":"Orange County","students":836},"geometry":{"type":"Polygon","coordinates":[[[-79.260103,36.107768],[-79.257952,36.243445],[-78.950597,36.23932],[-79.016305,35.86321],[-79.082036,35.860776],[-79.218815,35.873725],[-79.218816,35.875257],[-79.221534,35.875467],[-79.221935,35.874044],[-79.249538,35.87681],[-79.257946,35.891493],[-79.256916,35.902055],[-79.260419,35.905614],[-79.268243,35.909182],[-79.268434,35.91093],[-79.267149,35.913691],[-79.264027,35.914114],[-79.263988,35.967792],[-79.262924,35.968668],[-79.264541,35.973745],[-79.263378,35.973715],[-79.26086,36.040086],[-79.262143,36.061681],[-79.260463,36.066483],[-79.261437,36.07087],[-79.260108,36.103219],[-79.258695,36.103763],[-79.260103,36.107768]]]}},{"type":"Feature","properties":{"name":"Craven County","students":1861},"geometry":{"type":"Polygon","coordinates":[[[-77.352351,35.327896],[-77.29434,35.379137],[-77.27938,35.37566],[-77.269292,35.369153],[-77.2679,35.365996],[-77.270353,35.360115],[-77.266559,35.353873],[-77.259422,35.351592],[-77.247217,35.354712],[-77.237944,35.361542],[-77.239352,35.366389],[-77.23681,35.371787],[-77.238467,35.375555],[-77.238123,35.380079],[-77.239649,35.381361],[-77.237256,35.383401],[-77.236487,35.388854],[-77.234598,35.391092],[-77.227106,35.393203],[-77.228509,35.395258],[-77.227127,35.399845],[-77.221912,35.400327],[-77.220055,35.402041],[-77.211216,35.398184],[-77.201559,35.398664],[-77.189115,35.418362],[-76.958887,35.301013],[-76.895919,35.253889],[-76.906081,35.235945],[-76.93259,35.230286],[-76.942548,35.219688],[-76.942629,35.213324],[-76.944511,35.210903],[-76.952409,35.207811],[-76.959481,35.202843],[-76.96293,35.197857],[-76.966292,35.18267],[-76.971405,35.176646],[-76.969242,35.171084],[-76.971759,35.166434],[-76.970194,35.162149],[-76.976877,35.155472],[-76.987569,35.154649],[-76.984901,35.145062],[-76.977985,35.138351],[-76.97514,35.133169],[-76.968465,35.129273],[-76.959142,35.127618],[-76.955642,35.125438],[-76.948562,35.123689],[-76.948399,35.125738],[-76.948211,35.123378],[-76.948735,35.123422],[-76.947764,35.123119],[-76.947977,35.123869],[-76.947874,35.124089],[-76.947036,35.121344],[-76.943546,35.121306],[-76.940819,35.119103],[-76.94208,35.115712],[-76.940229,35.114706],[-76.930865,35.116819],[-76.937608,35.11459],[-76.937876,35.112883],[-76.935872,35.11185],[-76.936234,35.108141],[-76.934467,35.107694],[-76.932821,35.105611],[-76.936661,35.105299],[-76.93738,35.102925],[-76.940228,35.103131],[-76.936829,35.10161],[-76.937732,35.098005],[-76.935924,35.097045],[-76.937676,35.097157],[-76.938425,35.094721],[-76.93716,35.090644],[-76.938538,35.088738],[-76.936419,35.086797],[-76.937982,35.085044],[-76.935206,35.085198],[-76.935953,35.083092],[-76.933292,35.081941],[-76.933631,35.077567],[-76.93752,35.075802],[-76.935118,35.071266],[-76.936222,35.061725],[-76.941058,35.057698],[-76.941623,35.052087],[-76.953238,35.051527],[-76.967297,35.040655],[-76.956972,35.025835],[-76.949213,35.017459],[-76.901313,34.984097],[-76.842011,34.960403],[-76.814764,34.951551],[-76.780586,34.950434],[-76.761992,34.953833],[-76.71158,34.981768],[-76.685363,34.96424],[-76.652571,34.937595],[-76.662675,34.911853],[-76.669567,34.905135],[-76.682974,34.899269],[-76.686096,34.89563],[-76.686771,34.888702],[-76.691035,34.882386],[-76.693018,34.86918],[-76.758008,34.846285],[-76.76643,34.848795],[-76.771766,34.846677],[-76.883201,34.844893],[-76.882195,34.836704],[-76.954773,34.824508],[-76.954438,34.809066],[-77.078263,34.811322],[-77.073343,34.81763],[-77.068085,34.820162],[-77.047249,34.836416],[-77.108851,34.83078],[-77.103065,35.017793],[-77.102356,35.023359],[-77.098791,35.026934],[-77.106465,35.034295],[-77.107505,35.041733],[-77.110302,35.045676],[-77.107869,35.054254],[-77.110357,35.065154],[-77.109656,35.068609],[-77.116065,35.074107],[-77.118297,35.071583],[-77.118603,35.073284],[-77.130361,35.072371],[-77.132253,35.067148],[-77.138388,35.061279],[-77.141663,35.061981],[-77.145191,35.060066],[-77.147005,35.056564],[-77.149649,35.056491],[-77.148345,35.054675],[-77.152101,35.05472],[-77.149846,35.057668],[-77.154799,35.062737],[-77.159937,35.06234],[-77.164331,35.065502],[-77.168838,35.060276],[-77.171889,35.060826],[-77.173852,35.058159],[-77.178979,35.055354],[-77.180592,35.05522],[-77.173874,35.05912],[-77.179111,35.058224],[-77.182384,35.062615],[-77.185423,35.063168],[-77.189422,35.06667],[-77.191025,35.076544],[-77.187679,35.081086],[-77.329244,35.149829],[-77.451588,35.218631],[-77.473692,35.228985],[-77.473294,35.231064],[-77.465616,35.234618],[-77.464316,35.239155],[-77.445907,35.246579],[-77.433374,35.249688],[-77.42613,35.257545],[-77.426172,35.262375],[-77.428609,35.264076],[-77.431776,35.271184],[-77.437656,35.276987],[-77.440589,35.284574],[-77.43993,35.289593],[-77.446596,35.293573],[-77.446413,35.296173],[-77.449613,35.299457],[-77.448859,35.302007],[-77.440136,35.303845],[-77.438504,35.311757],[-77.431133,35.312907],[-77.432295,35.324479],[-77.431319,35.329781],[-77.429298,35.330561],[-77.423349,35.328744],[-77.421349,35.331331],[-77.414687,35.330413],[-77.414215,35.333969],[-77.410498,35.331868],[-77.410944,35.338032],[-77.395158,35.343024],[-77.391904,35.339109],[-77.38175,35.334043],[-77.365435,35.333186],[-77.357581,35.328529],[-77.352351,35.327896]]]}},{"type":"Feature","properties":{"name":"Wilson County","students":1083},"geometry":{"type":"Polygon","coordinates":[[[-77.824362,35.58646],[-77.998348,35.585597],[-78.058006,35.597806],[-78.064784,35.585263],[-78.125587,35.603111],[-78.157838,35.685587],[-78.161342,35.698153],[-78.161174,35.71274],[-78.163873,35.714229],[-78.163922,35.712801],[-78.168113,35.713341],[-78.170635,35.717066],[-78.174984,35.717614],[-78.17749,35.720986],[-78.175721,35.72299],[-78.176418,35.724862],[-78.18037,35.725405],[-78.182305,35.728871],[-78.192117,35.730545],[-78.188967,35.73424],[-78.181972,35.737956],[-78.147102,35.745803],[-78.006685,35.799488],[-77.897358,35.843853],[-77.883088,35.846217],[-77.873867,35.849731],[-77.853106,35.843889],[-77.844737,35.837618],[-77.828444,35.867208],[-77.821513,35.861699],[-77.806296,35.85732],[-77.751339,35.827794],[-77.74943,35.82106],[-77.750406,35.817831],[-77.718436,35.728823],[-77.674837,35.689104],[-77.665131,35.674935],[-77.688107,35.660947],[-77.753509,35.615957],[-77.806291,35.583436],[-77.816456,35.588371],[-77.822736,35.585353],[-77.824362,35.58646]]]}},{"type":"Feature","properties":{"name":"Duplin County","students":532},"geometry":{"type":"Polygon","coordinates":[[[-77.680127,34.720595],[-77.921538,34.719746],[-77.930558,34.722992],[-77.935913,34.722404],[-77.935394,34.720746],[-77.937438,34.720221],[-77.938446,34.723386],[-77.940935,34.721025],[-77.9397,34.720058],[-77.951607,34.717861],[-77.951995,34.714718],[-77.956011,34.715145],[-77.956083,34.716453],[-77.958813,34.715863],[-77.961536,34.719957],[-77.970055,34.717735],[-77.970246,34.71945],[-77.974054,34.719142],[-77.975434,34.718464],[-77.973214,34.71772],[-77.97462,34.714586],[-77.979397,34.716933],[-77.978672,34.715093],[-77.980983,34.713891],[-77.981592,34.715927],[-77.984764,34.714896],[-77.987273,34.717459],[-77.991947,34.71598],[-77.994469,34.717126],[-77.997909,34.721758],[-78.003062,34.724027],[-78.002632,34.726108],[-78.008193,34.726474],[-78.007548,34.728665],[-78.010476,34.729801],[-78.00953,34.731526],[-78.012681,34.73263],[-78.014331,34.731188],[-78.016073,34.732556],[-78.023519,34.730445],[-78.025251,34.72632],[-78.028823,34.726778],[-78.029696,34.724756],[-78.032436,34.727547],[-78.036017,34.725806],[-78.036713,34.7274],[-78.039227,34.726143],[-78.040611,34.727616],[-78.052001,34.725121],[-78.056325,34.72702],[-78.066197,34.727867],[-78.081567,34.722579],[-78.087133,34.726069],[-78.094097,34.724014],[-78.102002,34.725605],[-78.113886,34.721887],[-78.128598,34.711318],[-78.135194,34.710201],[-78.150553,34.721964],[-78.198642,34.741637],[-78.147129,34.902506],[-78.159818,35.0798],[-78.171845,35.093528],[-78.170714,35.114874],[-78.163013,35.137266],[-78.164628,35.169057],[-78.16342,35.189716],[-78.077389,35.175135],[-78.044451,35.192535],[-78.033794,35.191808],[-78.020633,35.193967],[-78.017089,35.190885],[-78.006444,35.190792],[-78.000899,35.188971],[-77.994635,35.183157],[-77.984273,35.183887],[-77.981501,35.180258],[-77.978325,35.170785],[-77.970109,35.165922],[-77.953455,35.165515],[-77.945062,35.172397],[-77.936039,35.170981],[-77.930032,35.173557],[-77.925671,35.17292],[-77.913224,35.166147],[-77.909607,35.162318],[-77.908946,35.157117],[-77.903965,35.154601],[-77.898143,35.148876],[-77.892199,35.146315],[-77.891283,35.146958],[-77.893595,35.149913],[-77.893928,35.15412],[-77.888768,35.159962],[-77.834262,35.177853],[-77.769177,35.145576],[-77.749572,35.10861],[-77.747507,35.058225],[-77.74918,35.058106],[-77.7489,35.051331],[-77.747226,35.051377],[-77.746037,35.02234],[-77.731026,35.008138],[-77.674805,34.9739],[-77.680081,34.971141],[-77.653352,34.940535],[-77.651045,34.923341],[-77.66606,34.839651],[-77.67705,34.799625],[-77.678849,34.785079],[-77.680127,34.720595]]]}},{"type":"Feature","properties":{"name":"Haywood County","students":225},"geometry":{"type":"Polygon","coordinates":[[[-82.846399,35.614417],[-82.836185,35.621377],[-82.83181,35.619635],[-82.82899,35.620201],[-82.826438,35.622853],[-82.821183,35.623164],[-82.814442,35.627741],[-82.811266,35.627084],[-82.809752,35.625],[-82.809618,35.617841],[-82.80349,35.610859],[-82.801904,35.60252],[-82.799194,35.59785],[-82.780983,35.588793],[-82.779971,35.584571],[-82.777177,35.582409],[-82.778512,35.57788],[-82.770754,35.576117],[-82.765938,35.567622],[-82.772654,35.562563],[-82.777524,35.555619],[-82.771243,35.550398],[-82.765948,35.539001],[-82.767767,35.535214],[-82.774145,35.53188],[-82.780211,35.525711],[-82.778012,35.519925],[-82.784997,35.507455],[-82.782447,35.504294],[-82.786529,35.498124],[-82.785801,35.494843],[-82.793373,35.484068],[-82.797455,35.471353],[-82.799637,35.471034],[-82.794115,35.469053],[-82.794637,35.465462],[-82.786184,35.457028],[-82.784091,35.444016],[-82.781691,35.439542],[-82.768568,35.43244],[-82.765987,35.43248],[-82.756061,35.425196],[-82.748538,35.425529],[-82.745246,35.423453],[-82.749503,35.413012],[-82.746059,35.410204],[-82.74562,35.407345],[-82.750128,35.406689],[-82.754364,35.403021],[-82.759816,35.4023],[-82.764607,35.396238],[-82.77368,35.393878],[-82.777317,35.388642],[-82.781727,35.386806],[-82.782585,35.382884],[-82.787649,35.381126],[-82.791677,35.367214],[-82.796025,35.364427],[-82.797543,35.358782],[-82.801264,35.356245],[-82.803197,35.350179],[-82.805325,35.347847],[-82.814707,35.344392],[-82.81319,35.339529],[-82.815075,35.336078],[-82.82302,35.331938],[-82.825107,35.327841],[-82.824957,35.324169],[-82.829459,35.322719],[-82.831871,35.318388],[-82.845262,35.319024],[-82.857897,35.316998],[-82.861235,35.314414],[-82.869788,35.315845],[-82.872833,35.313982],[-82.876866,35.314504],[-82.885007,35.308044],[-82.892895,35.307722],[-82.894938,35.305487],[-82.899458,35.305467],[-82.908404,35.299125],[-82.914458,35.297356],[-82.917628,35.291684],[-82.920566,35.291955],[-82.927511,35.302983],[-82.930706,35.303033],[-82.932602,35.305132],[-82.93544,35.303884],[-82.950407,35.306592],[-82.951071,35.312035],[-82.95454,35.313846],[-82.955185,35.316386],[-82.964725,35.315289],[-82.96576,35.319362],[-82.963524,35.325137],[-82.96476,35.333269],[-82.97167,35.342763],[-82.977715,35.344103],[-82.976511,35.349886],[-82.986248,35.355892],[-82.990185,35.367446],[-82.993401,35.36846],[-82.997218,35.373028],[-83.006568,35.377327],[-83.024812,35.380181],[-83.029913,35.387305],[-83.039641,35.393838],[-83.043724,35.394395],[-83.04282,35.398157],[-83.044886,35.408626],[-83.044365,35.415097],[-83.052884,35.421116],[-83.053281,35.423825],[-83.056281,35.425975],[-83.061786,35.425331],[-83.067728,35.429137],[-83.075244,35.430552],[-83.077119,35.433622],[-83.079989,35.434502],[-83.078828,35.436877],[-83.080353,35.441521],[-83.079473,35.447565],[-83.089988,35.448375],[-83.091435,35.457531],[-83.108967,35.464105],[-83.122086,35.465465],[-83.132059,35.463087],[-83.137714,35.464076],[-83.136409,35.473038],[-83.138003,35.47561],[-83.136453,35.479179],[-83.140489,35.48435],[-83.137409,35.488818],[-83.13863,35.491239],[-83.142087,35.49365],[-83.161108,35.496192],[-83.159997,35.501986],[-83.164114,35.509406],[-83.174551,35.509265],[-83.185898,35.511825],[-83.186322,35.514368],[-83.17391,35.521785],[-83.173143,35.528856],[-83.16995,35.531037],[-83.171744,35.533806],[-83.171609,35.537646],[-83.165365,35.538475],[-83.162923,35.548051],[-83.159676,35.548424],[-83.155835,35.552622],[-83.159515,35.558655],[-83.160056,35.562609],[-83.163342,35.564669],[-83.162064,35.56818],[-83.166749,35.578465],[-83.175209,35.580762],[-83.183541,35.586317],[-83.183158,35.589399],[-83.184638,35.59142],[-83.183199,35.596084],[-83.185372,35.59937],[-83.182655,35.605205],[-83.17598,35.61245],[-83.179015,35.614296],[-83.181633,35.618687],[-83.180707,35.622989],[-83.175871,35.6275],[-83.177098,35.631955],[-83.187514,35.64082],[-83.199858,35.641188],[-83.20243,35.6445],[-83.202821,35.649565],[-83.196381,35.654313],[-83.194665,35.660889],[-83.181977,35.671327],[-83.189355,35.673547],[-83.191975,35.67787],[-83.194614,35.677859],[-83.199719,35.681056],[-83.203772,35.679682],[-83.206944,35.681066],[-83.21513,35.692337],[-83.254257,35.695593],[-83.257417,35.705225],[-83.251521,35.709188],[-83.255289,35.715677],[-83.250948,35.720114],[-83.243162,35.722586],[-83.240827,35.726856],[-83.218082,35.725958],[-83.214196,35.724113],[-83.207383,35.726191],[-83.197742,35.725253],[-83.186389,35.729885],[-83.177792,35.744383],[-83.170285,35.74603],[-83.168323,35.750758],[-83.16479,35.753988],[-83.164971,35.75968],[-83.159585,35.764651],[-83.136471,35.765139],[-83.127464,35.768086],[-83.120608,35.766431],[-83.118239,35.769784],[-83.111204,35.770624],[-83.104603,35.774377],[-83.096754,35.776351],[-83.09458,35.7796],[-83.089302,35.781491],[-83.085265,35.785844],[-83.078503,35.789675],[-83.074201,35.790137],[-83.063747,35.786914],[-83.052821,35.789705],[-83.043062,35.785407],[-83.036042,35.787504],[-83.023886,35.78342],[-83.020348,35.780402],[-83.016025,35.782049],[-83.010903,35.778745],[-83.005988,35.778496],[-83.001292,35.773779],[-82.995989,35.773082],[-82.983925,35.778093],[-82.969699,35.789635],[-82.960153,35.790725],[-82.959562,35.786869],[-82.956813,35.785089],[-82.957347,35.782502],[-82.955724,35.782749],[-82.951918,35.779487],[-82.952644,35.776633],[-82.949991,35.774487],[-82.952186,35.771099],[-82.950078,35.766359],[-82.953137,35.762158],[-82.952688,35.759097],[-82.955543,35.759119],[-82.956865,35.757409],[-82.955094,35.750363],[-82.957176,35.746843],[-82.953368,35.745729],[-82.952931,35.742599],[-82.947879,35.738945],[-82.936133,35.744836],[-82.926471,35.744988],[-82.923012,35.746745],[-82.91765,35.744808],[-82.915562,35.737594],[-82.90769,35.727844],[-82.908566,35.724913],[-82.906717,35.720235],[-82.910409,35.716184],[-82.901871,35.709215],[-82.898614,35.703736],[-82.9005,35.695612],[-82.898259,35.691193],[-82.898624,35.687015],[-82.901071,35.684929],[-82.883909,35.678235],[-82.888009,35.672722],[-82.876795,35.666206],[-82.878042,35.662526],[-82.872165,35.657443],[-82.874616,35.651437],[-82.868689,35.645251],[-82.869011,35.641849],[-82.86507,35.634795],[-82.855285,35.636804],[-82.85177,35.635423],[-82.850904,35.632865],[-82.852056,35.630092],[-82.850444,35.627719],[-82.851668,35.617272],[-82.846399,35.614417]]]}},{"type":"Feature","properties":{"name":"Guilford County","students":5555},"geometry":{"type":"Polygon","coordinates":[[[-79.53755,36.126119],[-79.541728,35.899851],[-80.046869,35.920693],[-80.037429,36.161935],[-80.035119,36.257184],[-79.53241,36.241463],[-79.53755,36.126119]]]}},{"type":"Feature","properties":{"name":"Jackson County","students":187},"geometry":{"type":"Polygon","coordinates":[[[-83.363766,35.426923],[-83.35739,35.437579],[-83.358973,35.440348],[-83.351726,35.468092],[-83.345658,35.473367],[-83.335893,35.474861],[-83.331969,35.469949],[-83.317882,35.465302],[-83.311801,35.471501],[-83.308931,35.479323],[-83.304915,35.4786],[-83.297045,35.484278],[-83.291653,35.483129],[-83.285278,35.4889],[-83.286395,35.492535],[-83.283463,35.497423],[-83.275357,35.500457],[-83.272405,35.504675],[-83.264352,35.506529],[-83.264441,35.510859],[-83.261664,35.514566],[-83.257777,35.513093],[-83.254696,35.513783],[-83.241833,35.519033],[-83.236073,35.524564],[-83.232678,35.523292],[-83.227498,35.525589],[-83.220011,35.524762],[-83.216248,35.526005],[-83.211097,35.519726],[-83.207683,35.518024],[-83.204827,35.519431],[-83.195514,35.519306],[-83.186322,35.514368],[-83.184526,35.51073],[-83.164114,35.509406],[-83.159997,35.501986],[-83.161108,35.496192],[-83.142087,35.49365],[-83.13863,35.491239],[-83.137409,35.488818],[-83.140489,35.48435],[-83.136453,35.479179],[-83.138003,35.47561],[-83.136409,35.473038],[-83.137714,35.464076],[-83.132059,35.463087],[-83.122086,35.465465],[-83.108967,35.464105],[-83.091435,35.457531],[-83.089988,35.448375],[-83.079473,35.447565],[-83.080353,35.441521],[-83.078828,35.436877],[-83.079989,35.434502],[-83.077119,35.433622],[-83.075244,35.430552],[-83.067728,35.429137],[-83.061786,35.425331],[-83.056281,35.425975],[-83.053281,35.423825],[-83.052884,35.421116],[-83.044365,35.415097],[-83.044886,35.408626],[-83.04282,35.398157],[-83.043724,35.394395],[-83.039641,35.393838],[-83.029913,35.387305],[-83.024812,35.380181],[-83.006568,35.377327],[-82.997218,35.373028],[-82.993401,35.36846],[-82.990185,35.367446],[-82.986248,35.355892],[-82.976511,35.349886],[-82.977715,35.344103],[-82.97167,35.342763],[-82.96476,35.333269],[-82.963524,35.325137],[-82.96576,35.319362],[-82.964725,35.315289],[-82.955185,35.316386],[-82.95454,35.313846],[-82.951071,35.312035],[-82.950407,35.306592],[-82.93544,35.303884],[-82.932602,35.305132],[-82.930706,35.303033],[-82.927417,35.302924],[-82.920881,35.292037],[-82.922231,35.283201],[-82.919976,35.27601],[-82.921259,35.272939],[-82.919178,35.270945],[-82.925298,35.253447],[-82.924785,35.24559],[-82.928453,35.241442],[-82.927215,35.238836],[-82.928428,35.234893],[-82.931317,35.232672],[-82.93203,35.228914],[-82.935602,35.224974],[-82.946016,35.222793],[-82.959629,35.215515],[-82.960211,35.205458],[-82.963237,35.201207],[-82.967892,35.199297],[-82.969474,35.193813],[-82.987162,35.187482],[-82.988486,35.183118],[-82.98539,35.179805],[-82.988623,35.1745],[-82.981823,35.169874],[-82.981211,35.16764],[-82.996627,35.163578],[-82.99589,35.161372],[-82.997646,35.158458],[-82.994809,35.153521],[-82.992722,35.153021],[-82.989063,35.14844],[-82.984751,35.150237],[-82.980076,35.147261],[-82.981515,35.143613],[-82.978464,35.140793],[-82.979537,35.138914],[-82.976453,35.133321],[-82.978954,35.130308],[-82.983216,35.13192],[-83.035952,35.083027],[-83.037431,35.079698],[-83.044016,35.078213],[-83.045254,35.075116],[-83.043412,35.071534],[-83.04861,35.064597],[-83.048701,35.060982],[-83.052176,35.055914],[-83.056934,35.053864],[-83.047342,35.050477],[-83.043755,35.051455],[-83.039018,35.047917],[-83.037995,35.042218],[-83.033442,35.040709],[-83.032602,35.037803],[-83.028585,35.039891],[-83.01811,35.037093],[-83.008531,35.027394],[-83.108568,35.001354],[-83.109665,35.002927],[-83.108569,35.00956],[-83.111642,35.010922],[-83.112626,35.013219],[-83.117287,35.011695],[-83.126346,35.015796],[-83.126215,35.022813],[-83.130167,35.026367],[-83.132817,35.033959],[-83.131122,35.039261],[-83.136191,35.038527],[-83.148474,35.053882],[-83.155261,35.056463],[-83.163887,35.056658],[-83.171212,35.060516],[-83.169424,35.06154],[-83.169427,35.063758],[-83.171814,35.06549],[-83.172153,35.069007],[-83.158113,35.075041],[-83.157577,35.078354],[-83.143257,35.077927],[-83.144982,35.085083],[-83.147563,35.088688],[-83.147485,35.093383],[-83.151075,35.096044],[-83.151645,35.098679],[-83.159749,35.097891],[-83.166956,35.104626],[-83.172024,35.10504],[-83.177556,35.1089],[-83.178971,35.116181],[-83.183028,35.118935],[-83.182936,35.125046],[-83.186061,35.128401],[-83.186705,35.133525],[-83.191428,35.135848],[-83.194403,35.140526],[-83.201355,35.145668],[-83.204017,35.146024],[-83.206654,35.149734],[-83.20962,35.150588],[-83.209964,35.15452],[-83.213074,35.158257],[-83.220626,35.158858],[-83.223796,35.157386],[-83.22253,35.167827],[-83.225344,35.17699],[-83.223899,35.18054],[-83.224484,35.18821],[-83.222403,35.192908],[-83.218625,35.193312],[-83.219237,35.197246],[-83.217655,35.200016],[-83.219479,35.201151],[-83.219387,35.206273],[-83.216287,35.208602],[-83.216041,35.213163],[-83.218392,35.217045],[-83.218466,35.221177],[-83.216645,35.223284],[-83.221447,35.2289],[-83.224332,35.238645],[-83.232808,35.240152],[-83.243069,35.239114],[-83.245451,35.231328],[-83.257129,35.231503],[-83.272228,35.228285],[-83.28188,35.228965],[-83.284439,35.231902],[-83.294016,35.236074],[-83.294344,35.241444],[-83.296806,35.242555],[-83.295447,35.247867],[-83.298309,35.255652],[-83.308277,35.25715],[-83.310952,35.259497],[-83.31002,35.264119],[-83.31593,35.264796],[-83.314088,35.269202],[-83.31566,35.274375],[-83.312036,35.281606],[-83.318445,35.289059],[-83.316297,35.294022],[-83.316986,35.298116],[-83.322642,35.301451],[-83.321807,35.305246],[-83.322966,35.307647],[-83.321087,35.311888],[-83.331882,35.315953],[-83.334231,35.32035],[-83.334384,35.325803],[-83.340561,35.333064],[-83.340308,35.337382],[-83.335832,35.342928],[-83.336511,35.346484],[-83.33144,35.353733],[-83.335146,35.359842],[-83.334703,35.368916],[-83.337012,35.371073],[-83.338527,35.376115],[-83.337408,35.382075],[-83.345854,35.389338],[-83.342852,35.394212],[-83.340017,35.395475],[-83.341143,35.397378],[-83.34358,35.397396],[-83.349145,35.401222],[-83.347952,35.405355],[-83.351805,35.411075],[-83.355652,35.409893],[-83.360704,35.411813],[-83.363766,35.426923]]]}},{"type":"Feature","properties":{"name":"Iredell County","students":1783},"geometry":{"type":"Polygon","coordinates":[[[-80.784231,35.506018],[-80.906723,35.514785],[-80.947344,35.488473],[-80.949531,35.492358],[-80.96038,35.496151],[-80.963521,35.505961],[-80.95598,35.515072],[-80.95775,35.523658],[-80.956509,35.531716],[-80.953853,35.532325],[-80.944779,35.526006],[-80.941302,35.526702],[-80.939667,35.529203],[-80.942058,35.532639],[-80.959739,35.545964],[-80.959371,35.548802],[-80.953518,35.554024],[-80.956908,35.565538],[-80.956373,35.571776],[-80.949908,35.582635],[-80.937019,35.587472],[-80.934063,35.590032],[-80.93463,35.5956],[-80.940979,35.600803],[-80.943479,35.605812],[-80.938958,35.612878],[-80.928293,35.616347],[-80.925483,35.619016],[-80.925515,35.620946],[-80.938038,35.631062],[-80.942386,35.636561],[-80.952715,35.642985],[-80.960841,35.659775],[-80.965869,35.664696],[-80.966675,35.671012],[-80.981485,35.681663],[-80.983148,35.687131],[-80.986536,35.691666],[-80.990928,35.69414],[-80.993704,35.701291],[-81.003189,35.709166],[-81.017733,35.712728],[-81.041724,35.707366],[-81.062639,35.711621],[-81.064897,35.714343],[-81.065752,35.719549],[-81.064038,35.728484],[-81.067863,35.7381],[-81.089935,35.7566],[-81.090591,35.758914],[-81.088672,35.764305],[-81.090265,35.766643],[-81.093814,35.768803],[-81.102355,35.768296],[-81.109507,35.776594],[-81.106453,35.778512],[-81.105823,35.781902],[-81.102009,35.783382],[-81.101036,35.787477],[-81.093699,35.794033],[-81.086731,35.796681],[-81.078943,35.802775],[-81.079265,35.808994],[-81.077505,35.812734],[-81.070057,35.818141],[-81.064603,35.824561],[-81.060451,35.835109],[-81.041339,35.857855],[-81.005541,35.958287],[-81.0034,35.996737],[-81.028833,36.045652],[-80.975675,36.05881],[-80.693197,36.05126],[-80.707837,35.852897],[-80.771582,35.672163],[-80.739797,35.544145],[-80.742176,35.540822],[-80.740826,35.532155],[-80.737293,35.524897],[-80.737249,35.505801],[-80.784231,35.506018]]]}},{"type":"Feature","properties":{"name":"Hertford County","students":340},"geometry":{"type":"Polygon","coordinates":[[[-77.164377,36.546329],[-77.15292,36.54413],[-76.914349,36.543645],[-76.916383,36.538725],[-76.9216,36.538212],[-76.920008,36.532339],[-76.923916,36.532318],[-76.924991,36.530744],[-76.922636,36.528784],[-76.916224,36.530746],[-76.903964,36.521391],[-76.903135,36.519096],[-76.906559,36.515674],[-76.90708,36.50925],[-76.913004,36.504196],[-76.920005,36.50488],[-76.925261,36.488262],[-76.935201,36.484012],[-76.936361,36.480136],[-76.933356,36.473458],[-76.934362,36.471269],[-76.94708,36.47235],[-76.950606,36.47079],[-76.946742,36.465763],[-76.949032,36.457283],[-76.945158,36.441081],[-76.947237,36.416074],[-76.943202,36.409481],[-76.930017,36.399928],[-76.907887,36.390732],[-76.893605,36.390128],[-76.88284,36.383019],[-76.874091,36.38319],[-76.852144,36.375612],[-76.83917,36.374404],[-76.831734,36.371456],[-76.822691,36.364447],[-76.795409,36.359717],[-76.789931,36.360077],[-76.782766,36.362951],[-76.776622,36.361103],[-76.768545,36.353747],[-76.761314,36.352412],[-76.758492,36.350226],[-76.736477,36.324835],[-76.725943,36.31829],[-76.715401,36.307233],[-76.697495,36.297836],[-76.694813,36.285023],[-76.689824,36.273235],[-76.690513,36.267811],[-76.706584,36.243796],[-76.903383,36.242986],[-76.928226,36.240132],[-76.943826,36.241387],[-76.971399,36.23813],[-76.985738,36.242107],[-77.008602,36.239117],[-77.183144,36.242825],[-77.208468,36.246578],[-77.178533,36.317025],[-77.131339,36.437806],[-77.131591,36.441511],[-77.136525,36.447402],[-77.137014,36.455908],[-77.126529,36.463961],[-77.122959,36.471218],[-77.119525,36.473982],[-77.114585,36.47389],[-77.112338,36.47772],[-77.107391,36.475783],[-77.101446,36.477154],[-77.09993,36.479095],[-77.093621,36.472326],[-77.091673,36.471682],[-77.085372,36.475455],[-77.083638,36.472301],[-77.081282,36.474876],[-77.082927,36.476683],[-77.079936,36.478804],[-77.076735,36.480562],[-77.074394,36.47813],[-77.074979,36.481044],[-77.071297,36.479269],[-77.070913,36.483493],[-77.066348,36.483167],[-77.067626,36.484773],[-77.066284,36.487187],[-77.068739,36.487232],[-77.069382,36.489351],[-77.067112,36.492363],[-77.069928,36.494542],[-77.066452,36.496968],[-77.070061,36.498755],[-77.071563,36.49742],[-77.074002,36.499515],[-77.07467,36.496235],[-77.076881,36.496029],[-77.077998,36.497613],[-77.079975,36.496384],[-77.085708,36.500259],[-77.084034,36.500977],[-77.085151,36.50529],[-77.080872,36.507194],[-77.083271,36.507232],[-77.083427,36.513201],[-77.086967,36.513536],[-77.092796,36.51817],[-77.095762,36.516473],[-77.099055,36.51702],[-77.103227,36.521047],[-77.103282,36.516648],[-77.114421,36.518295],[-77.114119,36.521502],[-77.11888,36.52318],[-77.121806,36.522142],[-77.121123,36.519239],[-77.122848,36.520434],[-77.127033,36.518109],[-77.131242,36.522338],[-77.135363,36.523745],[-77.148531,36.525086],[-77.148507,36.526809],[-77.152553,36.529781],[-77.150443,36.53048],[-77.150733,36.533344],[-77.148695,36.534057],[-77.149374,36.536535],[-77.15335,36.537952],[-77.151521,36.538414],[-77.150971,36.540528],[-77.152737,36.539679],[-77.154888,36.541396],[-77.157262,36.53994],[-77.157612,36.542971],[-77.160444,36.542005],[-77.163876,36.544118],[-77.164377,36.546329]]]}},{"type":"Feature","properties":{"name":"Polk County","students":117},"geometry":{"type":"Polygon","coordinates":[[[-82.199663,35.195241],[-82.29108,35.200085],[-82.29416,35.195411],[-82.315077,35.190713],[-82.323102,35.185173],[-82.329938,35.186776],[-82.330821,35.1896],[-82.333679,35.190838],[-82.339023,35.188558],[-82.344416,35.193688],[-82.350386,35.192918],[-82.351452,35.190379],[-82.353754,35.190967],[-82.350931,35.228288],[-82.359256,35.228325],[-82.359152,35.244489],[-82.349653,35.244305],[-82.346081,35.286152],[-82.341826,35.288614],[-82.34117,35.291478],[-82.337718,35.29437],[-82.337947,35.29654],[-82.330461,35.302703],[-82.329503,35.307633],[-82.326574,35.309238],[-82.31883,35.307947],[-82.318146,35.306661],[-82.314224,35.31296],[-82.310429,35.314708],[-82.311281,35.320094],[-82.307985,35.322123],[-82.308142,35.326991],[-82.305694,35.3267],[-82.305265,35.33263],[-82.302475,35.335218],[-82.298142,35.33591],[-82.297974,35.33973],[-82.29003,35.351754],[-82.290008,35.353837],[-82.284708,35.357765],[-82.279875,35.364931],[-82.281249,35.367823],[-82.275115,35.37669],[-82.261463,35.388449],[-82.261305,35.393198],[-82.249068,35.400058],[-82.239115,35.402557],[-82.228476,35.396004],[-82.220543,35.394636],[-82.214398,35.398171],[-82.209018,35.397669],[-82.204552,35.40363],[-82.197148,35.402207],[-82.196466,35.399012],[-82.19411,35.397352],[-82.190003,35.399342],[-82.18515,35.396619],[-82.18086,35.402782],[-82.173217,35.40558],[-82.171365,35.409508],[-82.166297,35.407711],[-82.159872,35.409349],[-82.151535,35.407581],[-82.140437,35.398602],[-82.131669,35.395642],[-82.127806,35.39632],[-82.122915,35.393267],[-82.120128,35.388202],[-82.115201,35.387388],[-82.107704,35.381169],[-82.105244,35.367214],[-82.101832,35.366283],[-82.100287,35.369769],[-82.097265,35.369927],[-82.088546,35.358903],[-82.088319,35.355289],[-82.084786,35.353304],[-82.079662,35.352978],[-82.079619,35.346642],[-82.07622,35.341156],[-82.070941,35.338144],[-82.067969,35.339219],[-82.064442,35.334462],[-82.05856,35.337084],[-82.053922,35.335378],[-82.051424,35.329093],[-82.047202,35.327459],[-82.048197,35.3252],[-82.046472,35.320952],[-82.043587,35.320659],[-82.031005,35.308729],[-82.029517,35.301502],[-82.022995,35.298203],[-82.016757,35.299152],[-82.01519,35.292406],[-82.010511,35.289692],[-82.005715,35.284117],[-82.000769,35.282701],[-81.99943,35.276182],[-81.995881,35.270758],[-81.982508,35.263371],[-81.977622,35.26335],[-81.969168,35.258135],[-81.968398,35.250888],[-81.963869,35.24945],[-81.965679,35.231062],[-81.962806,35.22686],[-81.967706,35.219827],[-81.970882,35.211589],[-81.969573,35.209462],[-81.971045,35.205515],[-81.96935,35.187206],[-82.199663,35.195241]]]}},{"type":"Feature","properties":{"name":"Scotland County","students":504},"geometry":{"type":"Polygon","coordinates":[[[-79.585618,34.954745],[-79.581607,34.957413],[-79.5819,34.963877],[-79.577579,34.968771],[-79.577993,34.972386],[-79.566667,34.979415],[-79.573423,34.99221],[-79.567935,34.994325],[-79.553038,35.004775],[-79.521381,35.019225],[-79.510506,35.026152],[-79.468886,35.036567],[-79.458376,35.043756],[-79.456188,35.039336],[-79.457339,35.037668],[-79.452815,35.033785],[-79.452056,35.030438],[-79.450052,35.030201],[-79.449346,35.026857],[-79.445809,35.026038],[-79.441966,35.022276],[-79.43133,35.020131],[-79.424917,35.010353],[-79.42111,35.009043],[-79.41598,35.002918],[-79.410098,35.001991],[-79.407616,34.999243],[-79.401163,34.997407],[-79.398361,34.993959],[-79.396506,34.994115],[-79.39661,34.991815],[-79.390187,34.985934],[-79.390595,34.98384],[-79.388389,34.981467],[-79.386346,34.981463],[-79.381904,34.976503],[-79.378537,34.975784],[-79.370516,34.966636],[-79.369947,34.963347],[-79.363972,34.960312],[-79.362378,34.957513],[-79.360839,34.957922],[-79.363645,34.954184],[-79.362064,34.953074],[-79.362192,34.950258],[-79.358452,34.949652],[-79.35526,34.944837],[-79.353132,34.944329],[-79.352905,34.939564],[-79.354295,34.938629],[-79.353209,34.936892],[-79.354658,34.937206],[-79.354217,34.934472],[-79.35613,34.933139],[-79.35459,34.926576],[-79.352448,34.924061],[-79.351025,34.924584],[-79.349725,34.92139],[-79.351746,34.919816],[-79.350418,34.917519],[-79.352096,34.911123],[-79.348514,34.902983],[-79.348321,34.899635],[-79.349805,34.898919],[-79.348298,34.896158],[-79.350315,34.894542],[-79.348917,34.893651],[-79.34655,34.879068],[-79.344257,34.877728],[-79.34506,34.874568],[-79.342032,34.871928],[-79.343549,34.868434],[-79.342108,34.868293],[-79.34155,34.862315],[-79.33785,34.859287],[-79.338972,34.857026],[-79.337333,34.856394],[-79.336923,34.85379],[-79.340228,34.851842],[-79.338754,34.850428],[-79.342148,34.849241],[-79.341779,34.84751],[-79.345292,34.846],[-79.345135,34.843364],[-79.347904,34.843147],[-79.347807,34.838641],[-79.350477,34.836384],[-79.353616,34.82875],[-79.351631,34.8277],[-79.3522,34.825889],[-79.353658,34.826193],[-79.352959,34.824025],[-79.357721,34.820532],[-79.355993,34.816436],[-79.354869,34.816697],[-79.355511,34.815305],[-79.35301,34.814142],[-79.353521,34.812457],[-79.351402,34.812686],[-79.351761,34.810834],[-79.349147,34.808725],[-79.35019,34.805234],[-79.34681,34.802529],[-79.348132,34.800876],[-79.346468,34.800393],[-79.345447,34.795882],[-79.342963,34.794092],[-79.344176,34.792281],[-79.34191,34.792143],[-79.342412,34.790197],[-79.339563,34.789114],[-79.339613,34.787144],[-79.3383,34.787768],[-79.338877,34.785675],[-79.337178,34.785524],[-79.334379,34.777377],[-79.331923,34.777099],[-79.333131,34.776434],[-79.330825,34.774078],[-79.461506,34.630379],[-79.676494,34.805065],[-79.692944,34.805155],[-79.688392,34.81134],[-79.678373,34.813948],[-79.654499,34.814881],[-79.634571,34.825493],[-79.625644,34.817895],[-79.614045,34.815309],[-79.617125,34.818601],[-79.620801,34.817982],[-79.622765,34.820238],[-79.621445,34.82487],[-79.622929,34.826817],[-79.621993,34.829388],[-79.619222,34.830968],[-79.618591,34.833331],[-79.620133,34.835242],[-79.617367,34.839282],[-79.622809,34.843739],[-79.619718,34.846462],[-79.619929,34.848903],[-79.626767,34.851911],[-79.616,34.865928],[-79.561856,34.91035],[-79.566007,34.911136],[-79.563987,34.917946],[-79.568259,34.927372],[-79.577491,34.930036],[-79.58173,34.935442],[-79.584411,34.942856],[-79.583241,34.948],[-79.585618,34.954745]]]}},{"type":"Feature","properties":{"name":"Harnett County","students":1335},"geometry":{"type":"Polygon","coordinates":[[[-78.703102,35.25685],[-78.707702,35.259194],[-78.711753,35.257553],[-78.714998,35.260168],[-78.718484,35.259766],[-78.720506,35.264936],[-78.725564,35.2669],[-78.730029,35.26326],[-78.736025,35.261699],[-78.741096,35.263818],[-78.75003,35.263476],[-78.750107,35.261635],[-78.754024,35.259715],[-78.754495,35.263413],[-78.75753,35.263505],[-78.7591,35.261551],[-78.760609,35.262226],[-78.759974,35.263939],[-78.762995,35.26316],[-78.761014,35.261053],[-78.763684,35.261437],[-78.764181,35.25866],[-78.765884,35.25823],[-78.769616,35.259304],[-78.771042,35.262099],[-78.77826,35.263559],[-78.782169,35.260999],[-78.783743,35.262526],[-78.782495,35.263754],[-78.786812,35.263561],[-78.79428,35.266101],[-78.797669,35.264834],[-78.79866,35.262002],[-78.80146,35.262951],[-78.805855,35.25664],[-78.819427,35.260461],[-78.825343,35.259487],[-78.828277,35.255109],[-78.832217,35.255509],[-78.834669,35.252353],[-78.838667,35.25393],[-78.842533,35.25246],[-78.847158,35.252986],[-78.848097,35.250222],[-78.854503,35.248382],[-78.859681,35.242589],[-78.867859,35.245013],[-78.876057,35.241536],[-78.874032,35.235977],[-78.880408,35.23044],[-78.888593,35.23079],[-78.893264,35.228646],[-78.898045,35.231168],[-78.905435,35.226972],[-78.916681,35.223709],[-78.920211,35.220276],[-78.924709,35.223893],[-78.925522,35.221883],[-78.929485,35.222381],[-78.935545,35.218722],[-78.941581,35.2193],[-78.998037,35.21413],[-79.096299,35.192012],[-79.100761,35.196359],[-79.120492,35.204844],[-79.134639,35.206824],[-79.137945,35.211406],[-79.151255,35.213699],[-79.154098,35.219883],[-79.153881,35.229226],[-79.159188,35.233003],[-79.165108,35.240925],[-79.17868,35.247787],[-79.186891,35.247339],[-79.193544,35.250129],[-79.202523,35.258181],[-79.223021,35.268133],[-78.968778,35.522535],[-78.916067,35.584102],[-78.70628,35.51863],[-78.689517,35.515934],[-78.686885,35.501851],[-78.672883,35.495739],[-78.660555,35.496245],[-78.655843,35.49052],[-78.653433,35.483953],[-78.650307,35.482622],[-78.64982,35.471658],[-78.638948,35.461813],[-78.62695,35.457981],[-78.621353,35.450504],[-78.619454,35.44506],[-78.614636,35.44202],[-78.614764,35.439901],[-78.607098,35.432441],[-78.609946,35.427192],[-78.598773,35.41826],[-78.59708,35.406248],[-78.592655,35.3986],[-78.584482,35.395918],[-78.584105,35.394169],[-78.572501,35.386482],[-78.571955,35.380421],[-78.568109,35.373761],[-78.56914,35.370818],[-78.567695,35.367688],[-78.562803,35.36562],[-78.562661,35.362223],[-78.552796,35.357308],[-78.549262,35.353454],[-78.532857,35.342635],[-78.533582,35.340643],[-78.529851,35.334935],[-78.537608,35.327195],[-78.536061,35.318653],[-78.545143,35.312173],[-78.5555,35.309553],[-78.559887,35.306333],[-78.557713,35.304713],[-78.564288,35.304449],[-78.570277,35.302119],[-78.572767,35.297517],[-78.576414,35.295954],[-78.580802,35.298194],[-78.58353,35.296814],[-78.582968,35.295418],[-78.585319,35.293541],[-78.583285,35.290965],[-78.585604,35.284649],[-78.583114,35.279143],[-78.584639,35.273312],[-78.598522,35.264975],[-78.599982,35.258403],[-78.608667,35.254376],[-78.617114,35.245718],[-78.703102,35.25685]]]}},{"type":"Feature","properties":{"name":"Lee County","students":728},"geometry":{"type":"Polygon","coordinates":[[[-78.96964,35.521669],[-79.183556,35.307161],[-79.221976,35.324337],[-79.254266,35.343291],[-79.265713,35.345279],[-79.27322,35.352144],[-79.271876,35.362329],[-79.275083,35.365815],[-79.277125,35.376914],[-79.283855,35.385962],[-79.289561,35.400439],[-79.293966,35.399604],[-79.304479,35.404817],[-79.305589,35.407461],[-79.310572,35.408621],[-79.311886,35.412927],[-79.317379,35.419923],[-79.325219,35.420769],[-79.327437,35.421635],[-79.326319,35.422516],[-79.327348,35.42371],[-79.329723,35.423449],[-79.329529,35.431185],[-79.326855,35.432899],[-79.326672,35.434786],[-79.328957,35.43642],[-79.32894,35.439237],[-79.332277,35.440799],[-79.334611,35.444839],[-79.341871,35.448719],[-79.341195,35.450925],[-79.346146,35.456994],[-79.350454,35.457923],[-79.35159,35.459543],[-79.348304,35.463371],[-79.352698,35.464416],[-79.351899,35.465637],[-79.355126,35.464542],[-79.355642,35.469549],[-79.356949,35.468083],[-79.359765,35.469675],[-79.35659,35.473284],[-79.359807,35.477682],[-79.351535,35.47768],[-79.345623,35.488316],[-79.33918,35.4923],[-79.335878,35.497973],[-79.340516,35.50632],[-79.350546,35.513547],[-79.351446,35.515838],[-79.34862,35.519726],[-79.339176,35.521117],[-79.334879,35.525046],[-79.322866,35.52432],[-79.312086,35.53046],[-79.310983,35.532214],[-79.313622,35.535467],[-79.323909,35.543839],[-79.317557,35.543296],[-79.312443,35.544819],[-79.303499,35.548546],[-79.303767,35.551754],[-79.299282,35.553435],[-79.294053,35.552691],[-79.284598,35.554999],[-79.282061,35.551632],[-79.290936,35.545398],[-79.291787,35.54272],[-79.29061,35.540098],[-79.286109,35.538984],[-79.276283,35.53197],[-79.267475,35.532756],[-79.26094,35.537139],[-79.245199,35.552961],[-79.242801,35.56075],[-79.244663,35.569116],[-79.242695,35.57026],[-79.231684,35.56806],[-79.223361,35.568686],[-79.219335,35.566489],[-79.221221,35.559598],[-79.226529,35.554156],[-79.224479,35.550811],[-79.214439,35.555687],[-79.199886,35.558558],[-79.199069,35.563923],[-79.20179,35.572618],[-79.201055,35.576475],[-79.186123,35.580327],[-79.18351,35.584376],[-79.157888,35.603595],[-79.15006,35.617059],[-79.142521,35.622731],[-79.138566,35.624043],[-79.125775,35.623864],[-79.118771,35.628323],[-79.115842,35.627595],[-79.111798,35.62279],[-79.100144,35.623613],[-79.093116,35.618859],[-79.072518,35.611454],[-79.05249,35.596075],[-79.051292,35.584024],[-79.046642,35.578039],[-79.046729,35.569868],[-79.036299,35.561876],[-79.024001,35.548377],[-79.014692,35.543696],[-78.997302,35.542468],[-78.990848,35.54019],[-78.983881,35.535583],[-78.96964,35.521669]]]}},{"type":"Feature","properties":{"name":"Bladen County","students":291},"geometry":{"type":"Polygon","coordinates":[[[-78.826214,34.850693],[-78.533633,34.851129],[-78.516123,34.845919],[-78.506288,34.852573],[-78.494705,34.856182],[-78.496202,34.854858],[-78.495458,34.852303],[-78.492066,34.84934],[-78.49358,34.843138],[-78.489552,34.842813],[-78.490812,34.840988],[-78.488278,34.83945],[-78.487663,34.836345],[-78.485399,34.83499],[-78.482213,34.836796],[-78.465826,34.827643],[-78.46491,34.82619],[-78.467331,34.823274],[-78.466538,34.821969],[-78.464713,34.820633],[-78.463116,34.822417],[-78.461854,34.821072],[-78.460073,34.822092],[-78.458838,34.819894],[-78.459416,34.812824],[-78.452716,34.812619],[-78.451944,34.814051],[-78.448037,34.811794],[-78.44944,34.807835],[-78.441008,34.800474],[-78.444764,34.797652],[-78.437346,34.792266],[-78.439187,34.791118],[-78.438693,34.78568],[-78.429822,34.782192],[-78.428415,34.780433],[-78.430287,34.776527],[-78.423667,34.773],[-78.423171,34.770809],[-78.42446,34.769872],[-78.420919,34.767929],[-78.420386,34.765876],[-78.409991,34.765434],[-78.409137,34.761523],[-78.405811,34.759436],[-78.407591,34.757611],[-78.405543,34.756269],[-78.403526,34.757124],[-78.403742,34.754644],[-78.400267,34.753024],[-78.400819,34.751724],[-78.398784,34.750104],[-78.395153,34.751088],[-78.390859,34.749737],[-78.391898,34.74816],[-78.390026,34.744848],[-78.39291,34.744221],[-78.392788,34.74213],[-78.387585,34.738063],[-78.392887,34.73265],[-78.39203,34.729824],[-78.383548,34.726442],[-78.382918,34.723624],[-78.37935,34.723355],[-78.379541,34.720464],[-78.382323,34.717279],[-78.376211,34.71282],[-78.377823,34.712514],[-78.376375,34.711512],[-78.377398,34.709848],[-78.368493,34.704515],[-78.371707,34.702425],[-78.369337,34.700409],[-78.373751,34.70148],[-78.373405,34.699208],[-78.369135,34.696758],[-78.366641,34.693085],[-78.365599,34.695063],[-78.361877,34.695544],[-78.360581,34.693788],[-78.362742,34.693345],[-78.361917,34.691337],[-78.358138,34.69292],[-78.355177,34.690112],[-78.349493,34.692319],[-78.350319,34.689058],[-78.348781,34.688308],[-78.348711,34.690091],[-78.346969,34.690555],[-78.346236,34.68418],[-78.344379,34.683883],[-78.34756,34.682284],[-78.347131,34.680378],[-78.345021,34.680407],[-78.344541,34.678835],[-78.342289,34.679914],[-78.33852,34.674674],[-78.334644,34.674299],[-78.334131,34.672773],[-78.332964,34.673638],[-78.327581,34.67085],[-78.327805,34.669135],[-78.325085,34.669183],[-78.323548,34.665501],[-78.326081,34.665997],[-78.327219,34.66416],[-78.325523,34.663108],[-78.326576,34.655868],[-78.32266,34.654099],[-78.324076,34.65183],[-78.32291,34.651189],[-78.324666,34.64983],[-78.322086,34.64877],[-78.320891,34.650056],[-78.31803,34.646757],[-78.319004,34.645784],[-78.313931,34.64472],[-78.312737,34.643605],[-78.313414,34.641354],[-78.311424,34.641226],[-78.312615,34.638612],[-78.316937,34.635741],[-78.31399,34.633133],[-78.322763,34.629697],[-78.319507,34.627157],[-78.316755,34.628479],[-78.315646,34.627206],[-78.317097,34.626297],[-78.313116,34.625883],[-78.314446,34.619008],[-78.311193,34.61573],[-78.312945,34.614021],[-78.310992,34.612011],[-78.306876,34.613436],[-78.304561,34.610953],[-78.30642,34.608469],[-78.30406,34.607179],[-78.304837,34.605606],[-78.303514,34.603891],[-78.305286,34.602717],[-78.302782,34.602799],[-78.302903,34.60046],[-78.300811,34.601286],[-78.297915,34.599732],[-78.294172,34.601871],[-78.291092,34.600408],[-78.292651,34.597126],[-78.289027,34.598075],[-78.287126,34.593095],[-78.285906,34.593823],[-78.282399,34.590727],[-78.279841,34.591103],[-78.2804,34.589016],[-78.274858,34.584195],[-78.275197,34.581437],[-78.273495,34.582983],[-78.271258,34.581029],[-78.266252,34.583956],[-78.265092,34.579131],[-78.262691,34.578808],[-78.264011,34.576535],[-78.260673,34.574503],[-78.262238,34.571305],[-78.257732,34.568279],[-78.254693,34.568609],[-78.254416,34.563982],[-78.251728,34.562021],[-78.260439,34.556162],[-78.256868,34.555842],[-78.254487,34.553505],[-78.26075,34.545371],[-78.272606,34.537656],[-78.269975,34.53566],[-78.270314,34.53225],[-78.262955,34.528785],[-78.265632,34.526825],[-78.263082,34.524891],[-78.264339,34.519842],[-78.254128,34.520055],[-78.256504,34.517231],[-78.255798,34.513661],[-78.252541,34.513404],[-78.251236,34.510628],[-78.254297,34.51163],[-78.255306,34.508112],[-78.245575,34.499871],[-78.243493,34.500823],[-78.238675,34.497907],[-78.239205,34.496698],[-78.237218,34.49626],[-78.235975,34.492669],[-78.223674,34.490567],[-78.224094,34.492873],[-78.222319,34.493183],[-78.217197,34.487357],[-78.212834,34.48876],[-78.212077,34.486063],[-78.207345,34.487701],[-78.208656,34.486501],[-78.205383,34.482587],[-78.206542,34.480492],[-78.203515,34.475991],[-78.191156,34.473412],[-78.189315,34.471704],[-78.189756,34.46926],[-78.18508,34.467808],[-78.182161,34.469841],[-78.180019,34.465786],[-78.176501,34.465356],[-78.256085,34.399469],[-78.335084,34.367622],[-78.365702,34.372803],[-78.396915,34.370747],[-78.420101,34.378108],[-78.44532,34.3774],[-78.552713,34.420778],[-78.580356,34.428993],[-78.594012,34.431443],[-78.60377,34.441134],[-78.646824,34.460707],[-78.64918,34.46066],[-78.659282,34.45359],[-78.656447,34.460338],[-78.664265,34.462732],[-78.666385,34.464652],[-78.667588,34.469645],[-78.825861,34.461732],[-78.830353,34.462578],[-78.837636,34.467561],[-78.844713,34.468882],[-78.849874,34.473619],[-78.858063,34.474411],[-78.860319,34.483176],[-78.868961,34.484778],[-78.869358,34.487143],[-78.863547,34.497952],[-78.857696,34.501214],[-78.849071,34.502583],[-78.849608,34.500141],[-78.846338,34.499813],[-78.846413,34.504131],[-78.844438,34.508096],[-78.846339,34.510575],[-78.851266,34.512156],[-78.849633,34.512453],[-78.850337,34.513771],[-78.857255,34.51538],[-78.853903,34.518772],[-78.856593,34.524728],[-78.852988,34.527762],[-78.855518,34.530562],[-78.855719,34.533984],[-78.860055,34.537367],[-78.861218,34.544854],[-78.860089,34.544931],[-78.859947,34.54773],[-78.858271,34.545586],[-78.857554,34.54704],[-78.860803,34.552543],[-78.858035,34.556938],[-78.862692,34.559975],[-78.862659,34.562227],[-78.86135,34.563717],[-78.857041,34.563108],[-78.856948,34.56886],[-78.854186,34.574955],[-78.847954,34.575685],[-78.843617,34.578476],[-78.843305,34.58783],[-78.838979,34.589702],[-78.836045,34.593416],[-78.835253,34.597492],[-78.841246,34.597223],[-78.837179,34.598436],[-78.833996,34.601594],[-78.831663,34.60818],[-78.831516,34.611399],[-78.834746,34.615002],[-78.833098,34.618062],[-78.834434,34.621583],[-78.832004,34.625755],[-78.829847,34.62582],[-78.830588,34.627902],[-78.828386,34.629698],[-78.829844,34.632224],[-78.827212,34.634818],[-78.827605,34.63708],[-78.825467,34.637041],[-78.826478,34.63835],[-78.82514,34.640653],[-78.822785,34.643003],[-78.818501,34.641707],[-78.819095,34.643645],[-78.821767,34.643964],[-78.821773,34.645695],[-78.819805,34.645573],[-78.818098,34.650842],[-78.813603,34.651741],[-78.815384,34.654703],[-78.818418,34.655032],[-78.819379,34.662079],[-78.813726,34.667848],[-78.809431,34.668276],[-78.810317,34.673035],[-78.80613,34.676075],[-78.807203,34.681389],[-78.805721,34.689202],[-78.811938,34.694408],[-78.821629,34.709595],[-78.832671,34.715617],[-78.832375,34.719742],[-78.837813,34.717859],[-78.844456,34.724124],[-78.840819,34.727292],[-78.844887,34.727074],[-78.84879,34.732618],[-78.854248,34.73549],[-78.856064,34.747772],[-78.858352,34.753512],[-78.862198,34.756655],[-78.861982,34.759811],[-78.865296,34.767775],[-78.863808,34.770932],[-78.866102,34.773099],[-78.869164,34.77333],[-78.86866,34.775077],[-78.870782,34.776879],[-78.869996,34.778692],[-78.877125,34.788014],[-78.877588,34.79208],[-78.884766,34.802298],[-78.883913,34.804607],[-78.886699,34.809564],[-78.883339,34.812121],[-78.887137,34.810852],[-78.892836,34.814194],[-78.895894,34.820673],[-78.899794,34.824784],[-78.900321,34.832448],[-78.901998,34.835268],[-78.826214,34.850693]]]}},{"type":"Feature","properties":{"name":"Cherokee County","students":74},"geometry":{"type":"Polygon","coordinates":[[[-84.321821,34.988408],[-84.290214,35.225432],[-84.288103,35.224346],[-84.283297,35.226459],[-84.275909,35.234204],[-84.260409,35.241833],[-84.25868,35.245345],[-84.253656,35.248996],[-84.242521,35.253487],[-84.227484,35.267926],[-84.223793,35.269031],[-84.221163,35.267518],[-84.217529,35.268141],[-84.211395,35.265621],[-84.202982,35.255291],[-84.19952,35.243854],[-84.193375,35.244779],[-84.188531,35.24007],[-84.178829,35.240511],[-84.170026,35.24646],[-84.161461,35.243523],[-84.159229,35.24572],[-84.147761,35.246864],[-84.1394,35.246097],[-84.133619,35.242377],[-84.127111,35.24077],[-84.125721,35.242121],[-84.126719,35.246305],[-84.12522,35.249871],[-84.119927,35.252049],[-84.113554,35.248981],[-84.106477,35.251491],[-84.102563,35.248365],[-84.097504,35.247598],[-84.092318,35.249374],[-84.08253,35.256288],[-84.080852,35.261252],[-84.054788,35.268909],[-84.051008,35.273338],[-84.046887,35.27425],[-84.041057,35.279335],[-84.036239,35.288418],[-84.029067,35.292248],[-84.026493,35.288774],[-84.022529,35.286914],[-84.019827,35.279842],[-84.016083,35.277904],[-84.016443,35.276128],[-84.009648,35.273062],[-84.011015,35.257164],[-84.005885,35.2531],[-84.001832,35.252855],[-84.002398,35.250829],[-84.00092,35.249628],[-84.006425,35.241681],[-84.004,35.239775],[-84.002932,35.235001],[-83.997757,35.232185],[-83.983375,35.22961],[-83.977364,35.225623],[-83.976343,35.221527],[-83.967183,35.217841],[-83.959036,35.216912],[-83.956935,35.218463],[-83.957323,35.220372],[-83.945385,35.21983],[-83.942807,35.220611],[-83.943438,35.222549],[-83.934124,35.223043],[-83.926009,35.228013],[-83.90704,35.233531],[-83.901094,35.238482],[-83.893395,35.233251],[-83.892346,35.234931],[-83.887997,35.234815],[-83.879696,35.238481],[-83.873738,35.244105],[-83.869167,35.243359],[-83.864705,35.247416],[-83.851227,35.249377],[-83.848665,35.253253],[-83.84515,35.255236],[-83.841277,35.254325],[-83.831062,35.256108],[-83.825633,35.251184],[-83.822333,35.250273],[-83.813489,35.254748],[-83.809911,35.25248],[-83.806638,35.252813],[-83.795159,35.257463],[-83.789878,35.255544],[-83.787915,35.252831],[-83.781423,35.252166],[-83.773547,35.245743],[-83.767207,35.248166],[-83.76161,35.247854],[-83.756767,35.242459],[-83.745463,35.245204],[-83.734215,35.245016],[-83.722664,35.25304],[-83.718787,35.25326],[-83.713144,35.257689],[-83.708591,35.257603],[-83.707848,35.255139],[-83.703164,35.251538],[-83.704357,35.24916],[-83.698095,35.247239],[-83.69517,35.243777],[-83.691833,35.242903],[-83.690113,35.237497],[-83.693788,35.228718],[-83.69733,35.22481],[-83.709989,35.218941],[-83.713214,35.213072],[-83.722651,35.209758],[-83.728825,35.200862],[-83.719467,35.196753],[-83.715935,35.199529],[-83.711338,35.195659],[-83.711878,35.190354],[-83.716195,35.186471],[-83.725258,35.183527],[-83.731535,35.178579],[-83.732302,35.174816],[-83.730566,35.171765],[-83.738129,35.15595],[-83.745494,35.160659],[-83.752743,35.160836],[-83.75592,35.157202],[-83.764793,35.155467],[-83.767907,35.157019],[-83.772767,35.155913],[-83.778341,35.149951],[-83.785021,35.14779],[-83.794826,35.148062],[-83.797119,35.144923],[-83.806617,35.144065],[-83.808105,35.141648],[-83.817782,35.138838],[-83.832856,35.14057],[-83.834618,35.142891],[-83.840733,35.143841],[-83.857124,35.137066],[-83.862796,35.132397],[-83.865514,35.127342],[-83.863651,35.120421],[-83.874236,35.114167],[-83.876036,35.110339],[-83.883102,35.106096],[-83.887659,35.099126],[-83.89596,35.091865],[-83.905265,35.08662],[-83.907671,35.078219],[-83.916694,35.074558],[-83.922679,35.074075],[-83.927411,35.066743],[-83.931101,35.069422],[-83.933702,35.068891],[-83.93465,35.065756],[-83.94374,35.055905],[-83.94882,35.053836],[-83.956499,35.054299],[-83.960855,35.049197],[-83.963975,35.048125],[-83.962838,35.04596],[-83.966083,35.043974],[-83.958406,35.038886],[-83.960714,35.030874],[-83.956506,35.026279],[-83.964517,35.018602],[-83.971697,35.015347],[-83.971301,35.012353],[-83.97994,35.005796],[-83.984195,35.004855],[-83.999016,34.996193],[-84.003591,34.995465],[-84.004628,34.994222],[-84.003427,34.991387],[-84.005811,34.989247],[-84.005132,34.987175],[-84.321821,34.988408]]]}},{"type":"Feature","properties":{"name":"Catawba County","students":1608},"geometry":{"type":"Polygon","coordinates":[[[-81.535253,35.568412],[-81.506809,35.607956],[-81.432898,35.677847],[-81.363796,35.767802],[-81.357485,35.767062],[-81.353872,35.768851],[-81.352473,35.77379],[-81.355553,35.780273],[-81.351512,35.783829],[-81.34552,35.794378],[-81.336794,35.796471],[-81.315913,35.796857],[-81.308346,35.802509],[-81.304495,35.802608],[-81.298074,35.798193],[-81.288995,35.80039],[-81.280115,35.806135],[-81.267281,35.804495],[-81.254113,35.808798],[-81.249642,35.815685],[-81.240954,35.812841],[-81.232186,35.812419],[-81.225814,35.809519],[-81.216186,35.817277],[-81.205137,35.8228],[-81.201893,35.823289],[-81.196081,35.821161],[-81.175941,35.823054],[-81.168349,35.825595],[-81.160303,35.825087],[-81.154857,35.828311],[-81.149609,35.828958],[-81.142338,35.827434],[-81.141085,35.812162],[-81.138642,35.808442],[-81.130812,35.803241],[-81.128414,35.789383],[-81.111916,35.779207],[-81.102722,35.768495],[-81.094487,35.76889],[-81.090947,35.767229],[-81.088672,35.764305],[-81.090591,35.758914],[-81.089935,35.7566],[-81.067863,35.7381],[-81.064038,35.728484],[-81.065752,35.719549],[-81.062929,35.71189],[-81.060373,35.71028],[-81.041724,35.707366],[-81.017733,35.712728],[-81.003189,35.709166],[-80.993704,35.701291],[-80.990928,35.69414],[-80.986536,35.691666],[-80.983148,35.687131],[-80.981485,35.681663],[-80.966675,35.671012],[-80.965869,35.664696],[-80.960841,35.659775],[-80.952715,35.642985],[-80.942386,35.636561],[-80.92518,35.619912],[-80.929141,35.615885],[-80.938267,35.613444],[-80.943311,35.606273],[-80.940979,35.600803],[-80.935124,35.596382],[-80.933483,35.591329],[-80.93644,35.587746],[-80.948757,35.583553],[-80.953328,35.578613],[-80.957018,35.56775],[-80.953531,35.553933],[-80.960025,35.54702],[-81.535253,35.568412]]]}},{"type":"Feature","properties":{"name":"Tyrrell County","students":9},"geometry":{"type":"Polygon","coordinates":[[[-76.017694,35.865356],[-76.02239,35.81066],[-76.019276,35.752763],[-76.027415,35.718894],[-76.020502,35.68735],[-76.02724,35.669328],[-76.033151,35.661995],[-76.042749,35.663835],[-76.056976,35.674005],[-76.061095,35.675222],[-76.073393,35.671817],[-76.085371,35.674898],[-76.092627,35.669764],[-76.098314,35.670179],[-76.104098,35.678255],[-76.114615,35.677981],[-76.11961,35.679857],[-76.12067,35.683316],[-76.118268,35.691908],[-76.122683,35.693281],[-76.130072,35.690779],[-76.137045,35.699853],[-76.141555,35.70277],[-76.162784,35.695916],[-76.168962,35.698802],[-76.172907,35.695658],[-76.166997,35.691173],[-76.175583,35.690889],[-76.176558,35.686244],[-76.171881,35.681974],[-76.175492,35.678601],[-76.169503,35.672514],[-76.175695,35.672367],[-76.175859,35.664805],[-76.181644,35.666499],[-76.178758,35.659727],[-76.18023,35.656543],[-76.177828,35.654933],[-76.184347,35.648624],[-76.193401,35.645609],[-76.194728,35.64115],[-76.192784,35.64059],[-76.194242,35.635837],[-76.197452,35.636239],[-76.19631,35.63321],[-76.198754,35.634029],[-76.196911,35.631082],[-76.194824,35.631075],[-76.194754,35.628553],[-76.196492,35.628378],[-76.196456,35.623238],[-76.199727,35.622478],[-76.195779,35.621695],[-76.19562,35.620329],[-76.199912,35.618979],[-76.200135,35.617477],[-76.198155,35.617041],[-76.201517,35.615204],[-76.201322,35.612574],[-76.203254,35.611501],[-76.202326,35.609495],[-76.206234,35.611334],[-76.207534,35.610188],[-76.205235,35.607645],[-76.213765,35.59831],[-76.224138,35.599816],[-76.225536,35.601839],[-76.229557,35.599728],[-76.239146,35.602655],[-76.246671,35.602523],[-76.252254,35.606095],[-76.256136,35.603767],[-76.265358,35.603257],[-76.269936,35.608065],[-76.276834,35.605176],[-76.28141,35.606326],[-76.285839,35.604464],[-76.297899,35.608895],[-76.269247,35.690754],[-76.405971,35.697579],[-76.405603,35.786294],[-76.353554,35.861301],[-76.360222,35.87557],[-76.369646,35.883233],[-76.373104,35.899227],[-76.380009,35.914666],[-76.367703,35.929999],[-76.3655,35.944083],[-76.358141,35.951564],[-76.358393,36.020019],[-76.333654,36.019872],[-76.283839,36.031365],[-76.229783,36.040665],[-76.209926,36.042027],[-76.181729,36.049007],[-76.156445,36.059933],[-76.101065,36.069526],[-76.058217,36.080593],[-76.022607,36.096725],[-76.022398,36.086654],[-75.950459,36.087958],[-75.906295,36.085877],[-75.90196,36.074108],[-75.889534,36.055339],[-75.874806,36.041789],[-75.864669,36.036164],[-75.840046,36.028834],[-75.954374,35.990064],[-75.965582,35.983412],[-75.973152,35.976643],[-75.980721,35.959653],[-75.987466,35.916453],[-75.992284,35.909855],[-76.008348,35.895802],[-76.009881,35.892855],[-76.017694,35.865356]]]}},{"type":"Feature","properties":{"name":"Macon County","students":142},"geometry":{"type":"Polygon","coordinates":[[[-83.108613,35.000659],[-83.482949,34.993301],[-83.486456,34.998525],[-83.49328,34.998889],[-83.50007,35.001609],[-83.504599,35.000659],[-83.51036,35.005155],[-83.514082,35.004144],[-83.516675,35.001871],[-83.517984,34.997417],[-83.520764,34.996612],[-83.522644,34.999434],[-83.522005,35.003619],[-83.52708,35.009214],[-83.521933,35.013234],[-83.521326,35.01828],[-83.531105,35.026222],[-83.537926,35.035424],[-83.542872,35.038504],[-83.558412,35.039134],[-83.563109,35.048314],[-83.566717,35.051281],[-83.562199,35.059536],[-83.567993,35.066906],[-83.566947,35.070982],[-83.57531,35.071651],[-83.578729,35.077126],[-83.581887,35.078114],[-83.58512,35.081903],[-83.583388,35.086954],[-83.587436,35.092293],[-83.596013,35.094382],[-83.600265,35.099489],[-83.605356,35.101891],[-83.611307,35.102123],[-83.618299,35.106798],[-83.618487,35.108658],[-83.614648,35.113422],[-83.616856,35.115376],[-83.617277,35.11936],[-83.618891,35.119408],[-83.62006,35.126277],[-83.618928,35.12825],[-83.623692,35.128776],[-83.626615,35.131361],[-83.625011,35.125084],[-83.632386,35.125087],[-83.635062,35.121221],[-83.640153,35.130573],[-83.643843,35.132149],[-83.637717,35.132841],[-83.637022,35.134608],[-83.640172,35.138719],[-83.642056,35.139072],[-83.649533,35.13454],[-83.654929,35.135808],[-83.657202,35.140059],[-83.648804,35.14047],[-83.645103,35.145005],[-83.649129,35.147523],[-83.647858,35.152255],[-83.652255,35.154104],[-83.654976,35.158192],[-83.659403,35.16002],[-83.659415,35.154489],[-83.665917,35.150066],[-83.667803,35.150472],[-83.66953,35.154276],[-83.673146,35.15697],[-83.678786,35.156247],[-83.684356,35.157766],[-83.68712,35.154111],[-83.693807,35.156115],[-83.699517,35.152463],[-83.714442,35.155283],[-83.726435,35.14546],[-83.730849,35.148375],[-83.738129,35.15595],[-83.730566,35.171765],[-83.732302,35.174816],[-83.731639,35.178411],[-83.725258,35.183527],[-83.712733,35.189084],[-83.711338,35.195659],[-83.716272,35.199724],[-83.719467,35.196753],[-83.728825,35.200862],[-83.722651,35.209758],[-83.713043,35.21318],[-83.709989,35.218941],[-83.698449,35.223927],[-83.693788,35.228718],[-83.69326,35.232065],[-83.690472,35.234813],[-83.691664,35.242762],[-83.69517,35.243777],[-83.698095,35.247239],[-83.702652,35.248483],[-83.694761,35.25757],[-83.688494,35.269118],[-83.6848,35.272746],[-83.684064,35.276355],[-83.673057,35.282774],[-83.49575,35.299521],[-83.490276,35.305547],[-83.486665,35.30543],[-83.474052,35.297669],[-83.467382,35.297778],[-83.463609,35.298973],[-83.461344,35.301725],[-83.45589,35.302797],[-83.452066,35.314204],[-83.448124,35.316671],[-83.440808,35.317205],[-83.437745,35.321915],[-83.432586,35.325155],[-83.428369,35.324548],[-83.421751,35.317622],[-83.415854,35.319459],[-83.410918,35.316528],[-83.404262,35.3249],[-83.399564,35.32777],[-83.391397,35.325522],[-83.386304,35.326781],[-83.37932,35.325506],[-83.372456,35.329095],[-83.364228,35.325993],[-83.35725,35.329683],[-83.347272,35.328477],[-83.339609,35.330993],[-83.334384,35.325803],[-83.334231,35.32035],[-83.331882,35.315953],[-83.321087,35.311888],[-83.322966,35.307647],[-83.321807,35.305246],[-83.322642,35.301451],[-83.316986,35.298116],[-83.316297,35.294022],[-83.318445,35.289059],[-83.312036,35.281606],[-83.31566,35.274375],[-83.314088,35.269202],[-83.315966,35.264882],[-83.31002,35.264119],[-83.310952,35.259497],[-83.308277,35.25715],[-83.298309,35.255652],[-83.295447,35.247867],[-83.296806,35.242555],[-83.294344,35.241444],[-83.293276,35.235186],[-83.284439,35.231902],[-83.28242,35.229132],[-83.276721,35.228042],[-83.257129,35.231503],[-83.245451,35.231328],[-83.243069,35.239114],[-83.232808,35.240152],[-83.224332,35.238645],[-83.221447,35.2289],[-83.216645,35.223284],[-83.218466,35.221177],[-83.218392,35.217045],[-83.216041,35.213163],[-83.216287,35.208602],[-83.219387,35.206273],[-83.219479,35.201151],[-83.217655,35.200016],[-83.219237,35.197246],[-83.218625,35.193312],[-83.222403,35.192908],[-83.224484,35.18821],[-83.223899,35.18054],[-83.225344,35.17699],[-83.22253,35.167827],[-83.223796,35.157386],[-83.220626,35.158858],[-83.213074,35.158257],[-83.209964,35.15452],[-83.20962,35.150588],[-83.206654,35.149734],[-83.204017,35.146024],[-83.201355,35.145668],[-83.194403,35.140526],[-83.191428,35.135848],[-83.186705,35.133525],[-83.186061,35.128401],[-83.182936,35.125046],[-83.183028,35.118935],[-83.178971,35.116181],[-83.177556,35.1089],[-83.172024,35.10504],[-83.166956,35.104626],[-83.159749,35.097891],[-83.15195,35.098834],[-83.151075,35.096044],[-83.147714,35.093763],[-83.147563,35.088688],[-83.144982,35.085083],[-83.143257,35.077927],[-83.157577,35.078354],[-83.158113,35.075041],[-83.172153,35.069007],[-83.171814,35.06549],[-83.169427,35.063758],[-83.169424,35.06154],[-83.171275,35.060634],[-83.163887,35.056658],[-83.155261,35.056463],[-83.148474,35.053882],[-83.136191,35.038527],[-83.131122,35.039261],[-83.132817,35.033959],[-83.130167,35.026367],[-83.126215,35.022813],[-83.126346,35.015796],[-83.117287,35.011695],[-83.112626,35.013219],[-83.111642,35.010922],[-83.108569,35.00956],[-83.109665,35.002927],[-83.108613,35.000659]]]}},{"type":"Feature","properties":{"name":"Perquimans County","students":85},"geometry":{"type":"Polygon","coordinates":[[[-76.590107,36.238862],[-76.588159,36.241786],[-76.587079,36.24892],[-76.572613,36.258073],[-76.5715,36.267187],[-76.567586,36.277393],[-76.568006,36.287342],[-76.565523,36.293556],[-76.567607,36.29893],[-76.567971,36.31422],[-76.561684,36.322387],[-76.563477,36.325926],[-76.559773,36.336132],[-76.561242,36.344936],[-76.556881,36.355204],[-76.539029,36.357313],[-76.453711,36.378092],[-76.447602,36.363686],[-76.40173,36.301619],[-76.397969,36.300402],[-76.394665,36.296808],[-76.395108,36.29261],[-76.39179,36.290729],[-76.391945,36.287485],[-76.38646,36.283589],[-76.381218,36.27585],[-76.377126,36.27564],[-76.375812,36.274078],[-76.377939,36.269261],[-76.37488,36.258654],[-76.3606,36.252415],[-76.347449,36.249789],[-76.343363,36.246779],[-76.343536,36.243254],[-76.340612,36.241425],[-76.337292,36.24079],[-76.332226,36.244438],[-76.324794,36.240442],[-76.31723,36.24017],[-76.314674,36.232711],[-76.307181,36.230319],[-76.307026,36.227532],[-76.304193,36.225963],[-76.30365,36.221729],[-76.290244,36.223358],[-76.289912,36.218201],[-76.285035,36.215788],[-76.288411,36.21358],[-76.286985,36.210536],[-76.280101,36.20319],[-76.279305,36.198244],[-76.273284,36.195179],[-76.271928,36.185723],[-76.25988,36.179527],[-76.251408,36.169489],[-76.240324,36.163756],[-76.234886,36.155128],[-76.228685,36.149892],[-76.223804,36.139669],[-76.215507,36.130361],[-76.194668,36.117738],[-76.182749,36.114212],[-76.178743,36.111193],[-76.157953,36.059517],[-76.181729,36.049007],[-76.209926,36.042027],[-76.229783,36.040665],[-76.283839,36.031365],[-76.333654,36.019872],[-76.356253,36.019691],[-76.381396,36.026229],[-76.396794,36.026443],[-76.403882,36.074051],[-76.412373,36.075396],[-76.43026,36.075048],[-76.43728,36.077027],[-76.445591,36.075903],[-76.448588,36.079994],[-76.455054,36.079957],[-76.462556,36.088623],[-76.473066,36.089784],[-76.478789,36.093554],[-76.490848,36.08502],[-76.499833,36.085472],[-76.506962,36.088387],[-76.510252,36.093659],[-76.517532,36.097401],[-76.528775,36.095729],[-76.534082,36.09669],[-76.539064,36.094572],[-76.547537,36.09919],[-76.559778,36.101096],[-76.57085,36.10788],[-76.573073,36.111757],[-76.590107,36.238862]]]}},{"type":"Feature","properties":{"name":"Hyde County","students":54},"geometry":{"type":"Polygon","coordinates":[[[-76.127511,35.691013],[-76.123715,35.69312],[-76.119047,35.692462],[-76.117821,35.69085],[-76.12067,35.683316],[-76.11961,35.679857],[-76.114615,35.677981],[-76.104098,35.678255],[-76.099707,35.671097],[-76.096682,35.669581],[-76.092627,35.669764],[-76.085371,35.674898],[-76.073393,35.671817],[-76.061095,35.675222],[-76.056976,35.674005],[-76.042749,35.663835],[-76.035564,35.661495],[-76.031589,35.663024],[-76.027479,35.668849],[-75.901342,35.668952],[-75.898014,35.660417],[-75.890496,35.652259],[-75.890079,35.647319],[-75.891953,35.643328],[-75.889064,35.64194],[-75.883953,35.632784],[-75.879064,35.630992],[-75.876833,35.628117],[-75.87982,35.606856],[-75.868393,35.578104],[-75.814021,35.500182],[-75.7689,35.249539],[-75.73662,35.140565],[-75.812045,35.114244],[-75.827706,35.106717],[-75.853733,35.097361],[-75.897876,35.077122],[-75.928103,35.059524],[-75.938733,35.051449],[-75.950073,35.039617],[-75.967093,35.0286],[-75.985351,35.013977],[-75.994744,35.008793],[-76.002959,35.006392],[-76.006936,35.006018],[-76.006557,35.053869],[-76.016003,35.065319],[-76.019044,35.065392],[-76.065774,35.124937],[-76.304136,35.201453],[-76.445418,35.329264],[-76.463756,35.338134],[-76.518674,35.348002],[-76.538936,35.380382],[-76.558563,35.403662],[-76.560307,35.417038],[-76.562985,35.424383],[-76.575482,35.436646],[-76.584042,35.449142],[-76.585077,35.457359],[-76.581557,35.466798],[-76.579458,35.485201],[-76.58319,35.488907],[-76.596113,35.493493],[-76.601164,35.497664],[-76.604106,35.505225],[-76.604106,35.512386],[-76.602726,35.516291],[-76.599085,35.51996],[-76.58668,35.523254],[-76.562863,35.52003],[-76.524461,35.518701],[-76.500483,35.5189],[-76.491192,35.520857],[-76.484903,35.524384],[-76.478574,35.530997],[-76.467781,35.550929],[-76.467761,35.556504],[-76.479933,35.562852],[-76.482631,35.567322],[-76.486992,35.568501],[-76.491143,35.572633],[-76.500466,35.570788],[-76.502965,35.575613],[-76.500449,35.578936],[-76.501593,35.579723],[-76.506019,35.581014],[-76.513219,35.576115],[-76.519078,35.578802],[-76.519108,35.584835],[-76.525053,35.585315],[-76.527744,35.581575],[-76.530445,35.5822],[-76.532041,35.580901],[-76.538748,35.582771],[-76.539548,35.585909],[-76.534445,35.589528],[-76.532545,35.593123],[-76.534313,35.595594],[-76.542633,35.599237],[-76.553239,35.597107],[-76.554872,35.600226],[-76.56393,35.60108],[-76.564327,35.603659],[-76.570564,35.605758],[-76.574286,35.609393],[-76.574169,35.611205],[-76.577569,35.611243],[-76.578603,35.614313],[-76.591804,35.624374],[-76.600691,35.635921],[-76.606119,35.646733],[-76.600308,35.663963],[-76.601852,35.669906],[-76.619676,35.688175],[-76.623847,35.69015],[-76.625127,35.693696],[-76.637513,35.705215],[-76.545621,35.705084],[-76.269247,35.690754],[-76.297899,35.608895],[-76.285839,35.604464],[-76.28141,35.606326],[-76.276834,35.605176],[-76.27015,35.608058],[-76.265358,35.603257],[-76.256136,35.603767],[-76.252254,35.606095],[-76.246827,35.602556],[-76.239146,35.602655],[-76.229557,35.599728],[-76.225536,35.601839],[-76.224138,35.599816],[-76.215744,35.597998],[-76.208008,35.603562],[-76.205179,35.607835],[-76.207583,35.609992],[-76.206421,35.611263],[-76.202326,35.609495],[-76.203254,35.611501],[-76.201322,35.612574],[-76.201517,35.615204],[-76.198155,35.617041],[-76.200135,35.617477],[-76.199912,35.618979],[-76.19562,35.620329],[-76.195779,35.621695],[-76.199727,35.622478],[-76.196456,35.623238],[-76.196492,35.628378],[-76.194754,35.628553],[-76.194824,35.631075],[-76.196911,35.631082],[-76.198754,35.634029],[-76.19631,35.63321],[-76.197452,35.636239],[-76.194242,35.635837],[-76.192784,35.64059],[-76.194728,35.64115],[-76.193401,35.645609],[-76.184347,35.648624],[-76.177828,35.654933],[-76.18023,35.656543],[-76.178758,35.659727],[-76.181644,35.666499],[-76.175859,35.664805],[-76.175695,35.672367],[-76.169503,35.672514],[-76.175492,35.678601],[-76.171881,35.681974],[-76.176558,35.686244],[-76.175583,35.690889],[-76.166874,35.691426],[-76.172504,35.69495],[-76.172594,35.696884],[-76.168217,35.698901],[-76.162784,35.695916],[-76.142023,35.702851],[-76.137045,35.699853],[-76.131898,35.692173],[-76.127511,35.691013]]]}},{"type":"Feature","properties":{"name":"Gaston County","students":2477},"geometry":{"type":"Polygon","coordinates":[[[-81.001161,35.304928],[-81.014963,35.267034],[-81.01395,35.258002],[-81.008234,35.248473],[-81.014253,35.223037],[-81.005374,35.208384],[-81.00614,35.195082],[-81.002387,35.180817],[-81.003412,35.171951],[-81.007306,35.165175],[-81.005806,35.157023],[-81.009456,35.153144],[-81.017112,35.154318],[-81.023037,35.149521],[-81.032238,35.148412],[-81.147513,35.155961],[-81.328037,35.163467],[-81.323668,35.189605],[-81.324264,35.241269],[-81.321729,35.260449],[-81.353507,35.277351],[-81.355515,35.28023],[-81.355381,35.296228],[-81.366618,35.315146],[-81.363813,35.323419],[-81.356682,35.330604],[-81.382832,35.346075],[-81.398924,35.353138],[-81.4556,35.419811],[-81.016247,35.403891],[-80.95486,35.400078],[-80.95469,35.394278],[-80.95684,35.391458],[-80.967972,35.387566],[-80.977533,35.382098],[-80.986136,35.380582],[-80.986784,35.37569],[-80.9837,35.368351],[-80.979617,35.365219],[-80.973833,35.36394],[-80.968093,35.367674],[-80.964022,35.374192],[-80.960161,35.375413],[-80.957704,35.374587],[-80.954929,35.369808],[-80.951058,35.367004],[-80.935877,35.36211],[-80.926883,35.362521],[-80.923732,35.361287],[-80.923214,35.359536],[-80.933504,35.357246],[-80.942924,35.350748],[-80.954555,35.350676],[-80.962141,35.347046],[-80.967088,35.350794],[-80.970621,35.351323],[-80.973002,35.349879],[-80.975112,35.344709],[-80.983893,35.341253],[-80.985302,35.337217],[-80.981304,35.332273],[-80.980944,35.328822],[-80.990164,35.319551],[-80.995387,35.309472],[-81.001161,35.304928]]]}},{"type":"Feature","properties":{"name":"Johnston County","students":2109},"geometry":{"type":"Polygon","coordinates":[[[-78.170162,35.346324],[-78.177726,35.346039],[-78.180025,35.343707],[-78.184911,35.345405],[-78.187005,35.342582],[-78.196274,35.343568],[-78.197282,35.340061],[-78.200761,35.341282],[-78.209563,35.339676],[-78.211798,35.342331],[-78.213559,35.340455],[-78.215478,35.341527],[-78.216723,35.336819],[-78.215671,35.333457],[-78.24263,35.319799],[-78.248787,35.32043],[-78.258003,35.325703],[-78.269105,35.322786],[-78.276034,35.315136],[-78.289711,35.315077],[-78.30658,35.287604],[-78.397725,35.26296],[-78.411734,35.254663],[-78.491897,35.263319],[-78.522225,35.295037],[-78.52665,35.303025],[-78.538349,35.31641],[-78.535576,35.320102],[-78.537608,35.327195],[-78.529851,35.334935],[-78.533582,35.340643],[-78.533053,35.342951],[-78.549262,35.353454],[-78.552796,35.357308],[-78.562661,35.362223],[-78.562803,35.36562],[-78.567695,35.367688],[-78.56914,35.370818],[-78.568109,35.373761],[-78.571955,35.380421],[-78.572501,35.386482],[-78.584105,35.394169],[-78.584482,35.395918],[-78.592655,35.3986],[-78.59708,35.406248],[-78.598773,35.41826],[-78.609946,35.427192],[-78.607098,35.432441],[-78.614764,35.439901],[-78.614636,35.44202],[-78.619454,35.44506],[-78.621353,35.450504],[-78.62695,35.457981],[-78.638948,35.461813],[-78.64982,35.471658],[-78.650307,35.482622],[-78.653433,35.483953],[-78.655843,35.49052],[-78.660555,35.496245],[-78.675948,35.496592],[-78.686885,35.501851],[-78.689517,35.515934],[-78.708902,35.519458],[-78.492149,35.686903],[-78.473288,35.701671],[-78.469201,35.706623],[-78.464735,35.70824],[-78.460036,35.705691],[-78.368793,35.75435],[-78.255973,35.81812],[-78.257021,35.813196],[-78.251369,35.811107],[-78.25164,35.804191],[-78.249086,35.80118],[-78.250406,35.796927],[-78.243865,35.792099],[-78.247245,35.785931],[-78.246135,35.784807],[-78.248458,35.77479],[-78.250927,35.773797],[-78.246036,35.772555],[-78.244399,35.76946],[-78.238319,35.767288],[-78.238222,35.763128],[-78.234853,35.759757],[-78.235789,35.757784],[-78.232876,35.751427],[-78.22666,35.750533],[-78.226257,35.752087],[-78.219059,35.755068],[-78.21662,35.752209],[-78.215807,35.745832],[-78.213033,35.744822],[-78.215733,35.739313],[-78.215601,35.735991],[-78.209369,35.73064],[-78.20692,35.731477],[-78.202373,35.727755],[-78.194805,35.727985],[-78.191693,35.730626],[-78.182305,35.728871],[-78.18037,35.725405],[-78.176418,35.724862],[-78.175721,35.72299],[-78.17749,35.720986],[-78.174984,35.717614],[-78.170635,35.717066],[-78.168113,35.713341],[-78.163922,35.712801],[-78.163873,35.714229],[-78.161174,35.71274],[-78.161342,35.698153],[-78.157838,35.685587],[-78.125587,35.603111],[-78.064784,35.585263],[-78.15491,35.41781],[-78.153672,35.391987],[-78.14976,35.391751],[-78.144202,35.386894],[-78.145817,35.382981],[-78.150723,35.378563],[-78.157838,35.375016],[-78.162408,35.367375],[-78.15766,35.36011],[-78.159968,35.359251],[-78.160078,35.356628],[-78.153717,35.356423],[-78.153243,35.350671],[-78.158789,35.347488],[-78.160357,35.349608],[-78.165557,35.346367],[-78.167899,35.347984],[-78.170162,35.346324]]]}},{"type":"Feature","properties":{"name":"Bertie County","students":375},"geometry":{"type":"Polygon","coordinates":[[[-76.804234,35.882523],[-76.824188,35.886975],[-76.830189,35.885866],[-76.834825,35.88291],[-76.836854,35.8761],[-76.832258,35.861567],[-76.83209,35.85455],[-76.837844,35.846462],[-76.860087,35.825005],[-76.877563,35.812738],[-76.89525,35.813122],[-76.897801,35.815035],[-76.892651,35.818394],[-76.899846,35.820411],[-76.904078,35.824281],[-76.896204,35.827905],[-76.894243,35.83235],[-76.901628,35.835229],[-76.903473,35.838267],[-76.901938,35.844447],[-76.89725,35.849581],[-76.900136,35.857884],[-76.893027,35.863967],[-76.902067,35.868218],[-76.904707,35.876965],[-76.911301,35.881716],[-76.917141,35.89442],[-76.923248,35.898331],[-76.940937,35.901094],[-76.947206,35.897137],[-76.947176,35.893682],[-76.957051,35.886938],[-76.958909,35.883354],[-76.969991,35.881652],[-76.979533,35.875508],[-76.980667,35.87262],[-76.983988,35.876414],[-76.987324,35.876501],[-76.987949,35.870337],[-76.991693,35.865088],[-76.99802,35.863337],[-77.00525,35.858433],[-77.009602,35.861895],[-77.015828,35.862637],[-77.028788,35.857793],[-77.034914,35.857387],[-77.044648,35.862076],[-77.040402,35.867928],[-77.045332,35.875173],[-77.03969,35.874603],[-77.031006,35.88118],[-77.035655,35.885478],[-77.037494,35.890626],[-77.029301,35.893117],[-77.024539,35.890257],[-77.022126,35.890921],[-77.025505,35.89571],[-77.024126,35.899079],[-77.025254,35.902776],[-77.030613,35.905358],[-77.026614,35.909835],[-77.027254,35.917787],[-77.031843,35.917789],[-77.027544,35.929683],[-77.035646,35.929462],[-77.038758,35.930792],[-77.044033,35.943448],[-77.055124,35.94484],[-77.056036,35.941272],[-77.060936,35.938567],[-77.070637,35.943839],[-77.071067,35.942311],[-77.066594,35.938657],[-77.067271,35.936653],[-77.073494,35.934512],[-77.081166,35.93748],[-77.082366,35.931645],[-77.086672,35.932384],[-77.088797,35.928963],[-77.092073,35.928374],[-77.091979,35.925718],[-77.094005,35.92479],[-77.102922,35.933341],[-77.106443,35.932405],[-77.110644,35.927543],[-77.115007,35.929242],[-77.119874,35.926151],[-77.123781,35.926138],[-77.126534,35.928919],[-77.128193,35.937126],[-77.130876,35.940756],[-77.141293,35.933919],[-77.146055,35.936137],[-77.164654,35.937345],[-77.170359,35.929737],[-77.173289,35.928945],[-77.185816,35.930874],[-77.195882,35.936801],[-77.198831,35.939735],[-77.20233,35.947713],[-77.200568,35.950961],[-77.195952,35.948997],[-77.194215,35.949717],[-77.19928,35.955339],[-77.198982,35.957147],[-77.188646,35.957029],[-77.197661,35.962633],[-77.190828,35.96084],[-77.195267,35.964135],[-77.196448,35.967582],[-77.190268,35.973678],[-77.194284,35.976558],[-77.196417,35.981893],[-77.192306,35.985157],[-77.196446,35.992775],[-77.204608,35.993545],[-77.210231,35.99071],[-77.212867,35.991482],[-77.212668,35.995102],[-77.205956,36.004821],[-77.206525,36.007131],[-77.216413,36.014874],[-77.230515,36.015577],[-77.242084,36.02169],[-77.27447,36.033697],[-77.29279,36.045085],[-77.320792,36.056479],[-77.327085,36.068032],[-77.327556,36.076376],[-77.31999,36.078654],[-77.313225,36.089167],[-77.293125,36.091228],[-77.282188,36.097284],[-77.268937,36.100005],[-77.242786,36.097183],[-77.230275,36.104999],[-77.230783,36.108579],[-77.232632,36.110238],[-77.244325,36.112108],[-77.251468,36.115051],[-77.25072,36.117695],[-77.241336,36.118479],[-77.239704,36.120275],[-77.254334,36.122535],[-77.254891,36.124857],[-77.250994,36.131087],[-77.250814,36.134572],[-77.265602,36.139835],[-77.267279,36.150542],[-77.263078,36.158682],[-77.276503,36.157374],[-77.283394,36.167457],[-77.287622,36.169277],[-77.291519,36.168342],[-77.295659,36.1722],[-77.298314,36.172324],[-77.295554,36.174345],[-77.299717,36.181409],[-77.298896,36.186052],[-77.295107,36.188422],[-77.295868,36.193123],[-77.293267,36.197084],[-77.297368,36.202334],[-77.29825,36.207708],[-77.290652,36.212919],[-77.287827,36.211383],[-77.275652,36.214463],[-77.270028,36.213241],[-77.264064,36.217183],[-77.254358,36.218592],[-77.248971,36.218375],[-77.244133,36.215138],[-77.228565,36.214411],[-77.228799,36.217387],[-77.208468,36.246578],[-77.183144,36.242825],[-77.008602,36.239117],[-76.985738,36.242107],[-76.971399,36.23813],[-76.943826,36.241387],[-76.928226,36.240132],[-76.903383,36.242986],[-76.706584,36.243796],[-76.716013,36.229035],[-76.727773,36.221059],[-76.732975,36.212602],[-76.732668,36.197542],[-76.736127,36.186467],[-76.737272,36.158603],[-76.736933,36.150583],[-76.733567,36.13782],[-76.71054,36.098678],[-76.708876,36.06897],[-76.695882,36.047706],[-76.682535,36.030947],[-76.61761,35.984267],[-76.606214,35.978051],[-76.624418,35.975685],[-76.64731,35.969163],[-76.670064,35.960337],[-76.687508,35.950667],[-76.692495,35.943779],[-76.694534,35.933967],[-76.699924,35.924546],[-76.701832,35.922783],[-76.710665,35.922949],[-76.719989,35.917259],[-76.723199,35.912046],[-76.723616,35.906168],[-76.728264,35.897957],[-76.731067,35.888425],[-76.736984,35.878786],[-76.751122,35.867542],[-76.772625,35.862563],[-76.780985,35.863871],[-76.796057,35.873342],[-76.804234,35.882523]]]}},{"type":"Feature","properties":{"name":"Stanly County","students":496},"geometry":{"type":"Polygon","coordinates":[[[-80.093966,35.287087],[-80.092241,35.271987],[-80.098411,35.258086],[-80.092768,35.239295],[-80.088561,35.234166],[-80.076012,35.226968],[-80.069799,35.218315],[-80.061747,35.200259],[-80.060799,35.18919],[-80.053302,35.178607],[-80.053064,35.172625],[-80.056861,35.164035],[-80.068757,35.155144],[-80.075365,35.143081],[-80.079583,35.150032],[-80.08986,35.160926],[-80.107071,35.173062],[-80.108878,35.17867],[-80.108806,35.190618],[-80.114523,35.194302],[-80.122473,35.192351],[-80.129052,35.187581],[-80.128821,35.183849],[-80.124175,35.175281],[-80.131767,35.173362],[-80.135544,35.167729],[-80.141895,35.168251],[-80.15164,35.174549],[-80.15726,35.173567],[-80.159144,35.167332],[-80.165588,35.164666],[-80.167574,35.162171],[-80.166602,35.158476],[-80.159851,35.151176],[-80.161659,35.148292],[-80.174262,35.148097],[-80.18593,35.154629],[-80.190638,35.155538],[-80.193528,35.158877],[-80.19492,35.165381],[-80.197803,35.166654],[-80.205252,35.165433],[-80.207838,35.155986],[-80.22469,35.156099],[-80.241241,35.17907],[-80.2421,35.181573],[-80.239999,35.188067],[-80.250545,35.202097],[-80.251276,35.208794],[-80.254346,35.211294],[-80.263855,35.20841],[-80.265012,35.20405],[-80.271507,35.20167],[-80.27573,35.196057],[-80.281913,35.195602],[-80.284366,35.192235],[-80.287921,35.191418],[-80.292252,35.194053],[-80.295965,35.193942],[-80.303884,35.188045],[-80.305352,35.181921],[-80.320931,35.178725],[-80.321471,35.17312],[-80.328245,35.176664],[-80.334895,35.17371],[-80.339895,35.174302],[-80.346106,35.169117],[-80.351551,35.169286],[-80.354168,35.165786],[-80.356982,35.16494],[-80.364483,35.170607],[-80.366011,35.17574],[-80.370122,35.179786],[-80.376772,35.177507],[-80.379593,35.172784],[-80.388328,35.165862],[-80.397781,35.165452],[-80.402909,35.167293],[-80.408556,35.163747],[-80.412187,35.163371],[-80.415744,35.166492],[-80.417047,35.1716],[-80.419262,35.172864],[-80.430317,35.166164],[-80.435924,35.165043],[-80.440436,35.161076],[-80.447229,35.164796],[-80.459347,35.165077],[-80.463733,35.170372],[-80.46789,35.166799],[-80.469821,35.166925],[-80.476224,35.171801],[-80.477063,35.177519],[-80.48033,35.179822],[-80.482758,35.179947],[-80.485587,35.176519],[-80.489092,35.175512],[-80.493364,35.178856],[-80.50095,35.180578],[-80.505336,35.183412],[-80.504107,35.187486],[-80.505655,35.193751],[-80.499539,35.198065],[-80.494389,35.205622],[-80.483102,35.212841],[-80.484356,35.216368],[-80.295421,35.50292],[-80.182559,35.504151],[-80.179986,35.499899],[-80.178747,35.490936],[-80.176243,35.485428],[-80.165865,35.480223],[-80.161736,35.475208],[-80.149117,35.472612],[-80.139921,35.475055],[-80.12934,35.467148],[-80.118251,35.465261],[-80.109914,35.460982],[-80.108165,35.457203],[-80.108656,35.44509],[-80.097468,35.438094],[-80.097714,35.43391],[-80.100491,35.429903],[-80.095939,35.425417],[-80.090119,35.415552],[-80.093711,35.40203],[-80.087272,35.398876],[-80.083904,35.395094],[-80.075033,35.395072],[-80.066137,35.389514],[-80.062271,35.386134],[-80.057925,35.377688],[-80.051225,35.371537],[-80.054138,35.365959],[-80.065388,35.360474],[-80.066335,35.340647],[-80.081938,35.321457],[-80.079537,35.311103],[-80.080483,35.307623],[-80.090469,35.294267],[-80.093966,35.287087]]]}},{"type":"Feature","properties":{"name":"Greene County","students":259},"geometry":{"type":"Polygon","coordinates":[[[-77.528338,35.414336],[-77.527272,35.412573],[-77.528599,35.40925],[-77.531493,35.407916],[-77.532763,35.404845],[-77.531739,35.401342],[-77.534173,35.398104],[-77.561462,35.387277],[-77.564509,35.387675],[-77.564883,35.383908],[-77.566382,35.382982],[-77.580196,35.379756],[-77.581305,35.377966],[-77.584667,35.3797],[-77.589941,35.373676],[-77.595394,35.375582],[-77.602875,35.374998],[-77.606957,35.379497],[-77.613822,35.377824],[-77.618073,35.372609],[-77.627434,35.366619],[-77.637386,35.354419],[-77.648,35.355317],[-77.653223,35.352492],[-77.659088,35.353941],[-77.674701,35.347568],[-77.681093,35.348357],[-77.686605,35.357234],[-77.690139,35.359689],[-77.690146,35.364283],[-77.694151,35.365577],[-77.697047,35.370907],[-77.696211,35.375351],[-77.697516,35.377097],[-77.777669,35.367664],[-77.806248,35.368754],[-77.802851,35.372878],[-77.799861,35.382282],[-77.803863,35.395295],[-77.804893,35.406202],[-77.812192,35.413024],[-77.818042,35.415474],[-77.821836,35.421199],[-77.826744,35.42409],[-77.822511,35.585383],[-77.815058,35.588281],[-77.806291,35.583436],[-77.753509,35.615957],[-77.700692,35.652295],[-77.689025,35.649594],[-77.680435,35.638716],[-77.682667,35.633729],[-77.681622,35.630762],[-77.673632,35.623241],[-77.662438,35.619252],[-77.628819,35.585973],[-77.621497,35.582132],[-77.61037,35.567552],[-77.601419,35.566879],[-77.591374,35.563197],[-77.581477,35.55364],[-77.570833,35.548842],[-77.566364,35.539874],[-77.557803,35.53191],[-77.541187,35.533059],[-77.534565,35.529548],[-77.530989,35.53038],[-77.530135,35.527991],[-77.525166,35.528337],[-77.525542,35.525208],[-77.523522,35.52596],[-77.52238,35.523815],[-77.525288,35.519663],[-77.522366,35.517765],[-77.518443,35.517259],[-77.517337,35.519],[-77.512916,35.517994],[-77.510398,35.519783],[-77.507307,35.51697],[-77.503408,35.517975],[-77.507117,35.510882],[-77.505806,35.51023],[-77.511321,35.508188],[-77.505896,35.504853],[-77.507031,35.502235],[-77.511618,35.498935],[-77.511587,35.497035],[-77.507148,35.496145],[-77.507063,35.494034],[-77.502022,35.491594],[-77.502476,35.489598],[-77.500866,35.489328],[-77.502732,35.485843],[-77.500752,35.48637],[-77.501092,35.483825],[-77.498761,35.479798],[-77.494116,35.477423],[-77.494303,35.473439],[-77.490318,35.46812],[-77.49346,35.462319],[-77.484122,35.457852],[-77.486322,35.455436],[-77.485406,35.45274],[-77.48048,35.451461],[-77.48205,35.450509],[-77.482199,35.447271],[-77.484351,35.447451],[-77.484401,35.445236],[-77.481941,35.444944],[-77.481647,35.443467],[-77.480044,35.446754],[-77.476683,35.445324],[-77.479563,35.439307],[-77.474412,35.439649],[-77.476698,35.434103],[-77.475515,35.426655],[-77.482682,35.422795],[-77.481212,35.415278],[-77.484241,35.413578],[-77.495653,35.412156],[-77.498965,35.414136],[-77.498606,35.417131],[-77.50438,35.419488],[-77.507409,35.419071],[-77.506516,35.421894],[-77.520566,35.417329],[-77.520623,35.414648],[-77.528338,35.414336]]]}},{"type":"Feature","properties":{"name":"New Hanover County","students":2337},"geometry":{"type":"Polygon","coordinates":[[[-77.753507,34.155469],[-77.774966,34.138665],[-77.785555,34.125171],[-77.800253,34.090712],[-77.830206,34.030283],[-77.842041,34.000173],[-77.840936,34.000173],[-77.855252,33.960095],[-77.862169,33.948609],[-77.863534,33.93467],[-77.884519,33.90367],[-77.886109,33.891195],[-77.894246,33.878655],[-77.895646,33.863908],[-77.89897,33.854639],[-77.898975,33.848528],[-77.895307,33.835305],[-77.896782,33.81971],[-77.893686,33.804702],[-77.897011,33.7868],[-77.948479,33.971274],[-77.940777,33.983596],[-77.938846,33.996589],[-77.935755,34.004968],[-77.931603,34.036381],[-77.931103,34.058884],[-77.936914,34.122822],[-77.952206,34.150347],[-77.95861,34.17377],[-77.956608,34.192488],[-77.957279,34.197291],[-77.961304,34.204869],[-77.956605,34.234491],[-77.963798,34.241682],[-77.968491,34.242308],[-77.969491,34.244011],[-77.964996,34.249221],[-77.967797,34.252127],[-77.969998,34.25163],[-77.9731,34.247237],[-77.975207,34.249359],[-77.978808,34.260058],[-77.987712,34.260069],[-77.988912,34.262269],[-77.987512,34.268269],[-77.991012,34.270669],[-78.000812,34.271569],[-78.002012,34.273069],[-77.999312,34.276169],[-77.991412,34.278069],[-77.990212,34.281669],[-77.996512,34.284369],[-78.00481,34.28047],[-78.005912,34.281769],[-78.004612,34.286769],[-78.005912,34.288869],[-78.007813,34.290169],[-78.015913,34.290269],[-78.017113,34.292769],[-78.014213,34.302568],[-78.014813,34.307468],[-78.012993,34.312568],[-78.007265,34.315624],[-78.006241,34.319512],[-78.008657,34.322552],[-78.012721,34.323176],[-78.022913,34.318008],[-78.026033,34.317992],[-78.027521,34.320152],[-78.025697,34.327736],[-78.029922,34.331768],[-77.993202,34.336828],[-77.99413,34.342635],[-77.987689,34.351892],[-77.978035,34.356952],[-77.980437,34.361065],[-77.9881,34.363881],[-77.987666,34.371144],[-77.983922,34.37308],[-77.975553,34.372344],[-77.962194,34.382855],[-77.958828,34.380367],[-77.961663,34.373432],[-77.959311,34.369864],[-77.951038,34.364504],[-77.94907,34.371496],[-77.939902,34.369832],[-77.940894,34.36268],[-77.93499,34.358024],[-77.93323,34.359272],[-77.935102,34.364392],[-77.934078,34.367016],[-77.931001,34.367728],[-77.931819,34.361725],[-77.928781,34.361544],[-77.916514,34.375868],[-77.90722,34.375252],[-77.900605,34.377955],[-77.899391,34.366383],[-77.896749,34.364043],[-77.89174,34.36372],[-77.881142,34.365656],[-77.871466,34.373332],[-77.858642,34.379695],[-77.843805,34.380861],[-77.822995,34.389359],[-77.820827,34.384935],[-77.818144,34.38552],[-77.816693,34.382273],[-77.810454,34.381926],[-77.804592,34.375744],[-77.80527,34.373972],[-77.807865,34.373567],[-77.809858,34.368788],[-77.815077,34.367246],[-77.812095,34.3652],[-77.814284,34.362846],[-77.812663,34.359005],[-77.751972,34.30333],[-77.748101,34.303563],[-77.744839,34.301018],[-77.740583,34.30129],[-77.741555,34.295799],[-77.739198,34.292752],[-77.733276,34.294495],[-77.725148,34.292775],[-77.71519,34.299181],[-77.710488,34.297958],[-77.714691,34.291531],[-77.675276,34.25313],[-77.691093,34.245744],[-77.700826,34.235999],[-77.709288,34.221813],[-77.722953,34.209997],[-77.730756,34.189788],[-77.739828,34.180542],[-77.74742,34.175594],[-77.747121,34.171021],[-77.749702,34.161214],[-77.753507,34.155469]]]}},{"type":"Feature","properties":{"name":"Pitt County","students":2393},"geometry":{"type":"Polygon","coordinates":[[[-77.700661,35.652316],[-77.670255,35.672203],[-77.562879,35.735922],[-77.516261,35.761334],[-77.472286,35.801095],[-77.452289,35.7999],[-77.448912,35.806827],[-77.445338,35.808906],[-77.429228,35.805248],[-77.424701,35.805662],[-77.417903,35.811207],[-77.414049,35.817716],[-77.413992,35.823041],[-77.412495,35.825098],[-77.409614,35.826404],[-77.397113,35.825192],[-77.391308,35.8293],[-77.390154,35.833062],[-77.2552,35.786352],[-77.255279,35.783014],[-77.26482,35.774377],[-77.264574,35.771476],[-77.259792,35.765222],[-77.255625,35.765386],[-77.252076,35.762237],[-77.245984,35.760506],[-77.239482,35.762078],[-77.222788,35.758709],[-77.215465,35.759948],[-77.201397,35.752215],[-77.201148,35.75078],[-77.203816,35.748883],[-77.202397,35.746354],[-77.192146,35.747038],[-77.191595,35.744052],[-77.184474,35.74071],[-77.182333,35.741919],[-77.178715,35.739394],[-77.173898,35.733936],[-77.174589,35.726095],[-77.17115,35.722594],[-77.170785,35.716463],[-77.182844,35.718535],[-77.18495,35.720478],[-77.187717,35.714647],[-77.187174,35.712251],[-77.193806,35.70963],[-77.194645,35.703627],[-77.1935,35.70152],[-77.195772,35.699779],[-77.192927,35.694112],[-77.190191,35.693338],[-77.187847,35.695352],[-77.181082,35.693092],[-77.179668,35.685075],[-77.177237,35.684203],[-77.175321,35.687306],[-77.169911,35.684559],[-77.169426,35.67855],[-77.172455,35.677444],[-77.166983,35.672305],[-77.168188,35.67022],[-77.172008,35.668976],[-77.177453,35.669366],[-77.180691,35.664947],[-77.174673,35.658718],[-77.172753,35.644163],[-77.174154,35.635592],[-77.167933,35.631045],[-77.164983,35.630946],[-77.162539,35.633203],[-77.161585,35.629125],[-77.159255,35.629743],[-77.157264,35.62659],[-77.152015,35.626199],[-77.1481,35.620235],[-77.143553,35.620505],[-77.14239,35.61788],[-77.14454,35.616096],[-77.143646,35.615099],[-77.145742,35.608829],[-77.1402,35.605668],[-77.142369,35.60375],[-77.147086,35.605226],[-77.146357,35.604215],[-77.1483,35.60461],[-77.150686,35.602429],[-77.144056,35.60162],[-77.144413,35.599383],[-77.143125,35.598815],[-77.139002,35.602174],[-77.134656,35.596157],[-77.131735,35.596372],[-77.130081,35.594645],[-77.129202,35.596083],[-77.1285,35.59389],[-77.126996,35.594508],[-77.126956,35.597263],[-77.124644,35.596862],[-77.121855,35.592042],[-77.123816,35.591995],[-77.1233,35.586528],[-77.123982,35.585519],[-77.125414,35.586644],[-77.125507,35.584659],[-77.118047,35.583217],[-77.118197,35.586808],[-77.114069,35.588442],[-77.117208,35.581387],[-77.114275,35.58034],[-77.109897,35.583123],[-77.106676,35.5814],[-77.1096,35.575714],[-77.111883,35.574822],[-77.110453,35.56963],[-77.108824,35.569242],[-77.107321,35.57125],[-77.101722,35.570119],[-77.102347,35.568658],[-77.100518,35.567664],[-77.101636,35.566331],[-77.097151,35.56468],[-77.090692,35.569332],[-77.086549,35.562834],[-77.089692,35.560469],[-77.089233,35.558578],[-77.087483,35.558502],[-77.088814,35.554417],[-77.084644,35.552551],[-77.113178,35.549738],[-77.12709,35.554081],[-77.17621,35.5191],[-77.17817,35.50768],[-77.176543,35.501339],[-77.167067,35.496923],[-77.173818,35.484966],[-77.173841,35.456596],[-77.180799,35.455104],[-77.182254,35.448173],[-77.179971,35.444152],[-77.181368,35.440691],[-77.19123,35.435026],[-77.189189,35.426186],[-77.190528,35.4192],[-77.189261,35.416594],[-77.192849,35.413767],[-77.19665,35.404748],[-77.201559,35.398664],[-77.211216,35.398184],[-77.220055,35.402041],[-77.221912,35.400327],[-77.227127,35.399845],[-77.228509,35.395258],[-77.227106,35.393203],[-77.234598,35.391092],[-77.236487,35.388854],[-77.237256,35.383401],[-77.239649,35.381361],[-77.238123,35.380079],[-77.238467,35.375555],[-77.23681,35.371787],[-77.239352,35.366389],[-77.237944,35.361542],[-77.247668,35.354497],[-77.260548,35.351743],[-77.267179,35.354308],[-77.270122,35.359428],[-77.2679,35.365996],[-77.269292,35.369153],[-77.27938,35.37566],[-77.29434,35.379137],[-77.35038,35.328431],[-77.353193,35.327397],[-77.36476,35.333029],[-77.382577,35.334348],[-77.391026,35.339533],[-77.391667,35.345386],[-77.393142,35.346855],[-77.401314,35.348091],[-77.408074,35.353347],[-77.413255,35.351703],[-77.418839,35.352574],[-77.42082,35.351507],[-77.421252,35.348881],[-77.425682,35.34924],[-77.427084,35.350758],[-77.42714,35.359896],[-77.431774,35.367273],[-77.440407,35.367024],[-77.448165,35.371541],[-77.448799,35.374551],[-77.445094,35.380494],[-77.449793,35.381048],[-77.455032,35.385533],[-77.449428,35.389313],[-77.450415,35.391598],[-77.448569,35.392893],[-77.451718,35.392089],[-77.451592,35.394262],[-77.455571,35.392722],[-77.458214,35.394138],[-77.456112,35.395563],[-77.462966,35.398859],[-77.463179,35.400284],[-77.460786,35.400647],[-77.463261,35.401176],[-77.464925,35.402747],[-77.463652,35.404361],[-77.470503,35.409357],[-77.471267,35.416803],[-77.470033,35.420835],[-77.47298,35.425999],[-77.475862,35.426972],[-77.476902,35.430622],[-77.474412,35.439649],[-77.479563,35.439307],[-77.476683,35.445324],[-77.480044,35.446754],[-77.481647,35.443467],[-77.481941,35.444944],[-77.484401,35.445236],[-77.484351,35.447451],[-77.482199,35.447271],[-77.48205,35.450509],[-77.48048,35.451461],[-77.485406,35.45274],[-77.486322,35.455436],[-77.484122,35.457852],[-77.49346,35.462319],[-77.490318,35.46812],[-77.494303,35.473439],[-77.494116,35.477423],[-77.498761,35.479798],[-77.501092,35.483825],[-77.500752,35.48637],[-77.502732,35.485843],[-77.500866,35.489328],[-77.502476,35.489598],[-77.502022,35.491594],[-77.507063,35.494034],[-77.507148,35.496145],[-77.511587,35.497035],[-77.511618,35.498935],[-77.507031,35.502235],[-77.505896,35.504853],[-77.511321,35.508188],[-77.505806,35.51023],[-77.507117,35.510882],[-77.503408,35.517975],[-77.507307,35.51697],[-77.510398,35.519783],[-77.512916,35.517994],[-77.517337,35.519],[-77.518443,35.517259],[-77.522366,35.517765],[-77.525288,35.519663],[-77.52238,35.523815],[-77.523522,35.52596],[-77.525542,35.525208],[-77.525166,35.528337],[-77.530135,35.527991],[-77.530989,35.53038],[-77.534565,35.529548],[-77.541187,35.533059],[-77.557803,35.53191],[-77.566364,35.539874],[-77.570833,35.548842],[-77.581477,35.55364],[-77.591374,35.563197],[-77.601419,35.566879],[-77.61037,35.567552],[-77.621497,35.582132],[-77.628819,35.585973],[-77.662438,35.619252],[-77.673632,35.623241],[-77.681622,35.630762],[-77.682667,35.633729],[-77.680435,35.638716],[-77.68828,35.648945],[-77.694808,35.651838],[-77.700661,35.652316]]]}},{"type":"Feature","properties":{"name":"Pender County","students":624},"geometry":{"type":"Polygon","coordinates":[[[-77.618679,34.587087],[-77.57656,34.482766],[-77.577348,34.4815],[-77.576235,34.481953],[-77.574924,34.478681],[-77.576101,34.476475],[-77.572366,34.476991],[-77.571756,34.472525],[-77.567522,34.469805],[-77.562845,34.469481],[-77.561538,34.471258],[-77.558337,34.469375],[-77.553361,34.471516],[-77.548659,34.466953],[-77.545875,34.466735],[-77.545517,34.464804],[-77.54352,34.465247],[-77.543974,34.463255],[-77.54098,34.464846],[-77.541505,34.463216],[-77.539101,34.46303],[-77.537238,34.459213],[-77.53217,34.457253],[-77.484538,34.399705],[-77.516162,34.382443],[-77.556732,34.353651],[-77.594875,34.323737],[-77.608589,34.310136],[-77.623579,34.303162],[-77.655829,34.273999],[-77.66319,34.263481],[-77.675276,34.25313],[-77.714691,34.291531],[-77.710488,34.297958],[-77.71519,34.299181],[-77.725148,34.292775],[-77.733276,34.294495],[-77.739198,34.292752],[-77.741555,34.295799],[-77.740583,34.30129],[-77.744839,34.301018],[-77.748101,34.303563],[-77.751972,34.30333],[-77.812663,34.359005],[-77.814284,34.362846],[-77.812095,34.3652],[-77.815114,34.367169],[-77.809858,34.368788],[-77.807865,34.373567],[-77.805109,34.37412],[-77.804729,34.376784],[-77.810506,34.381958],[-77.814836,34.381549],[-77.818629,34.385817],[-77.820827,34.384935],[-77.822995,34.389359],[-77.843805,34.380861],[-77.858642,34.379695],[-77.871466,34.373332],[-77.8799,34.366282],[-77.88704,34.364243],[-77.895774,34.363813],[-77.898474,34.365244],[-77.899965,34.367758],[-77.899353,34.375168],[-77.900605,34.377955],[-77.90722,34.375252],[-77.917079,34.375726],[-77.922333,34.367672],[-77.928781,34.361544],[-77.931819,34.361725],[-77.931001,34.367728],[-77.934078,34.367016],[-77.935102,34.364392],[-77.93323,34.359272],[-77.93499,34.358024],[-77.940894,34.36268],[-77.939902,34.369832],[-77.94907,34.371496],[-77.951038,34.364504],[-77.959311,34.369864],[-77.961663,34.373432],[-77.958828,34.380367],[-77.962194,34.382855],[-77.975553,34.372344],[-77.983922,34.37308],[-77.987666,34.371144],[-77.9881,34.363881],[-77.980437,34.361065],[-77.978035,34.356952],[-77.987689,34.351892],[-77.99413,34.342635],[-77.993202,34.336828],[-78.03074,34.331755],[-78.033893,34.330149],[-78.038199,34.332428],[-78.043309,34.330309],[-78.047258,34.330743],[-78.047966,34.336131],[-78.053969,34.335585],[-78.052294,34.339484],[-78.059061,34.345149],[-78.059735,34.337563],[-78.078334,34.338859],[-78.074609,34.347206],[-78.079702,34.351976],[-78.079126,34.354165],[-78.086098,34.351385],[-78.092806,34.352382],[-78.094768,34.355986],[-78.103423,34.355224],[-78.106794,34.358106],[-78.113041,34.36021],[-78.113389,34.364449],[-78.117371,34.364599],[-78.122083,34.368376],[-78.131982,34.366663],[-78.13673,34.371813],[-78.140735,34.369146],[-78.140059,34.365131],[-78.143074,34.364483],[-78.148448,34.367007],[-78.153481,34.365587],[-78.158542,34.357458],[-78.169189,34.357043],[-78.174692,34.351246],[-78.179273,34.355278],[-78.192888,34.352675],[-78.202532,34.353306],[-78.210194,34.35796],[-78.21175,34.362604],[-78.210595,34.368795],[-78.22478,34.373503],[-78.228797,34.378928],[-78.232677,34.373971],[-78.235156,34.374228],[-78.23671,34.380448],[-78.2456,34.385087],[-78.245,34.389923],[-78.246616,34.393313],[-78.252631,34.391208],[-78.256085,34.399469],[-78.176501,34.465356],[-78.180019,34.465786],[-78.182161,34.469841],[-78.18508,34.467808],[-78.189756,34.46926],[-78.189315,34.471704],[-78.191156,34.473412],[-78.203515,34.475991],[-78.206542,34.480492],[-78.205383,34.482587],[-78.208656,34.486501],[-78.207345,34.487701],[-78.212077,34.486063],[-78.212834,34.48876],[-78.217197,34.487357],[-78.222319,34.493183],[-78.224094,34.492873],[-78.223674,34.490567],[-78.235621,34.492529],[-78.237218,34.49626],[-78.241744,34.500187],[-78.245575,34.499871],[-78.252376,34.504657],[-78.25209,34.506215],[-78.255473,34.508762],[-78.254297,34.51163],[-78.252075,34.509953],[-78.251358,34.511186],[-78.252696,34.513497],[-78.255644,34.513426],[-78.256568,34.516663],[-78.254128,34.520055],[-78.264339,34.519842],[-78.263082,34.524891],[-78.265632,34.526825],[-78.262955,34.528785],[-78.270314,34.53225],[-78.269975,34.53566],[-78.272536,34.537978],[-78.262597,34.543965],[-78.257506,34.549061],[-78.15652,34.67907],[-78.113472,34.707219],[-78.114007,34.721795],[-78.102002,34.725605],[-78.094097,34.724014],[-78.087133,34.726069],[-78.081567,34.722579],[-78.066197,34.727867],[-78.056325,34.72702],[-78.052001,34.725121],[-78.040611,34.727616],[-78.039227,34.726143],[-78.036713,34.7274],[-78.036017,34.725806],[-78.032436,34.727547],[-78.029696,34.724756],[-78.028823,34.726778],[-78.025251,34.72632],[-78.023519,34.730445],[-78.016073,34.732556],[-78.014139,34.731193],[-78.012681,34.73263],[-78.009448,34.731448],[-78.010476,34.729801],[-78.007548,34.728665],[-78.007962,34.726255],[-78.002632,34.726108],[-78.003062,34.724027],[-77.997909,34.721758],[-77.994469,34.717126],[-77.991947,34.71598],[-77.987273,34.717459],[-77.984764,34.714896],[-77.981592,34.715927],[-77.980983,34.713891],[-77.978672,34.715093],[-77.979397,34.716933],[-77.97462,34.714586],[-77.973214,34.71772],[-77.975434,34.718464],[-77.974054,34.719142],[-77.970246,34.71945],[-77.970055,34.717735],[-77.961536,34.719957],[-77.958813,34.715863],[-77.956083,34.716453],[-77.956011,34.715145],[-77.951995,34.714718],[-77.951607,34.717861],[-77.9397,34.720058],[-77.940935,34.721025],[-77.938446,34.723386],[-77.937578,34.720231],[-77.935394,34.720746],[-77.935913,34.722404],[-77.930558,34.722992],[-77.921538,34.719746],[-77.680127,34.720595],[-77.618679,34.587087]]]}},{"type":"Feature","properties":{"name":"Union County","students":3643},"geometry":{"type":"Polygon","coordinates":[[[-80.276829,35.195722],[-80.320828,34.813906],[-80.797484,34.819803],[-80.781921,34.935848],[-80.840278,35.001692],[-80.838018,35.005027],[-80.825059,35.011972],[-80.82101,35.017326],[-80.81161,35.020928],[-80.804506,35.027749],[-80.769933,35.034531],[-80.700995,35.087602],[-80.550349,35.208412],[-80.504985,35.184998],[-80.503581,35.181741],[-80.493364,35.178856],[-80.489658,35.175683],[-80.485791,35.17638],[-80.48266,35.179983],[-80.478975,35.179314],[-80.476782,35.176823],[-80.476634,35.172312],[-80.469821,35.166925],[-80.46789,35.166799],[-80.463733,35.170372],[-80.459347,35.165077],[-80.447229,35.164796],[-80.44008,35.16104],[-80.435924,35.165043],[-80.430317,35.166164],[-80.419435,35.172848],[-80.417047,35.1716],[-80.415744,35.166492],[-80.412187,35.163371],[-80.408556,35.163747],[-80.402909,35.167293],[-80.397781,35.165452],[-80.388328,35.165862],[-80.379593,35.172784],[-80.376772,35.177507],[-80.370122,35.179786],[-80.366011,35.17574],[-80.364483,35.170607],[-80.356982,35.16494],[-80.354168,35.165786],[-80.351551,35.169286],[-80.346106,35.169117],[-80.339895,35.174302],[-80.334895,35.17371],[-80.328245,35.176664],[-80.321471,35.17312],[-80.320931,35.178725],[-80.305352,35.181921],[-80.303884,35.188045],[-80.295747,35.194053],[-80.292476,35.194122],[-80.287094,35.191427],[-80.28385,35.192503],[-80.281634,35.19576],[-80.276829,35.195722]]]}},{"type":"Feature","properties":{"name":"Mitchell County","students":126},"geometry":{"type":"Polygon","coordinates":[[[-82.416738,36.072827],[-82.409798,36.083019],[-82.402525,36.089145],[-82.397955,36.090407],[-82.389218,36.097097],[-82.380475,36.099347],[-82.378726,36.103253],[-82.374858,36.106054],[-82.364541,36.107516],[-82.355361,36.115373],[-82.350203,36.117036],[-82.347445,36.115138],[-82.336139,36.114673],[-82.331806,36.117452],[-82.323194,36.120241],[-82.320354,36.119801],[-82.302481,36.131465],[-82.28982,36.135596],[-82.280012,36.129094],[-82.273448,36.129317],[-82.266777,36.127001],[-82.263925,36.127297],[-82.260304,36.133533],[-82.254328,36.136058],[-82.251072,36.132051],[-82.245097,36.131249],[-82.241883,36.137125],[-82.229537,36.144588],[-82.224275,36.150838],[-82.221893,36.157026],[-82.213207,36.159057],[-82.204105,36.157252],[-82.192943,36.149109],[-82.187469,36.150935],[-82.183626,36.143911],[-82.177217,36.142373],[-82.172934,36.1465],[-82.168509,36.146714],[-82.16565,36.144972],[-82.148581,36.149859],[-82.144368,36.144138],[-82.144452,36.140406],[-82.141045,36.138779],[-82.136987,36.129039],[-82.137856,36.11951],[-82.130225,36.104559],[-82.116352,36.104301],[-82.105418,36.107837],[-82.10031,36.105671],[-82.086813,36.106054],[-82.081079,36.10317],[-82.080703,36.099986],[-82.075851,36.095825],[-82.076845,36.085073],[-82.07173,36.080399],[-82.069491,36.075951],[-82.071926,36.069673],[-82.039175,36.007774],[-82.043024,36.006042],[-82.049135,36.008163],[-82.048853,36.001674],[-82.055113,35.999476],[-82.059039,35.991001],[-82.058764,35.98716],[-82.048629,35.964458],[-82.034104,35.942057],[-81.981954,35.911361],[-81.979036,35.901447],[-81.980995,35.88958],[-81.980215,35.884849],[-81.989667,35.880227],[-81.99149,35.876158],[-81.999409,35.874007],[-82.003385,35.875769],[-82.00316,35.87828],[-82.007539,35.8827],[-82.013607,35.885218],[-82.022159,35.885104],[-82.028529,35.879323],[-82.027303,35.87769],[-82.029565,35.867878],[-82.033219,35.864955],[-82.033962,35.86219],[-82.037258,35.858784],[-82.048039,35.853229],[-82.059296,35.851115],[-82.063357,35.851937],[-82.071572,35.85037],[-82.074677,35.848259],[-82.089589,35.850987],[-82.092174,35.849184],[-82.098251,35.852133],[-82.099871,35.851001],[-82.101808,35.840826],[-82.109828,35.835023],[-82.117246,35.832593],[-82.121194,35.824617],[-82.130112,35.825251],[-82.133484,35.823309],[-82.148317,35.822728],[-82.147332,35.824514],[-82.144972,35.823816],[-82.143607,35.826883],[-82.14674,35.837276],[-82.15008,35.841656],[-82.146462,35.841639],[-82.143775,35.843859],[-82.141379,35.841913],[-82.138597,35.845908],[-82.142732,35.848826],[-82.142824,35.855184],[-82.141169,35.857861],[-82.14627,35.863599],[-82.144777,35.88032],[-82.146944,35.882711],[-82.146493,35.889083],[-82.149939,35.891191],[-82.1447,35.896522],[-82.146521,35.897214],[-82.146904,35.906187],[-82.144523,35.904036],[-82.142693,35.90839],[-82.144638,35.913586],[-82.147151,35.911603],[-82.149822,35.913616],[-82.150102,35.916546],[-82.151798,35.914665],[-82.154897,35.914857],[-82.153405,35.918122],[-82.155027,35.921063],[-82.150245,35.924383],[-82.152698,35.928457],[-82.145202,35.931443],[-82.154768,35.933642],[-82.160378,35.930421],[-82.166595,35.93453],[-82.168426,35.932676],[-82.16771,35.929282],[-82.169724,35.928617],[-82.177213,35.935639],[-82.183523,35.937556],[-82.184213,35.942397],[-82.191564,35.947064],[-82.193723,35.950895],[-82.197665,35.952207],[-82.194109,35.955626],[-82.192751,35.959483],[-82.187264,35.958104],[-82.185918,35.960147],[-82.194043,35.967267],[-82.191311,35.970306],[-82.191233,35.9815],[-82.192723,35.98402],[-82.191339,35.985987],[-82.191705,35.990636],[-82.197404,35.992217],[-82.197945,35.995476],[-82.204197,36.003923],[-82.203834,36.005939],[-82.20041,36.006107],[-82.196397,36.000513],[-82.193563,36.001069],[-82.19439,36.010549],[-82.197574,36.015107],[-82.199682,36.015941],[-82.205601,36.01411],[-82.209224,36.016497],[-82.214192,36.01706],[-82.22778,36.012889],[-82.233302,36.013535],[-82.237587,36.009387],[-82.237177,36.004739],[-82.252115,36.008683],[-82.253966,36.005321],[-82.249179,35.991034],[-82.25144,35.988933],[-82.257793,35.992668],[-82.262663,35.999752],[-82.273485,36.003103],[-82.272897,36.010769],[-82.267941,36.014384],[-82.26807,36.016625],[-82.281065,36.026031],[-82.290859,36.029383],[-82.298737,36.039397],[-82.299674,36.045684],[-82.301867,36.045245],[-82.304921,36.041047],[-82.30993,36.040145],[-82.312262,36.03762],[-82.313312,36.034673],[-82.31143,36.027748],[-82.312435,36.026104],[-82.319594,36.025417],[-82.323631,36.029188],[-82.338201,36.030088],[-82.339947,36.035406],[-82.336155,36.044763],[-82.336985,36.055056],[-82.340732,36.065558],[-82.344153,36.069861],[-82.34529,36.076459],[-82.348478,36.078456],[-82.351958,36.084519],[-82.356497,36.082903],[-82.359324,36.078467],[-82.371278,36.07616],[-82.376574,36.070855],[-82.380081,36.07074],[-82.385695,36.076363],[-82.39866,36.081911],[-82.401465,36.081088],[-82.402664,36.078754],[-82.399072,36.073087],[-82.400082,36.071236],[-82.416738,36.072827]]]}},{"type":"Feature","properties":{"name":"Onslow County","students":2330},"geometry":{"type":"Polygon","coordinates":[[[-77.295077,34.488968],[-77.341271,34.471663],[-77.418832,34.435923],[-77.484538,34.399705],[-77.53217,34.457253],[-77.537238,34.459213],[-77.539101,34.46303],[-77.541505,34.463216],[-77.54098,34.464846],[-77.543974,34.463255],[-77.54352,34.465247],[-77.545517,34.464804],[-77.545875,34.466735],[-77.548659,34.466953],[-77.553361,34.471516],[-77.558337,34.469375],[-77.561538,34.471258],[-77.562845,34.469481],[-77.567522,34.469805],[-77.571756,34.472525],[-77.572366,34.476991],[-77.576101,34.476475],[-77.574924,34.478681],[-77.576235,34.481953],[-77.577348,34.4815],[-77.57656,34.482766],[-77.61512,34.579057],[-77.680127,34.720595],[-77.678882,34.78455],[-77.67705,34.799625],[-77.66606,34.839651],[-77.651045,34.923341],[-77.653352,34.940535],[-77.680081,34.971141],[-77.638967,34.98446],[-77.502771,34.969635],[-77.366768,34.90865],[-77.365347,34.92316],[-77.36314,34.925825],[-77.360352,34.925904],[-77.356826,34.929234],[-77.343191,34.93131],[-77.341738,34.934477],[-77.331997,34.939083],[-77.32816,34.938464],[-77.322649,34.93476],[-77.318961,34.934863],[-77.31702,34.932276],[-77.313444,34.932644],[-77.310936,34.935369],[-77.311556,34.93644],[-77.308893,34.937572],[-77.304304,34.934275],[-77.297888,34.933863],[-77.294638,34.930467],[-77.285157,34.931256],[-77.283297,34.927806],[-77.267647,34.92579],[-77.267168,34.923191],[-77.264123,34.921005],[-77.264616,34.91913],[-77.262229,34.918793],[-77.259718,34.91487],[-77.259804,34.909292],[-77.258139,34.908521],[-77.253215,34.91071],[-77.249999,34.909095],[-77.251477,34.908242],[-77.250647,34.90668],[-77.252217,34.903093],[-77.250509,34.903323],[-77.24982,34.900889],[-77.240155,34.8989],[-77.237357,34.899962],[-77.238771,34.893576],[-77.234307,34.891496],[-77.23334,34.893876],[-77.231874,34.892914],[-77.234112,34.886121],[-77.231133,34.885208],[-77.222003,34.886997],[-77.22083,34.884589],[-77.222849,34.883439],[-77.22243,34.882058],[-77.215884,34.873328],[-77.219577,34.870279],[-77.212848,34.86247],[-77.213031,34.860389],[-77.209964,34.858747],[-77.212203,34.853278],[-77.205918,34.847517],[-77.204584,34.847837],[-77.205026,34.845986],[-77.202711,34.845297],[-77.20344,34.842657],[-77.200854,34.842008],[-77.201533,34.838051],[-77.203273,34.83703],[-77.201384,34.836374],[-77.201752,34.834322],[-77.197262,34.832598],[-77.19628,34.83417],[-77.193296,34.831945],[-77.190808,34.83237],[-77.191707,34.833796],[-77.188683,34.833341],[-77.185444,34.835019],[-77.184954,34.836581],[-77.181253,34.836211],[-77.179515,34.829497],[-77.184304,34.826342],[-77.186364,34.819467],[-77.192211,34.817183],[-77.195779,34.817611],[-77.193117,34.814423],[-77.196059,34.809671],[-77.193104,34.806871],[-77.189223,34.806325],[-77.190507,34.802263],[-77.175415,34.79628],[-77.175818,34.791969],[-77.170866,34.790412],[-77.175221,34.787452],[-77.174044,34.785742],[-77.170188,34.785073],[-77.17309,34.782362],[-77.172743,34.780612],[-77.169371,34.780727],[-77.166523,34.78527],[-77.165253,34.784076],[-77.16654,34.780549],[-77.165488,34.779208],[-77.16323,34.779218],[-77.160301,34.781944],[-77.15741,34.780827],[-77.160334,34.776383],[-77.159909,34.774081],[-77.157585,34.773569],[-77.155053,34.776706],[-77.153502,34.776491],[-77.15313,34.77314],[-77.15068,34.770781],[-77.158419,34.769478],[-77.157914,34.766036],[-77.155024,34.765634],[-77.149017,34.768506],[-77.143363,34.765789],[-77.141686,34.759704],[-77.139333,34.760105],[-77.135751,34.764609],[-77.131267,34.758918],[-77.125646,34.756707],[-77.125766,34.748269],[-77.121798,34.731534],[-77.109153,34.717874],[-77.105995,34.710328],[-77.105153,34.694712],[-77.108561,34.687346],[-77.113382,34.68291],[-77.113529,34.680541],[-77.107899,34.675939],[-77.096073,34.67124],[-77.101747,34.661921],[-77.11316,34.651027],[-77.111844,34.646595],[-77.10838,34.643058],[-77.108032,34.63974],[-77.11293,34.638544],[-77.117198,34.584367],[-77.122999,34.584375],[-77.160576,34.569026],[-77.201502,34.549216],[-77.219176,34.53966],[-77.260244,34.511018],[-77.295077,34.488968]]]}},{"type":"Feature","properties":{"name":"Edgecombe County","students":259},"geometry":{"type":"Polygon","coordinates":[[[-77.580911,35.725188],[-77.665131,35.674935],[-77.674837,35.689104],[-77.718436,35.728823],[-77.750406,35.817831],[-77.74943,35.82106],[-77.751339,35.827794],[-77.806296,35.85732],[-77.821513,35.861699],[-77.828444,35.867208],[-77.819578,35.884063],[-77.778547,35.982511],[-77.770972,36.008503],[-77.741924,36.06112],[-77.707719,36.113684],[-77.705532,36.121002],[-77.703642,36.144903],[-77.697956,36.15315],[-77.69177,36.15094],[-77.686524,36.153149],[-77.682723,36.151456],[-77.682951,36.153403],[-77.678131,36.154232],[-77.678937,36.150723],[-77.671997,36.148175],[-77.67681,36.143983],[-77.671696,36.143041],[-77.672248,36.141067],[-77.668396,36.139469],[-77.670521,36.139117],[-77.669843,36.137065],[-77.668087,36.137759],[-77.667333,36.136471],[-77.665741,36.138797],[-77.663317,36.136028],[-77.661618,36.138358],[-77.659398,36.136793],[-77.655636,36.13899],[-77.655565,36.13709],[-77.652578,36.137876],[-77.651095,36.135275],[-77.650067,36.138089],[-77.648493,36.136953],[-77.643833,36.138052],[-77.64344,36.135465],[-77.64086,36.133231],[-77.636371,36.131774],[-77.635415,36.129306],[-77.636605,36.127764],[-77.63459,36.127001],[-77.633551,36.12844],[-77.631837,36.12701],[-77.632082,36.124564],[-77.630276,36.123825],[-77.631613,36.122785],[-77.629469,36.121935],[-77.631376,36.118974],[-77.628077,36.119595],[-77.630141,36.115427],[-77.627171,36.115019],[-77.628145,36.113692],[-77.626531,36.111437],[-77.6253,36.115194],[-77.624489,36.111776],[-77.622426,36.110763],[-77.620719,36.112179],[-77.619636,36.110548],[-77.614775,36.109432],[-77.610747,36.110094],[-77.610971,36.111249],[-77.608561,36.110552],[-77.61014,36.107657],[-77.6056,36.11041],[-77.604948,36.107467],[-77.600475,36.106333],[-77.599805,36.104197],[-77.595735,36.102481],[-77.596163,36.100819],[-77.594292,36.101257],[-77.593741,36.104449],[-77.59232,36.101958],[-77.590379,36.102223],[-77.5899,36.103887],[-77.58737,36.101767],[-77.586773,36.103389],[-77.584775,36.102941],[-77.585876,36.100227],[-77.583379,36.101679],[-77.581778,36.099455],[-77.579291,36.100827],[-77.579329,36.097917],[-77.576971,36.097705],[-77.57643,36.099741],[-77.574508,36.099854],[-77.574877,36.098259],[-77.570009,36.096909],[-77.569733,36.098557],[-77.563068,36.097371],[-77.560305,36.094466],[-77.557482,36.095447],[-77.557737,36.097433],[-77.553585,36.097975],[-77.553432,36.1001],[-77.541844,36.095294],[-77.540781,36.096178],[-77.538312,36.09402],[-77.538546,36.091088],[-77.535708,36.092115],[-77.533161,36.090659],[-77.534232,36.087181],[-77.531491,36.08377],[-77.532853,36.081259],[-77.534924,36.081478],[-77.533631,36.080183],[-77.535921,36.080341],[-77.534391,36.078945],[-77.535687,36.077891],[-77.532907,36.077242],[-77.532482,36.07539],[-77.530793,36.076115],[-77.532604,36.074177],[-77.530455,36.07279],[-77.528011,36.073409],[-77.525435,36.06923],[-77.529523,36.068856],[-77.536062,36.063307],[-77.538946,36.0648],[-77.540129,36.061073],[-77.535438,36.054811],[-77.532404,36.056135],[-77.531398,36.053304],[-77.533567,36.052439],[-77.531444,36.049725],[-77.529482,36.050494],[-77.529159,36.047379],[-77.526616,36.046506],[-77.525628,36.047818],[-77.52262,36.045093],[-77.524135,36.044127],[-77.524562,36.039996],[-77.528707,36.040712],[-77.529304,36.039421],[-77.526673,36.039201],[-77.52666,36.037574],[-77.522373,36.03881],[-77.517646,36.036775],[-77.474851,36.037775],[-77.467385,36.031622],[-77.45408,36.029622],[-77.439301,36.021212],[-77.437984,36.018511],[-77.441638,36.014683],[-77.435177,36.013183],[-77.427962,36.005291],[-77.421138,36.003609],[-77.408538,36.006995],[-77.402614,36.004966],[-77.4092,35.998688],[-77.342418,35.905262],[-77.344415,35.875328],[-77.349433,35.867414],[-77.350369,35.819228],[-77.390154,35.833062],[-77.391308,35.8293],[-77.397113,35.825192],[-77.409614,35.826404],[-77.412495,35.825098],[-77.413992,35.823041],[-77.414049,35.817716],[-77.417903,35.811207],[-77.424701,35.805662],[-77.429228,35.805248],[-77.445338,35.808906],[-77.448912,35.806827],[-77.452289,35.7999],[-77.472286,35.801095],[-77.516261,35.761334],[-77.580911,35.725188]]]}},{"type":"Feature","properties":{"name":"Mecklenburg County","students":11391},"geometry":{"type":"Polygon","coordinates":[[[-80.74211,35.055679],[-80.77248,35.033157],[-80.782224,35.033072],[-80.804506,35.027749],[-80.81161,35.020928],[-80.82101,35.017326],[-80.825059,35.011972],[-80.838018,35.005027],[-80.840278,35.001692],[-80.88529,35.053957],[-80.934739,35.107318],[-81.041496,35.044713],[-81.050923,35.056709],[-81.057672,35.061867],[-81.056984,35.086446],[-81.05155,35.096981],[-81.047044,35.100337],[-81.036069,35.103151],[-81.032367,35.109619],[-81.032792,35.113788],[-81.038765,35.125449],[-81.052029,35.132833],[-81.047581,35.145196],[-81.043586,35.148006],[-81.024721,35.148877],[-81.017112,35.154318],[-81.009804,35.153028],[-81.005806,35.157023],[-81.007306,35.165175],[-81.003412,35.171951],[-81.00244,35.182065],[-81.00614,35.195082],[-81.005374,35.208384],[-81.014153,35.222119],[-81.008234,35.248473],[-81.01395,35.258002],[-81.01505,35.268655],[-81.008996,35.281043],[-81.001161,35.304928],[-80.995387,35.309472],[-80.990164,35.319551],[-80.981499,35.32759],[-80.981036,35.331598],[-80.985194,35.336959],[-80.984894,35.340059],[-80.975112,35.344709],[-80.972238,35.350615],[-80.967568,35.35102],[-80.962141,35.347046],[-80.954555,35.350676],[-80.942924,35.350748],[-80.934199,35.356934],[-80.926473,35.357879],[-80.923042,35.359917],[-80.926883,35.362521],[-80.935877,35.36211],[-80.951058,35.367004],[-80.954929,35.369808],[-80.957704,35.374587],[-80.960161,35.375413],[-80.964773,35.373523],[-80.968859,35.367065],[-80.9736,35.36402],[-80.976447,35.36416],[-80.9837,35.368351],[-80.986835,35.379014],[-80.98498,35.381469],[-80.976629,35.382452],[-80.967972,35.387566],[-80.957546,35.391024],[-80.954811,35.39381],[-80.954439,35.398805],[-80.958752,35.411945],[-80.955128,35.421023],[-80.958639,35.432901],[-80.95038,35.447302],[-80.946118,35.449718],[-80.94238,35.455147],[-80.943251,35.459373],[-80.950618,35.465289],[-80.951745,35.468224],[-80.948143,35.480044],[-80.945325,35.483617],[-80.947344,35.488473],[-80.906723,35.514785],[-80.784167,35.506017],[-80.786835,35.49307],[-80.781895,35.483819],[-80.779331,35.472012],[-80.773384,35.463148],[-80.772974,35.457679],[-80.752167,35.41405],[-80.763549,35.412099],[-80.766414,35.401478],[-80.755309,35.394823],[-80.74441,35.380667],[-80.708878,35.35535],[-80.693061,35.346379],[-80.666683,35.26819],[-80.550349,35.208412],[-80.74211,35.055679]]]}},{"type":"Feature","properties":{"name":"Yancey County","students":82},"geometry":{"type":"Polygon","coordinates":[[[-82.144799,35.880411],[-82.144397,35.874888],[-82.145731,35.87337],[-82.14627,35.863599],[-82.141169,35.857861],[-82.142824,35.855184],[-82.142732,35.848826],[-82.138597,35.845908],[-82.141379,35.841913],[-82.143775,35.843859],[-82.146462,35.841639],[-82.15008,35.841656],[-82.14674,35.837276],[-82.143607,35.826883],[-82.144972,35.823816],[-82.147332,35.824514],[-82.148317,35.822728],[-82.133554,35.822592],[-82.141186,35.812777],[-82.150013,35.809414],[-82.147364,35.807706],[-82.147531,35.804291],[-82.152113,35.804094],[-82.158691,35.80109],[-82.161889,35.797836],[-82.161472,35.795572],[-82.163591,35.792589],[-82.167861,35.789253],[-82.166783,35.784901],[-82.158307,35.779738],[-82.160474,35.774258],[-82.164075,35.77276],[-82.170476,35.763023],[-82.169803,35.760918],[-82.176215,35.75822],[-82.176931,35.756033],[-82.184387,35.753461],[-82.18488,35.750125],[-82.193402,35.735314],[-82.197602,35.736324],[-82.199798,35.733955],[-82.203957,35.732823],[-82.213478,35.724368],[-82.216658,35.72418],[-82.224568,35.718699],[-82.230997,35.717625],[-82.237564,35.713423],[-82.242296,35.713027],[-82.244582,35.709007],[-82.25242,35.706137],[-82.257842,35.698852],[-82.266424,35.700362],[-82.270276,35.703881],[-82.275399,35.704438],[-82.275863,35.71423],[-82.285164,35.725851],[-82.291175,35.729924],[-82.313065,35.733603],[-82.321742,35.740148],[-82.326446,35.747132],[-82.334867,35.749054],[-82.33773,35.768157],[-82.343664,35.77542],[-82.343308,35.780643],[-82.346357,35.786999],[-82.343519,35.7918],[-82.338299,35.796149],[-82.338295,35.801717],[-82.346645,35.805738],[-82.348864,35.81168],[-82.35849,35.816956],[-82.361956,35.821245],[-82.365639,35.821786],[-82.373591,35.817828],[-82.381713,35.82411],[-82.396581,35.818324],[-82.402606,35.817534],[-82.403586,35.819488],[-82.408733,35.81813],[-82.413953,35.819839],[-82.414336,35.823261],[-82.412048,35.826764],[-82.416264,35.829246],[-82.419661,35.842905],[-82.417349,35.847321],[-82.418422,35.850392],[-82.417506,35.859238],[-82.425213,35.861155],[-82.42365,35.869529],[-82.430841,35.874218],[-82.432141,35.87668],[-82.439605,35.879432],[-82.44307,35.884749],[-82.441865,35.887498],[-82.451508,35.898812],[-82.463486,35.899719],[-82.474775,35.909245],[-82.48285,35.909004],[-82.486182,35.907063],[-82.494506,35.909144],[-82.490212,35.917185],[-82.490326,35.921064],[-82.493094,35.921242],[-82.493665,35.923814],[-82.49802,35.925342],[-82.498548,35.930193],[-82.495698,35.931199],[-82.490335,35.937039],[-82.488,35.943025],[-82.480137,35.949191],[-82.486292,35.954092],[-82.496708,35.956973],[-82.496304,35.962221],[-82.501047,35.966092],[-82.505425,35.977432],[-82.503324,35.982158],[-82.499964,35.982441],[-82.48417,35.993301],[-82.481591,35.998029],[-82.47594,35.998221],[-82.470416,36.002887],[-82.460583,36.007724],[-82.416738,36.072827],[-82.400082,36.071236],[-82.399072,36.073087],[-82.402664,36.078754],[-82.401465,36.081088],[-82.39866,36.081911],[-82.385695,36.076363],[-82.380081,36.07074],[-82.376574,36.070855],[-82.371278,36.07616],[-82.359324,36.078467],[-82.356497,36.082903],[-82.351958,36.084519],[-82.348478,36.078456],[-82.34529,36.076459],[-82.344153,36.069861],[-82.340732,36.065558],[-82.336985,36.055056],[-82.336155,36.044763],[-82.339947,36.035406],[-82.338201,36.030088],[-82.323631,36.029188],[-82.319594,36.025417],[-82.312435,36.026104],[-82.31143,36.027748],[-82.313312,36.034673],[-82.312262,36.03762],[-82.30993,36.040145],[-82.304921,36.041047],[-82.301867,36.045245],[-82.299674,36.045684],[-82.298737,36.039397],[-82.290859,36.029383],[-82.281065,36.026031],[-82.26807,36.016625],[-82.267941,36.014384],[-82.272897,36.010769],[-82.273485,36.003103],[-82.262663,35.999752],[-82.257793,35.992668],[-82.253306,35.989717],[-82.250565,35.988907],[-82.249183,35.990327],[-82.253966,36.005321],[-82.252115,36.008683],[-82.237348,36.00472],[-82.236298,36.005778],[-82.237587,36.009387],[-82.233302,36.013535],[-82.22778,36.012889],[-82.214192,36.01706],[-82.209224,36.016497],[-82.205601,36.01411],[-82.19954,36.015953],[-82.197142,36.014683],[-82.193465,36.007204],[-82.193563,36.001069],[-82.196397,36.000513],[-82.20041,36.006107],[-82.203834,36.005939],[-82.204197,36.003923],[-82.197945,35.995476],[-82.197404,35.992217],[-82.191705,35.990636],[-82.191339,35.985987],[-82.192723,35.98402],[-82.191233,35.9815],[-82.191311,35.970306],[-82.194043,35.967267],[-82.185918,35.960147],[-82.187264,35.958104],[-82.192751,35.959483],[-82.194109,35.955626],[-82.197665,35.952207],[-82.193723,35.950895],[-82.191564,35.947064],[-82.184213,35.942397],[-82.183523,35.937556],[-82.177213,35.935639],[-82.169724,35.928617],[-82.16771,35.929282],[-82.168426,35.932676],[-82.166595,35.93453],[-82.160378,35.930421],[-82.154768,35.933642],[-82.145361,35.931799],[-82.152698,35.928457],[-82.150245,35.924383],[-82.155027,35.921063],[-82.153405,35.918122],[-82.154897,35.914857],[-82.151798,35.914665],[-82.150102,35.916546],[-82.149727,35.913521],[-82.146232,35.911407],[-82.144813,35.913692],[-82.142906,35.909692],[-82.142879,35.905394],[-82.145121,35.903991],[-82.146671,35.906465],[-82.147393,35.902802],[-82.145983,35.900626],[-82.146492,35.897129],[-82.1447,35.896522],[-82.149925,35.892345],[-82.1497,35.89072],[-82.146411,35.888905],[-82.147329,35.885541],[-82.144799,35.880411]]]}},{"type":"Feature","properties":{"name":"Yadkin County","students":142},"geometry":{"type":"Polygon","coordinates":[[[-80.881591,36.055718],[-80.873205,36.236305],[-80.867629,36.239057],[-80.849156,36.24088],[-80.809082,36.254267],[-80.802256,36.252586],[-80.797168,36.247959],[-80.785895,36.252025],[-80.778198,36.257282],[-80.780036,36.268861],[-80.775165,36.274321],[-80.768729,36.275003],[-80.759894,36.269287],[-80.755444,36.264142],[-80.751778,36.263379],[-80.743854,36.271473],[-80.741811,36.277798],[-80.736969,36.280313],[-80.732068,36.276541],[-80.734551,36.268815],[-80.733348,36.267201],[-80.720744,36.270097],[-80.713036,36.266717],[-80.703221,36.266014],[-80.684583,36.268751],[-80.678731,36.264211],[-80.676823,36.256881],[-80.673155,36.252221],[-80.668976,36.250946],[-80.65732,36.25182],[-80.652516,36.253026],[-80.64807,36.25671],[-80.647747,36.263536],[-80.642986,36.272649],[-80.630747,36.272306],[-80.627197,36.274155],[-80.626406,36.277572],[-80.631584,36.285112],[-80.628209,36.287929],[-80.622321,36.285706],[-80.615026,36.279634],[-80.593253,36.269845],[-80.572158,36.280454],[-80.559567,36.282961],[-80.554139,36.282377],[-80.549381,36.2853],[-80.546009,36.284935],[-80.53929,36.282103],[-80.536682,36.279282],[-80.535474,36.271926],[-80.537347,36.262187],[-80.532795,36.258133],[-80.509193,36.258426],[-80.50517,36.259916],[-80.483686,36.256002],[-80.477072,36.260675],[-80.466728,36.25982],[-80.462233,36.256069],[-80.460213,36.246999],[-80.437419,36.229824],[-80.432117,36.217033],[-80.433124,36.215583],[-80.442887,36.212978],[-80.446336,36.207699],[-80.439587,36.19048],[-80.44368,36.18075],[-80.438524,36.175532],[-80.436823,36.169296],[-80.439094,36.160877],[-80.442871,36.155979],[-80.439437,36.136925],[-80.448226,36.130723],[-80.454382,36.122139],[-80.462307,36.11814],[-80.473287,36.11877],[-80.488008,36.11609],[-80.505532,36.109155],[-80.507675,36.107169],[-80.510729,36.09711],[-80.515607,36.093303],[-80.516578,36.083352],[-80.509515,36.07223],[-80.507864,36.056258],[-80.505334,36.052668],[-80.496283,36.046545],[-80.598372,36.047743],[-80.881591,36.055718]]]}},{"type":"Feature","properties":{"name":"Burke County","students":510},"geometry":{"type":"Polygon","coordinates":[[[-81.943188,35.96005],[-81.899871,35.999909],[-81.881386,35.992932],[-81.877762,35.989046],[-81.877517,35.981159],[-81.873514,35.979319],[-81.873207,35.977588],[-81.849966,35.97361],[-81.844536,35.974976],[-81.840745,35.971991],[-81.835875,35.971827],[-81.832182,35.967141],[-81.817431,35.968368],[-81.812513,35.963977],[-81.807162,35.961955],[-81.808849,35.958346],[-81.800549,35.953069],[-81.799632,35.950378],[-81.796171,35.948788],[-81.794509,35.950233],[-81.787068,35.947601],[-81.777535,35.947381],[-81.776687,35.941596],[-81.779751,35.938704],[-81.775451,35.933851],[-81.777692,35.929917],[-81.77623,35.927117],[-81.769404,35.929138],[-81.762886,35.925707],[-81.758733,35.928466],[-81.756818,35.92554],[-81.752523,35.924426],[-81.74573,35.916378],[-81.744587,35.908683],[-81.740016,35.907183],[-81.735056,35.902832],[-81.73071,35.897848],[-81.72897,35.891184],[-81.724638,35.889651],[-81.719101,35.883309],[-81.717003,35.883247],[-81.710169,35.875178],[-81.639217,35.848346],[-81.632245,35.83579],[-81.626109,35.833482],[-81.630065,35.830377],[-81.610385,35.819612],[-81.600809,35.825096],[-81.555994,35.777538],[-81.548025,35.776783],[-81.541318,35.779081],[-81.51616,35.780859],[-81.490267,35.780547],[-81.474621,35.783542],[-81.446368,35.785271],[-81.444019,35.784037],[-81.441491,35.773851],[-81.426452,35.772004],[-81.408066,35.765236],[-81.398584,35.758425],[-81.391117,35.75946],[-81.377487,35.757498],[-81.371196,35.766385],[-81.363796,35.767802],[-81.432898,35.677847],[-81.506809,35.607956],[-81.537599,35.564228],[-81.54664,35.564789],[-81.555673,35.562229],[-81.560912,35.562979],[-81.566405,35.560032],[-81.567094,35.558232],[-81.572946,35.558509],[-81.579096,35.562154],[-81.577415,35.566497],[-81.580543,35.567518],[-81.591379,35.565073],[-81.595518,35.567964],[-81.595163,35.570453],[-81.597764,35.571259],[-81.607193,35.566831],[-81.61742,35.565456],[-81.618635,35.56724],[-81.632975,35.565359],[-81.633429,35.567293],[-81.635435,35.564963],[-81.648967,35.56161],[-81.656746,35.565344],[-81.660376,35.565373],[-81.66219,35.567546],[-81.670969,35.56677],[-81.680064,35.57638],[-81.684607,35.577259],[-81.69031,35.584387],[-81.692734,35.582839],[-81.692538,35.578895],[-81.697735,35.578892],[-81.702587,35.583332],[-81.70334,35.581528],[-81.705653,35.581214],[-81.709206,35.589893],[-81.712138,35.589267],[-81.712045,35.591945],[-81.716326,35.595012],[-81.715977,35.59802],[-81.717507,35.598831],[-81.715279,35.601374],[-81.716611,35.600779],[-81.715836,35.602948],[-81.719951,35.606012],[-81.731788,35.601991],[-81.737143,35.601908],[-81.739006,35.604187],[-81.746823,35.605689],[-81.750414,35.611764],[-81.753407,35.613588],[-81.757361,35.609417],[-81.766121,35.606994],[-81.768336,35.602947],[-81.771907,35.602111],[-81.768014,35.597224],[-81.772182,35.592623],[-81.783014,35.591961],[-81.787417,35.594235],[-81.794058,35.593239],[-81.796587,35.588852],[-81.795869,35.584954],[-81.798783,35.579968],[-81.803527,35.578116],[-81.81035,35.581313],[-81.818492,35.57798],[-81.822132,35.580513],[-81.824122,35.574983],[-81.869388,35.719624],[-81.924408,35.7618],[-81.986939,35.806923],[-81.980473,35.813329],[-81.978815,35.817073],[-81.973547,35.82118],[-81.968438,35.819604],[-81.956859,35.819683],[-81.947494,35.825962],[-81.947798,35.82778],[-81.939707,35.837712],[-81.935225,35.837433],[-81.931905,35.838993],[-81.920509,35.847079],[-81.91758,35.851674],[-81.918035,35.856642],[-81.916555,35.858912],[-81.918089,35.860207],[-81.914239,35.866363],[-81.912187,35.874696],[-81.906652,35.883376],[-81.907569,35.890786],[-81.909763,35.894568],[-81.909298,35.897766],[-81.914307,35.901395],[-81.910304,35.905554],[-81.914891,35.916438],[-81.920616,35.919086],[-81.928471,35.931531],[-81.92566,35.937418],[-81.932329,35.94138],[-81.931282,35.946618],[-81.934134,35.94847],[-81.937257,35.95517],[-81.942112,35.957525],[-81.943188,35.96005]]]}},{"type":"Feature","properties":{"name":"Wayne County","students":1569},"geometry":{"type":"Polygon","coordinates":[[[-77.822511,35.585383],[-77.826744,35.42409],[-77.821836,35.421199],[-77.818042,35.415474],[-77.813331,35.413787],[-77.805403,35.407329],[-77.803863,35.395295],[-77.799861,35.382282],[-77.802851,35.372878],[-77.818047,35.357435],[-77.81927,35.351999],[-77.82418,35.343811],[-77.834249,35.177846],[-77.888768,35.159962],[-77.893928,35.15412],[-77.892019,35.146348],[-77.898143,35.148876],[-77.903965,35.154601],[-77.908946,35.157117],[-77.909607,35.162318],[-77.913224,35.166147],[-77.925671,35.17292],[-77.930032,35.173557],[-77.936039,35.170981],[-77.945062,35.172397],[-77.953455,35.165515],[-77.970109,35.165922],[-77.978325,35.170785],[-77.981501,35.180258],[-77.984273,35.183887],[-77.994635,35.183157],[-78.000899,35.188971],[-78.006444,35.190792],[-78.017089,35.190885],[-78.020633,35.193967],[-78.033794,35.191808],[-78.044451,35.192535],[-78.077389,35.175135],[-78.16342,35.189716],[-78.161845,35.204323],[-78.246217,35.225996],[-78.30658,35.287604],[-78.289711,35.315077],[-78.276034,35.315136],[-78.269105,35.322786],[-78.258003,35.325703],[-78.248787,35.32043],[-78.24263,35.319799],[-78.215671,35.333457],[-78.216723,35.336819],[-78.215478,35.341527],[-78.213559,35.340455],[-78.211798,35.342331],[-78.209563,35.339676],[-78.200761,35.341282],[-78.197282,35.340061],[-78.196274,35.343568],[-78.187005,35.342582],[-78.184805,35.34542],[-78.180025,35.343707],[-78.174024,35.347258],[-78.170162,35.346324],[-78.167899,35.347984],[-78.165557,35.346367],[-78.160572,35.34955],[-78.158789,35.347488],[-78.153243,35.350671],[-78.153717,35.356423],[-78.160078,35.356628],[-78.159968,35.359251],[-78.15766,35.36011],[-78.162408,35.367375],[-78.157838,35.375016],[-78.150723,35.378563],[-78.145817,35.382981],[-78.144202,35.386894],[-78.14976,35.391751],[-78.153672,35.391987],[-78.15491,35.41781],[-78.058006,35.597806],[-77.998348,35.585597],[-77.824362,35.58646],[-77.822511,35.585383]]]}},{"type":"Feature","properties":{"name":"Davie County","students":282},"geometry":{"type":"Polygon","coordinates":[[[-80.579201,36.047506],[-80.496283,36.046545],[-80.49236,36.043555],[-80.4884,36.04302],[-80.474722,36.050394],[-80.475045,36.057052],[-80.473021,36.060316],[-80.467671,36.062625],[-80.46299,36.062305],[-80.458934,36.058131],[-80.455889,36.047526],[-80.447124,36.038881],[-80.442393,36.031098],[-80.418148,36.015983],[-80.413402,36.00161],[-80.421773,35.994232],[-80.422634,35.990206],[-80.421416,35.98755],[-80.410466,35.979632],[-80.393682,35.972408],[-80.390054,35.966952],[-80.380258,35.96408],[-80.375002,35.955888],[-80.375296,35.939644],[-80.368344,35.92758],[-80.369411,35.923401],[-80.374024,35.916934],[-80.375027,35.911832],[-80.36523,35.894814],[-80.367896,35.888452],[-80.371092,35.884994],[-80.374376,35.884478],[-80.390887,35.892135],[-80.407234,35.891614],[-80.410661,35.890103],[-80.416641,35.881056],[-80.407203,35.874788],[-80.395376,35.871596],[-80.390041,35.868277],[-80.385763,35.854097],[-80.389306,35.844147],[-80.394107,35.841516],[-80.398823,35.841347],[-80.407596,35.84546],[-80.414149,35.851487],[-80.420733,35.852662],[-80.424194,35.851047],[-80.427658,35.833283],[-80.431691,35.828356],[-80.436184,35.828499],[-80.438354,35.832124],[-80.446444,35.83666],[-80.455168,35.827282],[-80.462556,35.826964],[-80.472587,35.841375],[-80.476429,35.843843],[-80.482826,35.840051],[-80.487419,35.833601],[-80.48577,35.830616],[-80.4775,35.830665],[-80.472337,35.825543],[-80.464754,35.806627],[-80.465859,35.8012],[-80.474784,35.796867],[-80.476702,35.789093],[-80.471647,35.783104],[-80.454986,35.773044],[-80.450791,35.767091],[-80.452641,35.758264],[-80.458284,35.752],[-80.458923,35.742758],[-80.461871,35.750684],[-80.468758,35.757381],[-80.471417,35.767834],[-80.478299,35.774771],[-80.484775,35.775586],[-80.487098,35.771314],[-80.487201,35.766248],[-80.49191,35.775708],[-80.491873,35.778778],[-80.496573,35.782747],[-80.50192,35.782979],[-80.508247,35.774457],[-80.514936,35.778107],[-80.520771,35.784367],[-80.52807,35.783405],[-80.532884,35.785248],[-80.53424,35.787056],[-80.533448,35.791028],[-80.535615,35.791555],[-80.537356,35.78994],[-80.542972,35.792254],[-80.546801,35.798352],[-80.554788,35.8004],[-80.561816,35.809524],[-80.567806,35.811918],[-80.570382,35.816296],[-80.586869,35.823067],[-80.590041,35.821276],[-80.587315,35.819245],[-80.591043,35.81724],[-80.594199,35.823023],[-80.594191,35.827323],[-80.599225,35.827341],[-80.601446,35.823352],[-80.603361,35.826259],[-80.603906,35.823726],[-80.609573,35.823127],[-80.612496,35.82551],[-80.609929,35.828709],[-80.610912,35.831279],[-80.622623,35.839036],[-80.63109,35.838507],[-80.631481,35.845573],[-80.642459,35.844116],[-80.649321,35.846206],[-80.660502,35.844589],[-80.671296,35.846531],[-80.672935,35.849816],[-80.669579,35.852114],[-80.668765,35.856306],[-80.672311,35.855805],[-80.67427,35.857725],[-80.676962,35.855859],[-80.687366,35.859767],[-80.691744,35.8635],[-80.693199,35.853696],[-80.696518,35.85457],[-80.699947,35.850474],[-80.707602,35.852189],[-80.693197,36.05126],[-80.579201,36.047506]]]}},{"type":"Feature","properties":{"name":"McDowell County","students":515},"geometry":{"type":"Polygon","coordinates":[[[-82.002733,35.551811],[-82.012995,35.547706],[-82.022132,35.537321],[-82.039843,35.532704],[-82.082621,35.533401],[-82.093641,35.531951],[-82.150538,35.518002],[-82.20682,35.547791],[-82.219981,35.553141],[-82.251251,35.559943],[-82.291026,35.591322],[-82.291934,35.594962],[-82.287512,35.60104],[-82.282269,35.603083],[-82.280432,35.608759],[-82.265368,35.613503],[-82.264511,35.61767],[-82.272742,35.621972],[-82.271562,35.624465],[-82.274142,35.628724],[-82.270849,35.631124],[-82.271757,35.633312],[-82.276123,35.637689],[-82.281979,35.639487],[-82.283013,35.646868],[-82.285551,35.64799],[-82.286277,35.650502],[-82.286571,35.657931],[-82.285538,35.661475],[-82.280364,35.667701],[-82.284213,35.67677],[-82.295007,35.684317],[-82.288915,35.696154],[-82.283652,35.698697],[-82.281218,35.70217],[-82.275544,35.704437],[-82.271037,35.704145],[-82.266721,35.700472],[-82.258239,35.698693],[-82.25242,35.706137],[-82.244582,35.709007],[-82.242296,35.713027],[-82.237564,35.713423],[-82.230997,35.717625],[-82.224568,35.718699],[-82.216658,35.72418],[-82.213478,35.724368],[-82.203957,35.732823],[-82.199798,35.733955],[-82.197602,35.736324],[-82.193402,35.735314],[-82.18488,35.750125],[-82.184387,35.753461],[-82.176931,35.756033],[-82.176215,35.75822],[-82.169803,35.760918],[-82.170476,35.763023],[-82.164075,35.77276],[-82.160474,35.774258],[-82.158307,35.779738],[-82.166783,35.784901],[-82.167849,35.788303],[-82.161601,35.795347],[-82.161889,35.797836],[-82.152713,35.803913],[-82.147531,35.804291],[-82.147364,35.807706],[-82.150013,35.809414],[-82.141186,35.812777],[-82.133833,35.821053],[-82.133305,35.824395],[-82.121194,35.824617],[-82.117246,35.832593],[-82.109828,35.835023],[-82.102296,35.840339],[-82.099405,35.851671],[-82.09607,35.852134],[-82.092174,35.849184],[-82.089589,35.850987],[-82.074677,35.848259],[-82.071572,35.85037],[-82.063357,35.851937],[-82.059296,35.851115],[-82.048648,35.853025],[-82.037258,35.858784],[-82.033962,35.86219],[-82.033219,35.864955],[-82.029565,35.867878],[-82.027303,35.87769],[-82.028529,35.879323],[-82.022442,35.884983],[-82.013607,35.885218],[-82.007539,35.8827],[-82.00316,35.87828],[-82.003385,35.875769],[-81.999409,35.874007],[-81.99149,35.876158],[-81.989667,35.880227],[-81.980337,35.884716],[-81.980975,35.889861],[-81.979036,35.901447],[-81.982163,35.911218],[-81.976659,35.915095],[-81.972058,35.914937],[-81.964845,35.920782],[-81.960297,35.921278],[-81.954427,35.926759],[-81.954698,35.932326],[-81.962607,35.938101],[-81.962987,35.941783],[-81.943188,35.96005],[-81.942112,35.957525],[-81.937257,35.95517],[-81.934134,35.94847],[-81.931282,35.946618],[-81.932329,35.94138],[-81.92566,35.937418],[-81.928471,35.931531],[-81.920616,35.919086],[-81.914891,35.916438],[-81.910304,35.905554],[-81.914307,35.901395],[-81.909298,35.897766],[-81.909763,35.894568],[-81.907569,35.890786],[-81.906652,35.883376],[-81.912187,35.874696],[-81.914239,35.866363],[-81.918089,35.860207],[-81.916555,35.858912],[-81.918035,35.856642],[-81.91758,35.851674],[-81.920509,35.847079],[-81.931905,35.838993],[-81.935225,35.837433],[-81.939707,35.837712],[-81.947798,35.82778],[-81.947494,35.825962],[-81.956859,35.819683],[-81.968438,35.819604],[-81.973547,35.82118],[-81.978815,35.817073],[-81.980473,35.813329],[-81.986939,35.806923],[-81.924408,35.7618],[-81.869388,35.719624],[-81.824122,35.574983],[-81.828376,35.573918],[-81.829495,35.567684],[-81.83382,35.562857],[-81.833429,35.558993],[-81.840973,35.554149],[-81.841113,35.550407],[-81.843916,35.546337],[-81.842468,35.542263],[-81.904954,35.541917],[-81.920899,35.533661],[-81.921188,35.535179],[-81.924051,35.534021],[-81.933121,35.536074],[-81.957326,35.527774],[-81.967619,35.526007],[-81.978002,35.530637],[-81.986209,35.538076],[-81.986252,35.540709],[-81.994457,35.544041],[-82.002733,35.551811]]]}},{"type":"Feature","properties":{"name":"Wake County","students":14521},"geometry":{"type":"Polygon","coordinates":[[[-78.473288,35.701671],[-78.708902,35.519458],[-78.995048,35.610166],[-78.936271,35.771898],[-78.930891,35.794377],[-78.926417,35.801962],[-78.909425,35.842937],[-78.906071,35.868096],[-78.829965,35.866978],[-78.804836,35.927552],[-78.759104,35.918394],[-78.749776,35.933037],[-78.741707,35.933906],[-78.717014,35.961265],[-78.699316,36.011448],[-78.707437,36.011106],[-78.719951,36.02959],[-78.740187,36.023561],[-78.753611,36.031384],[-78.754284,36.056338],[-78.751273,36.070834],[-78.71943,36.075858],[-78.706294,36.07643],[-78.683224,36.074484],[-78.603679,36.042413],[-78.493542,36.002668],[-78.426864,35.975012],[-78.394331,35.936876],[-78.353277,35.931056],[-78.350375,35.909517],[-78.343904,35.906798],[-78.335508,35.905819],[-78.331521,35.897934],[-78.3285,35.896726],[-78.320622,35.896002],[-78.319521,35.89427],[-78.31299,35.897321],[-78.307125,35.896718],[-78.307727,35.894805],[-78.303656,35.892144],[-78.305072,35.891048],[-78.303023,35.890588],[-78.30133,35.887771],[-78.297029,35.886834],[-78.295373,35.881385],[-78.291081,35.880565],[-78.289941,35.876597],[-78.284316,35.874578],[-78.281105,35.868129],[-78.278014,35.867335],[-78.270174,35.850857],[-78.269824,35.84499],[-78.253711,35.827478],[-78.254712,35.824363],[-78.256915,35.823592],[-78.255133,35.822453],[-78.255973,35.81812],[-78.304088,35.79025],[-78.460036,35.705691],[-78.464735,35.70824],[-78.469201,35.706623],[-78.473288,35.701671]]]}},{"type":"Feature","properties":{"name":"Currituck County","students":126},"geometry":{"type":"Polygon","coordinates":[[[-76.313303,36.55052],[-75.797497,36.550916],[-75.790558,36.500156],[-75.749635,36.353606],[-75.709078,36.244984],[-75.813108,36.22356],[-75.79943,36.202218],[-75.798839,36.199165],[-75.801872,36.188449],[-75.798678,36.182529],[-75.789137,36.172043],[-75.7904,36.159601],[-75.789371,36.154764],[-75.779793,36.143721],[-75.776903,36.137164],[-75.773806,36.11505],[-75.774593,36.105055],[-75.765492,36.083552],[-75.763325,36.073003],[-75.763646,36.06387],[-75.767682,36.05526],[-75.780292,36.047554],[-75.840046,36.028834],[-75.864669,36.036164],[-75.874806,36.041789],[-75.889534,36.055339],[-75.90196,36.074108],[-75.906295,36.085877],[-75.896711,36.125163],[-75.887585,36.150016],[-75.888145,36.163844],[-75.89214,36.172529],[-75.898298,36.179846],[-75.918964,36.192418],[-75.926584,36.200393],[-75.92956,36.207235],[-75.929635,36.219963],[-75.934512,36.237939],[-75.94249,36.243027],[-75.95287,36.253197],[-75.963233,36.258471],[-75.963743,36.26396],[-75.962265,36.267165],[-75.951666,36.271491],[-75.94898,36.274036],[-75.950453,36.279844],[-75.948777,36.285851],[-75.955356,36.289379],[-75.961469,36.287436],[-75.966631,36.289557],[-75.969743,36.295706],[-75.969625,36.306312],[-75.973111,36.309773],[-75.990608,36.308287],[-75.999651,36.311174],[-76.001872,36.315127],[-76.002361,36.324206],[-76.007914,36.328648],[-76.01639,36.327256],[-76.020427,36.332802],[-76.016927,36.338213],[-76.016811,36.344451],[-76.019586,36.34589],[-76.022847,36.345194],[-76.025478,36.340574],[-76.031674,36.338597],[-76.033446,36.341312],[-76.028683,36.34408],[-76.028423,36.348202],[-76.036413,36.355174],[-76.041775,36.355386],[-76.04603,36.358346],[-76.049261,36.356448],[-76.05038,36.359516],[-76.053563,36.360162],[-76.055997,36.35819],[-76.055556,36.355359],[-76.058179,36.354549],[-76.059209,36.352001],[-76.064711,36.351297],[-76.06282,36.349175],[-76.063689,36.347451],[-76.068928,36.34787],[-76.068266,36.349526],[-76.071876,36.349971],[-76.073918,36.346124],[-76.075991,36.346844],[-76.074875,36.3486],[-76.078284,36.347064],[-76.079893,36.34888],[-76.08145,36.348104],[-76.084887,36.352132],[-76.086427,36.349665],[-76.090549,36.352124],[-76.09321,36.35074],[-76.097731,36.353522],[-76.106653,36.354531],[-76.114444,36.357636],[-76.12181,36.371088],[-76.147626,36.394463],[-76.157472,36.398178],[-76.158532,36.425333],[-76.313303,36.55052]]]}},{"type":"Feature","properties":{"name":"Jones County","students":118},"geometry":{"type":"Polygon","coordinates":[[[-77.338886,35.155254],[-77.187679,35.081086],[-77.191025,35.076544],[-77.189422,35.06667],[-77.185423,35.063168],[-77.182384,35.062615],[-77.179111,35.058224],[-77.173874,35.05912],[-77.180592,35.05522],[-77.173852,35.058159],[-77.171889,35.060826],[-77.168838,35.060276],[-77.164331,35.065502],[-77.159937,35.06234],[-77.154799,35.062737],[-77.149846,35.057668],[-77.152101,35.05472],[-77.148345,35.054675],[-77.149649,35.056491],[-77.147005,35.056564],[-77.145191,35.060066],[-77.141663,35.061981],[-77.138388,35.061279],[-77.132253,35.067148],[-77.130361,35.072371],[-77.118603,35.073284],[-77.118297,35.071583],[-77.116065,35.074107],[-77.109656,35.068609],[-77.110357,35.065154],[-77.107869,35.054254],[-77.110302,35.045676],[-77.107505,35.041733],[-77.106465,35.034295],[-77.098791,35.026934],[-77.102356,35.023359],[-77.103065,35.017793],[-77.108851,34.83078],[-77.047249,34.836416],[-77.068085,34.820162],[-77.073343,34.81763],[-77.079829,34.810041],[-77.084952,34.811148],[-77.089595,34.809147],[-77.090591,34.799383],[-77.09615,34.799243],[-77.107382,34.803106],[-77.112688,34.796475],[-77.115566,34.79723],[-77.116195,34.793921],[-77.120033,34.794501],[-77.123514,34.792614],[-77.125393,34.793376],[-77.125495,34.796108],[-77.128126,34.795898],[-77.131205,34.798184],[-77.134233,34.796836],[-77.135714,34.797993],[-77.14223,34.797004],[-77.144191,34.793336],[-77.147754,34.794191],[-77.149963,34.792651],[-77.161515,34.795159],[-77.164382,34.790501],[-77.167769,34.791],[-77.16538,34.787893],[-77.162194,34.787374],[-77.162461,34.786026],[-77.167312,34.785186],[-77.169371,34.780727],[-77.172743,34.780612],[-77.17309,34.782362],[-77.170188,34.785073],[-77.174044,34.785742],[-77.175221,34.787452],[-77.170866,34.790412],[-77.175818,34.791969],[-77.175415,34.79628],[-77.190507,34.802263],[-77.189223,34.806325],[-77.193104,34.806871],[-77.196272,34.810346],[-77.193117,34.814423],[-77.195779,34.817611],[-77.192211,34.817183],[-77.186364,34.819467],[-77.184304,34.826342],[-77.179515,34.829497],[-77.181253,34.836211],[-77.184954,34.836581],[-77.185444,34.835019],[-77.188683,34.833341],[-77.191707,34.833796],[-77.190808,34.83237],[-77.193296,34.831945],[-77.19628,34.83417],[-77.197262,34.832598],[-77.201938,34.834499],[-77.201384,34.836374],[-77.203273,34.83703],[-77.201533,34.838051],[-77.200854,34.842008],[-77.20344,34.842657],[-77.202711,34.845297],[-77.205026,34.845986],[-77.204584,34.847837],[-77.205918,34.847517],[-77.212203,34.853278],[-77.209964,34.858747],[-77.213031,34.860389],[-77.212848,34.86247],[-77.219577,34.870279],[-77.215884,34.873328],[-77.22243,34.882058],[-77.222849,34.883439],[-77.22083,34.884589],[-77.222003,34.886997],[-77.231133,34.885208],[-77.234112,34.886121],[-77.231874,34.892914],[-77.23334,34.893876],[-77.234307,34.891496],[-77.238771,34.893576],[-77.237357,34.899962],[-77.240155,34.8989],[-77.24982,34.900889],[-77.250509,34.903323],[-77.252217,34.903093],[-77.250647,34.90668],[-77.251477,34.908242],[-77.249999,34.909095],[-77.253215,34.91071],[-77.258139,34.908521],[-77.259804,34.909292],[-77.259718,34.91487],[-77.262229,34.918793],[-77.264616,34.91913],[-77.264247,34.92125],[-77.268352,34.926024],[-77.283297,34.927806],[-77.285318,34.931289],[-77.294638,34.930467],[-77.297888,34.933863],[-77.304304,34.934275],[-77.308893,34.937572],[-77.311556,34.93644],[-77.310936,34.935369],[-77.313444,34.932644],[-77.31702,34.932276],[-77.318961,34.934863],[-77.322649,34.93476],[-77.32816,34.938464],[-77.331997,34.939083],[-77.341738,34.934477],[-77.343191,34.93131],[-77.356826,34.929234],[-77.360352,34.925904],[-77.36314,34.925825],[-77.365347,34.92316],[-77.366768,34.90865],[-77.502771,34.969635],[-77.638967,34.98446],[-77.674805,34.9739],[-77.731026,35.008138],[-77.601282,35.071368],[-77.507463,35.172814],[-77.527182,35.243001],[-77.473561,35.228924],[-77.451745,35.218717],[-77.338886,35.155254]]]}},{"type":"Feature","properties":{"name":"Chowan County","students":117},"geometry":{"type":"Polygon","coordinates":[[[-76.716013,36.229035],[-76.689462,36.270984],[-76.694813,36.285023],[-76.696571,36.296138],[-76.683322,36.301469],[-76.680602,36.30001],[-76.675172,36.301396],[-76.67572,36.303305],[-76.672472,36.303334],[-76.67549,36.304439],[-76.675968,36.30618],[-76.672269,36.306991],[-76.674906,36.308954],[-76.673742,36.311074],[-76.672076,36.31052],[-76.672336,36.312449],[-76.669852,36.315348],[-76.667469,36.313799],[-76.665084,36.315976],[-76.664367,36.313654],[-76.662507,36.31451],[-76.659376,36.313124],[-76.657655,36.314696],[-76.654313,36.314191],[-76.654616,36.310684],[-76.651565,36.310615],[-76.649716,36.317951],[-76.646878,36.320083],[-76.642217,36.319801],[-76.642506,36.322935],[-76.63931,36.329799],[-76.622841,36.328853],[-76.613072,36.323966],[-76.596603,36.323259],[-76.594095,36.324789],[-76.592786,36.330292],[-76.586035,36.333592],[-76.575955,36.335337],[-76.570756,36.334295],[-76.559646,36.351056],[-76.56125,36.344775],[-76.559773,36.336132],[-76.563471,36.326042],[-76.561684,36.322387],[-76.567617,36.315228],[-76.568717,36.30957],[-76.567531,36.298397],[-76.565523,36.293556],[-76.568006,36.287342],[-76.568233,36.274179],[-76.5715,36.267187],[-76.572852,36.257546],[-76.587079,36.24892],[-76.588159,36.241786],[-76.590107,36.238862],[-76.572662,36.110521],[-76.569893,36.107001],[-76.559778,36.101096],[-76.547537,36.09919],[-76.539064,36.094572],[-76.534082,36.09669],[-76.528775,36.095729],[-76.517532,36.097401],[-76.510252,36.093659],[-76.506962,36.088387],[-76.499833,36.085472],[-76.490848,36.08502],[-76.478789,36.093554],[-76.473066,36.089784],[-76.462556,36.088623],[-76.455054,36.079957],[-76.448588,36.079994],[-76.445591,36.075903],[-76.43728,36.077027],[-76.43026,36.075048],[-76.412373,36.075396],[-76.403882,36.074051],[-76.396783,36.02636],[-76.412986,36.020935],[-76.436944,36.004232],[-76.44545,35.999945],[-76.473853,35.990523],[-76.511899,35.980726],[-76.545099,35.975951],[-76.584809,35.97441],[-76.606214,35.978051],[-76.61761,35.984267],[-76.682535,36.030947],[-76.688808,36.038165],[-76.707806,36.066377],[-76.710192,36.075344],[-76.71054,36.098678],[-76.733567,36.13782],[-76.736933,36.150583],[-76.737272,36.158603],[-76.736127,36.186467],[-76.732668,36.197542],[-76.732975,36.212602],[-76.727773,36.221059],[-76.716013,36.229035]]]}},{"type":"Feature","properties":{"name":"Buncombe County","students":2302},"geometry":{"type":"Polygon","coordinates":[[[-82.529054,35.436107],[-82.529838,35.422799],[-82.535456,35.42238],[-82.533228,35.41645],[-82.535936,35.422236],[-82.538527,35.421352],[-82.539839,35.42328],[-82.54695,35.425159],[-82.542279,35.43128],[-82.546422,35.440556],[-82.549357,35.440598],[-82.548825,35.444305],[-82.561188,35.443179],[-82.561901,35.437591],[-82.567939,35.437916],[-82.567984,35.435004],[-82.570608,35.431045],[-82.580734,35.433345],[-82.582886,35.436249],[-82.587031,35.438126],[-82.595014,35.435705],[-82.608421,35.443253],[-82.614522,35.439809],[-82.618078,35.44023],[-82.621749,35.435693],[-82.635232,35.442862],[-82.641964,35.444292],[-82.644075,35.449064],[-82.650623,35.451934],[-82.652926,35.455004],[-82.660606,35.452776],[-82.665395,35.45723],[-82.673099,35.459493],[-82.679806,35.454063],[-82.69529,35.454526],[-82.699344,35.453036],[-82.700739,35.454318],[-82.711965,35.448427],[-82.714909,35.448392],[-82.725438,35.437558],[-82.730361,35.435567],[-82.730893,35.432316],[-82.739246,35.429968],[-82.745139,35.422967],[-82.74828,35.425485],[-82.756061,35.425196],[-82.765987,35.43248],[-82.768568,35.43244],[-82.781691,35.439542],[-82.784091,35.444016],[-82.786184,35.457028],[-82.794637,35.465462],[-82.794115,35.469053],[-82.799637,35.471034],[-82.797455,35.471353],[-82.793373,35.484068],[-82.785801,35.494843],[-82.786529,35.498124],[-82.782447,35.504294],[-82.784997,35.507455],[-82.778012,35.519925],[-82.780211,35.525711],[-82.774145,35.53188],[-82.767767,35.535214],[-82.765948,35.539001],[-82.771243,35.550398],[-82.777524,35.555619],[-82.772654,35.562563],[-82.765938,35.567622],[-82.770754,35.576117],[-82.778512,35.57788],[-82.777177,35.582409],[-82.779971,35.584571],[-82.780983,35.588793],[-82.799194,35.59785],[-82.801904,35.60252],[-82.80349,35.610859],[-82.809618,35.617841],[-82.809752,35.625],[-82.811266,35.627084],[-82.814442,35.627741],[-82.821183,35.623164],[-82.826438,35.622853],[-82.82899,35.620201],[-82.83181,35.619635],[-82.836185,35.621377],[-82.844867,35.616511],[-82.84609,35.614309],[-82.851668,35.617272],[-82.850444,35.627719],[-82.852056,35.630092],[-82.851687,35.635291],[-82.853832,35.636866],[-82.86507,35.634795],[-82.869011,35.641849],[-82.868689,35.645251],[-82.874616,35.651437],[-82.872165,35.657443],[-82.878042,35.662526],[-82.876795,35.666206],[-82.888009,35.672722],[-82.885292,35.677117],[-82.881864,35.680378],[-82.874775,35.683507],[-82.871101,35.688925],[-82.867162,35.688943],[-82.857074,35.693401],[-82.853884,35.69675],[-82.85408,35.699452],[-82.848652,35.701756],[-82.842613,35.699545],[-82.838972,35.693608],[-82.826688,35.690697],[-82.824416,35.688485],[-82.815558,35.689095],[-82.804852,35.686091],[-82.79767,35.689271],[-82.797331,35.692013],[-82.793165,35.696525],[-82.788347,35.695994],[-82.785461,35.698075],[-82.774928,35.700088],[-82.769449,35.698319],[-82.756207,35.702525],[-82.75161,35.706999],[-82.749953,35.706463],[-82.751531,35.71077],[-82.746079,35.712648],[-82.744801,35.714747],[-82.737087,35.711824],[-82.736094,35.713864],[-82.732955,35.714047],[-82.736771,35.716068],[-82.73263,35.718173],[-82.730975,35.722403],[-82.727422,35.718036],[-82.720633,35.715547],[-82.713963,35.717652],[-82.71103,35.72517],[-82.708895,35.72553],[-82.709515,35.726868],[-82.713715,35.727049],[-82.709984,35.728663],[-82.712131,35.732994],[-82.707259,35.732176],[-82.700863,35.734747],[-82.694719,35.735033],[-82.691847,35.733531],[-82.690198,35.729753],[-82.68526,35.726964],[-82.669608,35.725794],[-82.66952,35.730239],[-82.67767,35.734634],[-82.668461,35.734734],[-82.667885,35.73771],[-82.539627,35.791797],[-82.535687,35.791067],[-82.531781,35.795824],[-82.525346,35.798718],[-82.520057,35.799134],[-82.514652,35.803243],[-82.506517,35.802768],[-82.503342,35.800931],[-82.498996,35.801511],[-82.495165,35.799457],[-82.488318,35.801489],[-82.475845,35.798308],[-82.465159,35.801796],[-82.463658,35.809665],[-82.454299,35.807348],[-82.44706,35.810429],[-82.443968,35.808847],[-82.435451,35.808556],[-82.427365,35.813766],[-82.417711,35.813386],[-82.412346,35.814719],[-82.407661,35.818546],[-82.403586,35.819488],[-82.402606,35.817534],[-82.396581,35.818324],[-82.381713,35.82411],[-82.373591,35.817828],[-82.365639,35.821786],[-82.361956,35.821245],[-82.35849,35.816956],[-82.348864,35.81168],[-82.345263,35.804493],[-82.338295,35.801717],[-82.338299,35.796149],[-82.343519,35.7918],[-82.346357,35.786999],[-82.343308,35.780643],[-82.343664,35.77542],[-82.33773,35.768157],[-82.338365,35.76565],[-82.334482,35.748555],[-82.326446,35.747132],[-82.321742,35.740148],[-82.313065,35.733603],[-82.291175,35.729924],[-82.284733,35.725526],[-82.275749,35.713906],[-82.275399,35.704438],[-82.281218,35.70217],[-82.283652,35.698697],[-82.288915,35.696154],[-82.295028,35.684125],[-82.284213,35.67677],[-82.281118,35.670212],[-82.280391,35.667531],[-82.286543,35.658129],[-82.285719,35.648369],[-82.283013,35.646868],[-82.281906,35.639382],[-82.276123,35.637689],[-82.270875,35.631927],[-82.274116,35.628883],[-82.271562,35.624465],[-82.272742,35.621972],[-82.264639,35.617801],[-82.264808,35.614488],[-82.280432,35.608759],[-82.282269,35.603083],[-82.287512,35.60104],[-82.291934,35.594962],[-82.291026,35.591322],[-82.251251,35.559943],[-82.219981,35.553141],[-82.20682,35.547791],[-82.169049,35.527811],[-82.220515,35.520025],[-82.233203,35.519402],[-82.233335,35.509629],[-82.227192,35.5047],[-82.224103,35.500364],[-82.224336,35.498269],[-82.2425,35.467838],[-82.251437,35.460685],[-82.3334,35.500163],[-82.338002,35.498318],[-82.339593,35.494635],[-82.338671,35.490871],[-82.341003,35.488886],[-82.34539,35.48783],[-82.356399,35.490712],[-82.358932,35.489172],[-82.36087,35.485087],[-82.369323,35.485518],[-82.36932,35.482516],[-82.371872,35.47991],[-82.369733,35.475492],[-82.370682,35.472016],[-82.368003,35.468739],[-82.367245,35.464024],[-82.363133,35.46096],[-82.368499,35.460616],[-82.381187,35.463594],[-82.388243,35.469982],[-82.400316,35.471314],[-82.40188,35.469827],[-82.406984,35.473803],[-82.411311,35.472076],[-82.417599,35.474485],[-82.422995,35.470582],[-82.427186,35.470358],[-82.430538,35.465264],[-82.434978,35.462868],[-82.445786,35.4609],[-82.446921,35.458229],[-82.453893,35.455474],[-82.455787,35.449716],[-82.461316,35.45085],[-82.470557,35.445174],[-82.53491,35.444413],[-82.536483,35.436883],[-82.529054,35.436107]]]}},{"type":"Feature","properties":{"name":"Rockingham County","students":836},"geometry":{"type":"Polygon","coordinates":[[[-79.513638,36.540902],[-79.53241,36.241463],[-80.035119,36.257184],[-80.027339,36.54248],[-79.513638,36.540902]]]}},{"type":"Feature","properties":{"name":"Martin County","students":53},"geometry":{"type":"Polygon","coordinates":[[[-77.4092,35.998688],[-77.339279,36.064707],[-77.339809,36.066184],[-77.331426,36.068078],[-77.327569,36.071361],[-77.323089,36.059031],[-77.320792,36.056479],[-77.29279,36.045085],[-77.27447,36.033697],[-77.242084,36.02169],[-77.230515,36.015577],[-77.216413,36.014874],[-77.206525,36.007131],[-77.205956,36.004821],[-77.213328,35.992533],[-77.211219,35.990642],[-77.204608,35.993545],[-77.196064,35.992369],[-77.192306,35.985157],[-77.196417,35.981893],[-77.194284,35.976558],[-77.190268,35.973678],[-77.195742,35.96876],[-77.196342,35.966266],[-77.190828,35.96084],[-77.196691,35.963092],[-77.197557,35.961893],[-77.188515,35.957501],[-77.198982,35.957147],[-77.19928,35.955339],[-77.194215,35.949717],[-77.195952,35.948997],[-77.200568,35.950961],[-77.202282,35.947418],[-77.197531,35.938149],[-77.186393,35.931092],[-77.172068,35.92915],[-77.170026,35.930081],[-77.16626,35.936401],[-77.162831,35.937666],[-77.146055,35.936137],[-77.141293,35.933919],[-77.130876,35.940756],[-77.128193,35.937126],[-77.126534,35.928919],[-77.123781,35.926138],[-77.119874,35.926151],[-77.115007,35.929242],[-77.110644,35.927543],[-77.106443,35.932405],[-77.102922,35.933341],[-77.093662,35.924815],[-77.091979,35.925718],[-77.092073,35.928374],[-77.088797,35.928963],[-77.086672,35.932384],[-77.082366,35.931645],[-77.081166,35.93748],[-77.073494,35.934512],[-77.067271,35.936653],[-77.066594,35.938657],[-77.071067,35.942311],[-77.070637,35.943839],[-77.060936,35.938567],[-77.056036,35.941272],[-77.055124,35.94484],[-77.044033,35.943448],[-77.038758,35.930792],[-77.035646,35.929462],[-77.027544,35.929683],[-77.031843,35.917789],[-77.027254,35.917787],[-77.026614,35.909835],[-77.030613,35.905358],[-77.025254,35.902776],[-77.024126,35.899079],[-77.025505,35.89571],[-77.022126,35.890921],[-77.024539,35.890257],[-77.029301,35.893117],[-77.037494,35.890626],[-77.035655,35.885478],[-77.031006,35.88118],[-77.03969,35.874603],[-77.045332,35.875173],[-77.040402,35.867928],[-77.044648,35.862076],[-77.035613,35.857502],[-77.028788,35.857793],[-77.015828,35.862637],[-77.009602,35.861895],[-77.00525,35.858433],[-76.99802,35.863337],[-76.991693,35.865088],[-76.987949,35.870337],[-76.987324,35.876501],[-76.983988,35.876414],[-76.980667,35.87262],[-76.979533,35.875508],[-76.969991,35.881652],[-76.958909,35.883354],[-76.957051,35.886938],[-76.947176,35.893682],[-76.947206,35.897137],[-76.940937,35.901094],[-76.925543,35.899234],[-76.916343,35.893383],[-76.911301,35.881716],[-76.904254,35.876253],[-76.902067,35.868218],[-76.893027,35.863967],[-76.900136,35.857884],[-76.89725,35.849581],[-76.901938,35.844447],[-76.903473,35.838267],[-76.902553,35.835884],[-76.895701,35.833655],[-76.893894,35.830712],[-76.897162,35.827314],[-76.903666,35.825359],[-76.903949,35.823831],[-76.899846,35.820411],[-76.892651,35.818394],[-76.897517,35.815431],[-76.896579,35.813479],[-76.882571,35.811866],[-76.875222,35.813721],[-76.860087,35.825005],[-76.833136,35.852167],[-76.831807,35.859247],[-76.836722,35.878081],[-76.834825,35.88291],[-76.830189,35.885866],[-76.821692,35.887028],[-76.806906,35.883946],[-76.802041,35.88082],[-76.795776,35.87312],[-76.780985,35.863871],[-76.772625,35.862563],[-76.760598,35.864887],[-76.760866,35.863451],[-76.76317,35.864104],[-76.765392,35.861341],[-76.771578,35.861011],[-76.772177,35.858213],[-76.776404,35.858689],[-76.776895,35.856705],[-76.778699,35.856608],[-76.778438,35.854108],[-76.781168,35.853447],[-76.780473,35.850991],[-76.783801,35.848828],[-76.784278,35.844799],[-76.7893,35.837813],[-76.784661,35.832889],[-76.784921,35.829151],[-76.781921,35.826857],[-76.782603,35.824349],[-76.79685,35.816199],[-76.799448,35.81356],[-76.802606,35.805165],[-76.793504,35.795413],[-76.792821,35.792445],[-76.794112,35.791234],[-76.792763,35.790067],[-76.798472,35.784608],[-76.803457,35.78393],[-76.804003,35.779584],[-76.802263,35.776323],[-76.803325,35.772952],[-76.80796,35.768205],[-76.809182,35.762999],[-76.817584,35.75935],[-76.820226,35.753741],[-76.817063,35.748658],[-76.825192,35.744934],[-76.825926,35.740172],[-76.832001,35.737457],[-76.833683,35.73318],[-76.831328,35.730702],[-76.847264,35.719982],[-76.985842,35.658848],[-77.034646,35.678952],[-77.156765,35.736812],[-77.16384,35.739473],[-77.171987,35.736232],[-77.174,35.732831],[-77.179008,35.739652],[-77.182333,35.741919],[-77.184474,35.74071],[-77.191595,35.744052],[-77.192146,35.747038],[-77.202619,35.746483],[-77.203816,35.748883],[-77.201148,35.75078],[-77.201397,35.752215],[-77.215005,35.759792],[-77.222788,35.758709],[-77.239482,35.762078],[-77.245984,35.760506],[-77.252076,35.762237],[-77.255625,35.765386],[-77.259792,35.765222],[-77.264574,35.771476],[-77.26482,35.774377],[-77.255279,35.783014],[-77.2552,35.786352],[-77.350369,35.819228],[-77.349433,35.867414],[-77.344415,35.875328],[-77.342418,35.905262],[-77.4092,35.998688]]]}},{"type":"Feature","properties":{"name":"Henderson County","students":974},"geometry":{"type":"Polygon","coordinates":[[[-82.54695,35.425159],[-82.539839,35.42328],[-82.538527,35.421352],[-82.535936,35.422236],[-82.533228,35.41645],[-82.535456,35.42238],[-82.529838,35.422799],[-82.529054,35.436107],[-82.536483,35.436883],[-82.53491,35.444413],[-82.470557,35.445174],[-82.461316,35.45085],[-82.455787,35.449716],[-82.453893,35.455474],[-82.446921,35.458229],[-82.445786,35.4609],[-82.434978,35.462868],[-82.430538,35.465264],[-82.427186,35.470358],[-82.422995,35.470582],[-82.417599,35.474485],[-82.411311,35.472076],[-82.406984,35.473803],[-82.40188,35.469827],[-82.400316,35.471314],[-82.388243,35.469982],[-82.381187,35.463594],[-82.368499,35.460616],[-82.363133,35.46096],[-82.367245,35.464024],[-82.368003,35.468739],[-82.370682,35.472016],[-82.369733,35.475492],[-82.371872,35.47991],[-82.36932,35.482516],[-82.369323,35.485518],[-82.36087,35.485087],[-82.358932,35.489172],[-82.356399,35.490712],[-82.34539,35.48783],[-82.341003,35.488886],[-82.338671,35.490871],[-82.339593,35.494635],[-82.338002,35.498318],[-82.3334,35.500163],[-82.265795,35.467818],[-82.28055,35.442822],[-82.273423,35.430707],[-82.275803,35.423282],[-82.272713,35.41884],[-82.272607,35.409668],[-82.268514,35.406214],[-82.270202,35.400461],[-82.261768,35.394473],[-82.261382,35.388647],[-82.276744,35.374691],[-82.281377,35.36758],[-82.279835,35.365107],[-82.28207,35.360788],[-82.290008,35.353837],[-82.29003,35.351754],[-82.297974,35.33973],[-82.298142,35.33591],[-82.302475,35.335218],[-82.305265,35.33263],[-82.305694,35.3267],[-82.308142,35.326991],[-82.307985,35.322123],[-82.311281,35.320094],[-82.310429,35.314708],[-82.314224,35.31296],[-82.318146,35.306661],[-82.31883,35.307947],[-82.326574,35.309238],[-82.329503,35.307633],[-82.330461,35.302703],[-82.337947,35.29654],[-82.337718,35.29437],[-82.34117,35.291478],[-82.341826,35.288614],[-82.346081,35.286152],[-82.349653,35.244305],[-82.359152,35.244489],[-82.359256,35.228325],[-82.350931,35.228288],[-82.353754,35.190967],[-82.359644,35.192489],[-82.360794,35.190278],[-82.363974,35.189528],[-82.364509,35.188327],[-82.361925,35.186726],[-82.365776,35.182999],[-82.369244,35.180648],[-82.372581,35.18084],[-82.376525,35.185624],[-82.381146,35.187771],[-82.383315,35.191308],[-82.38307,35.194237],[-82.377886,35.195775],[-82.382135,35.203429],[-82.383927,35.210848],[-82.387673,35.21243],[-82.38988,35.215485],[-82.393791,35.215224],[-82.399364,35.209347],[-82.398263,35.206861],[-82.40012,35.20519],[-82.41222,35.202365],[-82.415816,35.199235],[-82.416527,35.201029],[-82.422623,35.195887],[-82.424216,35.193076],[-82.422805,35.190817],[-82.425175,35.19005],[-82.428282,35.183779],[-82.425889,35.179401],[-82.430804,35.177923],[-82.432357,35.172372],[-82.435469,35.170489],[-82.434609,35.16798],[-82.43987,35.165743],[-82.450854,35.165652],[-82.457317,35.163924],[-82.457925,35.167007],[-82.45178,35.172597],[-82.454968,35.176941],[-82.460668,35.177936],[-82.468206,35.174353],[-82.474945,35.173887],[-82.478161,35.17598],[-82.48003,35.174245],[-82.486327,35.174173],[-82.486999,35.169802],[-82.492188,35.168246],[-82.495542,35.164502],[-82.495476,35.162036],[-82.504199,35.165879],[-82.507683,35.162272],[-82.516925,35.163211],[-82.519763,35.159175],[-82.527708,35.155742],[-82.532393,35.156112],[-82.535911,35.154476],[-82.5368,35.160038],[-82.544741,35.161925],[-82.545886,35.164222],[-82.547704,35.162113],[-82.553246,35.161572],[-82.555641,35.159466],[-82.555901,35.156519],[-82.55316,35.153393],[-82.554247,35.152418],[-82.557903,35.15068],[-82.564225,35.152358],[-82.567755,35.149033],[-82.568085,35.145709],[-82.572744,35.144188],[-82.577628,35.146355],[-82.57728,35.148097],[-82.579207,35.149954],[-82.585376,35.151785],[-82.586683,35.155888],[-82.585794,35.158751],[-82.589241,35.159679],[-82.590961,35.162805],[-82.603968,35.221791],[-82.604267,35.25894],[-82.611014,35.261508],[-82.614405,35.259508],[-82.616194,35.260245],[-82.610186,35.288199],[-82.619034,35.288429],[-82.623383,35.295399],[-82.622214,35.302956],[-82.619248,35.303708],[-82.650527,35.331825],[-82.745139,35.422967],[-82.739246,35.429968],[-82.730893,35.432316],[-82.730361,35.435567],[-82.725438,35.437558],[-82.714909,35.448392],[-82.711965,35.448427],[-82.700739,35.454318],[-82.699344,35.453036],[-82.69529,35.454526],[-82.679806,35.454063],[-82.673099,35.459493],[-82.665395,35.45723],[-82.660606,35.452776],[-82.652926,35.455004],[-82.650623,35.451934],[-82.644075,35.449064],[-82.641964,35.444292],[-82.635232,35.442862],[-82.621749,35.435693],[-82.618078,35.44023],[-82.614522,35.439809],[-82.608421,35.443253],[-82.595014,35.435705],[-82.587031,35.438126],[-82.582886,35.436249],[-82.580734,35.433345],[-82.570608,35.431045],[-82.567984,35.435004],[-82.567939,35.437916],[-82.561901,35.437591],[-82.561188,35.443179],[-82.548825,35.444305],[-82.549357,35.440598],[-82.546422,35.440556],[-82.542279,35.43128],[-82.54695,35.425159]]]}},{"type":"Feature","properties":{"name":"Nash County","students":1258},"geometry":{"type":"Polygon","coordinates":[[[-77.897358,35.843853],[-78.006685,35.799488],[-78.147102,35.745803],[-78.181972,35.737956],[-78.188967,35.73424],[-78.193805,35.728397],[-78.197401,35.72784],[-78.203998,35.727902],[-78.20692,35.731477],[-78.209172,35.730508],[-78.215601,35.735991],[-78.215733,35.739313],[-78.213033,35.744822],[-78.215807,35.745832],[-78.21662,35.752209],[-78.218917,35.754988],[-78.226257,35.752087],[-78.22666,35.750533],[-78.232739,35.751326],[-78.235139,35.755165],[-78.234853,35.759757],[-78.238222,35.763128],[-78.238319,35.767288],[-78.244399,35.76946],[-78.246222,35.772648],[-78.250814,35.773484],[-78.248458,35.77479],[-78.246135,35.784807],[-78.247245,35.785931],[-78.243865,35.792099],[-78.250406,35.796927],[-78.249086,35.80118],[-78.25164,35.804191],[-78.251415,35.811214],[-78.257164,35.813456],[-78.255973,35.81812],[-78.240772,35.843941],[-78.182182,35.938758],[-78.006551,36.202633],[-78.001714,36.19895],[-77.9967,36.198511],[-77.997791,36.197287],[-77.996791,36.192697],[-77.993626,36.190496],[-77.992525,36.185527],[-77.990652,36.185168],[-77.991211,36.186593],[-77.987542,36.189555],[-77.983042,36.186651],[-77.984366,36.181451],[-77.979575,36.178695],[-77.978185,36.17528],[-77.975707,36.177703],[-77.973539,36.176776],[-77.971508,36.17788],[-77.969052,36.183531],[-77.969586,36.186347],[-77.973031,36.18978],[-77.972939,36.194331],[-77.967384,36.194208],[-77.951216,36.180565],[-77.944368,36.182114],[-77.943028,36.186512],[-77.944518,36.188308],[-77.944004,36.192592],[-77.940854,36.192218],[-77.930821,36.182306],[-77.926093,36.183168],[-77.923918,36.188906],[-77.917707,36.180493],[-77.92306,36.168884],[-77.922682,36.166342],[-77.915868,36.163563],[-77.909529,36.165335],[-77.900739,36.162697],[-77.901196,36.156349],[-77.892354,36.151179],[-77.88724,36.14384],[-77.884231,36.147298],[-77.882024,36.146847],[-77.87896,36.143145],[-77.878924,36.144721],[-77.871626,36.145223],[-77.861858,36.1491],[-77.85608,36.146038],[-77.847771,36.145035],[-77.821601,36.144723],[-77.81552,36.14],[-77.808066,36.138221],[-77.805161,36.141616],[-77.805899,36.147091],[-77.804335,36.149731],[-77.799263,36.144476],[-77.792486,36.145139],[-77.783119,36.141388],[-77.778495,36.14403],[-77.774138,36.142529],[-77.772567,36.147027],[-77.769315,36.146177],[-77.757021,36.148985],[-77.753202,36.151983],[-77.753229,36.156873],[-77.750068,36.157468],[-77.745937,36.153078],[-77.741656,36.15515],[-77.737184,36.153748],[-77.732446,36.147431],[-77.729387,36.148985],[-77.731528,36.139317],[-77.726256,36.138],[-77.721332,36.133795],[-77.716432,36.13638],[-77.721582,36.141417],[-77.716763,36.145785],[-77.70646,36.146785],[-77.707029,36.14828],[-77.704924,36.150913],[-77.702643,36.150487],[-77.697956,36.15315],[-77.703642,36.144903],[-77.705532,36.121002],[-77.707719,36.113684],[-77.741924,36.06112],[-77.770972,36.008503],[-77.778547,35.982511],[-77.819578,35.884063],[-77.844737,35.837618],[-77.853106,35.843889],[-77.873867,35.849731],[-77.883088,35.846217],[-77.897358,35.843853]]]}},{"type":"Feature","properties":{"name":"Ashe County","students":45},"geometry":{"type":"Polygon","coordinates":[[[-81.332519,36.370512],[-81.354301,36.355608],[-81.360704,36.322024],[-81.361997,36.313845],[-81.358627,36.312208],[-81.359872,36.308148],[-81.358849,36.305302],[-81.366827,36.30166],[-81.366667,36.285884],[-81.374121,36.284644],[-81.378643,36.277913],[-81.386852,36.282581],[-81.387419,36.284885],[-81.404737,36.290382],[-81.409232,36.294397],[-81.414359,36.294635],[-81.415836,36.291654],[-81.413125,36.281457],[-81.417443,36.278005],[-81.429413,36.277374],[-81.430879,36.275471],[-81.4295,36.272041],[-81.430287,36.266004],[-81.440505,36.262084],[-81.442923,36.259773],[-81.446639,36.26078],[-81.451672,36.257468],[-81.452461,36.258342],[-81.458157,36.250848],[-81.458236,36.248415],[-81.465507,36.251523],[-81.475389,36.253036],[-81.477516,36.24025],[-81.486319,36.241256],[-81.515132,36.256894],[-81.521685,36.255329],[-81.532608,36.265705],[-81.546772,36.272229],[-81.552237,36.276387],[-81.566119,36.272037],[-81.57398,36.281628],[-81.57417,36.283721],[-81.582159,36.291111],[-81.589236,36.303089],[-81.597368,36.308739],[-81.638186,36.349606],[-81.728781,36.391309],[-81.731958,36.394929],[-81.739368,36.395591],[-81.73827,36.400834],[-81.741406,36.403064],[-81.740022,36.408302],[-81.741671,36.412505],[-81.73766,36.413518],[-81.734518,36.412497],[-81.73365,36.414684],[-81.729441,36.415895],[-81.727152,36.419869],[-81.720876,36.42247],[-81.717847,36.429857],[-81.721317,36.4339],[-81.71483,36.437117],[-81.714498,36.44148],[-81.717826,36.445023],[-81.713787,36.447173],[-81.715211,36.454943],[-81.716858,36.45658],[-81.709668,36.459379],[-81.708118,36.462226],[-81.699001,36.464068],[-81.695029,36.467458],[-81.696179,36.469745],[-81.694608,36.473372],[-81.69635,36.475537],[-81.697924,36.488949],[-81.695949,36.491619],[-81.697245,36.496424],[-81.700254,36.498457],[-81.697424,36.502155],[-81.697091,36.50592],[-81.698398,36.506436],[-81.698344,36.509717],[-81.70297,36.521141],[-81.708098,36.524114],[-81.708075,36.535687],[-81.699795,36.536727],[-81.699768,36.540316],[-81.69379,36.547977],[-81.693361,36.550999],[-81.690221,36.551686],[-81.690998,36.55539],[-81.689548,36.561441],[-81.691878,36.565941],[-81.691286,36.567716],[-81.680072,36.568672],[-81.677047,36.570755],[-81.679214,36.578668],[-81.676979,36.581124],[-81.680093,36.585708],[-81.67749,36.588137],[-81.600455,36.586948],[-81.520347,36.580521],[-81.353259,36.574692],[-81.35315,36.546077],[-81.351712,36.546309],[-81.34903,36.552017],[-81.346081,36.55182],[-81.34553,36.545429],[-81.347956,36.54269],[-81.347493,36.540144],[-81.337723,36.526797],[-81.332192,36.522858],[-81.328339,36.517333],[-81.326601,36.504875],[-81.322575,36.495826],[-81.307774,36.480789],[-81.299727,36.475067],[-81.296414,36.464616],[-81.294676,36.465515],[-81.286953,36.461621],[-81.279661,36.451614],[-81.272081,36.446848],[-81.269041,36.43754],[-81.263761,36.428929],[-81.264389,36.423825],[-81.26264,36.418258],[-81.265422,36.417569],[-81.266578,36.415248],[-81.264567,36.410254],[-81.258848,36.402502],[-81.25254,36.400914],[-81.252529,36.397942],[-81.247019,36.393844],[-81.245504,36.390726],[-81.246792,36.387348],[-81.244029,36.382971],[-81.247044,36.375864],[-81.245679,36.37374],[-81.250174,36.372129],[-81.255886,36.363217],[-81.260684,36.363479],[-81.261232,36.364971],[-81.266018,36.361106],[-81.267199,36.363143],[-81.271349,36.363918],[-81.279839,36.363236],[-81.286273,36.368799],[-81.291931,36.366767],[-81.298356,36.368745],[-81.305899,36.367053],[-81.311936,36.370347],[-81.318291,36.370838],[-81.318576,36.375921],[-81.321376,36.377139],[-81.33194,36.372236],[-81.332519,36.370512]]]}},{"type":"Feature","properties":{"name":"Brunswick County","students":1071},"geometry":{"type":"Polygon","coordinates":[[[-77.963798,34.241682],[-77.956605,34.234491],[-77.961304,34.204869],[-77.957279,34.197291],[-77.956608,34.192488],[-77.95861,34.17377],[-77.952206,34.150347],[-77.936914,34.122822],[-77.931103,34.058884],[-77.931603,34.036381],[-77.935755,34.004968],[-77.938846,33.996589],[-77.940777,33.983596],[-77.948479,33.971274],[-77.897011,33.7868],[-77.902436,33.77852],[-77.914695,33.766032],[-77.929284,33.757984],[-77.943061,33.75377],[-77.964052,33.752899],[-77.983768,33.75872],[-77.99971,33.76713],[-78.004826,33.773502],[-78.011428,33.788895],[-78.01286,33.803863],[-78.040981,33.818774],[-78.052895,33.827432],[-78.062756,33.839203],[-78.066581,33.847985],[-78.145353,33.862734],[-78.169164,33.864089],[-78.223773,33.862475],[-78.262335,33.863163],[-78.341208,33.855293],[-78.354506,33.852252],[-78.367124,33.851597],[-78.399002,33.843262],[-78.499301,33.812852],[-78.54108,33.85112],[-78.650865,33.94502],[-78.646539,33.948004],[-78.647336,33.950154],[-78.644157,33.950132],[-78.646558,33.954599],[-78.645025,33.954052],[-78.64422,33.955617],[-78.643497,33.954427],[-78.641994,33.956157],[-78.64432,33.960123],[-78.64345,33.96199],[-78.646523,33.960508],[-78.648351,33.96554],[-78.642327,33.967278],[-78.640526,33.97049],[-78.639522,33.969276],[-78.636004,33.96962],[-78.630507,33.972175],[-78.630253,33.974871],[-78.625283,33.972217],[-78.624083,33.973298],[-78.627725,33.976092],[-78.626436,33.979692],[-78.630545,33.990964],[-78.633371,33.996568],[-78.640303,34.004366],[-78.640615,34.01028],[-78.630049,34.01607],[-78.629692,34.017717],[-78.626377,34.017698],[-78.625449,34.019756],[-78.622358,34.018225],[-78.619097,34.018957],[-78.616848,34.023512],[-78.612776,34.022038],[-78.613268,34.024346],[-78.61166,34.023237],[-78.609116,34.025954],[-78.609381,34.024541],[-78.606725,34.025443],[-78.607908,34.024014],[-78.603409,34.024665],[-78.603046,34.027796],[-78.600542,34.026675],[-78.60184,34.028836],[-78.600846,34.029988],[-78.600402,34.027898],[-78.59941,34.0293],[-78.598752,34.027911],[-78.594339,34.029419],[-78.592911,34.027147],[-78.5908,34.027155],[-78.590724,34.030265],[-78.58773,34.030766],[-78.589005,34.032237],[-78.583478,34.032018],[-78.582881,34.033882],[-78.584643,34.034066],[-78.585407,34.036157],[-78.579341,34.036891],[-78.579914,34.040473],[-78.57786,34.041178],[-78.578127,34.043771],[-78.581872,34.042669],[-78.5833,34.045923],[-78.579558,34.051616],[-78.573179,34.056035],[-78.571252,34.053392],[-78.569524,34.056159],[-78.568636,34.053794],[-78.562781,34.054288],[-78.561128,34.059104],[-78.559401,34.059368],[-78.560227,34.060596],[-78.558093,34.060007],[-78.557052,34.061849],[-78.558889,34.061395],[-78.5591,34.06641],[-78.555043,34.067071],[-78.553742,34.072186],[-78.554697,34.076685],[-78.558511,34.077736],[-78.557035,34.07586],[-78.558938,34.075234],[-78.562894,34.077692],[-78.561131,34.082449],[-78.556983,34.083697],[-78.560189,34.092052],[-78.556985,34.091737],[-78.558692,34.093536],[-78.553213,34.09724],[-78.552533,34.095127],[-78.548109,34.095242],[-78.547342,34.099033],[-78.545393,34.098607],[-78.544041,34.100115],[-78.547675,34.100336],[-78.546591,34.103228],[-78.549034,34.104274],[-78.554062,34.103671],[-78.551952,34.104321],[-78.553282,34.107063],[-78.549003,34.111466],[-78.55107,34.114753],[-78.551161,34.113344],[-78.553577,34.113111],[-78.552602,34.113926],[-78.5551,34.116753],[-78.553684,34.116152],[-78.554091,34.117677],[-78.549063,34.118813],[-78.551251,34.119851],[-78.549334,34.120182],[-78.55085,34.12184],[-78.549169,34.125235],[-78.542545,34.126109],[-78.543216,34.124375],[-78.540024,34.122926],[-78.538838,34.124841],[-78.539263,34.127462],[-78.541926,34.128767],[-78.542473,34.131789],[-78.545818,34.134534],[-78.543573,34.135843],[-78.546376,34.138342],[-78.544235,34.142862],[-78.544977,34.145957],[-78.541162,34.148294],[-78.53844,34.145774],[-78.537057,34.146208],[-78.532912,34.15351],[-78.52482,34.153978],[-78.518979,34.158904],[-78.515216,34.165948],[-78.513079,34.165698],[-78.509856,34.168773],[-78.503647,34.169193],[-78.495467,34.167588],[-78.493619,34.164037],[-78.489284,34.163684],[-78.483983,34.15784],[-78.481678,34.158311],[-78.474557,34.154707],[-78.467196,34.154761],[-78.459134,34.149813],[-78.441888,34.146256],[-78.436063,34.142124],[-78.422921,34.139494],[-78.413668,34.15038],[-78.407163,34.154821],[-78.405727,34.158378],[-78.395349,34.168079],[-78.392814,34.172952],[-78.388109,34.175212],[-78.387232,34.177552],[-78.376952,34.184222],[-78.373651,34.188038],[-78.366793,34.188774],[-78.367708,34.192564],[-78.374749,34.202602],[-78.374295,34.204893],[-78.254622,34.216305],[-78.16235,34.357007],[-78.158542,34.357458],[-78.153481,34.365587],[-78.148448,34.367007],[-78.143839,34.36468],[-78.140716,34.364861],[-78.139428,34.36623],[-78.140735,34.369146],[-78.13702,34.371814],[-78.131982,34.366663],[-78.12148,34.368286],[-78.117371,34.364599],[-78.113389,34.364449],[-78.113041,34.36021],[-78.106794,34.358106],[-78.103423,34.355224],[-78.094768,34.355986],[-78.092806,34.352382],[-78.086098,34.351385],[-78.079126,34.354165],[-78.079702,34.351976],[-78.074609,34.347206],[-78.075005,34.344312],[-78.078547,34.340233],[-78.077778,34.338506],[-78.065243,34.338893],[-78.059735,34.337563],[-78.059061,34.345149],[-78.052294,34.339484],[-78.053969,34.335585],[-78.047136,34.335439],[-78.046651,34.330388],[-78.042305,34.330312],[-78.037691,34.332445],[-78.033893,34.330149],[-78.03074,34.331755],[-78.027521,34.3306],[-78.025585,34.327192],[-78.027521,34.320152],[-78.026033,34.317992],[-78.022913,34.318008],[-78.015009,34.322872],[-78.008657,34.322552],[-78.006225,34.317448],[-78.012545,34.313144],[-78.014813,34.307468],[-78.014213,34.302568],[-78.017113,34.292769],[-78.015913,34.290269],[-78.007813,34.290169],[-78.005912,34.288869],[-78.004612,34.286769],[-78.005912,34.281769],[-78.00481,34.28047],[-77.996512,34.284369],[-77.990212,34.281669],[-77.991412,34.278069],[-77.999312,34.276169],[-78.002012,34.273069],[-78.000812,34.271569],[-77.991012,34.270669],[-77.987512,34.268269],[-77.988912,34.262269],[-77.987712,34.260069],[-77.978808,34.260058],[-77.975207,34.249359],[-77.9731,34.247237],[-77.969998,34.25163],[-77.967797,34.252127],[-77.965195,34.247619],[-77.969491,34.244011],[-77.968491,34.242308],[-77.963798,34.241682]]]}},{"type":"Feature","properties":{"name":"Montgomery County","students":137},"geometry":{"type":"Polygon","coordinates":[[[-79.89861,35.161714],[-79.944271,35.164169],[-79.949395,35.157607],[-79.954491,35.156362],[-79.966533,35.158176],[-79.974983,35.156601],[-79.983399,35.15851],[-79.988717,35.153989],[-80.002172,35.149034],[-80.022939,35.137163],[-80.03371,35.140331],[-80.041106,35.139693],[-80.075365,35.143081],[-80.068757,35.155144],[-80.056861,35.164035],[-80.053064,35.172625],[-80.053302,35.178607],[-80.060799,35.18919],[-80.061747,35.200259],[-80.069799,35.218315],[-80.077398,35.228168],[-80.091467,35.236803],[-80.098411,35.258086],[-80.092241,35.271987],[-80.094142,35.28658],[-80.092888,35.290219],[-80.080483,35.307623],[-80.079537,35.311103],[-80.081938,35.321457],[-80.066335,35.340647],[-80.065388,35.360474],[-80.054138,35.365959],[-80.051225,35.371537],[-80.057925,35.377688],[-80.062271,35.386134],[-80.066137,35.389514],[-80.075033,35.395072],[-80.083904,35.395094],[-80.087272,35.398876],[-80.093711,35.40203],[-80.090119,35.415552],[-80.095939,35.425417],[-80.100491,35.429903],[-80.097714,35.43391],[-80.097468,35.438094],[-80.108656,35.44509],[-80.108165,35.457203],[-80.109914,35.460982],[-80.118251,35.465261],[-80.12934,35.467148],[-80.139921,35.475055],[-80.149117,35.472612],[-80.161736,35.475208],[-80.165865,35.480223],[-80.176243,35.485428],[-80.178747,35.490936],[-80.179986,35.499899],[-80.182559,35.504151],[-79.767957,35.511484],[-79.764192,35.475735],[-79.75173,35.443994],[-79.709913,35.301275],[-79.711271,35.299675],[-79.710469,35.292616],[-79.71247,35.28665],[-79.711896,35.275608],[-79.705284,35.26823],[-79.70268,35.255907],[-79.698007,35.251521],[-79.687882,35.249999],[-79.68542,35.247688],[-79.681606,35.248129],[-79.672315,35.244714],[-79.669483,35.23989],[-79.669329,35.235023],[-79.667944,35.234539],[-79.66856,35.22955],[-79.664314,35.226629],[-79.664791,35.216522],[-79.662143,35.211914],[-79.662129,35.204844],[-79.657578,35.191596],[-79.649252,35.188619],[-79.636974,35.176025],[-79.627678,35.174454],[-79.627542,35.170074],[-79.62025,35.171201],[-79.617718,35.168004],[-79.615968,35.168438],[-79.614304,35.163679],[-79.642129,35.157717],[-79.65741,35.164536],[-79.662971,35.170624],[-79.671112,35.17279],[-79.673494,35.175374],[-79.679755,35.177352],[-79.683596,35.176573],[-79.693697,35.17823],[-79.694365,35.179642],[-79.713273,35.173098],[-79.725364,35.174753],[-79.733983,35.178228],[-79.749463,35.172999],[-79.768378,35.177174],[-79.792011,35.175952],[-79.81187,35.179942],[-79.818749,35.177888],[-79.824492,35.179092],[-79.830042,35.177061],[-79.836139,35.177232],[-79.851268,35.183855],[-79.89861,35.161714]]]}},{"type":"Feature","properties":{"name":"Vance County","students":380},"geometry":{"type":"Polygon","coordinates":[[[-78.338135,36.234448],[-78.37814,36.235065],[-78.412095,36.169597],[-78.416553,36.169336],[-78.418129,36.167459],[-78.422009,36.168091],[-78.421642,36.164369],[-78.432357,36.164377],[-78.431817,36.166686],[-78.449858,36.16911],[-78.454013,36.167997],[-78.457909,36.163661],[-78.460416,36.165948],[-78.460686,36.169965],[-78.466065,36.172325],[-78.485608,36.175094],[-78.48453,36.179008],[-78.49235,36.183942],[-78.495735,36.180235],[-78.496184,36.175109],[-78.4993,36.17577],[-78.508332,36.182923],[-78.511224,36.454808],[-78.500929,36.486957],[-78.504061,36.488281],[-78.502345,36.491091],[-78.504478,36.491846],[-78.504203,36.495161],[-78.502315,36.498147],[-78.500558,36.49827],[-78.501535,36.501648],[-78.500223,36.504001],[-78.494857,36.508216],[-78.496887,36.508357],[-78.497736,36.514664],[-78.493797,36.516053],[-78.493325,36.518307],[-78.486257,36.518185],[-78.485469,36.516761],[-78.480244,36.517968],[-78.475459,36.522057],[-78.472907,36.521232],[-78.470501,36.522671],[-78.470206,36.52581],[-78.46829,36.523587],[-78.466349,36.52412],[-78.4652,36.525642],[-78.469313,36.526685],[-78.467078,36.532181],[-78.463997,36.533628],[-78.458857,36.531813],[-78.458599,36.533457],[-78.45534,36.534109],[-78.455996,36.538312],[-78.453391,36.540058],[-78.457302,36.541463],[-78.456913,36.542541],[-78.323991,36.543822],[-78.277165,36.306132],[-78.290941,36.290263],[-78.292242,36.284982],[-78.302138,36.274708],[-78.304987,36.267924],[-78.314801,36.256171],[-78.332567,36.241677],[-78.338135,36.234448]]]}},{"type":"Feature","properties":{"name":"Transylvania County","students":173},"geometry":{"type":"Polygon","coordinates":[[[-82.797543,35.358782],[-82.795811,35.364726],[-82.791677,35.367214],[-82.78777,35.380994],[-82.782182,35.383257],[-82.781727,35.386806],[-82.777317,35.388642],[-82.774539,35.393308],[-82.764607,35.396238],[-82.759816,35.4023],[-82.754364,35.403021],[-82.750128,35.406689],[-82.74562,35.407345],[-82.746059,35.410204],[-82.749503,35.413012],[-82.745139,35.422967],[-82.650527,35.331825],[-82.619248,35.303708],[-82.622214,35.302956],[-82.623383,35.295399],[-82.619034,35.288429],[-82.610186,35.288199],[-82.616194,35.260245],[-82.614405,35.259508],[-82.611014,35.261508],[-82.604267,35.25894],[-82.603968,35.221791],[-82.598565,35.196989],[-82.59074,35.162018],[-82.589241,35.159679],[-82.585794,35.158751],[-82.586683,35.155888],[-82.585376,35.151785],[-82.579207,35.149954],[-82.57728,35.148097],[-82.577628,35.146355],[-82.574839,35.145449],[-82.577109,35.144738],[-82.57853,35.141049],[-82.588259,35.142813],[-82.591868,35.141255],[-82.592609,35.138624],[-82.597832,35.137709],[-82.613095,35.139654],[-82.61486,35.136227],[-82.62369,35.133635],[-82.624177,35.130618],[-82.628756,35.125777],[-82.636145,35.125457],[-82.636491,35.130065],[-82.63956,35.129874],[-82.643348,35.133782],[-82.644861,35.126987],[-82.651943,35.126194],[-82.651936,35.123145],[-82.655708,35.119941],[-82.662977,35.1181],[-82.66689,35.118054],[-82.669238,35.1206],[-82.673563,35.117262],[-82.674835,35.117836],[-82.673295,35.122146],[-82.674878,35.127299],[-82.681747,35.127972],[-82.687278,35.125294],[-82.68638,35.12124],[-82.687738,35.11905],[-82.692328,35.118939],[-82.694536,35.116162],[-82.693634,35.113242],[-82.687115,35.110773],[-82.686765,35.108025],[-82.697634,35.09596],[-82.699734,35.096277],[-82.70007,35.100891],[-82.71576,35.092854],[-82.726733,35.094673],[-82.729977,35.092031],[-82.730313,35.087655],[-82.735283,35.087158],[-82.735063,35.084238],[-82.739709,35.080489],[-82.738916,35.078095],[-82.751357,35.081529],[-82.751113,35.073893],[-82.753083,35.069781],[-82.757176,35.067203],[-82.764575,35.06838],[-82.770091,35.067739],[-82.774103,35.064813],[-82.781731,35.065305],[-82.782114,35.066888],[-82.778925,35.070561],[-82.780115,35.072417],[-82.777394,35.075434],[-82.778683,35.077355],[-82.776997,35.077575],[-82.776228,35.081164],[-82.783172,35.085921],[-83.008531,35.027394],[-83.01811,35.037093],[-83.028585,35.039891],[-83.032602,35.037803],[-83.033442,35.040709],[-83.037995,35.042218],[-83.039018,35.047917],[-83.043755,35.051455],[-83.047342,35.050477],[-83.056632,35.053562],[-83.051715,35.05634],[-83.048701,35.060982],[-83.04861,35.064597],[-83.043412,35.071534],[-83.045254,35.075116],[-83.044016,35.078213],[-83.037431,35.079698],[-83.035952,35.083027],[-82.983216,35.13192],[-82.978954,35.130308],[-82.976807,35.132684],[-82.976679,35.135492],[-82.979577,35.139105],[-82.978464,35.140793],[-82.981515,35.143613],[-82.980076,35.147261],[-82.984751,35.150237],[-82.989063,35.14844],[-82.992722,35.153021],[-82.994809,35.153521],[-82.997646,35.158458],[-82.99589,35.161372],[-82.996627,35.163578],[-82.981211,35.16764],[-82.981823,35.169874],[-82.988623,35.1745],[-82.98539,35.179805],[-82.988486,35.183118],[-82.987162,35.187482],[-82.969474,35.193813],[-82.967892,35.199297],[-82.963237,35.201207],[-82.960211,35.205458],[-82.959629,35.215515],[-82.946016,35.222793],[-82.935602,35.224974],[-82.93203,35.228914],[-82.931317,35.232672],[-82.928504,35.234748],[-82.927215,35.238836],[-82.928453,35.241442],[-82.924785,35.24559],[-82.925298,35.253447],[-82.919185,35.270801],[-82.921259,35.272939],[-82.919976,35.27601],[-82.922231,35.283201],[-82.920881,35.292037],[-82.917628,35.291684],[-82.914458,35.297356],[-82.908404,35.299125],[-82.899458,35.305467],[-82.894938,35.305487],[-82.892895,35.307722],[-82.885007,35.308044],[-82.876866,35.314504],[-82.872833,35.313982],[-82.869788,35.315845],[-82.861235,35.314414],[-82.857897,35.316998],[-82.845262,35.319024],[-82.831871,35.318388],[-82.829459,35.322719],[-82.824957,35.324169],[-82.825107,35.327841],[-82.82302,35.331938],[-82.815075,35.336078],[-82.81319,35.339529],[-82.814707,35.344392],[-82.805116,35.347966],[-82.801066,35.353587],[-82.800918,35.356741],[-82.797543,35.358782]]]}},{"type":"Feature","properties":{"name":"Surry County","students":288},"geometry":{"type":"Polygon","coordinates":[[[-80.446035,36.454605],[-80.452656,36.241651],[-80.460853,36.247788],[-80.461294,36.253617],[-80.463376,36.257469],[-80.471041,36.260964],[-80.477072,36.260675],[-80.483686,36.256002],[-80.50517,36.259916],[-80.509193,36.258426],[-80.534177,36.258505],[-80.537421,36.262713],[-80.5355,36.271289],[-80.536682,36.279282],[-80.53929,36.282103],[-80.547145,36.285274],[-80.554139,36.282377],[-80.559567,36.282961],[-80.573003,36.28018],[-80.593253,36.269845],[-80.615026,36.279634],[-80.622321,36.285706],[-80.62784,36.287934],[-80.631584,36.285112],[-80.626406,36.277572],[-80.627197,36.274155],[-80.630747,36.272306],[-80.638877,36.273429],[-80.643317,36.2724],[-80.647747,36.263536],[-80.647887,36.257011],[-80.655145,36.252067],[-80.668216,36.250938],[-80.673155,36.252221],[-80.676823,36.256881],[-80.678731,36.264211],[-80.684583,36.268751],[-80.703221,36.266014],[-80.713036,36.266717],[-80.720744,36.270097],[-80.733348,36.267201],[-80.734551,36.268815],[-80.732068,36.276541],[-80.737596,36.280358],[-80.741811,36.277798],[-80.743854,36.271473],[-80.751778,36.263379],[-80.755444,36.264142],[-80.759894,36.269287],[-80.768729,36.275003],[-80.775751,36.274023],[-80.780036,36.268861],[-80.77838,36.256927],[-80.783973,36.252832],[-80.796485,36.248027],[-80.800129,36.249533],[-80.802256,36.252586],[-80.808714,36.254327],[-80.818271,36.250497],[-80.825677,36.249777],[-80.849156,36.24088],[-80.867629,36.239057],[-80.873205,36.236305],[-80.868746,36.326447],[-80.875726,36.33087],[-80.876752,36.333526],[-80.880136,36.333943],[-80.893248,36.341101],[-80.905784,36.361099],[-80.910562,36.362372],[-80.917135,36.36756],[-80.920263,36.367268],[-80.923768,36.364449],[-80.93099,36.366708],[-80.932538,36.369307],[-80.942136,36.373604],[-80.951829,36.383493],[-80.955777,36.384731],[-80.957294,36.387705],[-80.955175,36.394601],[-80.957394,36.397373],[-80.964537,36.399018],[-80.967153,36.40202],[-80.947182,36.419074],[-80.973643,36.453474],[-80.963878,36.459276],[-80.926915,36.501219],[-80.921629,36.525915],[-80.917535,36.524113],[-80.901641,36.561766],[-80.837771,36.559138],[-80.729953,36.562349],[-80.44034,36.550665],[-80.446035,36.454605]]]}},{"type":"Feature","properties":{"name":"Clay County","students":43},"geometry":{"type":"Polygon","coordinates":[[[-83.865514,35.127342],[-83.862796,35.132397],[-83.857124,35.137066],[-83.841297,35.143744],[-83.834618,35.142891],[-83.832856,35.14057],[-83.817782,35.138838],[-83.808105,35.141648],[-83.806617,35.144065],[-83.797119,35.144923],[-83.794826,35.148062],[-83.785021,35.14779],[-83.778341,35.149951],[-83.772767,35.155913],[-83.767907,35.157019],[-83.764793,35.155467],[-83.75592,35.157202],[-83.752743,35.160836],[-83.742458,35.159371],[-83.72666,35.145432],[-83.714442,35.155283],[-83.699517,35.152463],[-83.693807,35.156115],[-83.68712,35.154111],[-83.684356,35.157766],[-83.678786,35.156247],[-83.673146,35.15697],[-83.66953,35.154276],[-83.667803,35.150472],[-83.665917,35.150066],[-83.659415,35.154489],[-83.658884,35.160051],[-83.654976,35.158192],[-83.652255,35.154104],[-83.648108,35.152584],[-83.649129,35.147523],[-83.645108,35.145159],[-83.648804,35.14047],[-83.657202,35.140059],[-83.654929,35.135808],[-83.649533,35.13454],[-83.642056,35.139072],[-83.640172,35.138719],[-83.637022,35.134608],[-83.637717,35.132841],[-83.643843,35.132149],[-83.640153,35.130573],[-83.635062,35.121221],[-83.632386,35.125087],[-83.625011,35.125084],[-83.626615,35.131361],[-83.623692,35.128776],[-83.61906,35.128382],[-83.62006,35.126277],[-83.618891,35.119408],[-83.617277,35.11936],[-83.616856,35.115376],[-83.614648,35.113422],[-83.618487,35.108658],[-83.618299,35.106798],[-83.611307,35.102123],[-83.605356,35.101891],[-83.600265,35.099489],[-83.596013,35.094382],[-83.587436,35.092293],[-83.583388,35.086954],[-83.58512,35.081903],[-83.581887,35.078114],[-83.578729,35.077126],[-83.57531,35.071651],[-83.566947,35.070982],[-83.567993,35.066906],[-83.562199,35.059536],[-83.566717,35.051281],[-83.563109,35.048314],[-83.558412,35.039134],[-83.542872,35.038504],[-83.537926,35.035424],[-83.531105,35.026222],[-83.521326,35.01828],[-83.521933,35.013234],[-83.52708,35.009214],[-83.522005,35.003619],[-83.522644,34.999434],[-83.521007,34.996772],[-83.517984,34.997417],[-83.516675,35.001871],[-83.514082,35.004144],[-83.51036,35.005155],[-83.504599,35.000659],[-83.50007,35.001609],[-83.49328,34.998889],[-83.486456,34.998525],[-83.482949,34.993301],[-83.620051,34.992032],[-83.61995,34.986669],[-84.005132,34.987175],[-84.005811,34.989247],[-84.003427,34.991387],[-84.004628,34.994222],[-84.003591,34.995465],[-83.999016,34.996193],[-83.984195,35.004855],[-83.97994,35.005796],[-83.971301,35.012353],[-83.971697,35.015347],[-83.964517,35.018602],[-83.956506,35.026279],[-83.960714,35.030874],[-83.958406,35.038886],[-83.966083,35.043974],[-83.962838,35.04596],[-83.963975,35.048125],[-83.960855,35.049197],[-83.956499,35.054299],[-83.94882,35.053836],[-83.94374,35.055905],[-83.93465,35.065756],[-83.933702,35.068891],[-83.931101,35.069422],[-83.927411,35.066743],[-83.922679,35.074075],[-83.916694,35.074558],[-83.907671,35.078219],[-83.905265,35.08662],[-83.89596,35.091865],[-83.887659,35.099126],[-83.883102,35.106096],[-83.876036,35.110339],[-83.874236,35.114167],[-83.863651,35.120421],[-83.865514,35.127342]]]}},{"type":"Feature","properties":{"name":"Dare County","students":81},"geometry":{"type":"Polygon","coordinates":[[[-75.813108,36.22356],[-75.709078,36.244984],[-75.666246,36.148924],[-75.581608,36.000165],[-75.566047,35.975614],[-75.511514,35.875175],[-75.480501,35.814207],[-75.466237,35.801315],[-75.461124,35.790171],[-75.460815,35.784524],[-75.45163,35.771557],[-75.437617,35.74696],[-75.41782,35.686082],[-75.406815,35.636972],[-75.40039,35.593512],[-75.400119,35.575411],[-75.402422,35.54421],[-75.415089,35.50018],[-75.423496,35.427652],[-75.426135,35.386923],[-75.447751,35.309794],[-75.459334,35.246552],[-75.470859,35.208728],[-75.484571,35.187577],[-75.487685,35.184994],[-75.501324,35.176134],[-75.519213,35.169083],[-75.532176,35.167149],[-75.549695,35.168524],[-75.569325,35.175533],[-75.581108,35.183784],[-75.59022,35.183757],[-75.636215,35.172205],[-75.672379,35.16021],[-75.70737,35.146111],[-75.73662,35.140565],[-75.7689,35.249539],[-75.814021,35.500182],[-75.868393,35.578104],[-75.87982,35.606856],[-75.879746,35.614095],[-75.876703,35.625177],[-75.877389,35.629299],[-75.883953,35.632784],[-75.889064,35.64194],[-75.891953,35.643328],[-75.890079,35.647319],[-75.890496,35.652259],[-75.898014,35.660417],[-75.901342,35.668952],[-76.027479,35.668849],[-76.020502,35.68735],[-76.027415,35.718894],[-76.019276,35.752763],[-76.02239,35.81066],[-76.021663,35.831843],[-76.017694,35.865356],[-76.009178,35.894453],[-75.992284,35.909855],[-75.987466,35.916453],[-75.980721,35.959653],[-75.973152,35.976643],[-75.965582,35.983412],[-75.954374,35.990064],[-75.927507,36.000159],[-75.777995,36.048423],[-75.767682,36.05526],[-75.764727,36.060139],[-75.763265,36.066124],[-75.763669,36.075503],[-75.765717,36.084169],[-75.774593,36.105055],[-75.773806,36.11505],[-75.777085,36.137785],[-75.780274,36.144392],[-75.789371,36.154764],[-75.7904,36.159601],[-75.789137,36.172043],[-75.798678,36.182529],[-75.801872,36.188449],[-75.798839,36.199165],[-75.79943,36.202218],[-75.813108,36.22356]]]}},{"type":"Feature","properties":{"name":"Columbus County","students":180},"geometry":{"type":"Polygon","coordinates":[[[-78.648373,34.460869],[-78.60377,34.441134],[-78.594012,34.431443],[-78.580356,34.428993],[-78.552713,34.420778],[-78.44532,34.3774],[-78.420101,34.378108],[-78.396915,34.370747],[-78.365702,34.372803],[-78.335084,34.367622],[-78.256085,34.399469],[-78.252631,34.391208],[-78.246616,34.393313],[-78.245,34.389923],[-78.2456,34.385087],[-78.23671,34.380448],[-78.235156,34.374228],[-78.232677,34.373971],[-78.228797,34.378928],[-78.22478,34.373503],[-78.210595,34.368795],[-78.21175,34.362604],[-78.210194,34.35796],[-78.202532,34.353306],[-78.192888,34.352675],[-78.179273,34.355278],[-78.174692,34.351246],[-78.169807,34.356801],[-78.162192,34.35724],[-78.254622,34.216305],[-78.374295,34.204893],[-78.374749,34.202602],[-78.367708,34.192564],[-78.366793,34.188774],[-78.373651,34.188038],[-78.376952,34.184222],[-78.387232,34.177552],[-78.388109,34.175212],[-78.392814,34.172952],[-78.395349,34.168079],[-78.405727,34.158378],[-78.407163,34.154821],[-78.413668,34.15038],[-78.422921,34.139494],[-78.436063,34.142124],[-78.441888,34.146256],[-78.459134,34.149813],[-78.467196,34.154761],[-78.474557,34.154707],[-78.481678,34.158311],[-78.483983,34.15784],[-78.489284,34.163684],[-78.493619,34.164037],[-78.495467,34.167588],[-78.503647,34.169193],[-78.509856,34.168773],[-78.513079,34.165698],[-78.515216,34.165948],[-78.518979,34.158904],[-78.52482,34.153978],[-78.532912,34.15351],[-78.537057,34.146208],[-78.53844,34.145774],[-78.541162,34.148294],[-78.544977,34.145957],[-78.544235,34.142862],[-78.546376,34.138342],[-78.543573,34.135843],[-78.545818,34.134534],[-78.542473,34.131789],[-78.541926,34.128767],[-78.539263,34.127462],[-78.538838,34.124841],[-78.540024,34.122926],[-78.543216,34.124375],[-78.542545,34.126109],[-78.549169,34.125235],[-78.55085,34.12184],[-78.549334,34.120182],[-78.551251,34.119851],[-78.549063,34.118813],[-78.554091,34.117677],[-78.553684,34.116152],[-78.5551,34.116753],[-78.552602,34.113926],[-78.553577,34.113111],[-78.551161,34.113344],[-78.55107,34.114753],[-78.549003,34.111466],[-78.553282,34.107063],[-78.551952,34.104321],[-78.554062,34.103671],[-78.549034,34.104274],[-78.546591,34.103228],[-78.547675,34.100336],[-78.544041,34.100115],[-78.545393,34.098607],[-78.547342,34.099033],[-78.548109,34.095242],[-78.552533,34.095127],[-78.553213,34.09724],[-78.558692,34.093536],[-78.556985,34.091737],[-78.560189,34.092052],[-78.556983,34.083697],[-78.561131,34.082449],[-78.562894,34.077692],[-78.558938,34.075234],[-78.557035,34.07586],[-78.558511,34.077736],[-78.554697,34.076685],[-78.553742,34.072186],[-78.555043,34.067071],[-78.5591,34.06641],[-78.558889,34.061395],[-78.557052,34.061849],[-78.558093,34.060007],[-78.560227,34.060596],[-78.559401,34.059368],[-78.561128,34.059104],[-78.562781,34.054288],[-78.568636,34.053794],[-78.569524,34.056159],[-78.571252,34.053392],[-78.573179,34.056035],[-78.579558,34.051616],[-78.5833,34.045923],[-78.581872,34.042669],[-78.578127,34.043771],[-78.57786,34.041178],[-78.579914,34.040473],[-78.579341,34.036891],[-78.585407,34.036157],[-78.584643,34.034066],[-78.582881,34.033882],[-78.583478,34.032018],[-78.589005,34.032237],[-78.58773,34.030766],[-78.590724,34.030265],[-78.5908,34.027155],[-78.592911,34.027147],[-78.594339,34.029419],[-78.598752,34.027911],[-78.59941,34.0293],[-78.600402,34.027898],[-78.600846,34.029988],[-78.60184,34.028836],[-78.600542,34.026675],[-78.603046,34.027796],[-78.603409,34.024665],[-78.607908,34.024014],[-78.606725,34.025443],[-78.609381,34.024541],[-78.609116,34.025954],[-78.61166,34.023237],[-78.613268,34.024346],[-78.612776,34.022038],[-78.616848,34.023512],[-78.619097,34.018957],[-78.622358,34.018225],[-78.625449,34.019756],[-78.626377,34.017698],[-78.629692,34.017717],[-78.630049,34.01607],[-78.640615,34.01028],[-78.640303,34.004366],[-78.633371,33.996568],[-78.630545,33.990964],[-78.626436,33.979692],[-78.627725,33.976092],[-78.624083,33.973298],[-78.625283,33.972217],[-78.630253,33.974871],[-78.630507,33.972175],[-78.636004,33.96962],[-78.639522,33.969276],[-78.640526,33.97049],[-78.642327,33.967278],[-78.648351,33.96554],[-78.646523,33.960508],[-78.64345,33.96199],[-78.64432,33.960123],[-78.641994,33.956157],[-78.643497,33.954427],[-78.64422,33.955617],[-78.645025,33.954052],[-78.646558,33.954599],[-78.644157,33.950132],[-78.647485,33.950018],[-78.646476,33.948114],[-78.6497,33.946544],[-78.650342,33.944365],[-79.071211,34.299342],[-79.068879,34.301181],[-79.070353,34.303471],[-79.067175,34.303626],[-79.069633,34.305017],[-79.068358,34.306977],[-79.065259,34.308687],[-79.061623,34.308276],[-79.060901,34.306714],[-79.058387,34.308876],[-79.054781,34.308959],[-79.057534,34.310781],[-79.052881,34.314635],[-79.050468,34.314605],[-79.049514,34.311866],[-79.04556,34.310727],[-79.038471,34.313138],[-79.037219,34.316401],[-79.040378,34.317456],[-79.036542,34.321368],[-79.035511,34.319202],[-79.03383,34.324784],[-79.036884,34.326055],[-79.034912,34.32708],[-79.036464,34.328822],[-79.034759,34.329886],[-79.037149,34.333509],[-79.035004,34.333874],[-79.035648,34.336723],[-79.033572,34.337161],[-79.034459,34.338423],[-79.030443,34.340124],[-79.032248,34.342738],[-79.028717,34.342747],[-79.028738,34.345491],[-79.030425,34.346827],[-79.026818,34.348859],[-79.025062,34.348155],[-79.024966,34.351669],[-79.027112,34.353068],[-79.018519,34.352155],[-79.017173,34.350019],[-79.016774,34.351799],[-79.009079,34.352828],[-79.010746,34.355139],[-79.005547,34.3596],[-79.008065,34.361449],[-79.003822,34.361231],[-79.004056,34.362785],[-79.000779,34.364866],[-79.002828,34.36455],[-79.002893,34.368892],[-79.00492,34.369704],[-79.005628,34.372895],[-79.007408,34.372501],[-79.007428,34.376805],[-79.010224,34.376952],[-79.009593,34.380034],[-79.011611,34.380887],[-79.008475,34.38235],[-79.006912,34.381461],[-79.006365,34.38361],[-79.002259,34.384254],[-78.998596,34.39098],[-78.994896,34.390352],[-78.994992,34.392574],[-78.983535,34.393843],[-78.982888,34.392287],[-78.978523,34.392648],[-78.979695,34.39086],[-78.977251,34.390351],[-78.97351,34.392128],[-78.975687,34.393925],[-78.97553,34.396055],[-78.973956,34.394749],[-78.969736,34.395211],[-78.970349,34.396601],[-78.968015,34.39761],[-78.96989,34.401213],[-78.967176,34.402138],[-78.967867,34.405602],[-78.969631,34.405955],[-78.967284,34.41078],[-78.970947,34.409975],[-78.967875,34.412984],[-78.969696,34.412984],[-78.970231,34.415254],[-78.96803,34.416605],[-78.971849,34.41806],[-78.967391,34.42219],[-78.969279,34.42244],[-78.969993,34.424339],[-78.968183,34.425089],[-78.971187,34.42747],[-78.966784,34.431233],[-78.966068,34.435443],[-78.960818,34.439172],[-78.959775,34.442982],[-78.956314,34.44291],[-78.955374,34.444516],[-78.953956,34.443413],[-78.9542,34.445701],[-78.951808,34.448756],[-78.948321,34.449968],[-78.94573,34.449069],[-78.94134,34.453414],[-78.936756,34.451731],[-78.935051,34.453706],[-78.936825,34.455341],[-78.932936,34.453898],[-78.929368,34.455025],[-78.925212,34.452824],[-78.921644,34.453861],[-78.918617,34.451809],[-78.917074,34.453279],[-78.920887,34.458333],[-78.9199,34.459298],[-78.914056,34.45916],[-78.906854,34.455841],[-78.903733,34.45783],[-78.90728,34.460091],[-78.906332,34.462245],[-78.901126,34.459907],[-78.895532,34.462281],[-78.893138,34.465352],[-78.894519,34.468378],[-78.891062,34.467637],[-78.887739,34.470659],[-78.881822,34.472774],[-78.881589,34.475263],[-78.869963,34.48207],[-78.868961,34.484778],[-78.860319,34.483176],[-78.858063,34.474411],[-78.849874,34.473619],[-78.844713,34.468882],[-78.837636,34.467561],[-78.830353,34.462578],[-78.825861,34.461732],[-78.670431,34.469889],[-78.667588,34.469645],[-78.666385,34.464652],[-78.663852,34.462418],[-78.656447,34.460338],[-78.659282,34.45359],[-78.648373,34.460869]]]}}]}