{"type":"FeatureCollection","features":[{"type":"Feature","properties":{"zip":"53040","name":"Zip 53040","students":20},"geometry":{"type":"Polygon","coordinates":[[[-88.336971,43.4892],[-88.322031,43.489328],[-88.322028,43.492591],[-88.281568,43.492465],[-88.281403,43.514387],[-88.29275,43.51434],[-88.292703,43.516229],[-88.288777,43.516985],[-88.288753,43.521692],[-88.296346,43.521692],[-88.296204,43.527393],[-88.298687,43.527464],[-88.298502,43.528978],[-88.311004,43.529118],[-88.311183,43.53965],[-88.30106,43.53896],[-88.301008,43.543016],[-88.290883,43.542908],[-88.290878,43.547216],[-88.280963,43.547969],[-88.280853,43.551531],[-88.276419,43.55096],[-88.269859,43.553086],[-88.2663,43.551639],[-88.268332,43.549307],[-88.26691,43.548561],[-88.260772,43.549221],[-88.260702,43.547608],[-88.252493,43.547631],[-88.251496,43.544895],[-88.248535,43.546751],[-88.246031,43.54471],[-88.251372,43.55235],[-88.245608,43.552376],[-88.245594,43.553818],[-88.24066,43.553125],[-88.240605,43.557481],[-88.236162,43.557486],[-88.237995,43.553184],[-88.234786,43.548787],[-88.231534,43.549899],[-88.22831,43.547885],[-88.220582,43.552036],[-88.220525,43.557579],[-88.213664,43.557597],[-88.214075,43.550518],[-88.211341,43.550474],[-88.210443,43.552194],[-88.205459,43.553701],[-88.205379,43.557613],[-88.202924,43.557682],[-88.203162,43.560108],[-88.205328,43.561157],[-88.204824,43.564863],[-88.183118,43.564739],[-88.180311,43.567094],[-88.179276,43.574664],[-88.17264,43.5794],[-88.161536,43.582483],[-88.160379,43.586708],[-88.120349,43.593574],[-88.111516,43.597722],[-88.1087,43.59603],[-88.110555,43.585892],[-88.105111,43.579304],[-88.104261,43.571575],[-88.120471,43.571762],[-88.120462,43.568008],[-88.125462,43.568032],[-88.125486,43.560879],[-88.121459,43.56005],[-88.120514,43.558154],[-88.120527,43.549584],[-88.110567,43.550005],[-88.107779,43.547086],[-88.10411,43.546648],[-88.100422,43.542407],[-88.080472,43.542397],[-88.080279,43.527467],[-88.090319,43.52732],[-88.090426,43.512815],[-88.100448,43.512634],[-88.10065,43.498069],[-88.090641,43.498204],[-88.090734,43.483593],[-88.122238,43.48356],[-88.123469,43.487245],[-88.13338,43.487316],[-88.13856,43.485803],[-88.140747,43.487057],[-88.141531,43.476796],[-88.148401,43.469282],[-88.161634,43.469548],[-88.161462,43.484116],[-88.175275,43.484247],[-88.176681,43.480738],[-88.178801,43.480655],[-88.181587,43.480682],[-88.181591,43.484315],[-88.201567,43.484475],[-88.201842,43.479149],[-88.205374,43.478587],[-88.202615,43.475279],[-88.205247,43.473771],[-88.202163,43.469575],[-88.207375,43.468456],[-88.205286,43.455633],[-88.208831,43.455681],[-88.207659,43.457651],[-88.211594,43.457602],[-88.211671,43.45947],[-88.2167,43.45949],[-88.21799,43.462823],[-88.22177,43.462767],[-88.221697,43.4676],[-88.223611,43.468888],[-88.239401,43.468915],[-88.239313,43.466109],[-88.241734,43.466104],[-88.24233,43.469005],[-88.244994,43.470317],[-88.281932,43.470607],[-88.2817,43.481524],[-88.291517,43.481543],[-88.292061,43.477904],[-88.321874,43.477973],[-88.322022,43.485269],[-88.322932,43.481729],[-88.331831,43.481872],[-88.331974,43.485488],[-88.336972,43.485587],[-88.336971,43.4892]]]}},{"type":"Feature","properties":{"zip":"54956","name":"Zip 54956","students":429},"geometry":{"type":"Polygon","coordinates":[[[-88.626502,44.235595],[-88.618484,44.240978],[-88.614597,44.253342],[-88.610051,44.25837],[-88.57894,44.257983],[-88.578226,44.250702],[-88.562331,44.250797],[-88.562474,44.244468],[-88.564032,44.243709],[-88.545027,44.243777],[-88.544168,44.236098],[-88.539251,44.243965],[-88.466017,44.244098],[-88.464947,44.233356],[-88.467589,44.226703],[-88.465245,44.225543],[-88.46762,44.219344],[-88.467293,44.216023],[-88.465264,44.215719],[-88.465269,44.214405],[-88.467332,44.214409],[-88.467403,44.211309],[-88.469842,44.209798],[-88.469841,44.205072],[-88.474226,44.203181],[-88.474905,44.200833],[-88.471944,44.198994],[-88.474513,44.19272],[-88.433207,44.19382],[-88.443361,44.177492],[-88.443773,44.174302],[-88.442007,44.169643],[-88.433909,44.169056],[-88.436875,44.165143],[-88.436908,44.160739],[-88.440199,44.155261],[-88.44499,44.154927],[-88.45075,44.1492],[-88.455537,44.148619],[-88.459854,44.145869],[-88.460778,44.141579],[-88.469794,44.131609],[-88.46748,44.127222],[-88.462912,44.125664],[-88.468837,44.119681],[-88.470382,44.115232],[-88.478849,44.113663],[-88.483117,44.110607],[-88.483664,44.112867],[-88.543629,44.112035],[-88.543642,44.113068],[-88.548616,44.11303],[-88.548601,44.115576],[-88.563544,44.115481],[-88.563734,44.12262],[-88.583811,44.122469],[-88.584693,44.18483],[-88.577665,44.184904],[-88.577696,44.188389],[-88.582622,44.188375],[-88.582652,44.191778],[-88.584909,44.191772],[-88.584981,44.195698],[-88.590023,44.195662],[-88.590096,44.198273],[-88.587629,44.19934],[-88.590086,44.199304],[-88.590144,44.203018],[-88.595193,44.20293],[-88.595309,44.210637],[-88.605387,44.210561],[-88.605453,44.213815],[-88.616136,44.213615],[-88.616109,44.217164],[-88.618002,44.217162],[-88.620504,44.228004],[-88.626481,44.227988],[-88.626502,44.235595]]]}},{"type":"Feature","properties":{"zip":"53037","name":"Zip 53037","students":527},"geometry":{"type":"Polygon","coordinates":[[[-88.224826,43.337772],[-88.201409,43.338706],[-88.201486,43.347257],[-88.18461,43.347118],[-88.184422,43.3487],[-88.181682,43.348663],[-88.181686,43.353503],[-88.146806,43.351888],[-88.146818,43.348887],[-88.151775,43.349013],[-88.151853,43.345386],[-88.146879,43.345219],[-88.147022,43.338057],[-88.142121,43.337914],[-88.142195,43.334333],[-88.131088,43.3314],[-88.121035,43.335724],[-88.11195,43.334005],[-88.112439,43.323151],[-88.115035,43.323184],[-88.114976,43.312402],[-88.117413,43.312356],[-88.117425,43.308796],[-88.114905,43.308761],[-88.114083,43.294291],[-88.102701,43.294111],[-88.101087,43.293269],[-88.101134,43.290461],[-88.092806,43.290247],[-88.092806,43.292008],[-88.090903,43.292365],[-88.087809,43.292293],[-88.087905,43.290223],[-88.082963,43.290128],[-88.083287,43.279247],[-88.09421,43.279428],[-88.112013,43.274617],[-88.118057,43.275863],[-88.118144,43.27214],[-88.123088,43.272164],[-88.122812,43.27996],[-88.16203,43.280619],[-88.162032,43.283395],[-88.166967,43.28425],[-88.176821,43.284345],[-88.176818,43.282548],[-88.185784,43.283773],[-88.186723,43.291449],[-88.197732,43.291406],[-88.197487,43.295341],[-88.210285,43.295357],[-88.221174,43.303209],[-88.221279,43.331622],[-88.224503,43.334959],[-88.223668,43.336837],[-88.224826,43.337772]]]}},{"type":"Feature","properties":{"zip":"53070","name":"Zip 53070","students":140},"geometry":{"type":"Polygon","coordinates":[[[-87.889818,43.617239],[-87.889774,43.638245],[-87.875451,43.63815],[-87.875439,43.652769],[-87.859953,43.652535],[-87.859643,43.64527],[-87.840272,43.644959],[-87.840257,43.652236],[-87.827125,43.652074],[-87.822862,43.653998],[-87.822677,43.653038],[-87.821883,43.652045],[-87.822888,43.654663],[-87.825519,43.6568],[-87.821325,43.659224],[-87.822765,43.661805],[-87.818795,43.666052],[-87.819995,43.667997],[-87.815923,43.667419],[-87.815219,43.665061],[-87.811043,43.664182],[-87.819661,43.659354],[-87.800134,43.659488],[-87.79945,43.64493],[-87.790534,43.644913],[-87.784819,43.659463],[-87.766243,43.659244],[-87.764291,43.663411],[-87.763066,43.663539],[-87.764935,43.659307],[-87.748293,43.658839],[-87.74737,43.656446],[-87.739384,43.656073],[-87.739934,43.647498],[-87.737419,43.646934],[-87.735671,43.64721],[-87.735494,43.65191],[-87.732381,43.652276],[-87.731935,43.6553],[-87.729794,43.655885],[-87.729189,43.658342],[-87.723266,43.657391],[-87.726918,43.648834],[-87.741552,43.629461],[-87.733243,43.629343],[-87.750093,43.612015],[-87.780487,43.563552],[-87.782826,43.550081],[-87.782315,43.542981],[-87.791108,43.543016],[-87.791579,43.543085],[-87.792745,43.548207],[-87.79038,43.561526],[-87.784952,43.571954],[-87.79048,43.572113],[-87.790585,43.568503],[-87.79183,43.568436],[-87.795646,43.573666],[-87.787808,43.586651],[-87.807254,43.586679],[-87.812205,43.581849],[-87.814427,43.583552],[-87.813377,43.586682],[-87.838612,43.586763],[-87.834041,43.597681],[-87.845351,43.597669],[-87.845201,43.601331],[-87.873202,43.601449],[-87.870987,43.60415],[-87.87346,43.609927],[-87.872478,43.610563],[-87.879497,43.610553],[-87.878164,43.610984],[-87.877951,43.613951],[-87.879739,43.61432],[-87.879748,43.616116],[-87.889818,43.617239]]]}},{"type":"Feature","properties":{"zip":"54451","name":"Zip 54451","students":39},"geometry":{"type":"Polygon","coordinates":[[[-90.697936,45.189609],[-90.696096,45.189167],[-90.696539,45.191234],[-90.689416,45.191143],[-90.685291,45.187881],[-90.677216,45.186778],[-90.668503,45.191128],[-90.664948,45.191288],[-90.660225,45.197449],[-90.660484,45.202873],[-90.65567,45.20969],[-90.671925,45.218357],[-90.66784,45.220864],[-90.658874,45.222121],[-90.656138,45.22112],[-90.655467,45.223491],[-90.647886,45.2251],[-90.646547,45.227917],[-90.641619,45.227266],[-90.637967,45.228729],[-90.637772,45.234333],[-90.679356,45.234077],[-90.678557,45.349069],[-90.611465,45.348728],[-90.604584,45.342934],[-90.596311,45.341973],[-90.596601,45.298645],[-90.595263,45.29832],[-90.595551,45.300243],[-90.593709,45.300682],[-90.588615,45.299908],[-90.585815,45.303062],[-90.583622,45.301855],[-90.581341,45.304813],[-90.574709,45.30478],[-90.57002,45.308551],[-90.567867,45.307884],[-90.568502,45.305863],[-90.554185,45.301858],[-90.551674,45.299157],[-90.552504,45.296745],[-90.550843,45.294762],[-90.542356,45.294321],[-90.539269,45.290711],[-90.534097,45.290639],[-90.531456,45.292648],[-90.527562,45.292506],[-90.525678,45.290665],[-90.47542,45.290606],[-90.456601,45.294326],[-90.454389,45.290591],[-90.449979,45.289311],[-90.45179,45.286369],[-90.445512,45.282223],[-90.445877,45.278996],[-90.448799,45.276768],[-90.447098,45.274593],[-90.445251,45.264942],[-90.442711,45.261551],[-90.432529,45.256689],[-90.432429,45.286573],[-90.425668,45.287168],[-90.416955,45.279461],[-90.412455,45.267675],[-90.410431,45.265937],[-90.411083,45.262522],[-90.404839,45.265172],[-90.403415,45.261877],[-90.396127,45.261989],[-90.393792,45.263228],[-90.381418,45.263371],[-90.379545,45.27038],[-90.37719,45.272801],[-90.37322,45.272638],[-90.371473,45.274299],[-90.371832,45.276254],[-90.366468,45.278324],[-90.364846,45.284165],[-90.359798,45.282779],[-90.357659,45.28353],[-90.357943,45.285048],[-90.312836,45.286701],[-90.311288,45.294805],[-90.306341,45.2978],[-90.307243,45.294136],[-90.302304,45.294432],[-90.302015,45.282731],[-90.298987,45.281786],[-90.295109,45.287734],[-90.292009,45.287212],[-90.292148,45.239479],[-90.286302,45.239675],[-90.286396,45.243266],[-90.281387,45.24336],[-90.281671,45.247046],[-90.276379,45.246857],[-90.276284,45.24336],[-90.250658,45.244399],[-90.250847,45.255146],[-90.198924,45.254788],[-90.19861,45.251341],[-90.188548,45.251554],[-90.189026,45.236877],[-90.168306,45.237254],[-90.168465,45.20743],[-90.14611,45.207653],[-90.147774,45.192852],[-90.146796,45.191321],[-90.136466,45.197434],[-90.126852,45.197351],[-90.125641,45.207811],[-90.107551,45.208362],[-90.10375,45.203586],[-90.102873,45.197303],[-90.101128,45.198286],[-90.098574,45.196847],[-90.095631,45.193238],[-90.095112,45.189285],[-90.091332,45.190108],[-90.086912,45.187688],[-90.084711,45.182337],[-90.078458,45.182762],[-90.074371,45.18586],[-90.069639,45.183429],[-90.069552,45.177247],[-90.063963,45.175053],[-90.06645,45.172837],[-90.062833,45.169546],[-90.063284,45.164634],[-90.060345,45.164108],[-90.06154,45.15835],[-90.063866,45.156975],[-90.059298,45.149503],[-90.074194,45.14947],[-90.081243,45.146058],[-90.084421,45.141957],[-90.105316,45.141739],[-90.105246,45.125308],[-90.097199,45.123312],[-90.093707,45.120356],[-90.114809,45.120357],[-90.114929,45.116831],[-90.120508,45.116456],[-90.120379,45.120377],[-90.140513,45.120374],[-90.140026,45.090997],[-90.197571,45.091258],[-90.197605,45.09855],[-90.201511,45.10021],[-90.202932,45.104963],[-90.207611,45.105762],[-90.217941,45.10577],[-90.217796,45.091354],[-90.335129,45.091301],[-90.335243,45.076843],[-90.355682,45.076424],[-90.355713,45.06189],[-90.376167,45.06126],[-90.376312,45.046772],[-90.39669,45.046257],[-90.396767,45.060741],[-90.454575,45.059879],[-90.454491,45.08889],[-90.47496,45.08884],[-90.475191,45.077987],[-90.480411,45.078152],[-90.485195,45.07437],[-90.491271,45.07401],[-90.494158,45.076715],[-90.491606,45.077218],[-90.490529,45.080186],[-90.494707,45.084281],[-90.494805,45.088853],[-90.535797,45.088901],[-90.535892,45.107104],[-90.525708,45.107009],[-90.52547,45.1141],[-90.520378,45.114242],[-90.520472,45.118399],[-90.515228,45.118362],[-90.514639,45.145715],[-90.520696,45.144702],[-90.518906,45.149401],[-90.521484,45.150412],[-90.525057,45.148031],[-90.527311,45.150783],[-90.524775,45.152554],[-90.526831,45.153621],[-90.533247,45.150937],[-90.534415,45.15134],[-90.53375,45.153048],[-90.537212,45.151513],[-90.539918,45.152351],[-90.543524,45.148142],[-90.549775,45.147158],[-90.550943,45.149128],[-90.549055,45.154309],[-90.550425,45.15649],[-90.548617,45.157702],[-90.548487,45.163899],[-90.542007,45.169407],[-90.543026,45.172048],[-90.547722,45.173823],[-90.55242,45.170206],[-90.556502,45.170555],[-90.556577,45.171719],[-90.556571,45.165154],[-90.558847,45.164399],[-90.556572,45.161983],[-90.617618,45.16205],[-90.61762,45.160784],[-90.62149,45.160095],[-90.637947,45.16407],[-90.637825,45.155827],[-90.673504,45.155597],[-90.691901,45.166973],[-90.692571,45.169921],[-90.69081,45.171614],[-90.683971,45.170818],[-90.685928,45.174036],[-90.688905,45.174357],[-90.688182,45.176197],[-90.686274,45.175546],[-90.684598,45.177628],[-90.691106,45.183503],[-90.695056,45.18433],[-90.693466,45.1859],[-90.697936,45.189609]]]}},{"type":"Feature","properties":{"zip":"53032","name":"Zip 53032","students":11},"geometry":{"type":"Polygon","coordinates":[[[-88.701481,43.458891],[-88.652921,43.458726],[-88.668515,43.472683],[-88.668471,43.476885],[-88.663182,43.476822],[-88.663206,43.482813],[-88.660291,43.482002],[-88.658836,43.48325],[-88.658346,43.476918],[-88.654958,43.476044],[-88.644051,43.464173],[-88.643586,43.490427],[-88.637939,43.492896],[-88.630948,43.490003],[-88.624944,43.494425],[-88.623107,43.49974],[-88.62042,43.502112],[-88.610814,43.50231],[-88.611204,43.506098],[-88.609735,43.507215],[-88.604407,43.506995],[-88.602313,43.504153],[-88.598917,43.503536],[-88.596435,43.505678],[-88.589766,43.505496],[-88.589497,43.501246],[-88.586425,43.501201],[-88.586394,43.498006],[-88.580996,43.497943],[-88.580856,43.474906],[-88.58546,43.473246],[-88.577543,43.473144],[-88.577404,43.457992],[-88.561469,43.457814],[-88.561913,43.418496],[-88.583037,43.427298],[-88.585435,43.425499],[-88.596618,43.425894],[-88.597875,43.40022],[-88.617211,43.400247],[-88.617479,43.38223],[-88.625252,43.38471],[-88.629216,43.381267],[-88.636681,43.382633],[-88.63397,43.391762],[-88.63703,43.395291],[-88.643758,43.398962],[-88.654056,43.400149],[-88.655709,43.422406],[-88.674666,43.422725],[-88.674177,43.432578],[-88.684738,43.432551],[-88.684747,43.429964],[-88.69495,43.429751],[-88.694511,43.435093],[-88.697709,43.451429],[-88.701481,43.458891]]]}},{"type":"Feature","properties":{"zip":"54665","name":"Zip 54665","students":67},"geometry":{"type":"Polygon","coordinates":[[[-91.109885,43.587624],[-91.107895,43.589596],[-91.107799,43.594586],[-91.104606,43.603279],[-91.100555,43.607545],[-91.099034,43.621133],[-91.099614,43.624578],[-91.103253,43.626744],[-91.103957,43.63013],[-91.108573,43.632479],[-91.109662,43.637284],[-91.045161,43.637089],[-91.043533,43.631178],[-91.029502,43.630916],[-91.029294,43.618813],[-91.018268,43.618667],[-91.017997,43.610523],[-91.012452,43.609385],[-91.007464,43.616502],[-90.999118,43.614535],[-90.992139,43.614971],[-90.988728,43.61346],[-90.988654,43.610153],[-90.969853,43.610282],[-90.960148,43.607057],[-90.959217,43.603145],[-90.949392,43.603161],[-90.949304,43.61074],[-90.942253,43.612706],[-90.93901,43.61267],[-90.938875,43.610334],[-90.924422,43.61028],[-90.924126,43.606685],[-90.919896,43.607076],[-90.920154,43.625016],[-90.889366,43.625413],[-90.88913,43.610966],[-90.883987,43.610876],[-90.884043,43.609099],[-90.882334,43.609063],[-90.878686,43.609105],[-90.87805,43.610812],[-90.876191,43.59996],[-90.872314,43.600021],[-90.87216,43.603359],[-90.864384,43.603429],[-90.864505,43.624967],[-90.848617,43.624611],[-90.833179,43.621021],[-90.817203,43.610743],[-90.813622,43.611144],[-90.799437,43.605573],[-90.789841,43.605328],[-90.789855,43.612736],[-90.780686,43.611749],[-90.77617,43.60773],[-90.776125,43.604982],[-90.778595,43.602225],[-90.763881,43.601679],[-90.760205,43.599763],[-90.760117,43.595387],[-90.756012,43.595192],[-90.755934,43.592374],[-90.760727,43.5923],[-90.76012,43.581238],[-90.773341,43.581147],[-90.767201,43.575713],[-90.76384,43.575585],[-90.763979,43.573066],[-90.76613,43.571406],[-90.763868,43.570837],[-90.765756,43.57018],[-90.765109,43.568022],[-90.761317,43.565568],[-90.762555,43.562224],[-90.756207,43.562235],[-90.753461,43.570063],[-90.74687,43.57268],[-90.746808,43.55703],[-90.754869,43.556392],[-90.753309,43.554757],[-90.750896,43.55529],[-90.750967,43.553771],[-90.748523,43.554664],[-90.747332,43.553741],[-90.748378,43.55239],[-90.74558,43.55165],[-90.744706,43.548063],[-90.746427,43.545786],[-90.746804,43.540896],[-90.74534,43.536758],[-90.742877,43.536504],[-90.7426,43.532929],[-90.739092,43.532032],[-90.740143,43.529748],[-90.738573,43.522611],[-90.741715,43.520558],[-90.741071,43.519044],[-90.742995,43.516936],[-90.740323,43.506325],[-90.740332,43.507621],[-90.73931,43.50763],[-90.737988,43.503611],[-90.733432,43.501203],[-90.734867,43.500471],[-90.733534,43.499558],[-90.731519,43.499622],[-90.730214,43.498031],[-90.73192,43.497008],[-90.730807,43.495204],[-90.768099,43.495207],[-90.769366,43.497474],[-90.767267,43.499507],[-90.778197,43.507116],[-90.789237,43.510511],[-90.809537,43.511901],[-90.820032,43.516716],[-90.818925,43.514399],[-90.822661,43.511276],[-90.823997,43.506793],[-90.824008,43.502851],[-90.820082,43.498995],[-90.828871,43.498763],[-90.828662,43.483346],[-90.824534,43.48348],[-90.82428,43.480702],[-90.828624,43.480559],[-90.827936,43.438589],[-90.847471,43.438557],[-90.854395,43.431614],[-90.858444,43.423808],[-90.872402,43.423781],[-90.872332,43.420135],[-90.877104,43.420148],[-90.877424,43.418491],[-90.88132,43.416449],[-90.887828,43.417026],[-90.890783,43.415797],[-90.890833,43.412638],[-90.896893,43.411724],[-90.91321,43.414302],[-90.92272,43.418731],[-90.938535,43.419713],[-90.945964,43.423894],[-90.902782,43.423859],[-90.918104,43.427264],[-90.930705,43.426588],[-90.944528,43.429351],[-90.949277,43.423901],[-91.001269,43.42353],[-91.007411,43.42729],[-91.007567,43.433835],[-91.005238,43.435811],[-91.007972,43.438325],[-91.008488,43.44112],[-91.017866,43.436538],[-91.018371,43.440273],[-91.021745,43.444205],[-91.033708,43.446057],[-91.033337,43.449601],[-91.029039,43.452192],[-91.02873,43.466339],[-91.038921,43.466234],[-91.048011,43.463973],[-91.048134,43.479557],[-91.053048,43.48122],[-91.052839,43.499843],[-91.049283,43.502757],[-91.049384,43.509041],[-91.07453,43.509342],[-91.074256,43.512768],[-91.059917,43.512979],[-91.049178,43.5151],[-91.044397,43.522153],[-91.045115,43.523973],[-91.042031,43.527139],[-91.046395,43.537148],[-91.046456,43.542261],[-91.043174,43.54748],[-91.043519,43.566501],[-91.048024,43.566468],[-91.048512,43.573529],[-91.053306,43.573525],[-91.053463,43.580741],[-91.068135,43.58071],[-91.068219,43.585553],[-91.084225,43.588352],[-91.085783,43.58093],[-91.090139,43.579913],[-91.09196,43.581376],[-91.091478,43.584416],[-91.094064,43.583636],[-91.095891,43.587264],[-91.101302,43.588109],[-91.101094,43.587122],[-91.102767,43.586757],[-91.104212,43.588954],[-91.10916,43.586162],[-91.109885,43.587624]]]}},{"type":"Feature","properties":{"zip":"54771","name":"Zip 54771","students":25},"geometry":{"type":"Polygon","coordinates":[[[-90.921976,44.824491],[-90.919309,44.8261],[-90.916184,44.8256],[-90.915107,44.823243],[-90.908268,44.82143],[-90.907537,44.824246],[-90.90363,44.824824],[-90.895874,44.822046],[-90.881987,44.822216],[-90.879711,44.819991],[-90.877737,44.821509],[-90.877772,44.825058],[-90.876093,44.825768],[-90.879261,44.828087],[-90.861724,44.828501],[-90.861531,44.850038],[-90.852125,44.857495],[-90.855322,44.857568],[-90.854867,44.861568],[-90.8534,44.862042],[-90.854955,44.862967],[-90.853819,44.864733],[-90.85087,44.865096],[-90.851923,44.86595],[-90.849724,44.869486],[-90.844887,44.870971],[-90.843955,44.873583],[-90.845532,44.874552],[-90.844174,44.875803],[-90.847087,44.87578],[-90.853814,44.882033],[-90.854621,44.883763],[-90.853105,44.885899],[-90.854761,44.886891],[-90.852914,44.890018],[-90.85674,44.89347],[-90.848429,44.898266],[-90.847857,44.900904],[-90.861336,44.901008],[-90.861386,44.908262],[-90.870412,44.907893],[-90.870369,44.919041],[-90.861489,44.91922],[-90.861549,44.935547],[-90.847008,44.9355],[-90.847007,44.942239],[-90.851209,44.94222],[-90.851162,44.944903],[-90.849215,44.944916],[-90.852732,44.948496],[-90.852615,44.953304],[-90.858451,44.959194],[-90.850339,44.959248],[-90.850571,44.980855],[-90.861712,44.980856],[-90.861239,45.002535],[-90.871279,45.002656],[-90.871296,45.009923],[-90.881863,45.009893],[-90.881914,45.03146],[-90.897116,45.031366],[-90.893369,45.03404],[-90.890218,45.033927],[-90.88912,45.03606],[-90.885792,45.0342],[-90.881725,45.035069],[-90.881477,45.060558],[-90.861168,45.060646],[-90.861153,45.072122],[-90.864191,45.073106],[-90.865146,45.075161],[-90.861153,45.07513],[-90.860992,45.119259],[-90.840347,45.119213],[-90.840439,45.075279],[-90.820152,45.075329],[-90.819977,45.086128],[-90.799682,45.086064],[-90.799873,45.060612],[-90.780365,45.060795],[-90.780602,45.046257],[-90.794302,45.046125],[-90.792729,45.044529],[-90.790508,45.045746],[-90.790426,45.043015],[-90.787411,45.043097],[-90.787796,45.042046],[-90.784494,45.044104],[-90.780624,45.043299],[-90.780836,45.03156],[-90.760301,45.031502],[-90.760147,45.046013],[-90.750314,45.046041],[-90.739921,45.039115],[-90.7399,45.035113],[-90.744972,45.035121],[-90.74496,45.031411],[-90.699401,45.031316],[-90.699191,45.002239],[-90.678655,45.002341],[-90.678773,44.962402],[-90.699197,44.964031],[-90.699256,44.95889],[-90.713695,44.958893],[-90.713228,44.955935],[-90.715428,44.953983],[-90.714664,44.951309],[-90.717686,44.949443],[-90.716335,44.947136],[-90.717298,44.945893],[-90.711544,44.94282],[-90.710953,44.939067],[-90.712376,44.937986],[-90.704453,44.932657],[-90.705609,44.930842],[-90.700891,44.926681],[-90.703131,44.922169],[-90.700901,44.917507],[-90.705233,44.914044],[-90.704275,44.908404],[-90.707254,44.904756],[-90.705188,44.90489],[-90.703124,44.901604],[-90.708693,44.899636],[-90.705914,44.896894],[-90.708756,44.896621],[-90.708464,44.894596],[-90.714,44.888468],[-90.713662,44.886165],[-90.740051,44.886215],[-90.740149,44.85739],[-90.760405,44.857368],[-90.760226,44.82872],[-90.77938,44.828649],[-90.779414,44.817142],[-90.784132,44.814827],[-90.783671,44.803048],[-90.785396,44.795515],[-90.787557,44.793383],[-90.786897,44.790953],[-90.788348,44.788887],[-90.793247,44.790424],[-90.793216,44.777077],[-90.796487,44.773016],[-90.800393,44.77239],[-90.801739,44.768492],[-90.806125,44.771139],[-90.806857,44.769377],[-90.808933,44.772765],[-90.814429,44.775],[-90.821024,44.772359],[-90.829097,44.774521],[-90.831214,44.773418],[-90.835153,44.776543],[-90.836498,44.775321],[-90.841505,44.775904],[-90.841453,44.77052],[-90.854208,44.770563],[-90.852729,44.765559],[-90.860227,44.761648],[-90.857847,44.757399],[-90.859221,44.756706],[-90.858542,44.755506],[-90.860809,44.755365],[-90.862494,44.750199],[-90.85922,44.748916],[-90.859192,44.743907],[-90.861396,44.744301],[-90.860528,44.742658],[-90.862045,44.741014],[-90.865459,44.742315],[-90.86841,44.738778],[-90.871387,44.741818],[-90.876934,44.741706],[-90.877484,44.739308],[-90.882691,44.73993],[-90.88131,44.74138],[-90.882925,44.744405],[-90.87901,44.747157],[-90.881301,44.747849],[-90.882293,44.750563],[-90.885619,44.748239],[-90.886249,44.743398],[-90.888348,44.741601],[-90.921736,44.7414],[-90.921976,44.824491]]]}},{"type":"Feature","properties":{"zip":"54143","name":"Zip 54143","students":101},"geometry":{"type":"Polygon","coordinates":[[[-87.843096,45.146326],[-87.826976,45.146391],[-87.826266,45.149895],[-87.821036,45.149842],[-87.826105,45.158067],[-87.821698,45.163552],[-87.820743,45.149846],[-87.78139,45.149705],[-87.78002,45.14996],[-87.779878,45.157232],[-87.75956,45.157436],[-87.759044,45.197001],[-87.756422,45.195819],[-87.751364,45.198134],[-87.745044,45.196833],[-87.740683,45.204023],[-87.738499,45.202889],[-87.741799,45.197051],[-87.739007,45.192738],[-87.739397,45.190046],[-87.73521,45.177642],[-87.736104,45.172244],[-87.727768,45.169596],[-87.71791,45.161191],[-87.709539,45.15869],[-87.707391,45.154679],[-87.703492,45.152206],[-87.692375,45.149505],[-87.683902,45.144135],[-87.675816,45.135059],[-87.678209,45.130084],[-87.674742,45.127018],[-87.672447,45.121294],[-87.661296,45.112566],[-87.661211,45.108279],[-87.651412,45.108558],[-87.645757,45.106124],[-87.631535,45.106224],[-87.627717,45.10335],[-87.59188,45.094689],[-87.585388,45.096925],[-87.577919,45.095847],[-87.580065,45.083533],[-87.576796,45.07209],[-87.578105,45.071426],[-87.577857,45.074115],[-87.580724,45.079006],[-87.585096,45.083345],[-87.581491,45.07908],[-87.58248,45.077101],[-87.581023,45.075828],[-87.58467,45.075703],[-87.586524,45.078194],[-87.584756,45.079134],[-87.585493,45.081472],[-87.587352,45.078213],[-87.589298,45.077692],[-87.59437,45.08471],[-87.601601,45.082329],[-87.609305,45.076318],[-87.624943,45.048262],[-87.625096,45.044775],[-87.622825,45.044913],[-87.621341,44.971675],[-87.656594,44.971254],[-87.655355,44.971421],[-87.65434,44.978579],[-87.659654,44.981783],[-87.659555,44.983129],[-87.65788,44.983076],[-87.656562,44.983459],[-87.659844,44.983911],[-87.659798,44.987515],[-87.661691,44.988235],[-87.660042,44.987142],[-87.660376,44.984719],[-87.662429,44.986841],[-87.660645,44.984439],[-87.663498,44.98718],[-87.662785,44.98943],[-87.668087,44.988236],[-87.67092,44.992846],[-87.682533,44.994159],[-87.681401,44.996404],[-87.682815,44.998698],[-87.689077,45.004621],[-87.695432,45.006054],[-87.700731,45.004651],[-87.700277,45.008466],[-87.704391,45.008042],[-87.704637,45.010156],[-87.709842,45.011666],[-87.71088,45.01797],[-87.705617,45.020256],[-87.707461,45.024583],[-87.716149,45.020933],[-87.716955,45.022301],[-87.713364,45.0248],[-87.714264,45.028435],[-87.721007,45.026166],[-87.720535,45.033137],[-87.726834,45.033795],[-87.726291,45.027989],[-87.728802,45.026184],[-87.732646,45.033342],[-87.740495,45.035369],[-87.744247,45.045386],[-87.737816,45.044333],[-87.737861,45.045608],[-87.729671,45.045762],[-87.730092,45.051668],[-87.720179,45.055474],[-87.720888,45.064639],[-87.715743,45.064492],[-87.716868,45.08658],[-87.722185,45.086642],[-87.721887,45.081799],[-87.72712,45.082343],[-87.726897,45.078781],[-87.737557,45.078567],[-87.738163,45.089053],[-87.73304,45.089538],[-87.744187,45.089501],[-87.745395,45.095863],[-87.750339,45.105005],[-87.753648,45.106401],[-87.757492,45.106385],[-87.757582,45.102639],[-87.759372,45.102625],[-87.767925,45.102673],[-87.76783,45.106365],[-87.778107,45.106351],[-87.778637,45.089692],[-87.785874,45.089657],[-87.786188,45.097927],[-87.792964,45.098562],[-87.793781,45.1005],[-87.799187,45.101444],[-87.798332,45.105949],[-87.801302,45.106531],[-87.800786,45.120889],[-87.822537,45.121124],[-87.822445,45.128409],[-87.800738,45.128151],[-87.800378,45.14349],[-87.802715,45.14269],[-87.801684,45.143723],[-87.803853,45.144437],[-87.806748,45.14187],[-87.812014,45.141287],[-87.816202,45.143438],[-87.821445,45.143517],[-87.822336,45.135681],[-87.837734,45.135666],[-87.843067,45.133301],[-87.843096,45.146326]]]}},{"type":"Feature","properties":{"zip":"54901","name":"Zip 54901","students":516},"geometry":{"type":"Polygon","coordinates":[[[-88.581909,44.044952],[-88.559305,44.084723],[-88.543335,44.097473],[-88.52092,44.112415],[-88.483107,44.112521],[-88.482487,44.105209],[-88.485421,44.102986],[-88.483165,44.101501],[-88.477527,44.102076],[-88.486648,44.096894],[-88.483178,44.0933],[-88.483547,44.091838],[-88.492957,44.090326],[-88.499629,44.091304],[-88.508227,44.087736],[-88.511806,44.083599],[-88.513559,44.073856],[-88.508406,44.066102],[-88.509143,44.064851],[-88.514288,44.062586],[-88.516766,44.063746],[-88.514403,44.063143],[-88.5133,44.064364],[-88.517719,44.066255],[-88.523165,44.065812],[-88.523553,44.067203],[-88.527939,44.066519],[-88.523423,44.066471],[-88.527267,44.065473],[-88.525288,44.065375],[-88.52494,44.059735],[-88.522188,44.058925],[-88.521697,44.056507],[-88.52383,44.053642],[-88.52068,44.056007],[-88.520416,44.058111],[-88.516984,44.057687],[-88.519573,44.055635],[-88.52117,44.050068],[-88.522731,44.050285],[-88.519467,44.048355],[-88.523724,44.04747],[-88.520879,44.04705],[-88.521966,44.045057],[-88.516623,44.044274],[-88.509815,44.048014],[-88.507292,44.044361],[-88.51235,44.040794],[-88.505177,44.039877],[-88.520014,44.003684],[-88.533329,44.011497],[-88.548807,44.016813],[-88.555213,44.022883],[-88.565212,44.037129],[-88.574812,44.043183],[-88.581909,44.044952]],[[-88.525512,44.074537],[-88.519145,44.073222],[-88.516595,44.074144],[-88.515966,44.078364],[-88.521256,44.077836],[-88.522088,44.075285],[-88.524919,44.075774],[-88.525512,44.074537]]]}},{"type":"Feature","properties":{"zip":"53177","name":"Zip 53177","students":183},"geometry":{"type":"Polygon","coordinates":[[[-88.002683,42.683926],[-87.98926,42.684127],[-87.989224,42.687751],[-87.963419,42.687856],[-87.963605,42.695569],[-87.953949,42.696422],[-87.977347,42.694559],[-87.963403,42.703246],[-87.963489,42.713315],[-87.968367,42.713286],[-87.968376,42.720535],[-87.970283,42.720519],[-87.970226,42.725609],[-87.965878,42.727799],[-87.966513,42.729014],[-87.964196,42.730879],[-87.965558,42.739909],[-87.967233,42.739893],[-87.967504,42.74231],[-87.971833,42.742271],[-87.971901,42.745675],[-87.967436,42.749223],[-87.969657,42.755115],[-87.968641,42.757069],[-87.934571,42.75672],[-87.934663,42.748838],[-87.913648,42.754436],[-87.905796,42.71982],[-87.877197,42.719137],[-87.879458,42.703342],[-87.870266,42.703953],[-87.87027,42.697557],[-87.880533,42.697651],[-87.882701,42.683291],[-87.894703,42.683456],[-87.894892,42.668949],[-87.905456,42.669062],[-87.905379,42.654724],[-87.948954,42.654959],[-87.948627,42.653187],[-87.94475,42.652206],[-87.94142,42.647654],[-87.940444,42.643522],[-87.941696,42.640475],[-87.953136,42.640365],[-87.953324,42.662132],[-87.968085,42.662353],[-87.968039,42.658725],[-87.97297,42.658783],[-87.973064,42.665535],[-87.978087,42.665524],[-87.978138,42.668478],[-88.002314,42.669541],[-88.002683,42.683926]]]}},{"type":"Feature","properties":{"zip":"53215","name":"Zip 53215","students":2758},"geometry":{"type":"MultiPolygon","coordinates":[[[[-87.969137,42.988359],[-87.967878,42.989074],[-87.967808,42.995656],[-87.963453,42.99746],[-87.958366,42.994724],[-87.958653,42.997504],[-87.966552,43.001208],[-87.966413,43.012261],[-87.962692,43.013254],[-87.967511,43.014312],[-87.966799,43.022415],[-87.96444,43.023976],[-87.966094,43.02416],[-87.957693,43.024222],[-87.947783,43.028359],[-87.947251,43.007159],[-87.936785,43.006607],[-87.935367,43.008156],[-87.934374,43.006567],[-87.918195,43.006071],[-87.919228,42.98161],[-87.940511,42.98117],[-87.940483,42.983826],[-87.941728,42.981689],[-87.944272,42.981213],[-87.963117,42.98119],[-87.963043,42.985717],[-87.967942,42.985733],[-87.967361,42.988355],[-87.969137,42.988359]]],[[[-87.977563,43.00409],[-87.975002,43.005195],[-87.973444,43.008365],[-87.967906,43.007795],[-87.967713,43.002912],[-87.977563,43.00409]]]]}},{"type":"Feature","properties":{"zip":"54129","name":"Zip 54129","students":20},"geometry":{"type":"Polygon","coordinates":[[[-88.330144,44.071883],[-88.325135,44.086756],[-88.328151,44.098326],[-88.327601,44.105682],[-88.319882,44.124843],[-88.310629,44.1415],[-88.304336,44.141312],[-88.30423,44.13771],[-88.294271,44.137604],[-88.294264,44.136204],[-88.290426,44.136092],[-88.291611,44.13397],[-88.264999,44.133693],[-88.264809,44.147887],[-88.254675,44.148262],[-88.254537,44.173505],[-88.248234,44.173376],[-88.246731,44.18053],[-88.249234,44.181193],[-88.246991,44.184167],[-88.244116,44.184123],[-88.244081,44.186223],[-88.235509,44.186229],[-88.23411,44.188895],[-88.229348,44.189967],[-88.227931,44.193328],[-88.219065,44.194786],[-88.221437,44.200286],[-88.22097,44.209049],[-88.218585,44.209032],[-88.218712,44.206359],[-88.213966,44.206334],[-88.213747,44.198215],[-88.209136,44.198228],[-88.209096,44.205066],[-88.204083,44.205012],[-88.20397,44.212556],[-88.163639,44.212467],[-88.163837,44.197811],[-88.154495,44.197712],[-88.154489,44.187847],[-88.157334,44.179523],[-88.155843,44.177117],[-88.148897,44.175969],[-88.147262,44.17263],[-88.140437,44.16723],[-88.138513,44.162768],[-88.12912,44.157943],[-88.128975,44.15406],[-88.118806,44.153709],[-88.122675,44.151321],[-88.11967,44.147897],[-88.11303,44.146973],[-88.114823,44.140232],[-88.103621,44.133674],[-88.101462,44.127572],[-88.094558,44.122313],[-88.099476,44.124155],[-88.111386,44.124219],[-88.111351,44.120554],[-88.108849,44.12058],[-88.108809,44.11699],[-88.089308,44.116823],[-88.079095,44.106201],[-88.070173,44.108304],[-88.065623,44.106396],[-88.063206,44.104475],[-88.061323,44.099473],[-88.053849,44.092459],[-88.04979,44.080923],[-88.093199,44.080813],[-88.09342,44.073594],[-88.10352,44.073558],[-88.103816,44.095238],[-88.119375,44.095274],[-88.119345,44.091297],[-88.127417,44.091348],[-88.127548,44.095291],[-88.129075,44.095289],[-88.129306,44.093641],[-88.133782,44.092544],[-88.133754,44.087999],[-88.143691,44.087966],[-88.143761,44.073579],[-88.150811,44.073519],[-88.151041,44.087436],[-88.188691,44.087744],[-88.190239,44.09175],[-88.192145,44.091485],[-88.191337,44.095892],[-88.193819,44.09608],[-88.197868,44.093042],[-88.203387,44.093606],[-88.203391,44.092029],[-88.206839,44.090854],[-88.206541,44.087732],[-88.219091,44.087831],[-88.222499,44.090871],[-88.222614,44.095192],[-88.229163,44.095154],[-88.229014,44.087894],[-88.232606,44.087851],[-88.23267,44.084415],[-88.251022,44.084348],[-88.250993,44.073374],[-88.297837,44.071871],[-88.299127,44.078352],[-88.30156,44.078345],[-88.302248,44.072818],[-88.330144,44.071883]]]}},{"type":"Feature","properties":{"zip":"53065","name":"Zip 53065","students":64},"geometry":{"type":"Polygon","coordinates":[[[-88.650125,43.670825],[-88.644359,43.67616],[-88.644159,43.719957],[-88.610391,43.719759],[-88.610385,43.722094],[-88.593579,43.72332],[-88.593583,43.726941],[-88.583566,43.726892],[-88.583554,43.730514],[-88.57341,43.731378],[-88.573366,43.734042],[-88.568988,43.733517],[-88.568672,43.735374],[-88.573229,43.736942],[-88.569363,43.744828],[-88.573451,43.748505],[-88.566918,43.748432],[-88.563409,43.747065],[-88.56329,43.733292],[-88.533484,43.735287],[-88.523399,43.733524],[-88.5229,43.707487],[-88.492241,43.708388],[-88.492325,43.704877],[-88.495347,43.704812],[-88.498535,43.7012],[-88.497584,43.690232],[-88.491898,43.690146],[-88.491817,43.679194],[-88.48177,43.679173],[-88.480995,43.667172],[-88.481534,43.66247],[-88.487757,43.666276],[-88.514111,43.661657],[-88.514252,43.664809],[-88.515024,43.665505],[-88.516843,43.661504],[-88.52225,43.661704],[-88.521949,43.639179],[-88.541924,43.639336],[-88.541593,43.623818],[-88.601396,43.625603],[-88.60162,43.632658],[-88.611813,43.632799],[-88.611649,43.661674],[-88.635025,43.662249],[-88.635025,43.66943],[-88.648135,43.669636],[-88.650125,43.670825]]]}},{"type":"Feature","properties":{"zip":"53049","name":"Zip 53049","students":10},"geometry":{"type":"Polygon","coordinates":[[[-88.367362,43.824859],[-88.365649,43.826644],[-88.346541,43.827629],[-88.3473,43.847347],[-88.342329,43.84834],[-88.344919,43.850223],[-88.344919,43.852007],[-88.342426,43.852518],[-88.342712,43.86287],[-88.338725,43.862831],[-88.338628,43.850062],[-88.334341,43.850142],[-88.334349,43.854801],[-88.331658,43.854809],[-88.331589,43.852172],[-88.327956,43.852129],[-88.327888,43.854847],[-88.30212,43.853721],[-88.30236,43.863793],[-88.292493,43.868189],[-88.292599,43.881061],[-88.312854,43.881039],[-88.328085,43.877272],[-88.346568,43.877433],[-88.343393,43.880739],[-88.3555,43.88121],[-88.350221,43.887953],[-88.347617,43.895868],[-88.330916,43.916262],[-88.33226,43.915936],[-88.33292,43.915953],[-88.323636,43.920747],[-88.318323,43.926293],[-88.31533,43.933538],[-88.314948,43.937665],[-88.316111,43.940118],[-88.314876,43.940267],[-88.316158,43.940259],[-88.315588,43.938505],[-88.315728,43.938396],[-88.316387,43.939869],[-88.316848,43.948223],[-88.318205,43.954103],[-88.286188,43.953733],[-88.285988,43.937683],[-88.221965,43.937592],[-88.222642,43.89188],[-88.242851,43.892057],[-88.242251,43.849265],[-88.256881,43.843265],[-88.257115,43.847936],[-88.272351,43.847949],[-88.272263,43.842016],[-88.268568,43.83823],[-88.275863,43.833683],[-88.28176,43.833678],[-88.281488,43.819195],[-88.30141,43.819148],[-88.301569,43.833561],[-88.309427,43.833689],[-88.309365,43.819179],[-88.321498,43.819189],[-88.335439,43.813499],[-88.366358,43.81444],[-88.367362,43.824859]]]}},{"type":"Feature","properties":{"zip":"54301","name":"Zip 54301","students":78},"geometry":{"type":"Polygon","coordinates":[[[-88.055832,44.464872],[-88.051141,44.472006],[-88.044321,44.476064],[-88.039492,44.481799],[-88.026328,44.491881],[-88.027782,44.492385],[-88.023752,44.498484],[-88.023303,44.504092],[-88.018428,44.515194],[-88.011303,44.521692],[-88.007567,44.519963],[-88.004754,44.515281],[-87.998133,44.514046],[-87.998629,44.510419],[-87.993099,44.509891],[-87.990366,44.506955],[-87.990315,44.504511],[-87.994593,44.499102],[-87.998744,44.496943],[-87.994749,44.492801],[-87.996808,44.488929],[-88.007877,44.483839],[-88.003406,44.481381],[-88.002714,44.47923],[-88.004353,44.475524],[-88.010129,44.473833],[-88.013154,44.471142],[-88.01188,44.468866],[-88.00724,44.467547],[-88.009265,44.462334],[-88.016201,44.461201],[-88.014182,44.459073],[-88.020048,44.452722],[-88.017306,44.451239],[-88.016957,44.4487],[-88.012461,44.446536],[-88.016774,44.445051],[-88.042853,44.454184],[-88.040241,44.457938],[-88.055832,44.464872]],[[-88.041794,44.470809],[-88.033337,44.467831],[-88.031763,44.470085],[-88.039283,44.47308],[-88.041794,44.470809]]]}},{"type":"Feature","properties":{"zip":"53172","name":"Zip 53172","students":407},"geometry":{"type":"Polygon","coordinates":[[[-87.882094,42.893762],[-87.881392,42.930032],[-87.838962,42.930213],[-87.837566,42.920811],[-87.83418,42.915636],[-87.835063,42.908089],[-87.840285,42.901324],[-87.841094,42.894747],[-87.839971,42.893159],[-87.882094,42.893762]]]}},{"type":"Feature","properties":{"zip":"53042","name":"Zip 53042","students":13},"geometry":{"type":"Polygon","coordinates":[[[-88.082275,43.90729],[-88.077854,43.907287],[-88.077929,43.913546],[-88.071778,43.913645],[-88.071765,43.920858],[-88.062133,43.921054],[-88.062233,43.92804],[-88.054997,43.928041],[-88.062143,43.935709],[-88.062031,43.950054],[-88.032431,43.949834],[-88.032513,43.957022],[-88.037426,43.957214],[-88.037474,43.962606],[-88.041984,43.962867],[-88.042138,43.97917],[-88.031999,43.979222],[-88.03402,43.981719],[-88.040754,43.981413],[-88.042189,43.982668],[-88.042561,44.023041],[-88.026527,44.024576],[-88.025937,44.02215],[-88.024317,44.022441],[-88.023679,44.020981],[-88.023212,44.024904],[-88.017323,44.025694],[-88.008006,44.030025],[-87.991496,44.029854],[-87.986412,44.023429],[-87.982948,44.022699],[-87.982993,44.008168],[-87.932475,44.00805],[-87.932551,44.00264],[-87.929115,44.002615],[-87.929099,43.996398],[-87.922368,43.996361],[-87.922336,43.993568],[-87.918069,43.993514],[-87.918109,43.986241],[-87.908633,43.9862],[-87.908643,43.982841],[-87.902109,43.98291],[-87.901946,43.964335],[-87.876419,43.963862],[-87.875963,43.927825],[-87.881149,43.927893],[-87.880993,43.934229],[-87.882258,43.935915],[-87.911853,43.935426],[-87.912015,43.924247],[-87.908739,43.921987],[-87.908254,43.919352],[-87.910145,43.917262],[-87.907027,43.913501],[-87.909595,43.908974],[-87.90788,43.907119],[-87.908541,43.905922],[-87.910091,43.904501],[-87.919874,43.907961],[-87.922296,43.906491],[-87.94225,43.9064],[-87.942215,43.89217],[-88.07792,43.891696],[-88.082056,43.893891],[-88.082275,43.90729]]]}},{"type":"Feature","properties":{"zip":"53097","name":"Zip 53097","students":225},"geometry":{"type":"Polygon","coordinates":[[[-88.063353,43.192117],[-88.063292,43.278881],[-87.991911,43.279264],[-87.990253,43.278289],[-87.990387,43.276152],[-87.983884,43.276104],[-87.984191,43.274291],[-87.980136,43.274273],[-87.979334,43.279478],[-87.902776,43.280315],[-87.911712,43.250392],[-87.948756,43.250805],[-87.952134,43.253607],[-87.956496,43.25414],[-87.958948,43.25839],[-87.963931,43.258251],[-87.964601,43.256505],[-87.969764,43.257068],[-87.968885,43.255161],[-87.970617,43.250636],[-87.991025,43.250736],[-87.992599,43.253412],[-87.997077,43.254895],[-88.003623,43.252441],[-88.003612,43.221625],[-88.001977,43.221589],[-88.003088,43.218002],[-88.001642,43.217116],[-88.002177,43.212094],[-88.003677,43.212136],[-88.003814,43.192581],[-88.063353,43.192117]]]}},{"type":"Feature","properties":{"zip":"54494","name":"Zip 54494","students":366},"geometry":{"type":"Polygon","coordinates":[[[-89.867126,44.325379],[-89.852805,44.330711],[-89.847707,44.335519],[-89.85268,44.33503],[-89.849363,44.336621],[-89.851256,44.336624],[-89.848658,44.341755],[-89.859459,44.358581],[-89.858668,44.36569],[-89.852655,44.370432],[-89.845815,44.370983],[-89.842466,44.377267],[-89.834009,44.384165],[-89.833409,44.387127],[-89.824918,44.39295],[-89.818883,44.406943],[-89.813837,44.412256],[-89.815156,44.415077],[-89.811406,44.419593],[-89.798287,44.425597],[-89.789465,44.426373],[-89.790326,44.431179],[-89.78879,44.433153],[-89.775463,44.43744],[-89.755624,44.439897],[-89.729335,44.447523],[-89.726331,44.447702],[-89.726253,44.44552],[-89.712942,44.450478],[-89.704705,44.449807],[-89.671822,44.453284],[-89.64992,44.45223],[-89.634421,44.455281],[-89.624868,44.452187],[-89.631216,44.453129],[-89.635523,44.451816],[-89.639823,44.452571],[-89.64176,44.451678],[-89.642013,44.451838],[-89.642837,44.451764],[-89.644513,44.451283],[-89.642131,44.451615],[-89.646413,44.449667],[-89.647141,44.439023],[-89.657327,44.439055],[-89.657443,44.434406],[-89.64718,44.4368],[-89.647564,44.410214],[-89.667815,44.41005],[-89.667848,44.395504],[-89.627205,44.395703],[-89.62737,44.38666],[-89.606966,44.388176],[-89.607247,44.359217],[-89.627263,44.359121],[-89.627255,44.337203],[-89.647207,44.337396],[-89.647383,44.322524],[-89.654841,44.322616],[-89.657703,44.318688],[-89.657777,44.313055],[-89.662636,44.311985],[-89.665581,44.307949],[-89.665488,44.304682],[-89.668589,44.30402],[-89.668245,44.298034],[-89.675229,44.297654],[-89.67778,44.295135],[-89.678291,44.290906],[-89.682435,44.290632],[-89.693279,44.282501],[-89.690871,44.279912],[-89.66781,44.279369],[-89.668331,44.261047],[-89.707116,44.261872],[-89.706759,44.247401],[-89.678171,44.246951],[-89.678016,44.228323],[-89.717386,44.228037],[-89.717545,44.218601],[-89.72048,44.220875],[-89.737621,44.221121],[-89.737734,44.235579],[-89.727684,44.235479],[-89.727719,44.247724],[-89.857319,44.249385],[-89.84743,44.260636],[-89.843271,44.25995],[-89.843898,44.294201],[-89.854035,44.291865],[-89.854094,44.300049],[-89.849078,44.300053],[-89.849124,44.304958],[-89.845377,44.304952],[-89.845387,44.307347],[-89.840538,44.307786],[-89.840575,44.310885],[-89.833072,44.310848],[-89.833059,44.31401],[-89.843219,44.315256],[-89.844195,44.329094],[-89.848664,44.328861],[-89.849872,44.325456],[-89.867126,44.325379]]]}},{"type":"Feature","properties":{"zip":"54806","name":"Zip 54806","students":89},"geometry":{"type":"Polygon","coordinates":[[[-91.221201,46.56014],[-91.21915,46.561565],[-91.220028,46.568339],[-91.217217,46.572341],[-91.205318,46.578656],[-91.205468,46.588664],[-91.196068,46.590796],[-91.19487,46.594696],[-91.191695,46.596136],[-91.187236,46.597113],[-91.175172,46.595497],[-91.123968,46.59483],[-91.1184,46.601005],[-91.12034,46.605441],[-91.117482,46.608734],[-91.119032,46.610857],[-91.11712,46.612302],[-91.118719,46.614218],[-91.117221,46.618696],[-91.112042,46.62282],[-91.105411,46.622723],[-91.10118,46.626745],[-91.101489,46.630536],[-90.991567,46.630341],[-90.979666,46.624796],[-90.976076,46.62042],[-90.974529,46.621402],[-90.970462,46.619948],[-90.969317,46.620529],[-90.968677,46.630425],[-90.924138,46.630543],[-90.921136,46.6287],[-90.926491,46.624772],[-90.928553,46.618179],[-90.935731,46.613241],[-90.938508,46.608436],[-90.949651,46.602916],[-90.95166,46.600759],[-90.949618,46.598621],[-90.951476,46.597033],[-90.94813,46.598422],[-90.94915,46.596536],[-90.946666,46.594194],[-90.948613,46.592128],[-90.94455,46.587688],[-90.941814,46.588762],[-90.940614,46.587409],[-90.941054,46.589362],[-90.936062,46.587279],[-90.925417,46.587301],[-90.927057,46.585415],[-90.919984,46.583318],[-90.907166,46.583043],[-90.907315,46.588646],[-90.895327,46.588375],[-90.893038,46.589906],[-90.895471,46.592528],[-90.89086,46.590524],[-90.885727,46.592987],[-90.888442,46.595707],[-90.885532,46.59457],[-90.885481,46.598814],[-90.882239,46.603444],[-90.863411,46.603045],[-90.849908,46.60805],[-90.847629,46.610497],[-90.842861,46.610823],[-90.82901,46.61587],[-90.824773,46.619162],[-90.795415,46.624961],[-90.774334,46.633934],[-90.755701,46.645806],[-90.760456,46.660596],[-90.763677,46.659951],[-90.76259,46.661004],[-90.763783,46.662074],[-90.752016,46.66839],[-90.754109,46.669041],[-90.748026,46.669968],[-90.739564,46.689942],[-90.747135,46.698324],[-90.759392,46.703211],[-90.753783,46.710555],[-90.626189,46.627682],[-90.548185,46.587048],[-90.549861,46.583593],[-90.565108,46.58922],[-90.568287,46.586627],[-90.571571,46.587264],[-90.578184,46.584901],[-90.579359,46.582857],[-90.580926,46.583939],[-90.586917,46.580971],[-90.588021,46.579564],[-90.586725,46.578334],[-90.588727,46.576994],[-90.587765,46.575994],[-90.589831,46.574834],[-90.585816,46.573259],[-90.587586,46.570534],[-90.585789,46.569689],[-90.585851,46.566942],[-90.581272,46.564208],[-90.585347,46.557723],[-90.585673,46.555802],[-90.583673,46.554411],[-90.584458,46.552544],[-90.59123,46.54652],[-90.585075,46.543281],[-90.604606,46.543438],[-90.56104,46.52019],[-90.56496,46.51522],[-90.56784,46.51557],[-90.567874,46.522348],[-90.570332,46.519107],[-90.571,46.51162],[-90.62305,46.51199],[-90.62193,46.49438],[-90.62651,46.49201],[-90.62367,46.48494],[-90.61387,46.48073],[-90.59878,46.47978],[-90.60032,46.47478],[-90.599252,46.469194],[-90.607518,46.466379],[-90.624143,46.465169],[-90.632209,46.462461],[-90.667222,46.458252],[-90.683499,46.453605],[-90.75412,46.443139],[-90.759095,46.443144],[-90.7587,46.4576],[-90.81976,46.45741],[-90.81968,46.44296],[-90.86169,46.44303],[-90.86151,46.43215],[-90.887469,46.432251],[-90.887526,46.428425],[-90.89278,46.428482],[-90.89278,46.435677],[-90.903801,46.435563],[-90.90323,46.428482],[-90.90773,46.4283],[-90.90768,46.43565],[-90.924989,46.435632],[-90.924989,46.457304],[-90.945101,46.45725],[-90.945124,46.471719],[-90.952466,46.471712],[-90.952919,46.473849],[-90.924347,46.487777],[-90.924436,46.493372],[-90.925955,46.494781],[-90.9288,46.492793],[-90.932055,46.495792],[-90.931071,46.491682],[-90.934642,46.493623],[-90.935338,46.490188],[-90.939784,46.490054],[-90.939854,46.488224],[-90.948462,46.485691],[-90.949479,46.483662],[-90.952609,46.484741],[-90.958428,46.482062],[-90.96266,46.483136],[-90.963511,46.479962],[-90.971859,46.479041],[-90.972948,46.480954],[-90.977158,46.4779],[-90.976888,46.480087],[-90.979637,46.478998],[-90.984117,46.48006],[-90.98476,46.479018],[-90.982087,46.478202],[-90.983706,46.47369],[-90.984658,46.475595],[-90.989078,46.474623],[-90.991678,46.476442],[-90.991573,46.474666],[-90.994726,46.472673],[-90.996889,46.475615],[-91.000658,46.47219],[-91.005296,46.476041],[-91.011952,46.473611],[-91.015436,46.473925],[-91.013925,46.476024],[-91.019759,46.474053],[-91.02216,46.474527],[-91.021157,46.477129],[-91.025751,46.476714],[-91.027177,46.478005],[-91.028351,46.477781],[-91.026386,46.476012],[-91.027189,46.474641],[-91.029529,46.474861],[-91.031116,46.473091],[-91.032178,46.474846],[-91.033347,46.471977],[-91.038258,46.470574],[-91.041705,46.473874],[-91.045965,46.473892],[-91.050552,46.476483],[-91.050977,46.502206],[-91.01126,46.502156],[-91.013271,46.506813],[-91.018893,46.508494],[-91.019276,46.511597],[-91.015464,46.515329],[-91.018674,46.516311],[-91.017983,46.517757],[-91.019503,46.518953],[-91.016619,46.521558],[-91.017056,46.528864],[-91.011179,46.530489],[-91.011174,46.553094],[-91.023601,46.553358],[-91.032433,46.549448],[-91.032319,46.553014],[-91.041803,46.552867],[-91.053313,46.546304],[-91.053281,46.53741],[-91.059416,46.535225],[-91.06156,46.530698],[-91.060132,46.529414],[-91.064014,46.526951],[-91.065998,46.522125],[-91.063829,46.517129],[-91.065786,46.511565],[-91.063533,46.510708],[-91.063558,46.502221],[-91.087399,46.502181],[-91.087101,46.506677],[-91.084897,46.505983],[-91.08309,46.507338],[-91.085142,46.507895],[-91.084322,46.508988],[-91.079166,46.50887],[-91.094856,46.509313],[-91.094672,46.5311],[-91.134274,46.529173],[-91.147833,46.530256],[-91.160354,46.527857],[-91.17838,46.52758],[-91.178365,46.531148],[-91.162661,46.531055],[-91.150917,46.537782],[-91.138082,46.536877],[-91.1311,46.538109],[-91.13114,46.540493],[-91.151393,46.538765],[-91.17835,46.540476],[-91.183763,46.54402],[-91.185558,46.548721],[-91.190999,46.554255],[-91.191091,46.558769],[-91.221201,46.56014]],[[-90.65733,46.59581],[-90.6419,46.58953],[-90.63389,46.58303],[-90.633751,46.60861],[-90.655778,46.607971],[-90.656417,46.605891],[-90.653056,46.60384],[-90.652377,46.6014],[-90.65488,46.60106],[-90.65489,46.59712],[-90.65733,46.59581]]]}},{"type":"Feature","properties":{"zip":"54481","name":"Zip 54481","students":301},"geometry":{"type":"Polygon","coordinates":[[[-89.747198,44.54021],[-89.727024,44.54018],[-89.726908,44.554624],[-89.708276,44.554514],[-89.70842,44.573032],[-89.691747,44.569037],[-89.667942,44.558615],[-89.667994,44.561923],[-89.651282,44.561867],[-89.653289,44.566602],[-89.658371,44.570471],[-89.660179,44.576279],[-89.657648,44.573055],[-89.656678,44.574862],[-89.661431,44.580528],[-89.659083,44.589314],[-89.659595,44.590863],[-89.66267,44.59015],[-89.663216,44.591068],[-89.652718,44.593794],[-89.64526,44.598434],[-89.640825,44.597128],[-89.635711,44.600777],[-89.634884,44.603724],[-89.6362,44.607325],[-89.641826,44.615641],[-89.643308,44.62058],[-89.642507,44.625361],[-89.636894,44.634953],[-89.637581,44.6435],[-89.633225,44.64474],[-89.632873,44.636008],[-89.628119,44.630408],[-89.627461,44.620072],[-89.617161,44.60295],[-89.607969,44.59842],[-89.60605,44.594115],[-89.609213,44.589785],[-89.608922,44.587138],[-89.601136,44.573991],[-89.582396,44.550775],[-89.576242,44.54827],[-89.552241,44.547235],[-89.53686,44.53325],[-89.536878,44.534279],[-89.52425,44.534364],[-89.524385,44.537939],[-89.520271,44.536835],[-89.51673,44.5398],[-89.509225,44.538449],[-89.509184,44.534328],[-89.519866,44.535282],[-89.52252,44.534389],[-89.520683,44.533338],[-89.526207,44.532102],[-89.525219,44.532051],[-89.525061,44.531115],[-89.523601,44.532227],[-89.524638,44.531021],[-89.525519,44.531143],[-89.525594,44.531792],[-89.525982,44.531948],[-89.529436,44.530436],[-89.529194,44.528114],[-89.530673,44.527931],[-89.519009,44.51263],[-89.519636,44.49386],[-89.52213,44.493878],[-89.522171,44.495605],[-89.528432,44.495578],[-89.528438,44.497229],[-89.533108,44.497384],[-89.533405,44.490065],[-89.54349,44.489944],[-89.54469,44.48792],[-89.54851,44.488337],[-89.548474,44.481811],[-89.567633,44.48157],[-89.567619,44.479829],[-89.575169,44.479789],[-89.576565,44.478204],[-89.575465,44.475888],[-89.561527,44.473735],[-89.559033,44.470401],[-89.554344,44.469076],[-89.554005,44.464951],[-89.557251,44.462324],[-89.564845,44.462404],[-89.571646,44.467231],[-89.582753,44.464871],[-89.603858,44.465815],[-89.608554,44.463848],[-89.611625,44.459929],[-89.611645,44.461489],[-89.625505,44.452823],[-89.634421,44.455281],[-89.64992,44.45223],[-89.671822,44.453284],[-89.704705,44.449807],[-89.712942,44.450478],[-89.726253,44.44552],[-89.726218,44.453355],[-89.71733,44.454904],[-89.717353,44.456688],[-89.72621,44.45555],[-89.726492,44.467413],[-89.707716,44.467692],[-89.707947,44.483381],[-89.712921,44.484343],[-89.712878,44.498789],[-89.716839,44.49779],[-89.715998,44.498561],[-89.717905,44.498883],[-89.717906,44.500489],[-89.726697,44.500752],[-89.726725,44.511192],[-89.746953,44.511353],[-89.747198,44.54021]]]}},{"type":"Feature","properties":{"zip":"53074","name":"Zip 53074","students":53},"geometry":{"type":"Polygon","coordinates":[[[-87.941694,43.416498],[-87.940255,43.419818],[-87.940461,43.455596],[-87.873237,43.45584],[-87.870392,43.460917],[-87.869439,43.470381],[-87.862881,43.470366],[-87.858844,43.484895],[-87.840346,43.484917],[-87.840431,43.470348],[-87.818066,43.470432],[-87.817949,43.46321],[-87.803914,43.464167],[-87.810999,43.454932],[-87.812701,43.450119],[-87.821496,43.442142],[-87.838598,43.421497],[-87.855247,43.405768],[-87.864123,43.393876],[-87.865251,43.390445],[-87.864006,43.389774],[-87.866861,43.387512],[-87.867694,43.389095],[-87.867009,43.38684],[-87.870377,43.3872],[-87.863971,43.385205],[-87.864753,43.384044],[-87.868555,43.385009],[-87.864244,43.383382],[-87.868919,43.383599],[-87.875564,43.372749],[-87.879472,43.372689],[-87.881571,43.368586],[-87.901258,43.367572],[-87.898826,43.370439],[-87.9002,43.374852],[-87.904696,43.372168],[-87.910344,43.372068],[-87.910436,43.375719],[-87.92035,43.375639],[-87.920714,43.396289],[-87.92669,43.397303],[-87.92796,43.391793],[-87.929667,43.391742],[-87.9308,43.396379],[-87.930713,43.392485],[-87.940207,43.391703],[-87.937316,43.402182],[-87.941694,43.416498]]]}},{"type":"Feature","properties":{"zip":"54020","name":"Zip 54020","students":60},"geometry":{"type":"Polygon","coordinates":[[[-92.762012,45.287932],[-92.75871,45.290965],[-92.751155,45.292827],[-92.737121,45.300459],[-92.727737,45.309288],[-92.709968,45.321302],[-92.699956,45.333716],[-92.698959,45.33953],[-92.696005,45.343729],[-92.697886,45.346194],[-92.696206,45.348693],[-92.692042,45.350703],[-92.686789,45.347736],[-92.682168,45.34963],[-92.682116,45.357851],[-92.677782,45.357695],[-92.675437,45.353602],[-92.67383,45.353413],[-92.641289,45.354027],[-92.641313,45.350481],[-92.637662,45.350336],[-92.642087,45.343209],[-92.63154,45.343285],[-92.631388,45.346265],[-92.591052,45.346427],[-92.590329,45.339337],[-92.587891,45.339028],[-92.587648,45.336461],[-92.596789,45.330102],[-92.592588,45.324587],[-92.582971,45.321193],[-92.581131,45.318254],[-92.575723,45.31941],[-92.577747,45.312345],[-92.569481,45.311702],[-92.561562,45.296919],[-92.554095,45.299363],[-92.545311,45.29929],[-92.544702,45.302849],[-92.539071,45.304969],[-92.538304,45.307416],[-92.530561,45.310191],[-92.530367,45.313614],[-92.522629,45.313664],[-92.519638,45.317055],[-92.511023,45.316957],[-92.510112,45.309922],[-92.500218,45.309912],[-92.499837,45.295625],[-92.530765,45.295543],[-92.530715,45.288465],[-92.525282,45.288428],[-92.525258,45.284841],[-92.520229,45.284783],[-92.520126,45.277553],[-92.517597,45.277523],[-92.517201,45.265704],[-92.514641,45.265643],[-92.514611,45.263252],[-92.509426,45.263281],[-92.509359,45.259702],[-92.503744,45.258796],[-92.50635,45.257158],[-92.505251,45.255074],[-92.507145,45.251779],[-92.506198,45.249182],[-92.507745,45.248367],[-92.504715,45.248249],[-92.507227,45.245835],[-92.519638,45.245427],[-92.519866,45.254013],[-92.528284,45.253954],[-92.528313,45.252586],[-92.530396,45.252584],[-92.530376,45.249099],[-92.551354,45.249423],[-92.551507,45.253509],[-92.557209,45.253646],[-92.557813,45.257584],[-92.570401,45.25791],[-92.570456,45.261358],[-92.580742,45.26218],[-92.583565,45.257809],[-92.589153,45.258101],[-92.589153,45.263633],[-92.582387,45.264399],[-92.581154,45.266005],[-92.583578,45.269319],[-92.584971,45.268298],[-92.587309,45.26935],[-92.591015,45.273479],[-92.587138,45.273946],[-92.585477,45.27199],[-92.578725,45.271373],[-92.571618,45.273604],[-92.570809,45.282737],[-92.60623,45.282474],[-92.60654,45.295996],[-92.61195,45.295998],[-92.610473,45.224795],[-92.671976,45.224524],[-92.671891,45.210099],[-92.732874,45.209808],[-92.733139,45.206764],[-92.735051,45.206799],[-92.735087,45.203194],[-92.743546,45.20298],[-92.743796,45.199517],[-92.761786,45.199395],[-92.760625,45.204579],[-92.753359,45.209459],[-92.758008,45.209566],[-92.754005,45.212769],[-92.751708,45.218666],[-92.757456,45.230526],[-92.760264,45.251717],[-92.753621,45.259419],[-92.75192,45.265877],[-92.753844,45.270959],[-92.760612,45.278828],[-92.762012,45.287932]]]}},{"type":"Feature","properties":{"zip":"53024","name":"Zip 53024","students":115},"geometry":{"type":"Polygon","coordinates":[[[-88.000136,43.349143],[-87.999668,43.358852],[-87.995474,43.358977],[-87.995545,43.362456],[-87.98529,43.36255],[-87.985667,43.367611],[-87.946556,43.367883],[-87.944352,43.371514],[-87.93535,43.372554],[-87.9354,43.375293],[-87.930685,43.375369],[-87.930077,43.371726],[-87.92694,43.368119],[-87.925063,43.368157],[-87.925448,43.378815],[-87.920449,43.378855],[-87.920093,43.375553],[-87.910436,43.375719],[-87.910344,43.372068],[-87.904696,43.372168],[-87.9002,43.374852],[-87.898826,43.370439],[-87.901258,43.367572],[-87.881571,43.368586],[-87.879472,43.372689],[-87.875564,43.372749],[-87.881681,43.352688],[-87.888843,43.307055],[-87.899207,43.289444],[-87.902776,43.280315],[-87.942368,43.280033],[-87.940516,43.282172],[-87.942257,43.284231],[-87.951836,43.284672],[-87.950508,43.29104],[-87.946876,43.292288],[-87.940796,43.299452],[-87.956642,43.300766],[-87.958478,43.301388],[-87.957251,43.302804],[-87.960301,43.303593],[-87.970767,43.301865],[-87.969688,43.310457],[-87.973545,43.310389],[-87.974785,43.315829],[-87.979242,43.316015],[-87.977531,43.319399],[-87.979841,43.319361],[-87.980571,43.322988],[-87.984862,43.322868],[-87.985128,43.342996],[-87.992624,43.34087],[-87.992719,43.344462],[-87.995165,43.344409],[-87.995218,43.348038],[-88.000136,43.349143]]]}},{"type":"Feature","properties":{"zip":"53033","name":"Zip 53033","students":24},"geometry":{"type":"Polygon","coordinates":[[[-88.340794,43.250662],[-88.330715,43.251082],[-88.327714,43.24975],[-88.324897,43.251026],[-88.317929,43.250045],[-88.301191,43.251274],[-88.300947,43.262124],[-88.278413,43.26204],[-88.275477,43.260288],[-88.274802,43.257908],[-88.272284,43.257551],[-88.27094,43.252824],[-88.264879,43.2558],[-88.255925,43.255809],[-88.251707,43.257353],[-88.251743,43.254858],[-88.248626,43.254882],[-88.248727,43.251274],[-88.230462,43.251099],[-88.230308,43.247478],[-88.22796,43.243797],[-88.215869,43.243681],[-88.215143,43.250929],[-88.189739,43.250764],[-88.188036,43.24714],[-88.185828,43.247121],[-88.185963,43.250355],[-88.182132,43.247903],[-88.182141,43.239842],[-88.186924,43.239856],[-88.184937,43.236187],[-88.182167,43.23618],[-88.182175,43.214441],[-88.190929,43.214187],[-88.196367,43.219239],[-88.203415,43.215149],[-88.204057,43.217138],[-88.211664,43.217268],[-88.210636,43.214682],[-88.211857,43.211714],[-88.216845,43.211275],[-88.217853,43.214716],[-88.221782,43.214763],[-88.221763,43.22195],[-88.236191,43.221568],[-88.246839,43.22391],[-88.254599,43.222283],[-88.25467,43.225425],[-88.261774,43.225352],[-88.261701,43.218822],[-88.2664,43.218895],[-88.26719,43.216813],[-88.273364,43.216789],[-88.276547,43.215042],[-88.276714,43.22231],[-88.290257,43.222212],[-88.285836,43.23128],[-88.294604,43.231601],[-88.301025,43.234358],[-88.300718,43.2193],[-88.308654,43.222696],[-88.310939,43.219967],[-88.31371,43.218998],[-88.313132,43.217359],[-88.315019,43.215926],[-88.320894,43.21554],[-88.320902,43.217879],[-88.315165,43.21782],[-88.315166,43.220461],[-88.311631,43.220392],[-88.311753,43.231943],[-88.306767,43.231962],[-88.306852,43.240232],[-88.310353,43.238472],[-88.315732,43.231447],[-88.315784,43.229203],[-88.340606,43.229284],[-88.340794,43.250662]],[[-88.306852,43.240232],[-88.30107,43.240344],[-88.300193,43.238682],[-88.297251,43.242142],[-88.297249,43.249896],[-88.301045,43.251293],[-88.301077,43.249705],[-88.303927,43.249792],[-88.304105,43.247651],[-88.310946,43.247532],[-88.310976,43.244359],[-88.306703,43.244365],[-88.306852,43.240232]]]}},{"type":"Feature","properties":{"zip":"53925","name":"Zip 53925","students":49},"geometry":{"type":"Polygon","coordinates":[[[-89.217575,43.320899],[-89.217753,43.340653],[-89.181826,43.340488],[-89.181968,43.3514],[-89.186963,43.351525],[-89.187078,43.360832],[-89.193863,43.365753],[-89.196977,43.365925],[-89.19707,43.369467],[-89.164665,43.369635],[-89.165118,43.402232],[-89.167486,43.402895],[-89.149112,43.410322],[-89.148738,43.411771],[-89.145597,43.411559],[-89.145624,43.430773],[-89.143171,43.432338],[-89.136953,43.43128],[-89.136219,43.427599],[-89.125858,43.427744],[-89.125896,43.431337],[-89.120444,43.43143],[-89.120454,43.427839],[-89.104858,43.42786],[-89.105026,43.422953],[-89.107475,43.422574],[-89.107457,43.421155],[-89.107535,43.422576],[-89.108611,43.421997],[-89.108726,43.420717],[-89.108772,43.421928],[-89.10988,43.420675],[-89.115301,43.420664],[-89.115312,43.41701],[-89.116979,43.416985],[-89.11038,43.413057],[-89.120185,43.413083],[-89.120182,43.40836],[-89.122824,43.408357],[-89.122816,43.406003],[-89.125372,43.405976],[-89.124872,43.369665],[-89.112347,43.369883],[-89.111116,43.367073],[-89.097758,43.370124],[-89.088993,43.370268],[-89.089015,43.358263],[-89.083405,43.358246],[-89.08342,43.362426],[-89.070877,43.362387],[-89.07084,43.37049],[-89.048652,43.37091],[-89.051848,43.373291],[-89.049258,43.375141],[-89.05063,43.378109],[-89.03441,43.378389],[-89.029397,43.376979],[-89.029425,43.378666],[-89.024552,43.382115],[-89.013263,43.383513],[-89.009775,43.385828],[-89.024645,43.385793],[-89.024738,43.383952],[-89.029313,43.384076],[-89.029625,43.393035],[-89.023981,43.393095],[-89.020039,43.396813],[-89.031853,43.39663],[-89.020008,43.40582],[-89.015478,43.406909],[-89.000551,43.403155],[-88.999742,43.407816],[-88.994934,43.412174],[-88.994488,43.415079],[-88.989496,43.415177],[-88.989496,43.418797],[-88.985613,43.418928],[-88.97482,43.42755],[-88.974817,43.429129],[-88.959683,43.429656],[-88.959618,43.426036],[-88.953766,43.425919],[-88.947942,43.429879],[-88.944672,43.42977],[-88.944646,43.42337],[-88.954713,43.41696],[-88.954912,43.407941],[-88.956477,43.404744],[-88.949726,43.404842],[-88.949453,43.412383],[-88.944524,43.414154],[-88.9444,43.409096],[-88.94099,43.407862],[-88.937063,43.401133],[-88.934531,43.400658],[-88.933983,43.398047],[-88.929111,43.394465],[-88.929079,43.386587],[-88.924073,43.386404],[-88.924037,43.383254],[-88.91381,43.382934],[-88.913939,43.371934],[-88.921287,43.371885],[-88.921184,43.357782],[-88.891093,43.357888],[-88.891194,43.328749],[-88.904366,43.328702],[-88.905705,43.319378],[-88.892467,43.312515],[-88.896266,43.303259],[-88.899079,43.303272],[-88.899068,43.306751],[-88.90348,43.306758],[-88.903491,43.303278],[-88.906386,43.303276],[-88.906095,43.299662],[-88.907744,43.299648],[-88.906493,43.295869],[-88.909402,43.292292],[-88.908522,43.290329],[-88.913371,43.287066],[-88.911662,43.285113],[-88.976236,43.285051],[-88.972285,43.283656],[-88.980534,43.278813],[-88.980575,43.274309],[-88.993785,43.274032],[-89.000304,43.268567],[-89.000344,43.266867],[-89.005251,43.266682],[-89.009044,43.264832],[-89.009018,43.263007],[-89.021818,43.262475],[-89.021861,43.259752],[-89.018257,43.259758],[-89.018258,43.247068],[-89.04259,43.24712],[-89.042571,43.243663],[-89.058194,43.243683],[-89.058171,43.239574],[-89.068213,43.239218],[-89.068144,43.253697],[-89.053116,43.254193],[-89.048615,43.262895],[-89.048678,43.268859],[-89.106933,43.267914],[-89.129821,43.253433],[-89.133465,43.253425],[-89.133408,43.261013],[-89.13868,43.261061],[-89.1321,43.266157],[-89.133591,43.267949],[-89.147026,43.266852],[-89.147001,43.275129],[-89.151396,43.268614],[-89.151981,43.271461],[-89.15695,43.271379],[-89.156829,43.282698],[-89.174776,43.282588],[-89.166965,43.281905],[-89.166699,43.267698],[-89.187024,43.267786],[-89.186803,43.282584],[-89.207544,43.283151],[-89.207696,43.319249],[-89.209999,43.322197],[-89.217575,43.320899]]]}},{"type":"Feature","properties":{"zip":"54449","name":"Zip 54449","students":227},"geometry":{"type":"Polygon","coordinates":[[[-90.336003,44.685064],[-90.316253,44.685154],[-90.316569,44.711634],[-90.310613,44.711131],[-90.299179,44.714167],[-90.278934,44.714162],[-90.278907,44.721398],[-90.265483,44.721356],[-90.263918,44.724989],[-90.26124,44.724983],[-90.260809,44.728605],[-90.257561,44.728573],[-90.25893,44.735733],[-90.243748,44.735642],[-90.243787,44.732126],[-90.238717,44.732127],[-90.238663,44.735714],[-90.228686,44.73575],[-90.228756,44.753667],[-90.204996,44.753778],[-90.202799,44.755821],[-90.20022,44.75583],[-90.200212,44.757408],[-90.198692,44.757415],[-90.19885,44.771739],[-90.174967,44.771761],[-90.174778,44.767232],[-90.140031,44.767074],[-90.140243,44.77185],[-90.135567,44.771854],[-90.13391,44.762791],[-90.131057,44.760091],[-90.131736,44.757278],[-90.099432,44.757035],[-90.099509,44.735419],[-90.089446,44.735571],[-90.089464,44.733712],[-90.079345,44.731923],[-90.079383,44.713951],[-90.075323,44.713987],[-90.07516,44.7032],[-90.072818,44.701308],[-90.071891,44.703149],[-90.060676,44.697923],[-90.064104,44.696986],[-90.062694,44.695775],[-90.06609,44.69333],[-90.070159,44.693536],[-90.070882,44.688782],[-90.07944,44.686982],[-90.07932,44.685156],[-90.055969,44.685446],[-90.061263,44.682173],[-90.063084,44.677241],[-90.065029,44.677212],[-90.065726,44.636602],[-90.079805,44.640105],[-90.079917,44.619351],[-90.078026,44.618897],[-90.075938,44.613189],[-90.069209,44.613521],[-90.065505,44.612056],[-90.065323,44.597449],[-90.079799,44.59718],[-90.079703,44.585913],[-90.099678,44.587372],[-90.0996,44.583749],[-90.120035,44.583742],[-90.119964,44.578318],[-90.117364,44.577698],[-90.109431,44.570292],[-90.106825,44.562337],[-90.120753,44.562158],[-90.120641,44.552199],[-90.1265,44.548886],[-90.1219,44.540437],[-90.160189,44.540486],[-90.160011,44.526018],[-90.193909,44.526274],[-90.192922,44.527382],[-90.197444,44.532405],[-90.198538,44.532347],[-90.198452,44.526427],[-90.238524,44.526857],[-90.238684,44.512333],[-90.242846,44.512359],[-90.249804,44.509633],[-90.251882,44.507239],[-90.258134,44.505995],[-90.263303,44.50241],[-90.261489,44.49933],[-90.262562,44.496983],[-90.299272,44.496835],[-90.299345,44.506102],[-90.306732,44.503077],[-90.306383,44.501436],[-90.313721,44.499237],[-90.313535,44.496135],[-90.315784,44.495098],[-90.315455,44.556003],[-90.299832,44.555903],[-90.299801,44.557232],[-90.297316,44.557689],[-90.297373,44.559574],[-90.289778,44.559517],[-90.289778,44.561515],[-90.273216,44.561458],[-90.273445,44.573908],[-90.279181,44.573907],[-90.279132,44.584727],[-90.316008,44.584893],[-90.316293,44.678584],[-90.319173,44.676871],[-90.32576,44.677144],[-90.327624,44.680595],[-90.336003,44.685064]],[[-90.120062,44.633524],[-90.107461,44.631673],[-90.107439,44.635241],[-90.109941,44.635294],[-90.109915,44.637016],[-90.098368,44.636844],[-90.098308,44.640435],[-90.094835,44.640409],[-90.094589,44.652583],[-90.10478,44.65269],[-90.104783,44.646012],[-90.109885,44.647277],[-90.109897,44.644221],[-90.114951,44.644271],[-90.115004,44.640688],[-90.119882,44.640791],[-90.120062,44.633524]]]}},{"type":"Feature","properties":{"zip":"54801","name":"Zip 54801","students":32},"geometry":{"type":"Polygon","coordinates":[[[-92.176026,45.859766],[-92.170075,45.862126],[-92.170004,45.865023],[-92.167836,45.866452],[-92.170155,45.868896],[-92.168787,45.871199],[-92.171193,45.874758],[-92.165139,45.877587],[-92.169194,45.881099],[-92.1546,45.885327],[-92.146451,45.879795],[-92.144717,45.876253],[-92.14015,45.875947],[-92.139465,45.874135],[-92.136627,45.876133],[-92.135325,45.874273],[-92.131862,45.874624],[-92.131107,45.8769],[-92.132725,45.879946],[-92.130938,45.882267],[-92.130499,45.880628],[-92.119699,45.87865],[-92.117196,45.872167],[-92.119662,45.868035],[-92.124609,45.865877],[-92.124242,45.861616],[-92.129861,45.860109],[-92.131656,45.857949],[-92.136722,45.857794],[-92.136951,45.854743],[-92.132521,45.852896],[-92.129167,45.854361],[-92.123796,45.852169],[-92.115511,45.857794],[-92.11534,45.861672],[-92.109261,45.864447],[-92.103763,45.861712],[-92.104367,45.866101],[-92.099553,45.869575],[-92.091941,45.86602],[-92.093867,45.881022],[-92.10185,45.882692],[-92.104374,45.887164],[-92.094843,45.887113],[-92.094455,45.900726],[-92.065864,45.900239],[-92.064148,45.907166],[-92.074044,45.907737],[-92.07418,45.911326],[-92.076009,45.911916],[-92.074593,45.913517],[-92.075776,45.915648],[-92.093804,45.915072],[-92.094665,45.922202],[-92.104865,45.922237],[-92.104181,45.937976],[-92.104633,45.94429],[-92.106555,45.94803],[-92.104498,45.950436],[-92.104281,45.9581],[-92.093936,45.95765],[-92.094469,45.954691],[-92.08901,45.95466],[-92.088963,45.957658],[-92.081107,45.957682],[-92.08106,45.962168],[-92.069247,45.962126],[-92.069054,45.976876],[-92.053797,45.97424],[-92.055844,45.985069],[-92.055591,45.998261],[-92.046833,45.998118],[-92.042106,45.99559],[-92.038327,45.997948],[-92.027742,45.998365],[-91.9992,45.998202],[-91.996819,45.996172],[-91.996787,46.000253],[-92.002459,46.003718],[-92.003263,46.006609],[-92.001267,46.007331],[-91.994388,46.00392],[-91.991784,46.006216],[-91.991443,46.008692],[-91.988372,46.007252],[-91.986153,46.012822],[-91.980386,46.008104],[-91.981819,46.003703],[-91.978142,46.005269],[-91.976828,46.00236],[-91.974606,46.002992],[-91.976939,45.99707],[-91.974154,45.994945],[-91.973536,45.992342],[-91.969926,45.993894],[-91.966095,45.992877],[-91.967103,45.99469],[-91.965757,45.995566],[-91.963444,45.993174],[-91.954952,45.99415],[-91.94399,45.992209],[-91.944828,45.989603],[-91.940886,45.989321],[-91.941693,45.986964],[-91.935025,45.986467],[-91.934128,45.983712],[-91.927132,45.984123],[-91.923688,45.982215],[-91.921665,45.983502],[-91.919837,45.978163],[-91.917851,45.979033],[-91.917391,45.981224],[-91.915739,45.978637],[-91.908419,45.976951],[-91.908785,45.975],[-91.907136,45.973594],[-91.911691,45.966058],[-91.910291,45.942554],[-91.930741,45.942512],[-91.930526,45.931777],[-91.921796,45.931702],[-91.91812,45.928195],[-91.91023,45.928057],[-91.910067,45.916071],[-91.90524,45.913487],[-91.888298,45.913343],[-91.889081,45.895217],[-91.890753,45.891209],[-91.888449,45.872477],[-91.797995,45.871251],[-91.795715,45.868142],[-91.7879,45.867948],[-91.785969,45.868495],[-91.786122,45.881222],[-91.781747,45.883261],[-91.783468,45.884993],[-91.757797,45.884862],[-91.757762,45.888349],[-91.681653,45.887552],[-91.681902,45.870147],[-91.663048,45.870222],[-91.662257,45.833878],[-91.659194,45.832877],[-91.654226,45.834416],[-91.65456,45.835642],[-91.645666,45.835134],[-91.650543,45.837416],[-91.648255,45.840983],[-91.645103,45.839929],[-91.643145,45.841762],[-91.643656,45.852489],[-91.636395,45.852669],[-91.633546,45.855104],[-91.630296,45.851061],[-91.623192,45.848747],[-91.622437,45.827832],[-91.623723,45.826237],[-91.622284,45.8248],[-91.62207,45.813443],[-91.654754,45.81343],[-91.663425,45.811384],[-91.662196,45.809908],[-91.662494,45.795313],[-91.668531,45.791139],[-91.669427,45.78545],[-91.674518,45.782179],[-91.696041,45.781673],[-91.713272,45.781877],[-91.713959,45.785304],[-91.720182,45.785814],[-91.725491,45.783582],[-91.726032,45.787779],[-91.723229,45.79174],[-91.723158,45.813454],[-91.739275,45.815719],[-91.785178,45.813929],[-91.785074,45.761977],[-91.795927,45.762138],[-91.796105,45.753166],[-91.798932,45.753169],[-91.800137,45.763986],[-91.805157,45.763985],[-91.805232,45.76691],[-91.825512,45.766916],[-91.82615,45.777024],[-91.830336,45.781625],[-91.830271,45.779165],[-91.835175,45.775459],[-91.845331,45.775018],[-91.859077,45.770821],[-91.865783,45.77692],[-91.893451,45.777402],[-91.893467,45.77374],[-91.897739,45.773771],[-91.897576,45.78902],[-91.908411,45.789555],[-91.908488,45.800273],[-91.923557,45.800168],[-91.923532,45.796528],[-91.928763,45.796626],[-91.929127,45.782112],[-91.93774,45.782236],[-91.938625,45.785581],[-91.943363,45.787708],[-91.948819,45.78414],[-91.948819,45.782357],[-91.963478,45.78251],[-91.963476,45.790864],[-91.968287,45.790393],[-91.968993,45.793798],[-91.973549,45.791009],[-91.982119,45.800311],[-91.984626,45.800319],[-91.985962,45.802523],[-91.991071,45.80464],[-91.990049,45.79727],[-92.000998,45.797116],[-92.001017,45.789928],[-92.01628,45.790008],[-92.016371,45.795263],[-92.011887,45.795256],[-92.011852,45.803222],[-92.016678,45.803211],[-92.016396,45.797124],[-92.022738,45.797084],[-92.022812,45.790132],[-92.028431,45.790239],[-92.028373,45.801336],[-92.047413,45.801298],[-92.0474,45.815359],[-92.064043,45.815401],[-92.066517,45.812079],[-92.069423,45.812508],[-92.07492,45.805833],[-92.078382,45.804905],[-92.083232,45.805083],[-92.083266,45.809438],[-92.093421,45.809555],[-92.093054,45.815596],[-92.154272,45.816032],[-92.155261,45.859961],[-92.176026,45.859766]]]}},{"type":"Feature","properties":{"zip":"54241","name":"Zip 54241","students":44},"geometry":{"type":"Polygon","coordinates":[[[-87.72162,44.240314],[-87.720386,44.240322],[-87.720425,44.254869],[-87.713231,44.258365],[-87.715293,44.262021],[-87.715058,44.278784],[-87.704913,44.280262],[-87.704921,44.276921],[-87.690555,44.276939],[-87.691603,44.27574],[-87.690549,44.2733],[-87.693251,44.272091],[-87.692595,44.270827],[-87.69432,44.269608],[-87.693739,44.265129],[-87.692117,44.26483],[-87.691145,44.266695],[-87.685467,44.266188],[-87.681095,44.263055],[-87.683124,44.256153],[-87.679629,44.255297],[-87.679905,44.240499],[-87.681002,44.240488],[-87.681027,44.217012],[-87.679853,44.216249],[-87.676163,44.220566],[-87.675879,44.225967],[-87.665546,44.225879],[-87.665587,44.222423],[-87.660552,44.222388],[-87.66056,44.218771],[-87.650608,44.21875],[-87.650451,44.225884],[-87.645439,44.225939],[-87.645438,44.218738],[-87.635297,44.218763],[-87.635309,44.22237],[-87.630289,44.222369],[-87.630294,44.218765],[-87.627147,44.218832],[-87.622735,44.221041],[-87.623171,44.223829],[-87.625288,44.224924],[-87.623423,44.225817],[-87.625282,44.227901],[-87.624646,44.231528],[-87.627232,44.233265],[-87.623255,44.23524],[-87.625477,44.237737],[-87.624844,44.240512],[-87.580046,44.240467],[-87.579916,44.234237],[-87.573214,44.240467],[-87.563233,44.240457],[-87.563352,44.269544],[-87.573372,44.269463],[-87.573199,44.302344],[-87.583376,44.302383],[-87.592443,44.298553],[-87.60166,44.298541],[-87.60855,44.301241],[-87.608584,44.313044],[-87.603536,44.313051],[-87.603526,44.327496],[-87.539203,44.327509],[-87.539956,44.310873],[-87.53699,44.297302],[-87.502804,44.234557],[-87.500766,44.224669],[-87.501421,44.204728],[-87.508917,44.182298],[-87.529364,44.15844],[-87.558869,44.139893],[-87.583651,44.131963],[-87.619899,44.114475],[-87.620336,44.128429],[-87.616943,44.129397],[-87.617106,44.14605],[-87.610843,44.146076],[-87.610866,44.149181],[-87.617387,44.149208],[-87.617701,44.153571],[-87.62204,44.153579],[-87.622052,44.152162],[-87.620173,44.152146],[-87.620249,44.146069],[-87.625324,44.146062],[-87.625452,44.142476],[-87.620406,44.142513],[-87.620555,44.138942],[-87.628072,44.138867],[-87.627967,44.142467],[-87.63048,44.142458],[-87.630345,44.148124],[-87.628863,44.148127],[-87.628825,44.149689],[-87.625254,44.149683],[-87.625209,44.153584],[-87.64033,44.153606],[-87.640137,44.160547],[-87.650466,44.160815],[-87.65036,44.164456],[-87.655379,44.164492],[-87.654872,44.174752],[-87.660457,44.175226],[-87.660448,44.1716],[-87.680738,44.17133],[-87.680821,44.174784],[-87.68354,44.175121],[-87.69895,44.17049],[-87.70032,44.175284],[-87.704269,44.175264],[-87.706489,44.186038],[-87.680936,44.186222],[-87.685971,44.185258],[-87.685923,44.178929],[-87.681831,44.178929],[-87.680826,44.175369],[-87.67818,44.175347],[-87.68064,44.18075],[-87.678652,44.18259],[-87.676425,44.180741],[-87.67295,44.180885],[-87.669062,44.177124],[-87.665351,44.177147],[-87.666723,44.179618],[-87.665003,44.186212],[-87.661849,44.187739],[-87.665541,44.189111],[-87.665986,44.197137],[-87.680938,44.197168],[-87.681029,44.207145],[-87.686719,44.209015],[-87.695908,44.214992],[-87.711376,44.215045],[-87.711431,44.218485],[-87.713351,44.215337],[-87.716264,44.214715],[-87.716472,44.222303],[-87.714015,44.222385],[-87.714015,44.225987],[-87.716512,44.225905],[-87.716472,44.23311],[-87.721478,44.233219],[-87.72162,44.240314]]]}},{"type":"Feature","properties":{"zip":"53719","name":"Zip 53719","students":226},"geometry":{"type":"Polygon","coordinates":[[[-89.533535,43.016366],[-89.532724,43.044569],[-89.527784,43.052464],[-89.52876,43.060401],[-89.527031,43.062229],[-89.524993,43.060426],[-89.512658,43.060568],[-89.514155,43.057678],[-89.50947,43.057094],[-89.507794,43.060655],[-89.472121,43.060878],[-89.473143,43.056207],[-89.484981,43.054779],[-89.4735,43.053621],[-89.473477,43.046356],[-89.490433,43.052848],[-89.488604,43.047442],[-89.496274,43.048442],[-89.495895,43.050086],[-89.502345,43.050181],[-89.503264,43.045301],[-89.500306,43.045298],[-89.501247,43.043436],[-89.498563,43.042997],[-89.501369,43.03892],[-89.496983,43.035786],[-89.496865,43.031069],[-89.501998,43.030991],[-89.503673,43.02828],[-89.503691,43.022974],[-89.490124,43.022497],[-89.488888,43.022959],[-89.488869,43.026137],[-89.473872,43.026846],[-89.472713,43.024901],[-89.467781,43.025296],[-89.470903,43.024025],[-89.475478,43.015557],[-89.472565,43.015516],[-89.468765,43.023687],[-89.467238,43.023231],[-89.470117,43.019778],[-89.463717,43.01859],[-89.46298,43.015416],[-89.461295,43.01543],[-89.461307,43.022573],[-89.448343,43.025311],[-89.449689,43.022222],[-89.455222,43.018318],[-89.459207,43.001135],[-89.484407,42.999478],[-89.48427,43.005505],[-89.498593,42.998119],[-89.499299,43.000683],[-89.501683,42.999009],[-89.499347,43.001492],[-89.50062,43.001881],[-89.516742,43.001443],[-89.516607,43.008651],[-89.523606,43.008752],[-89.523528,43.015165],[-89.522364,43.015967],[-89.533535,43.016366]]]}},{"type":"Feature","properties":{"zip":"54726","name":"Zip 54726","students":17},"geometry":{"type":"Polygon","coordinates":[[[-91.096038,44.970969],[-91.092201,44.972682],[-91.085777,44.972801],[-91.085615,44.982143],[-91.078087,44.984055],[-91.076492,44.986767],[-91.07164,44.98872],[-91.070656,44.991371],[-91.065025,44.994938],[-91.0644,44.997292],[-91.066946,45.002038],[-91.065506,45.005466],[-91.066956,45.008381],[-91.064362,45.012768],[-91.061081,45.01252],[-91.059013,45.00972],[-91.05162,45.009285],[-91.048447,45.01152],[-91.048103,45.015659],[-91.045269,45.017265],[-91.080708,45.016362],[-91.080746,45.023815],[-91.085919,45.023919],[-91.085556,45.045533],[-91.065289,45.045525],[-91.065331,45.038311],[-91.054832,45.038223],[-91.054822,45.040767],[-91.045091,45.040748],[-91.044829,45.088833],[-91.0301,45.088691],[-91.030062,45.09744],[-91.013959,45.097492],[-91.014152,45.10287],[-91.009378,45.102888],[-91.009422,45.11401],[-91.035042,45.114155],[-91.035133,45.119186],[-91.038177,45.119457],[-91.038109,45.121258],[-91.03463,45.122799],[-91.033058,45.127716],[-91.026892,45.130048],[-91.028709,45.131931],[-91.032249,45.130356],[-91.035851,45.13559],[-91.031517,45.135406],[-91.031425,45.137768],[-91.027634,45.139015],[-91.027023,45.143749],[-91.022575,45.145096],[-91.021309,45.150101],[-91.021178,45.14132],[-90.999697,45.141354],[-90.999632,45.138258],[-91.007055,45.138285],[-91.007024,45.13504],[-90.999856,45.135047],[-90.999952,45.12162],[-90.997772,45.122298],[-90.996048,45.119431],[-90.986366,45.119331],[-90.984238,45.117905],[-90.984459,45.114086],[-90.987213,45.110588],[-90.985482,45.110554],[-90.984268,45.108109],[-90.98401,45.090102],[-91.000374,45.093193],[-91.001945,45.089333],[-91.004219,45.088036],[-91.004494,45.081585],[-91.009178,45.081257],[-91.01403,45.077686],[-91.019555,45.068005],[-90.984539,45.06715],[-90.984675,45.05287],[-90.963417,45.05286],[-90.963806,45.031258],[-90.984182,45.031214],[-90.984148,45.002207],[-91.005112,45.002251],[-91.004936,44.995129],[-91.014709,44.994987],[-91.014595,44.987826],[-91.004433,44.987782],[-91.004173,44.960323],[-91.024633,44.95101],[-91.004364,44.951954],[-91.00404,44.929626],[-90.983544,44.929622],[-90.983516,44.918764],[-91.028918,44.918971],[-91.024452,44.915413],[-91.003937,44.915203],[-91.003677,44.886318],[-90.983162,44.8863],[-90.983214,44.879089],[-90.96291,44.879173],[-90.962691,44.842999],[-90.983318,44.843244],[-90.983024,44.828803],[-90.96558,44.828609],[-90.966344,44.822237],[-90.965187,44.819461],[-90.959344,44.817174],[-90.954704,44.817263],[-90.955008,44.815199],[-90.957233,44.815005],[-90.956631,44.810826],[-90.953689,44.807601],[-90.956198,44.804544],[-90.955217,44.802134],[-90.952696,44.801795],[-90.957779,44.801464],[-90.957505,44.800091],[-90.962676,44.796],[-90.958794,44.793168],[-90.961104,44.791563],[-90.959984,44.789984],[-90.96564,44.785366],[-90.966897,44.77067],[-90.988366,44.77079],[-91.062871,44.786994],[-91.061333,44.788292],[-91.062442,44.789852],[-91.05567,44.792742],[-91.054114,44.79194],[-91.052333,44.794973],[-91.048134,44.796632],[-91.048679,44.800984],[-91.050735,44.803435],[-91.046164,44.807633],[-91.047095,44.809193],[-91.045388,44.810532],[-91.045319,44.814853],[-91.041216,44.820578],[-91.048512,44.828958],[-91.05391,44.828988],[-91.054273,44.843506],[-91.034094,44.843344],[-91.034357,44.886225],[-91.040738,44.886214],[-91.040883,44.918874],[-91.055736,44.919142],[-91.055801,44.915771],[-91.065874,44.915465],[-91.065099,44.949468],[-91.073379,44.947882],[-91.080161,44.944373],[-91.090698,44.944351],[-91.090843,44.969137],[-91.095995,44.969147],[-91.096038,44.970969]]]}},{"type":"Feature","properties":{"zip":"54476","name":"Zip 54476","students":62},"geometry":{"type":"Polygon","coordinates":[[[-89.641938,44.908797],[-89.640922,44.91185],[-89.632822,44.918668],[-89.619415,44.918517],[-89.619402,44.924996],[-89.614824,44.92788],[-89.614283,44.929433],[-89.617426,44.929857],[-89.615209,44.93196],[-89.614685,44.930721],[-89.59469,44.929407],[-89.592421,44.926168],[-89.589021,44.927068],[-89.587721,44.924368],[-89.581393,44.926713],[-89.582247,44.925635],[-89.578401,44.924268],[-89.575074,44.925906],[-89.577684,44.926087],[-89.577072,44.927695],[-89.570785,44.927886],[-89.570969,44.926149],[-89.566621,44.925826],[-89.564745,44.926676],[-89.567186,44.9275],[-89.566042,44.928438],[-89.555818,44.92766],[-89.549959,44.934473],[-89.54503,44.932177],[-89.535631,44.935335],[-89.534959,44.937578],[-89.532671,44.937174],[-89.524914,44.940362],[-89.521289,44.945505],[-89.512145,44.945527],[-89.512445,44.939829],[-89.510407,44.93957],[-89.491667,44.943765],[-89.491127,44.93028],[-89.479605,44.932953],[-89.473521,44.930394],[-89.485133,44.91605],[-89.49107,44.912455],[-89.490937,44.905529],[-89.505835,44.904121],[-89.504645,44.89769],[-89.490785,44.896488],[-89.490841,44.880229],[-89.422387,44.87996],[-89.415461,44.87263],[-89.408288,44.871348],[-89.407861,44.861756],[-89.415861,44.855027],[-89.417923,44.850674],[-89.416796,44.831829],[-89.420623,44.828816],[-89.49065,44.84471],[-89.49075,44.858417],[-89.600054,44.858387],[-89.60559,44.869139],[-89.601121,44.868668],[-89.596921,44.871168],[-89.592379,44.870976],[-89.592527,44.874708],[-89.597516,44.873545],[-89.597849,44.880167],[-89.602885,44.880795],[-89.603103,44.885234],[-89.609431,44.885157],[-89.607869,44.901777],[-89.629088,44.901759],[-89.629043,44.903374],[-89.640038,44.904099],[-89.641938,44.908797]]]}},{"type":"Feature","properties":{"zip":"53143","name":"Zip 53143","students":327},"geometry":{"type":"Polygon","coordinates":[[[-87.846214,42.549313],[-87.844416,42.54974],[-87.845515,42.578233],[-87.840649,42.580767],[-87.823848,42.580788],[-87.823818,42.579498],[-87.821062,42.580822],[-87.81992,42.579434],[-87.818746,42.580853],[-87.811796,42.580565],[-87.811792,42.579051],[-87.813852,42.578649],[-87.812231,42.566011],[-87.806902,42.565657],[-87.806961,42.556163],[-87.82015,42.556435],[-87.819887,42.558532],[-87.821774,42.558493],[-87.819687,42.540516],[-87.836573,42.540255],[-87.836437,42.537823],[-87.83859,42.536814],[-87.844792,42.536955],[-87.844424,42.549145],[-87.846214,42.549313]]]}},{"type":"Feature","properties":{"zip":"53108","name":"Zip 53108","students":99},"geometry":{"type":"Polygon","coordinates":[[[-88.021956,42.819205],[-88.020706,42.828915],[-88.019361,42.82891],[-88.019307,42.826916],[-88.016878,42.826853],[-88.016932,42.822787],[-88.012053,42.822745],[-88.011855,42.830077],[-88.003733,42.830625],[-88.003714,42.833756],[-87.998651,42.836589],[-88.001594,42.837878],[-88.001299,42.843596],[-87.885584,42.842666],[-87.884672,42.835476],[-87.876788,42.830223],[-87.878978,42.827743],[-87.873867,42.82184],[-87.872135,42.816661],[-87.872549,42.813846],[-87.90751,42.814417],[-87.907658,42.811444],[-87.912535,42.808672],[-87.912907,42.805079],[-87.905967,42.80304],[-87.906745,42.800377],[-87.914718,42.799992],[-87.914816,42.785452],[-87.920487,42.785538],[-87.922858,42.796514],[-87.925478,42.796557],[-87.925469,42.797689],[-87.929403,42.797762],[-87.929432,42.794451],[-87.934337,42.794527],[-87.934382,42.789413],[-87.944264,42.78908],[-87.95302,42.790984],[-87.952937,42.79512],[-87.976933,42.794946],[-87.975859,42.797114],[-87.981125,42.797146],[-87.986341,42.800816],[-87.997519,42.801532],[-87.997501,42.80813],[-88.007279,42.808163],[-88.007134,42.815446],[-88.012155,42.815466],[-88.012129,42.819031],[-88.021956,42.819205]]]}},{"type":"Feature","properties":{"zip":"53094","name":"Zip 53094","students":493},"geometry":{"type":"Polygon","coordinates":[[[-88.891522,43.197866],[-88.735593,43.197839],[-88.551867,43.196108],[-88.554077,43.193629],[-88.560265,43.193512],[-88.562299,43.188838],[-88.559745,43.186136],[-88.563628,43.183671],[-88.558188,43.180605],[-88.569808,43.181759],[-88.577051,43.188135],[-88.58103,43.189669],[-88.581767,43.173376],[-88.576662,43.173436],[-88.575833,43.16203],[-88.586742,43.162465],[-88.592153,43.164545],[-88.59204,43.165942],[-88.59723,43.164856],[-88.597741,43.180425],[-88.601335,43.180345],[-88.601002,43.187776],[-88.606078,43.187866],[-88.605744,43.191436],[-88.611886,43.191537],[-88.612287,43.18256],[-88.617374,43.187927],[-88.630714,43.187441],[-88.631723,43.179965],[-88.646426,43.180065],[-88.647733,43.165225],[-88.628505,43.156768],[-88.6285,43.15117],[-88.630113,43.151148],[-88.629044,43.143995],[-88.641019,43.143995],[-88.644858,43.142053],[-88.638177,43.133786],[-88.634749,43.124369],[-88.631211,43.122094],[-88.627328,43.115361],[-88.62342,43.113717],[-88.620488,43.116515],[-88.62055,43.115086],[-88.618019,43.113893],[-88.61876,43.11294],[-88.616742,43.110898],[-88.618827,43.109295],[-88.616376,43.108698],[-88.624877,43.107857],[-88.622361,43.105307],[-88.622087,43.101068],[-88.613339,43.084967],[-88.634231,43.084909],[-88.632589,43.08457],[-88.633477,43.081435],[-88.635749,43.081473],[-88.633857,43.080482],[-88.63426,43.07806],[-88.639387,43.078065],[-88.639331,43.067283],[-88.644251,43.067066],[-88.644323,43.063491],[-88.657817,43.063013],[-88.658734,43.057076],[-88.66294,43.056983],[-88.664608,43.07503],[-88.673914,43.075968],[-88.691843,43.071144],[-88.701666,43.071995],[-88.693947,43.077945],[-88.691391,43.085453],[-88.734627,43.086375],[-88.736173,43.080158],[-88.733423,43.080057],[-88.733513,43.07574],[-88.748833,43.077382],[-88.757108,43.076258],[-88.75656,43.086707],[-88.761503,43.086726],[-88.760977,43.09413],[-88.763336,43.094024],[-88.764314,43.091241],[-88.767468,43.091669],[-88.767051,43.093936],[-88.769509,43.093859],[-88.77236,43.086264],[-88.797652,43.086165],[-88.790868,43.087482],[-88.794534,43.089939],[-88.795218,43.092911],[-88.788945,43.094149],[-88.790217,43.101302],[-88.788428,43.105155],[-88.783599,43.103597],[-88.778518,43.104649],[-88.772961,43.11007],[-88.775323,43.113903],[-88.782656,43.113221],[-88.784044,43.114957],[-88.783307,43.116824],[-88.777508,43.116863],[-88.776228,43.118552],[-88.777395,43.119658],[-88.782986,43.119133],[-88.785077,43.1244],[-88.776716,43.123723],[-88.775968,43.126871],[-88.781969,43.131059],[-88.788782,43.130917],[-88.789548,43.134902],[-88.812906,43.134749],[-88.813271,43.130977],[-88.843266,43.131493],[-88.843074,43.145955],[-88.843368,43.143201],[-88.859744,43.145266],[-88.862836,43.142393],[-88.871093,43.141816],[-88.872229,43.137901],[-88.880244,43.135452],[-88.877669,43.129392],[-88.874246,43.128068],[-88.877579,43.132006],[-88.873263,43.131398],[-88.872291,43.126814],[-88.875239,43.122353],[-88.874905,43.119133],[-88.869437,43.111016],[-88.86658,43.109764],[-88.8665,43.107191],[-88.861573,43.104102],[-88.852766,43.10347],[-88.849959,43.101802],[-88.849446,43.099776],[-88.852021,43.102438],[-88.861942,43.103818],[-88.866776,43.106689],[-88.867153,43.109342],[-88.869203,43.108864],[-88.876337,43.120315],[-88.8734,43.127014],[-88.879445,43.129773],[-88.881117,43.135304],[-88.891193,43.135522],[-88.891522,43.197866]]]}},{"type":"Feature","properties":{"zip":"53222","name":"Zip 53222","students":1929},"geometry":{"type":"Polygon","coordinates":[[[-88.066725,43.06724],[-88.066118,43.098918],[-88.064345,43.097159],[-88.063283,43.089701],[-88.059497,43.088975],[-88.052704,43.089438],[-88.05424,43.091688],[-88.054295,43.09672],[-88.051147,43.096841],[-88.047702,43.090213],[-88.043299,43.09022],[-88.04266,43.098056],[-88.041169,43.096735],[-88.037641,43.097996],[-88.027645,43.09652],[-88.006366,43.09721],[-88.007441,43.067619],[-88.035086,43.067151],[-88.036872,43.06863],[-88.035613,43.074793],[-88.038383,43.074985],[-88.049994,43.074712],[-88.049522,43.067427],[-88.066725,43.06724]]]}},{"type":"Feature","properties":{"zip":"54747","name":"Zip 54747","students":9},"geometry":{"type":"Polygon","coordinates":[[[-91.700504,44.349364],[-91.70045,44.356101],[-91.695351,44.356104],[-91.695467,44.363338],[-91.690442,44.363339],[-91.690445,44.366935],[-91.685437,44.366934],[-91.685479,44.370529],[-91.68052,44.370517],[-91.680098,44.388417],[-91.685442,44.388409],[-91.685454,44.391959],[-91.680389,44.391967],[-91.680422,44.399269],[-91.677008,44.399271],[-91.671125,44.3918],[-91.662354,44.387974],[-91.652746,44.375926],[-91.649793,44.377755],[-91.649862,44.395345],[-91.645557,44.395429],[-91.645571,44.406594],[-91.64108,44.406546],[-91.640908,44.395526],[-91.63284,44.384908],[-91.619002,44.385727],[-91.611346,44.388029],[-91.61129,44.389527],[-91.593985,44.392079],[-91.594332,44.395644],[-91.592516,44.395779],[-91.595238,44.3979],[-91.595321,44.411282],[-91.590321,44.411435],[-91.590401,44.422193],[-91.569069,44.422121],[-91.575128,44.434191],[-91.574683,44.440851],[-91.570123,44.450305],[-91.572326,44.451249],[-91.574794,44.458315],[-91.574217,44.460416],[-91.568149,44.460405],[-91.569895,44.469153],[-91.564252,44.476894],[-91.566127,44.479131],[-91.565952,44.483048],[-91.569416,44.487345],[-91.569689,44.491936],[-91.579443,44.498205],[-91.567509,44.499923],[-91.549032,44.49795],[-91.540033,44.494817],[-91.529,44.494257],[-91.529112,44.472357],[-91.508765,44.472337],[-91.508761,44.466793],[-91.502631,44.464154],[-91.496121,44.464143],[-91.495729,44.466627],[-91.498706,44.472114],[-91.498706,44.479616],[-91.434114,44.479646],[-91.42786,44.476261],[-91.428022,44.465337],[-91.422941,44.465427],[-91.423002,44.461131],[-91.420193,44.461129],[-91.42021,44.45657],[-91.412824,44.456543],[-91.409399,44.450752],[-91.395392,44.450955],[-91.396548,44.446435],[-91.386831,44.43802],[-91.386573,44.429173],[-91.373368,44.428178],[-91.373137,44.421923],[-91.386532,44.421906],[-91.386521,44.41748],[-91.381693,44.41749],[-91.381637,44.414406],[-91.376116,44.414459],[-91.37597,44.40658],[-91.381824,44.406577],[-91.382722,44.402195],[-91.375985,44.402253],[-91.375922,44.372838],[-91.372539,44.372874],[-91.372636,44.368313],[-91.368554,44.368859],[-91.368122,44.367163],[-91.371008,44.36354],[-91.368568,44.362326],[-91.375157,44.358467],[-91.410345,44.358271],[-91.410538,44.356762],[-91.415385,44.356123],[-91.40836,44.355271],[-91.415302,44.35293],[-91.417796,44.346434],[-91.415046,44.344825],[-91.405012,44.345221],[-91.397851,44.343679],[-91.386776,44.335693],[-91.376473,44.332639],[-91.376342,44.326924],[-91.369124,44.327019],[-91.369849,44.324502],[-91.372862,44.323236],[-91.372873,44.319639],[-91.367949,44.319741],[-91.367857,44.313958],[-91.374669,44.316314],[-91.38041,44.31582],[-91.375382,44.299771],[-91.372781,44.298316],[-91.377737,44.297786],[-91.377692,44.294292],[-91.387585,44.294036],[-91.387722,44.297556],[-91.398181,44.297502],[-91.398229,44.299943],[-91.402655,44.29976],[-91.402816,44.309464],[-91.407157,44.313571],[-91.416752,44.313534],[-91.416763,44.316274],[-91.422865,44.316254],[-91.422824,44.334383],[-91.452906,44.334134],[-91.457515,44.326353],[-91.45945,44.307529],[-91.47284,44.307555],[-91.473615,44.311826],[-91.488623,44.311865],[-91.488634,44.318889],[-91.500717,44.319299],[-91.500749,44.329439],[-91.508998,44.329415],[-91.509017,44.334452],[-91.529007,44.334512],[-91.529037,44.328503],[-91.530128,44.329083],[-91.533617,44.333016],[-91.534077,44.338049],[-91.538557,44.346588],[-91.543281,44.349266],[-91.549631,44.349468],[-91.551425,44.35135],[-91.555529,44.34673],[-91.563995,44.343642],[-91.575495,44.343435],[-91.575495,44.341827],[-91.577743,44.341822],[-91.577744,44.343364],[-91.591234,44.343334],[-91.591211,44.334293],[-91.618151,44.334377],[-91.619654,44.338654],[-91.626443,44.343666],[-91.608545,44.345957],[-91.611096,44.348077],[-91.634736,44.346439],[-91.634688,44.342186],[-91.635901,44.341993],[-91.665133,44.341574],[-91.664755,44.35012],[-91.676953,44.354093],[-91.676933,44.34095],[-91.685263,44.341063],[-91.700504,44.349364]]]}},{"type":"Feature","properties":{"zip":"53572","name":"Zip 53572","students":49},"geometry":{"type":"Polygon","coordinates":[[[-89.838235,42.923629],[-89.834978,42.922841],[-89.826827,42.926545],[-89.81921,42.926807],[-89.820417,42.934246],[-89.828745,42.940355],[-89.828964,42.944707],[-89.77594,42.944795],[-89.772668,42.947024],[-89.772573,42.950243],[-89.780296,42.951303],[-89.809203,42.951663],[-89.800872,42.953923],[-89.799208,42.955875],[-89.800301,42.959879],[-89.789791,42.967709],[-89.788506,42.97622],[-89.792498,42.98037],[-89.789719,42.980583],[-89.79001,42.997047],[-89.78526,43.002558],[-89.784748,43.006726],[-89.770066,43.005397],[-89.770211,43.01008],[-89.76027,43.010093],[-89.760081,43.028082],[-89.76548,43.028219],[-89.765371,43.031845],[-89.75824,43.031863],[-89.757091,43.035627],[-89.761548,43.038436],[-89.76243,43.042988],[-89.766916,43.043332],[-89.772375,43.04628],[-89.775184,43.04588],[-89.777346,43.042544],[-89.77968,43.042752],[-89.779685,43.039141],[-89.79944,43.037494],[-89.799413,43.041842],[-89.804224,43.040659],[-89.804323,43.044783],[-89.799916,43.045618],[-89.799417,43.049373],[-89.802884,43.049047],[-89.804275,43.05775],[-89.799427,43.05805],[-89.79931,43.064197],[-89.769179,43.064128],[-89.769214,43.067621],[-89.760246,43.068359],[-89.760249,43.070617],[-89.754987,43.070595],[-89.754943,43.068691],[-89.752972,43.068663],[-89.75312,43.063677],[-89.749874,43.063631],[-89.749881,43.068501],[-89.735319,43.067785],[-89.735338,43.070863],[-89.731123,43.07086],[-89.733404,43.07395],[-89.73229,43.076361],[-89.720104,43.07567],[-89.720262,43.063781],[-89.709708,43.063788],[-89.709687,43.06793],[-89.700455,43.068122],[-89.700047,43.071082],[-89.695267,43.07106],[-89.695027,43.073629],[-89.693101,43.073668],[-89.693167,43.070563],[-89.680412,43.070501],[-89.680576,43.060954],[-89.674733,43.059593],[-89.673544,43.060866],[-89.657157,43.06072],[-89.658332,43.056991],[-89.66572,43.057209],[-89.665716,43.053518],[-89.670725,43.053548],[-89.670718,43.049886],[-89.655887,43.049835],[-89.654796,43.046055],[-89.645864,43.046207],[-89.646097,43.035777],[-89.632578,43.035054],[-89.630488,43.033868],[-89.63334,43.028467],[-89.632386,43.025478],[-89.626526,43.024267],[-89.621598,43.025141],[-89.622735,43.023472],[-89.641261,43.026996],[-89.64153,43.017273],[-89.631663,43.017034],[-89.631767,43.009692],[-89.641705,43.009922],[-89.642342,43.011887],[-89.654133,43.010056],[-89.654106,43.006345],[-89.667593,43.00647],[-89.667426,43.001428],[-89.680435,43.004323],[-89.680953,43.003369],[-89.67656,43.001855],[-89.676417,42.991856],[-89.671597,42.991863],[-89.671512,42.988245],[-89.666721,42.988232],[-89.666747,42.984543],[-89.676581,42.984578],[-89.676653,42.974726],[-89.674318,42.962623],[-89.659979,42.962661],[-89.661934,42.960832],[-89.661965,42.957069],[-89.656676,42.953177],[-89.658237,42.949291],[-89.656278,42.94701],[-89.650755,42.944446],[-89.647207,42.940423],[-89.647024,42.93214],[-89.647185,42.915841],[-89.671608,42.916001],[-89.673212,42.922895],[-89.677459,42.923514],[-89.689736,42.920031],[-89.702614,42.91017],[-89.70469,42.901435],[-89.682374,42.901375],[-89.680852,42.899046],[-89.682004,42.896572],[-89.681865,42.879771],[-89.698228,42.879232],[-89.692395,42.86638],[-89.69749,42.860834],[-89.694784,42.861721],[-89.68969,42.859193],[-89.680369,42.857759],[-89.719855,42.857739],[-89.720223,42.876538],[-89.721797,42.876607],[-89.750988,42.873858],[-89.767218,42.868881],[-89.769923,42.8654],[-89.767563,42.864084],[-89.763493,42.857397],[-89.810051,42.857287],[-89.807069,42.850704],[-89.80647,42.846788],[-89.808099,42.846238],[-89.810009,42.846206],[-89.812279,42.848727],[-89.82099,42.848722],[-89.826772,42.853651],[-89.838185,42.855624],[-89.837985,42.896147],[-89.82594,42.904557],[-89.822854,42.908491],[-89.838143,42.908326],[-89.838235,42.923629]]]}},{"type":"Feature","properties":{"zip":"53045","name":"Zip 53045","students":33},"geometry":{"type":"Polygon","coordinates":[[[-88.185834,43.053596],[-88.185848,43.082386],[-88.165912,43.083191],[-88.165872,43.084809],[-88.170947,43.083625],[-88.170927,43.085089],[-88.160402,43.089934],[-88.160716,43.094113],[-88.155932,43.09413],[-88.155859,43.097774],[-88.165403,43.097713],[-88.16518,43.10463],[-88.1256,43.10466],[-88.126043,43.062174],[-88.12618,43.060873],[-88.129812,43.061008],[-88.129909,43.05815],[-88.126304,43.057649],[-88.128197,43.016946],[-88.166406,43.017159],[-88.166855,43.038531],[-88.173056,43.039278],[-88.185823,43.049146],[-88.185837,43.051026],[-88.176506,43.051144],[-88.176712,43.053634],[-88.185834,43.053596]]]}},{"type":"Feature","properties":{"zip":"53228","name":"Zip 53228","students":209},"geometry":{"type":"Polygon","coordinates":[[[-88.069288,42.952627],[-88.06862,42.98096],[-88.04739,42.980828],[-88.047244,42.984443],[-88.042852,42.984484],[-88.042513,42.98088],[-88.017036,42.98051],[-88.01762,42.954147],[-88.024267,42.95359],[-88.031612,42.948191],[-88.033719,42.949556],[-88.033192,42.951268],[-88.038118,42.953449],[-88.046743,42.951891],[-88.069288,42.952627]]]}},{"type":"Feature","properties":{"zip":"53051","name":"Zip 53051","students":465},"geometry":{"type":"Polygon","coordinates":[[[-88.197355,43.188029],[-88.192435,43.188028],[-88.192209,43.191648],[-88.18966,43.192649],[-88.189422,43.191473],[-88.18429,43.190857],[-88.184236,43.192611],[-88.063353,43.192117],[-88.065141,43.131288],[-88.066251,43.128444],[-88.070211,43.125476],[-88.071009,43.121536],[-88.065589,43.120677],[-88.065576,43.119095],[-88.073937,43.119174],[-88.076719,43.117554],[-88.075525,43.115595],[-88.075841,43.108342],[-88.077077,43.108344],[-88.077457,43.104709],[-88.186939,43.104643],[-88.186914,43.106458],[-88.189532,43.106495],[-88.189466,43.108285],[-88.187686,43.108299],[-88.187599,43.110678],[-88.18545,43.110252],[-88.184252,43.139114],[-88.170441,43.145452],[-88.164109,43.144622],[-88.16239,43.140989],[-88.144664,43.140939],[-88.143651,43.168166],[-88.158244,43.168244],[-88.158716,43.155524],[-88.183695,43.155427],[-88.182835,43.177924],[-88.184293,43.17795],[-88.184219,43.184412],[-88.197529,43.184401],[-88.197355,43.188029]]]}},{"type":"Feature","properties":{"zip":"54915","name":"Zip 54915","students":170},"geometry":{"type":"Polygon","coordinates":[[[-88.446448,44.238379],[-88.436532,44.244308],[-88.424907,44.245386],[-88.417324,44.252322],[-88.402806,44.258486],[-88.399465,44.259167],[-88.393851,44.256586],[-88.391844,44.257157],[-88.384242,44.265536],[-88.374706,44.268586],[-88.368599,44.268713],[-88.357317,44.277349],[-88.354864,44.276762],[-88.355088,44.25848],[-88.334244,44.257196],[-88.334245,44.258817],[-88.316734,44.258738],[-88.31567,44.259939],[-88.315214,44.257866],[-88.312248,44.257969],[-88.312256,44.256475],[-88.312026,44.257829],[-88.311031,44.256557],[-88.30089,44.256715],[-88.30572,44.253263],[-88.303919,44.250764],[-88.2987,44.249985],[-88.303341,44.248548],[-88.301629,44.246331],[-88.30311,44.243427],[-88.292898,44.243359],[-88.293227,44.23561],[-88.303171,44.235683],[-88.303154,44.221257],[-88.384344,44.221583],[-88.383332,44.22522],[-88.38974,44.224606],[-88.390534,44.226826],[-88.404007,44.229578],[-88.404002,44.237094],[-88.420613,44.236308],[-88.424,44.237081],[-88.423871,44.238421],[-88.428968,44.237108],[-88.446448,44.238379]]]}},{"type":"Feature","properties":{"zip":"53129","name":"Zip 53129","students":567},"geometry":{"type":"Polygon","coordinates":[[[-88.028974,42.94993],[-88.024267,42.95359],[-88.018264,42.954147],[-88.017044,42.952904],[-88.011033,42.952911],[-88.008444,42.950806],[-87.988641,42.952134],[-87.988683,42.949277],[-87.985196,42.949316],[-87.983008,42.947455],[-87.978926,42.9509],[-87.978771,42.946145],[-87.972679,42.944894],[-87.972803,42.940206],[-87.968952,42.940196],[-87.96902,42.937645],[-87.966569,42.937642],[-87.966681,42.934004],[-87.969133,42.934034],[-87.969261,42.926978],[-87.989047,42.925495],[-87.989106,42.923138],[-88.009039,42.921917],[-88.008971,42.924788],[-88.016644,42.924035],[-88.019896,42.926164],[-88.020657,42.93103],[-88.028563,42.930548],[-88.026972,42.934795],[-88.028517,42.934802],[-88.028401,42.942391],[-88.025848,42.942397],[-88.025815,42.944144],[-88.02837,42.944137],[-88.028974,42.94993]]]}},{"type":"Feature","properties":{"zip":"53202","name":"Zip 53202","students":377},"geometry":{"type":"Polygon","coordinates":[[[-87.913428,43.045155],[-87.912725,43.047558],[-87.906669,43.052764],[-87.901169,43.056687],[-87.894715,43.057959],[-87.892833,43.061534],[-87.890473,43.061348],[-87.890491,43.06014],[-87.87817,43.059991],[-87.878916,43.058532],[-87.87721,43.057805],[-87.874991,43.06004],[-87.875299,43.058848],[-87.872693,43.057719],[-87.882316,43.042323],[-87.878122,43.042323],[-87.883994,43.039796],[-87.888424,43.033692],[-87.889266,43.025621],[-87.902376,43.025129],[-87.910267,43.031304],[-87.910236,43.038937],[-87.913428,43.045155]]]}},{"type":"Feature","properties":{"zip":"53209","name":"Zip 53209","students":2225},"geometry":{"type":"Polygon","coordinates":[[[-87.983162,43.13198],[-87.966015,43.132242],[-87.964837,43.163139],[-87.966816,43.168025],[-87.964325,43.170723],[-87.967486,43.177972],[-87.964121,43.177681],[-87.964668,43.192434],[-87.959255,43.192407],[-87.960939,43.188283],[-87.955536,43.181534],[-87.955418,43.179146],[-87.959607,43.174309],[-87.962707,43.174332],[-87.962858,43.17188],[-87.946482,43.159724],[-87.935127,43.159029],[-87.929858,43.152221],[-87.930388,43.147984],[-87.92971,43.150021],[-87.927425,43.144439],[-87.920966,43.14053],[-87.924289,43.136103],[-87.927461,43.137733],[-87.927978,43.131857],[-87.922672,43.12507],[-87.915036,43.124893],[-87.923652,43.115242],[-87.923948,43.11137],[-87.93097,43.107724],[-87.926499,43.105723],[-87.924971,43.102048],[-87.91821,43.10304],[-87.918584,43.099472],[-87.922071,43.094545],[-87.920953,43.092356],[-87.918961,43.092206],[-87.918985,43.08932],[-87.946396,43.089789],[-87.946296,43.097455],[-87.950474,43.097155],[-87.95045,43.099398],[-87.953009,43.100854],[-87.956558,43.100761],[-87.955393,43.099188],[-87.956846,43.096538],[-87.966991,43.09685],[-87.967031,43.108298],[-87.970224,43.108297],[-87.970181,43.110895],[-87.966417,43.111514],[-87.966458,43.115948],[-87.983162,43.13198]]]}},{"type":"Feature","properties":{"zip":"53717","name":"Zip 53717","students":79},"geometry":{"type":"Polygon","coordinates":[[[-89.55139,43.074741],[-89.550742,43.082032],[-89.540372,43.082073],[-89.541528,43.078595],[-89.536939,43.076658],[-89.536691,43.08208],[-89.534042,43.082037],[-89.532427,43.085281],[-89.528839,43.085551],[-89.527443,43.088438],[-89.524596,43.088041],[-89.524639,43.090072],[-89.520897,43.090118],[-89.521098,43.083838],[-89.502158,43.086182],[-89.502253,43.082517],[-89.492361,43.08247],[-89.492526,43.077266],[-89.498277,43.075696],[-89.499139,43.073207],[-89.496924,43.068431],[-89.502558,43.068439],[-89.502755,43.060698],[-89.507794,43.060655],[-89.509316,43.057099],[-89.514155,43.057678],[-89.512658,43.060568],[-89.524993,43.060426],[-89.527031,43.062229],[-89.527539,43.060405],[-89.53731,43.060306],[-89.537049,43.072799],[-89.532139,43.072427],[-89.532087,43.074753],[-89.55139,43.074741]],[[-89.531555,43.073139],[-89.527789,43.072571],[-89.526972,43.074883],[-89.530995,43.074882],[-89.531555,43.073139]]]}},{"type":"Feature","properties":{"zip":"53120","name":"Zip 53120","students":16},"geometry":{"type":"Polygon","coordinates":[[[-88.558019,42.790531],[-88.557096,42.82218],[-88.542204,42.836178],[-88.537356,42.836296],[-88.539184,42.839027],[-88.530763,42.842935],[-88.497788,42.842742],[-88.498311,42.836636],[-88.480239,42.836008],[-88.478466,42.826111],[-88.472483,42.82398],[-88.472548,42.827929],[-88.469961,42.833159],[-88.462789,42.830032],[-88.453856,42.831106],[-88.453685,42.834177],[-88.450398,42.835785],[-88.44929,42.842641],[-88.42407,42.842587],[-88.424344,42.827469],[-88.414844,42.829821],[-88.414857,42.828274],[-88.405129,42.828272],[-88.405107,42.821594],[-88.400434,42.82124],[-88.398182,42.824544],[-88.391615,42.822317],[-88.393284,42.821022],[-88.395166,42.822406],[-88.395789,42.820441],[-88.398252,42.82105],[-88.395457,42.816386],[-88.40379,42.813555],[-88.407298,42.814338],[-88.407264,42.812507],[-88.410945,42.810794],[-88.413624,42.810822],[-88.413289,42.812824],[-88.413798,42.811055],[-88.415753,42.810828],[-88.41396,42.810301],[-88.399085,42.812197],[-88.382848,42.829462],[-88.371148,42.826078],[-88.368156,42.826665],[-88.370599,42.827439],[-88.37299,42.831291],[-88.370345,42.832292],[-88.367639,42.828448],[-88.36768,42.830292],[-88.365706,42.830292],[-88.365601,42.835672],[-88.355747,42.835728],[-88.355759,42.833978],[-88.351943,42.833128],[-88.356942,42.826718],[-88.353204,42.831189],[-88.353221,42.828299],[-88.336138,42.828094],[-88.33638,42.81513],[-88.322794,42.821014],[-88.324893,42.82195],[-88.324102,42.824098],[-88.326941,42.842508],[-88.306976,42.842183],[-88.307158,42.798226],[-88.302465,42.796088],[-88.292409,42.795895],[-88.292265,42.797286],[-88.287268,42.797934],[-88.274061,42.798215],[-88.272726,42.792082],[-88.267709,42.791838],[-88.267873,42.78489],[-88.262899,42.784902],[-88.263004,42.781287],[-88.254993,42.781208],[-88.255039,42.777594],[-88.248348,42.77762],[-88.248407,42.774067],[-88.238683,42.773647],[-88.235836,42.770834],[-88.272615,42.770223],[-88.273118,42.762954],[-88.28335,42.762894],[-88.283413,42.761056],[-88.288364,42.761083],[-88.288311,42.762865],[-88.298164,42.762806],[-88.297988,42.768667],[-88.301692,42.770495],[-88.303804,42.776549],[-88.306487,42.778835],[-88.312481,42.777725],[-88.317386,42.778991],[-88.317418,42.777365],[-88.341221,42.777557],[-88.347092,42.770273],[-88.366884,42.77037],[-88.36701,42.766275],[-88.374266,42.766275],[-88.380109,42.768408],[-88.381717,42.767346],[-88.381816,42.759691],[-88.38675,42.759708],[-88.386754,42.756087],[-88.445736,42.756442],[-88.445258,42.770782],[-88.436584,42.771128],[-88.435994,42.780336],[-88.439654,42.781148],[-88.445851,42.778457],[-88.448149,42.778924],[-88.450033,42.781843],[-88.470051,42.782038],[-88.489353,42.778785],[-88.514644,42.778881],[-88.526698,42.771273],[-88.529618,42.771224],[-88.529545,42.77513],[-88.532318,42.778618],[-88.543775,42.778492],[-88.543558,42.785635],[-88.545835,42.785882],[-88.548833,42.790193],[-88.554551,42.791679],[-88.558019,42.790531]]]}},{"type":"Feature","properties":{"zip":"53142","name":"Zip 53142","students":38},"geometry":{"type":"Polygon","coordinates":[[[-88.026212,42.503327],[-88.014202,42.505438],[-88.015451,42.509715],[-88.010329,42.509678],[-88.010347,42.516881],[-88.005438,42.516883],[-88.005376,42.513269],[-88.000486,42.513245],[-88.000973,42.543604],[-87.998016,42.544456],[-87.992062,42.543058],[-87.983742,42.548563],[-87.979332,42.549385],[-87.977792,42.552124],[-87.966787,42.553646],[-87.964928,42.55181],[-87.959632,42.550807],[-87.957879,42.553974],[-87.952927,42.553975],[-87.953287,42.564408],[-87.959398,42.564415],[-87.959373,42.567251],[-87.965651,42.567527],[-87.965668,42.569587],[-87.966812,42.567109],[-87.966775,42.569521],[-87.972052,42.569575],[-87.972064,42.574669],[-87.976844,42.574713],[-87.976755,42.568839],[-87.979539,42.568864],[-87.979517,42.567412],[-87.991694,42.567499],[-87.991728,42.568801],[-87.993679,42.568798],[-87.99491,42.567122],[-87.996743,42.569825],[-87.996833,42.574896],[-87.991889,42.574871],[-87.991977,42.57852],[-87.955104,42.577087],[-87.955313,42.582325],[-87.952802,42.582304],[-87.95275,42.579473],[-87.949005,42.57845],[-87.947732,42.578432],[-87.947898,42.582168],[-87.940837,42.582094],[-87.940854,42.580919],[-87.935897,42.580873],[-87.935781,42.578085],[-87.934285,42.578065],[-87.93443,42.581565],[-87.926151,42.580479],[-87.924593,42.58205],[-87.845572,42.580851],[-87.844416,42.54974],[-87.846239,42.549185],[-87.844424,42.549145],[-87.844781,42.537443],[-87.853185,42.5384],[-87.855407,42.537095],[-87.855436,42.538151],[-87.860284,42.538195],[-87.860357,42.540927],[-87.863701,42.540928],[-87.864292,42.537695],[-87.865459,42.537743],[-87.866033,42.543133],[-87.869056,42.543482],[-87.867174,42.546067],[-87.868556,42.546085],[-87.867752,42.549418],[-87.869503,42.550184],[-87.867675,42.550773],[-87.870473,42.552577],[-87.879941,42.552005],[-87.880104,42.555649],[-87.891758,42.556735],[-87.904827,42.552989],[-87.904895,42.566707],[-87.952419,42.567329],[-87.951671,42.523829],[-87.968872,42.523901],[-87.968846,42.522377],[-87.9703,42.522377],[-87.970163,42.514838],[-87.96612,42.514879],[-87.966082,42.51296],[-87.952072,42.512072],[-87.953099,42.502338],[-87.951587,42.494614],[-88.02505,42.495113],[-88.026212,42.503327]],[[-87.896604,42.580718],[-87.895718,42.577858],[-87.889664,42.577779],[-87.889784,42.581485],[-87.896604,42.580718]],[[-87.887108,42.581415],[-87.887054,42.579325],[-87.885057,42.579288],[-87.885123,42.581364],[-87.887108,42.581415]]]}},{"type":"Feature","properties":{"zip":"53715","name":"Zip 53715","students":47},"geometry":{"type":"Polygon","coordinates":[[[-89.417903,43.059724],[-89.412744,43.0625],[-89.408994,43.062059],[-89.409595,43.073377],[-89.400734,43.072088],[-89.396565,43.074885],[-89.395408,43.068422],[-89.399189,43.0694],[-89.399224,43.067634],[-89.389408,43.063917],[-89.398938,43.063004],[-89.399519,43.059871],[-89.39767,43.057357],[-89.38954,43.057003],[-89.388226,43.059088],[-89.385056,43.05837],[-89.385332,43.059965],[-89.377865,43.055823],[-89.38913,43.049372],[-89.394298,43.049042],[-89.40035,43.050024],[-89.401741,43.054604],[-89.405368,43.057492],[-89.416127,43.058133],[-89.417903,43.059724]]]}},{"type":"Feature","properties":{"zip":"53147","name":"Zip 53147","students":36},"geometry":{"type":"MultiPolygon","coordinates":[[[[-88.527798,42.548175],[-88.52623,42.54819],[-88.52646,42.545581],[-88.527749,42.545581],[-88.527798,42.548175]]],[[[-88.54112,42.633698],[-88.521834,42.63373],[-88.521777,42.622901],[-88.516578,42.622982],[-88.516553,42.625897],[-88.511308,42.625898],[-88.511328,42.623094],[-88.506725,42.623074],[-88.506692,42.626477],[-88.496831,42.626449],[-88.50903,42.633783],[-88.486979,42.633579],[-88.486789,42.63856],[-88.476011,42.633512],[-88.472338,42.633401],[-88.472263,42.636157],[-88.461911,42.636197],[-88.461819,42.637903],[-88.46011,42.63468],[-88.452583,42.632093],[-88.442764,42.63545],[-88.442764,42.637695],[-88.424575,42.641056],[-88.42665,42.640848],[-88.42729,42.643773],[-88.430867,42.645115],[-88.432928,42.654828],[-88.423137,42.654763],[-88.423128,42.640319],[-88.411163,42.640214],[-88.409943,42.641664],[-88.409942,42.640212],[-88.39937,42.639933],[-88.406443,42.641662],[-88.408741,42.643828],[-88.406864,42.646542],[-88.413583,42.647407],[-88.372726,42.647035],[-88.372845,42.641814],[-88.379333,42.640024],[-88.379392,42.634442],[-88.38408,42.632801],[-88.385578,42.62653],[-88.388229,42.623807],[-88.390648,42.623813],[-88.391117,42.621705],[-88.394128,42.621595],[-88.395271,42.619095],[-88.396646,42.619468],[-88.397606,42.617671],[-88.396529,42.617032],[-88.397806,42.616806],[-88.396609,42.616156],[-88.398346,42.615042],[-88.397425,42.613889],[-88.393931,42.614688],[-88.384893,42.625548],[-88.379428,42.625462],[-88.378326,42.61738],[-88.379514,42.611531],[-88.377756,42.607447],[-88.369824,42.6072],[-88.369605,42.603782],[-88.364838,42.603552],[-88.364914,42.596795],[-88.351042,42.595021],[-88.339695,42.587039],[-88.345366,42.586077],[-88.345434,42.583751],[-88.349269,42.580196],[-88.348467,42.573997],[-88.349523,42.571076],[-88.35094,42.571079],[-88.350905,42.567392],[-88.355688,42.567419],[-88.355635,42.564048],[-88.359467,42.564497],[-88.359392,42.55775],[-88.364312,42.557416],[-88.364068,42.544218],[-88.369426,42.544199],[-88.369386,42.5423],[-88.374384,42.542705],[-88.369947,42.538729],[-88.373554,42.53566],[-88.393397,42.549929],[-88.393086,42.523751],[-88.402953,42.523902],[-88.402852,42.516555],[-88.400179,42.516531],[-88.399207,42.511347],[-88.40585,42.502222],[-88.412752,42.501983],[-88.413114,42.494618],[-88.525709,42.49492],[-88.52646,42.545581],[-88.523605,42.54554],[-88.523579,42.548971],[-88.524181,42.550728],[-88.540716,42.548486],[-88.540744,42.558827],[-88.532702,42.559424],[-88.53285,42.563697],[-88.521136,42.563743],[-88.521171,42.570579],[-88.519068,42.57192],[-88.519155,42.580205],[-88.529718,42.586864],[-88.540847,42.600207],[-88.54112,42.633698]],[[-88.501005,42.51653],[-88.497602,42.512271],[-88.48179,42.50985],[-88.481931,42.516585],[-88.501005,42.51653]]]]}},{"type":"Feature","properties":{"zip":"54614","name":"Zip 54614","students":8},"geometry":{"type":"Polygon","coordinates":[[[-91.041242,43.906984],[-91.039207,43.908794],[-91.039887,43.916691],[-91.031317,43.916385],[-91.032084,43.957428],[-91.027445,43.95745],[-91.027564,43.954504],[-91.021543,43.954505],[-91.021405,43.961218],[-91.032123,43.961206],[-91.03244,43.985288],[-91.020559,43.985328],[-91.024278,43.994503],[-91.027934,43.997643],[-91.026022,43.998558],[-91.026916,43.99959],[-90.986874,43.999842],[-90.980654,43.993579],[-90.982189,43.992398],[-90.967627,43.992506],[-90.967604,44.006924],[-90.952758,44.006961],[-90.952791,44.012704],[-90.934311,44.012895],[-90.9344,44.017995],[-90.927585,44.018069],[-90.927702,44.025668],[-90.925292,44.025776],[-90.923079,44.036058],[-90.919728,44.040198],[-90.919547,44.044443],[-90.916518,44.049285],[-90.913169,44.049041],[-90.911172,43.944709],[-90.913252,43.942423],[-90.915852,43.928332],[-90.919638,43.92518],[-90.91053,43.92691],[-90.910193,43.916582],[-90.911428,43.916921],[-90.912019,43.915102],[-90.913824,43.916543],[-90.915497,43.913581],[-90.920071,43.913161],[-90.920068,43.908066],[-90.925106,43.908065],[-90.925003,43.899267],[-90.918984,43.899246],[-90.923523,43.897502],[-90.921986,43.896056],[-90.923442,43.893693],[-90.920253,43.89211],[-90.930693,43.892108],[-90.930742,43.8776],[-90.940522,43.8776],[-90.941664,43.855899],[-90.950587,43.855756],[-90.950611,43.837684],[-90.945757,43.837684],[-90.946181,43.828014],[-90.94862,43.82751],[-90.944487,43.81921],[-90.933849,43.813838],[-90.925971,43.814273],[-90.927781,43.81243],[-90.926609,43.808907],[-90.927438,43.805304],[-90.929955,43.801913],[-90.932963,43.799413],[-90.940232,43.797662],[-90.932091,43.794117],[-90.921086,43.797131],[-90.921291,43.790935],[-90.931361,43.789998],[-90.931386,43.787167],[-90.9366,43.786588],[-90.935904,43.783489],[-90.940224,43.76518],[-90.949051,43.765956],[-90.955699,43.763396],[-90.962271,43.766617],[-90.965673,43.772033],[-90.97069,43.776202],[-90.977245,43.776184],[-90.984877,43.778913],[-90.990826,43.783038],[-90.990632,43.776219],[-90.995439,43.776204],[-90.995486,43.772016],[-91.015664,43.772159],[-91.015426,43.783818],[-91.000816,43.783485],[-91.000576,43.788911],[-90.995756,43.785364],[-90.995744,43.790634],[-90.998525,43.796241],[-90.99479,43.803487],[-90.998419,43.808471],[-90.998621,43.812436],[-91.031213,43.81225],[-91.031166,43.862779],[-91.012785,43.862609],[-91.012704,43.869674],[-91.010349,43.869918],[-91.010449,43.889664],[-91.009663,43.89116],[-91.000539,43.890228],[-91.000493,43.891459],[-91.031105,43.893584],[-91.031093,43.9016],[-91.038401,43.903256],[-91.04012,43.90525],[-91.038465,43.905156],[-91.03845,43.905321],[-91.041242,43.906984]]]}},{"type":"Feature","properties":{"zip":"54658","name":"Zip 54658","students":29},"geometry":{"type":"Polygon","coordinates":[[[-91.270813,43.658096],[-91.269101,43.67417],[-91.267178,43.675998],[-91.265414,43.675449],[-91.260824,43.664883],[-91.25799,43.664379],[-91.2562,43.666462],[-91.260762,43.671563],[-91.263458,43.678649],[-91.261123,43.683404],[-91.261812,43.688091],[-91.260523,43.68425],[-91.258192,43.684271],[-91.257064,43.686238],[-91.262281,43.691659],[-91.261869,43.694539],[-91.259694,43.695863],[-91.26297,43.696551],[-91.262873,43.699226],[-91.260732,43.697853],[-91.260383,43.700208],[-91.261832,43.701078],[-91.250134,43.701757],[-91.249803,43.704892],[-91.248145,43.705053],[-91.250134,43.706252],[-91.250134,43.708435],[-91.247834,43.709261],[-91.250134,43.710413],[-91.250134,43.7127],[-91.248594,43.713056],[-91.239633,43.702405],[-91.245882,43.711754],[-91.24235,43.708737],[-91.242162,43.709949],[-91.246609,43.713857],[-91.244844,43.713515],[-91.244594,43.715779],[-91.242541,43.711915],[-91.241566,43.714225],[-91.242325,43.716969],[-91.243932,43.716122],[-91.244756,43.720557],[-91.24416,43.724582],[-91.242772,43.725221],[-91.246105,43.725589],[-91.201807,43.725472],[-91.199275,43.742018],[-91.196535,43.742282],[-91.196187,43.745376],[-91.193402,43.746282],[-91.188491,43.745872],[-91.187579,43.742052],[-91.18903,43.732763],[-91.18059,43.732648],[-91.18054,43.736292],[-91.173074,43.736195],[-91.17309,43.732623],[-91.170505,43.732616],[-91.170551,43.734886],[-91.165549,43.736416],[-91.130586,43.736057],[-91.131033,43.725406],[-91.120409,43.727029],[-91.11671,43.724982],[-91.108732,43.724955],[-91.108821,43.720303],[-91.117832,43.720207],[-91.117302,43.723497],[-91.12797,43.723511],[-91.128117,43.71437],[-91.146011,43.714169],[-91.145903,43.718912],[-91.150516,43.718876],[-91.150209,43.704462],[-91.133449,43.705647],[-91.129111,43.702085],[-91.126944,43.697025],[-91.120732,43.693191],[-91.119708,43.673641],[-91.12468,43.673368],[-91.125849,43.666063],[-91.134553,43.665973],[-91.134502,43.660277],[-91.142452,43.660733],[-91.144519,43.664354],[-91.1494,43.66411],[-91.149002,43.644142],[-91.150667,43.643962],[-91.149218,43.642873],[-91.156779,43.642786],[-91.156718,43.634864],[-91.154227,43.63486],[-91.153044,43.632305],[-91.15292,43.6207],[-91.158072,43.620645],[-91.158397,43.608102],[-91.203039,43.608287],[-91.20326,43.615557],[-91.188799,43.617414],[-91.18854,43.623068],[-91.205416,43.622792],[-91.208609,43.614102],[-91.219501,43.610288],[-91.222206,43.611572],[-91.22165,43.601372],[-91.222216,43.59888],[-91.224757,43.593594],[-91.22188,43.602475],[-91.222944,43.616247],[-91.220476,43.638313],[-91.223041,43.640944],[-91.221272,43.641066],[-91.220965,43.64335],[-91.224049,43.64334],[-91.224928,43.641365],[-91.261655,43.643902],[-91.263002,43.649156],[-91.269494,43.654468],[-91.270813,43.658096]]]}},{"type":"Feature","properties":{"zip":"53075","name":"Zip 53075","students":12},"geometry":{"type":"Polygon","coordinates":[[[-88.125462,43.568032],[-88.120462,43.568008],[-88.120471,43.571762],[-88.104261,43.571575],[-88.105111,43.579304],[-88.110545,43.586206],[-88.09032,43.58603],[-88.090439,43.571558],[-88.037484,43.57147],[-88.029099,43.577145],[-88.026548,43.582558],[-88.022882,43.584239],[-88.02374,43.586215],[-87.990211,43.586352],[-87.98103,43.58936],[-87.980947,43.611923],[-87.975302,43.615039],[-87.953145,43.615654],[-87.953075,43.614235],[-87.952673,43.615656],[-87.94217,43.615837],[-87.940924,43.590369],[-87.92091,43.590788],[-87.921017,43.572511],[-87.900546,43.572489],[-87.900699,43.528747],[-87.916741,43.528789],[-87.913235,43.539755],[-87.9166,43.543395],[-87.921047,43.543378],[-87.920896,43.528783],[-87.980857,43.527786],[-87.980876,43.542699],[-88.040528,43.542361],[-88.040696,43.552858],[-88.044987,43.549858],[-88.050906,43.548911],[-88.050941,43.542365],[-88.055706,43.541786],[-88.053714,43.53634],[-88.05527,43.536445],[-88.05914,43.530977],[-88.060598,43.531404],[-88.060289,43.530072],[-88.063697,43.529701],[-88.063495,43.527285],[-88.080279,43.527467],[-88.080472,43.542397],[-88.100422,43.542407],[-88.10411,43.546648],[-88.107779,43.547086],[-88.110567,43.550005],[-88.120527,43.549584],[-88.120514,43.558154],[-88.121459,43.56005],[-88.125486,43.560879],[-88.125462,43.568032]]]}},{"type":"Feature","properties":{"zip":"54216","name":"Zip 54216","students":17},"geometry":{"type":"Polygon","coordinates":[[[-87.704748,44.44342],[-87.679456,44.444227],[-87.679367,44.448926],[-87.67437,44.448867],[-87.67428,44.45428],[-87.664125,44.45434],[-87.664031,44.462082],[-87.6602,44.461504],[-87.653018,44.46336],[-87.650953,44.460182],[-87.643742,44.460162],[-87.643468,44.501437],[-87.635815,44.501462],[-87.637346,44.501922],[-87.637399,44.506028],[-87.632309,44.512008],[-87.608662,44.515614],[-87.604391,44.518528],[-87.602307,44.52536],[-87.583076,44.52537],[-87.583225,44.530607],[-87.562654,44.53065],[-87.562726,44.545112],[-87.521194,44.545193],[-87.521281,44.534299],[-87.501102,44.53435],[-87.500368,44.539886],[-87.502762,44.545175],[-87.496712,44.550022],[-87.495204,44.548883],[-87.49581,44.545328],[-87.471137,44.545126],[-87.467207,44.553519],[-87.452334,44.572348],[-87.445785,44.588469],[-87.439562,44.588076],[-87.454494,44.560641],[-87.476493,44.509257],[-87.476138,44.499769],[-87.494211,44.453326],[-87.499003,44.42511],[-87.505711,44.414738],[-87.512925,44.396468],[-87.514643,44.374721],[-87.518845,44.366872],[-87.530165,44.352703],[-87.532351,44.347254],[-87.530976,44.340443],[-87.539203,44.327509],[-87.636771,44.327506],[-87.632963,44.331363],[-87.635653,44.334105],[-87.632814,44.338467],[-87.635882,44.341977],[-87.623732,44.34193],[-87.623548,44.352197],[-87.654184,44.356034],[-87.653812,44.359031],[-87.658102,44.363843],[-87.664347,44.363879],[-87.664367,44.371061],[-87.666112,44.372587],[-87.666254,44.376031],[-87.669638,44.378891],[-87.671011,44.384286],[-87.669402,44.387527],[-87.670664,44.389216],[-87.674234,44.388975],[-87.674264,44.396564],[-87.682414,44.396564],[-87.682412,44.400166],[-87.704683,44.399984],[-87.704666,44.407234],[-87.684288,44.40747],[-87.684236,44.418263],[-87.684311,44.428928],[-87.704633,44.428918],[-87.704748,44.44342]]]}},{"type":"Feature","properties":{"zip":"53956","name":"Zip 53956","students":37},"geometry":{"type":"Polygon","coordinates":[[[-89.126988,43.514768],[-89.11674,43.515006],[-89.108705,43.518719],[-89.10182,43.518941],[-89.101933,43.528699],[-89.082114,43.53363],[-89.075745,43.539155],[-89.05145,43.537957],[-89.04004,43.540615],[-89.058574,43.567293],[-89.06168,43.579004],[-89.061573,43.580575],[-89.056974,43.581505],[-89.057061,43.596071],[-89.067108,43.595956],[-89.06718,43.610468],[-89.04737,43.610764],[-89.046809,43.637024],[-89.052577,43.637033],[-89.052576,43.640901],[-89.04685,43.640887],[-89.046847,43.654588],[-89.039628,43.654682],[-89.037329,43.650877],[-89.028528,43.648482],[-89.027529,43.645455],[-89.016676,43.644051],[-89.016874,43.633024],[-88.981132,43.632939],[-88.981062,43.654984],[-88.95609,43.655082],[-88.955778,43.62726],[-88.952105,43.627254],[-88.951818,43.633131],[-88.926079,43.633311],[-88.926464,43.61921],[-88.931504,43.619212],[-88.931693,43.604641],[-88.971772,43.604709],[-88.971729,43.601862],[-88.980515,43.600809],[-88.980893,43.603335],[-88.987101,43.601929],[-88.986969,43.590348],[-88.985405,43.590309],[-88.986926,43.588845],[-88.983401,43.589522],[-88.982866,43.591552],[-88.982428,43.590001],[-88.981325,43.590292],[-88.978436,43.590374],[-88.97815,43.590352],[-88.973636,43.588255],[-88.965986,43.59047],[-88.965809,43.568347],[-88.954583,43.56839],[-88.954365,43.540759],[-88.943399,43.54133],[-88.941281,43.537759],[-88.942453,43.537061],[-88.939144,43.536054],[-88.943763,43.53026],[-88.962556,43.520104],[-88.959044,43.518497],[-88.959902,43.513556],[-88.958706,43.512294],[-88.965157,43.514189],[-88.965209,43.477712],[-88.967607,43.477699],[-88.967628,43.480481],[-88.975189,43.480444],[-88.975183,43.473175],[-88.965132,43.473184],[-88.965301,43.458739],[-88.955269,43.458799],[-88.95542,43.452241],[-88.965542,43.452169],[-88.965524,43.449413],[-88.969894,43.447013],[-88.974527,43.447141],[-88.976391,43.444591],[-88.984061,43.444625],[-88.984154,43.451417],[-88.989275,43.451449],[-88.991782,43.444167],[-89.005826,43.444346],[-89.006047,43.455297],[-89.010557,43.45528],[-89.01057,43.451941],[-89.015443,43.451924],[-89.015378,43.458608],[-89.036083,43.458257],[-89.036042,43.456299],[-89.041042,43.456302],[-89.041197,43.447348],[-89.051113,43.44638],[-89.052099,43.4474],[-89.050548,43.458029],[-89.070681,43.456642],[-89.070679,43.457724],[-89.075549,43.45764],[-89.075529,43.460178],[-89.08168,43.460183],[-89.081647,43.466754],[-89.076775,43.466763],[-89.076782,43.472182],[-89.083462,43.472032],[-89.083311,43.469454],[-89.086653,43.468007],[-89.086941,43.464762],[-89.096049,43.462525],[-89.09127,43.47197],[-89.091298,43.479193],[-89.116244,43.478727],[-89.116219,43.493236],[-89.126563,43.493322],[-89.126988,43.514768]]]}},{"type":"Feature","properties":{"zip":"54157","name":"Zip 54157","students":30},"geometry":{"type":"Polygon","coordinates":[[[-87.946668,45.107568],[-87.945516,45.128739],[-87.943269,45.1285],[-87.935465,45.119794],[-87.924642,45.118016],[-87.924901,45.123422],[-87.919757,45.127631],[-87.916592,45.126905],[-87.91732,45.124176],[-87.916129,45.123614],[-87.904801,45.124959],[-87.898477,45.123223],[-87.891533,45.124977],[-87.885068,45.12911],[-87.88106,45.127741],[-87.875733,45.129239],[-87.874061,45.131271],[-87.870055,45.131017],[-87.861585,45.133941],[-87.85583,45.132876],[-87.843065,45.135012],[-87.843067,45.133301],[-87.837734,45.135666],[-87.822336,45.135681],[-87.821445,45.143517],[-87.816202,45.143438],[-87.812014,45.141287],[-87.806748,45.14187],[-87.803853,45.144437],[-87.801684,45.143723],[-87.802715,45.14269],[-87.800378,45.14349],[-87.800738,45.128151],[-87.822445,45.128409],[-87.822537,45.121124],[-87.800786,45.120889],[-87.801302,45.106531],[-87.798332,45.105949],[-87.799187,45.101444],[-87.793781,45.1005],[-87.792964,45.098562],[-87.786188,45.097927],[-87.785874,45.089657],[-87.778637,45.089692],[-87.778107,45.106351],[-87.76783,45.106365],[-87.767925,45.102673],[-87.759372,45.102625],[-87.757582,45.102639],[-87.757492,45.106385],[-87.753648,45.106401],[-87.750339,45.105005],[-87.745395,45.095863],[-87.744187,45.089501],[-87.73304,45.089538],[-87.738163,45.089053],[-87.737557,45.078567],[-87.726897,45.078781],[-87.72712,45.082343],[-87.721887,45.081799],[-87.722185,45.086642],[-87.716868,45.08658],[-87.715743,45.064492],[-87.720888,45.064639],[-87.720179,45.055474],[-87.730092,45.051668],[-87.729671,45.045762],[-87.737861,45.045608],[-87.737816,45.044333],[-87.744247,45.045386],[-87.740825,45.035894],[-87.731811,45.032661],[-87.729081,45.026221],[-87.726291,45.027989],[-87.726834,45.033795],[-87.720535,45.033137],[-87.721007,45.026166],[-87.714264,45.028435],[-87.713364,45.0248],[-87.716955,45.022301],[-87.716149,45.020933],[-87.707461,45.024583],[-87.705617,45.020256],[-87.71088,45.01797],[-87.709842,45.011666],[-87.704637,45.010156],[-87.704391,45.008042],[-87.700277,45.008466],[-87.700731,45.004651],[-87.695432,45.006054],[-87.689077,45.004621],[-87.682815,44.998698],[-87.681401,44.996404],[-87.682533,44.994159],[-87.67092,44.992846],[-87.668087,44.988236],[-87.662785,44.98943],[-87.662173,44.98848],[-87.663583,44.987882],[-87.663498,44.98718],[-87.660645,44.984439],[-87.662429,44.986841],[-87.660376,44.984719],[-87.660042,44.987142],[-87.661691,44.988235],[-87.659798,44.987515],[-87.659844,44.983911],[-87.656562,44.983459],[-87.659555,44.983129],[-87.659654,44.981783],[-87.65434,44.978579],[-87.655355,44.971421],[-87.685613,44.970935],[-87.762639,44.962968],[-87.762657,44.966845],[-87.762984,44.965588],[-87.773274,44.963945],[-87.775737,44.964887],[-87.775147,44.963755],[-87.776792,44.964474],[-87.776324,44.96355],[-87.780977,44.962277],[-87.780388,44.96111],[-87.783513,44.965158],[-87.781086,44.975464],[-87.78043,44.990636],[-87.883386,44.99046],[-87.88333,44.993042],[-87.902925,44.99323],[-87.901986,45.018903],[-87.881546,45.019608],[-87.882085,45.034125],[-87.902409,45.034241],[-87.901886,45.063141],[-87.922087,45.063502],[-87.922219,45.085241],[-87.929508,45.085382],[-87.923208,45.091284],[-87.924562,45.092132],[-87.92355,45.094129],[-87.918511,45.09586],[-87.918093,45.098304],[-87.914408,45.099161],[-87.910464,45.105738],[-87.918636,45.104115],[-87.926293,45.105569],[-87.930706,45.103898],[-87.932188,45.104421],[-87.932117,45.107222],[-87.939054,45.107393],[-87.940974,45.108795],[-87.946668,45.107568]]]}},{"type":"Feature","properties":{"zip":"53086","name":"Zip 53086","students":7},"geometry":{"type":"Polygon","coordinates":[[[-88.326114,43.352688],[-88.298775,43.353813],[-88.298577,43.369533],[-88.290486,43.358092],[-88.27894,43.369357],[-88.26398,43.369343],[-88.264089,43.36808],[-88.260977,43.367238],[-88.260879,43.353354],[-88.251019,43.353311],[-88.250798,43.356912],[-88.23932,43.35681],[-88.233889,43.353299],[-88.233123,43.34768],[-88.234415,43.34465],[-88.232822,43.343056],[-88.234832,43.339933],[-88.223087,43.338838],[-88.225097,43.337535],[-88.221279,43.331622],[-88.221174,43.303209],[-88.210285,43.295357],[-88.221134,43.295419],[-88.229533,43.30137],[-88.240943,43.303865],[-88.241334,43.281037],[-88.249936,43.281105],[-88.25095,43.289715],[-88.254405,43.2915],[-88.25885,43.292517],[-88.263187,43.28974],[-88.268179,43.290083],[-88.272884,43.295693],[-88.280639,43.295752],[-88.280786,43.290547],[-88.285761,43.290594],[-88.285761,43.288567],[-88.290758,43.288567],[-88.290711,43.285007],[-88.300336,43.284914],[-88.300431,43.281351],[-88.310504,43.281304],[-88.309288,43.328225],[-88.314266,43.328172],[-88.314214,43.329763],[-88.319231,43.328752],[-88.318877,43.341879],[-88.322354,43.34201],[-88.322427,43.346367],[-88.32622,43.346396],[-88.326114,43.352688]]]}},{"type":"Feature","properties":{"zip":"54421","name":"Zip 54421","students":58},"geometry":{"type":"Polygon","coordinates":[[[-90.458702,44.87464],[-90.457499,44.875545],[-90.454661,44.874221],[-90.452237,44.876612],[-90.448113,44.876908],[-90.448174,44.87876],[-90.445065,44.881557],[-90.440086,44.883208],[-90.441703,44.886844],[-90.434503,44.891357],[-90.434348,44.918891],[-90.39768,44.933451],[-90.396704,44.944447],[-90.371088,44.944818],[-90.365914,44.940942],[-90.361779,44.935138],[-90.357023,44.934669],[-90.357006,44.931041],[-90.336723,44.930946],[-90.336736,44.93471],[-90.301168,44.932515],[-90.295195,44.934601],[-90.218636,44.934579],[-90.218808,44.945435],[-90.18078,44.945334],[-90.180165,44.934437],[-90.161936,44.934445],[-90.163218,44.93259],[-90.174447,44.928433],[-90.173322,44.926719],[-90.176378,44.925645],[-90.178694,44.922058],[-90.173512,44.916939],[-90.178053,44.916436],[-90.13932,44.916397],[-90.139311,44.887532],[-90.159686,44.887642],[-90.159762,44.858691],[-90.238648,44.858875],[-90.238288,44.873239],[-90.299876,44.873652],[-90.315722,44.873566],[-90.315836,44.85915],[-90.344964,44.858948],[-90.350114,44.863662],[-90.356184,44.865251],[-90.356218,44.858827],[-90.434484,44.857209],[-90.434479,44.864485],[-90.446747,44.864476],[-90.454826,44.869036],[-90.458702,44.87464]]]}},{"type":"Feature","properties":{"zip":"54701","name":"Zip 54701","students":205},"geometry":{"type":"MultiPolygon","coordinates":[[[[-91.459318,44.798053],[-91.460575,44.799504],[-91.45923,44.798119],[-91.459318,44.798053]]],[[[-91.69064,44.752212],[-91.688174,44.757596],[-91.681128,44.761139],[-91.675238,44.760384],[-91.673134,44.755101],[-91.624596,44.756556],[-91.629915,44.761377],[-91.631604,44.766942],[-91.630283,44.770741],[-91.611834,44.768175],[-91.615153,44.769688],[-91.602341,44.769853],[-91.59695,44.767155],[-91.59026,44.757782],[-91.584984,44.755775],[-91.581674,44.756314],[-91.576586,44.760607],[-91.579829,44.768995],[-91.576776,44.774098],[-91.557653,44.783905],[-91.556151,44.782118],[-91.55259,44.783021],[-91.542096,44.779199],[-91.53651,44.780096],[-91.537583,44.780788],[-91.535454,44.785443],[-91.537737,44.791411],[-91.533215,44.796639],[-91.509945,44.800757],[-91.501361,44.799701],[-91.498229,44.80268],[-91.49958,44.807666],[-91.501084,44.807066],[-91.503092,44.809498],[-91.500717,44.810276],[-91.502772,44.811635],[-91.49919,44.813858],[-91.468397,44.816043],[-91.468362,44.800113],[-91.462131,44.799932],[-91.464809,44.797897],[-91.463102,44.796692],[-91.45096,44.795272],[-91.447141,44.790501],[-91.437754,44.791742],[-91.432587,44.79048],[-91.432595,44.789193],[-91.426248,44.789203],[-91.426259,44.787773],[-91.422074,44.786676],[-91.419576,44.789223],[-91.417047,44.78925],[-91.417867,44.795017],[-91.412246,44.795906],[-91.410676,44.792813],[-91.407161,44.79282],[-91.407188,44.800726],[-91.403517,44.800395],[-91.403442,44.803801],[-91.401153,44.803859],[-91.402442,44.807376],[-91.393679,44.807932],[-91.395193,44.810232],[-91.393448,44.811003],[-91.395412,44.810613],[-91.391784,44.812125],[-91.374571,44.810706],[-91.37298,44.808473],[-91.372778,44.795404],[-91.383591,44.796345],[-91.383879,44.793854],[-91.375993,44.787376],[-91.372847,44.786804],[-91.372501,44.771216],[-91.3804,44.771167],[-91.380391,44.774838],[-91.403157,44.774767],[-91.40324,44.77597],[-91.407549,44.775957],[-91.407086,44.771088],[-91.41789,44.771009],[-91.417954,44.773833],[-91.418389,44.77383],[-91.419721,44.770912],[-91.412766,44.768721],[-91.412324,44.766463],[-91.409246,44.765558],[-91.404527,44.756185],[-91.399193,44.754467],[-91.398793,44.752589],[-91.387944,44.750226],[-91.384861,44.744543],[-91.380991,44.744688],[-91.380912,44.741858],[-91.377517,44.741955],[-91.376744,44.735057],[-91.369591,44.732959],[-91.367965,44.728079],[-91.360539,44.727165],[-91.355099,44.723224],[-91.351364,44.719468],[-91.353107,44.719466],[-91.353657,44.715949],[-91.355367,44.716062],[-91.351081,44.710195],[-91.355744,44.708528],[-91.366275,44.708899],[-91.366218,44.70513],[-91.396713,44.705244],[-91.39677,44.708728],[-91.417537,44.708634],[-91.417507,44.698046],[-91.427784,44.697967],[-91.427783,44.709873],[-91.433624,44.710857],[-91.434166,44.706529],[-91.436052,44.706188],[-91.436357,44.712602],[-91.44807,44.712718],[-91.448122,44.709023],[-91.468984,44.709162],[-91.469089,44.701388],[-91.482891,44.685808],[-91.483238,44.683355],[-91.544219,44.683484],[-91.544268,44.681844],[-91.546773,44.68179],[-91.546786,44.679492],[-91.549297,44.679479],[-91.549284,44.675878],[-91.558424,44.675934],[-91.554175,44.679475],[-91.549385,44.679654],[-91.548835,44.683481],[-91.570016,44.683525],[-91.56998,44.699776],[-91.578971,44.696316],[-91.579298,44.697842],[-91.6202,44.697992],[-91.620269,44.702233],[-91.624194,44.702233],[-91.624187,44.698038],[-91.629743,44.698015],[-91.629762,44.694485],[-91.633956,44.694509],[-91.620701,44.71644],[-91.620657,44.727219],[-91.638065,44.727249],[-91.638152,44.722013],[-91.640787,44.720002],[-91.650141,44.719705],[-91.66029,44.720145],[-91.660731,44.724351],[-91.663766,44.726125],[-91.66304,44.72748],[-91.664712,44.729244],[-91.665298,44.727268],[-91.680151,44.727231],[-91.68017,44.729838],[-91.686872,44.729889],[-91.687907,44.73466],[-91.690356,44.733659],[-91.689617,44.738372],[-91.686832,44.740119],[-91.690371,44.743748],[-91.688938,44.744782],[-91.69064,44.752212]]]]}},{"type":"Feature","properties":{"zip":"54601","name":"Zip 54601","students":246},"geometry":{"type":"Polygon","coordinates":[[[-91.274353,43.823996],[-91.273344,43.826327],[-91.261814,43.819277],[-91.260362,43.813462],[-91.261626,43.809607],[-91.257966,43.808929],[-91.256624,43.8181],[-91.244481,43.822088],[-91.245346,43.824642],[-91.242331,43.826718],[-91.242926,43.828218],[-91.231327,43.83125],[-91.226637,43.830097],[-91.224832,43.835384],[-91.216954,43.837038],[-91.215089,43.843619],[-91.216617,43.847929],[-91.213011,43.852196],[-91.214445,43.85342],[-91.213731,43.855534],[-91.221034,43.850792],[-91.219679,43.862141],[-91.220786,43.86256],[-91.209883,43.863007],[-91.210934,43.867446],[-91.202787,43.866344],[-91.194896,43.87116],[-91.193644,43.870371],[-91.195126,43.866109],[-91.202682,43.86603],[-91.205667,43.859287],[-91.182961,43.865843],[-91.149342,43.863937],[-91.135901,43.870034],[-91.12839,43.866366],[-91.128021,43.863917],[-91.149628,43.862764],[-91.149663,43.85138],[-91.145558,43.851942],[-91.140284,43.855227],[-91.130078,43.854064],[-91.1277,43.855635],[-91.116545,43.855997],[-91.115483,43.853594],[-91.121553,43.848921],[-91.118046,43.844868],[-91.114111,43.844502],[-91.108775,43.83629],[-91.10268,43.835403],[-91.095423,43.830303],[-91.096102,43.844998],[-91.081171,43.844998],[-91.081231,43.855705],[-91.031162,43.855472],[-91.031023,43.785668],[-91.032414,43.784947],[-91.032629,43.780453],[-91.038243,43.773645],[-91.04464,43.772112],[-91.047541,43.769069],[-91.07063,43.768272],[-91.070891,43.757249],[-91.090367,43.756829],[-91.089916,43.763925],[-91.093992,43.760688],[-91.092409,43.756171],[-91.094863,43.754001],[-91.101443,43.75398],[-91.106353,43.751988],[-91.11662,43.752775],[-91.121824,43.755444],[-91.11521,43.751514],[-91.115437,43.743725],[-91.1303,43.7433],[-91.130348,43.740953],[-91.144865,43.742563],[-91.155871,43.740882],[-91.165984,43.742816],[-91.171877,43.747738],[-91.171708,43.745723],[-91.170326,43.745696],[-91.17044,43.741067],[-91.180399,43.743549],[-91.180491,43.739932],[-91.187918,43.73988],[-91.188562,43.746083],[-91.193689,43.746243],[-91.196058,43.745514],[-91.196497,43.742336],[-91.199108,43.742177],[-91.20047,43.73904],[-91.200422,43.728993],[-91.201807,43.725472],[-91.236306,43.725398],[-91.236797,43.726688],[-91.234625,43.727046],[-91.229161,43.736497],[-91.227244,43.745596],[-91.216385,43.747358],[-91.208174,43.745982],[-91.212042,43.748147],[-91.210968,43.748695],[-91.21593,43.749908],[-91.203956,43.749815],[-91.209327,43.755837],[-91.209688,43.758882],[-91.212534,43.758167],[-91.224276,43.768658],[-91.228635,43.775067],[-91.229534,43.770167],[-91.235234,43.768467],[-91.240135,43.773467],[-91.244135,43.774667],[-91.262433,43.79217],[-91.264436,43.800365],[-91.267436,43.804166],[-91.267849,43.808761],[-91.272037,43.813766],[-91.27316,43.818855],[-91.271494,43.818595],[-91.274353,43.823996]]]}},{"type":"Feature","properties":{"zip":"53034","name":"Zip 53034","students":24},"geometry":{"type":"Polygon","coordinates":[[[-88.637273,43.313368],[-88.631171,43.323748],[-88.626899,43.327797],[-88.622688,43.342331],[-88.626325,43.342391],[-88.62631,43.346269],[-88.629511,43.347387],[-88.629104,43.35567],[-88.626445,43.361242],[-88.628239,43.363367],[-88.624348,43.378185],[-88.622169,43.37848],[-88.620755,43.375519],[-88.617846,43.380744],[-88.619077,43.381973],[-88.621314,43.378673],[-88.624087,43.378487],[-88.626838,43.383332],[-88.625252,43.38471],[-88.613866,43.381105],[-88.60637,43.382322],[-88.606502,43.379218],[-88.604178,43.380921],[-88.603899,43.384619],[-88.596699,43.385569],[-88.59612,43.371065],[-88.585045,43.370783],[-88.586656,43.366255],[-88.591542,43.365677],[-88.589041,43.357031],[-88.59438,43.34972],[-88.591123,43.349746],[-88.592705,43.340763],[-88.589011,43.331082],[-88.59176,43.327375],[-88.588606,43.326054],[-88.582576,43.327079],[-88.583001,43.324819],[-88.587702,43.324025],[-88.587529,43.320967],[-88.585374,43.316667],[-88.580424,43.317004],[-88.585347,43.313402],[-88.58411,43.311293],[-88.587307,43.310469],[-88.588419,43.313883],[-88.589973,43.31411],[-88.594399,43.308531],[-88.58969,43.306653],[-88.583481,43.308093],[-88.580704,43.304507],[-88.580829,43.303121],[-88.583813,43.302028],[-88.582898,43.30017],[-88.58113,43.299242],[-88.575591,43.301272],[-88.574954,43.300205],[-88.578639,43.297232],[-88.611761,43.298748],[-88.607387,43.304218],[-88.606871,43.309732],[-88.621941,43.309737],[-88.621862,43.313313],[-88.637273,43.313368]]]}},{"type":"Feature","properties":{"zip":"53140","name":"Zip 53140","students":100},"geometry":{"type":"Polygon","coordinates":[[[-87.848849,42.654608],[-87.84574,42.658343],[-87.840954,42.656774],[-87.840874,42.667344],[-87.835873,42.667845],[-87.833193,42.665579],[-87.833022,42.662963],[-87.835895,42.662752],[-87.835915,42.657695],[-87.830375,42.658718],[-87.829981,42.656311],[-87.826777,42.654958],[-87.82635,42.653275],[-87.823545,42.653298],[-87.822073,42.657791],[-87.823313,42.659986],[-87.817573,42.660131],[-87.817271,42.667797],[-87.809464,42.667808],[-87.815949,42.653361],[-87.805494,42.653335],[-87.81132,42.636396],[-87.813294,42.605416],[-87.818729,42.606103],[-87.81657,42.602426],[-87.81513,42.592989],[-87.811432,42.588716],[-87.806769,42.588625],[-87.807188,42.58048],[-87.818746,42.580853],[-87.81992,42.579434],[-87.821062,42.580822],[-87.823818,42.579498],[-87.823848,42.580788],[-87.840649,42.580767],[-87.845515,42.578233],[-87.844463,42.602613],[-87.845737,42.602647],[-87.845902,42.633644],[-87.839679,42.634242],[-87.840953,42.635642],[-87.839716,42.637762],[-87.840972,42.637816],[-87.839716,42.638791],[-87.845813,42.63907],[-87.8456,42.641896],[-87.835974,42.641453],[-87.835932,42.653195],[-87.848849,42.654608]]]}},{"type":"Feature","properties":{"zip":"54902","name":"Zip 54902","students":374},"geometry":{"type":"Polygon","coordinates":[[[-88.583439,43.909536],[-88.581804,44.025358],[-88.583312,44.041233],[-88.581973,44.044837],[-88.579974,44.044982],[-88.565212,44.037129],[-88.550946,44.018241],[-88.527714,44.008884],[-88.520014,44.003684],[-88.525014,43.990784],[-88.527477,43.990655],[-88.528791,43.984756],[-88.528006,43.982882],[-88.525626,43.982539],[-88.527438,43.980161],[-88.526637,43.975983],[-88.527435,43.976167],[-88.528538,43.976114],[-88.526756,43.975792],[-88.525982,43.971785],[-88.519587,43.967304],[-88.515208,43.956675],[-88.509053,43.953553],[-88.508369,43.9495],[-88.50462,43.946767],[-88.501226,43.946041],[-88.498163,43.948819],[-88.48895,43.949273],[-88.484439,43.948362],[-88.4845,43.945871],[-88.477974,43.944533],[-88.480552,43.943254],[-88.478822,43.943027],[-88.479524,43.940689],[-88.479177,43.94021],[-88.47763,43.94057],[-88.478677,43.934088],[-88.475957,43.932795],[-88.47385,43.93571],[-88.472937,43.933861],[-88.477105,43.930987],[-88.476661,43.929792],[-88.479495,43.929747],[-88.478728,43.926914],[-88.480708,43.925542],[-88.478595,43.926703],[-88.476058,43.925704],[-88.477252,43.927692],[-88.474228,43.927467],[-88.476223,43.924628],[-88.478121,43.925222],[-88.476299,43.924511],[-88.477675,43.922135],[-88.473789,43.927346],[-88.470553,43.928602],[-88.47521,43.921959],[-88.471182,43.918322],[-88.468645,43.920935],[-88.467672,43.918947],[-88.46953,43.915377],[-88.470993,43.91526],[-88.469612,43.915244],[-88.469468,43.913568],[-88.471171,43.909978],[-88.473552,43.909918],[-88.469163,43.908281],[-88.470927,43.908301],[-88.468159,43.905111],[-88.469874,43.904393],[-88.469677,43.902697],[-88.464656,43.902058],[-88.466345,43.901404],[-88.465554,43.899531],[-88.467714,43.899883],[-88.46607,43.898883],[-88.46757,43.893415],[-88.515416,43.893687],[-88.515431,43.8973],[-88.521499,43.897343],[-88.521528,43.894759],[-88.524007,43.893711],[-88.581675,43.894229],[-88.583122,43.900747],[-88.581571,43.908839],[-88.583439,43.909536]]]}},{"type":"Feature","properties":{"zip":"54904","name":"Zip 54904","students":88},"geometry":{"type":"Polygon","coordinates":[[[-88.744603,43.952776],[-88.739608,43.952894],[-88.739803,43.96008],[-88.737507,43.960089],[-88.726226,43.95404],[-88.721248,43.953858],[-88.716118,43.951507],[-88.714418,43.948565],[-88.709679,43.948011],[-88.709648,43.952798],[-88.706241,43.952818],[-88.704694,43.954445],[-88.699827,43.953564],[-88.699718,43.956597],[-88.689626,43.956611],[-88.689582,43.960223],[-88.699707,43.960255],[-88.699617,43.963791],[-88.694671,43.963813],[-88.694578,43.967368],[-88.704615,43.967355],[-88.704476,43.996732],[-88.703162,43.996723],[-88.702985,44.000382],[-88.676751,44.000346],[-88.676736,43.996796],[-88.674253,43.99679],[-88.674012,44.011363],[-88.653676,44.011365],[-88.653225,44.03539],[-88.655166,44.0353],[-88.654124,44.040038],[-88.66078,44.040518],[-88.660745,44.046514],[-88.653143,44.046977],[-88.653151,44.049044],[-88.655981,44.049394],[-88.658693,44.052557],[-88.66328,44.052594],[-88.663087,44.060672],[-88.668044,44.060775],[-88.668217,44.068739],[-88.642989,44.0692],[-88.643301,44.097405],[-88.652861,44.102918],[-88.653555,44.109754],[-88.65527,44.111989],[-88.652222,44.112114],[-88.653814,44.126579],[-88.643821,44.126396],[-88.644464,44.169748],[-88.584278,44.170235],[-88.583811,44.122469],[-88.563734,44.12262],[-88.563544,44.115481],[-88.548601,44.115576],[-88.548616,44.11303],[-88.543642,44.113068],[-88.543629,44.112035],[-88.52092,44.112415],[-88.558369,44.085853],[-88.582993,44.042795],[-88.581804,44.025358],[-88.583445,43.908899],[-88.603747,43.908949],[-88.603897,43.894574],[-88.630359,43.894626],[-88.644666,43.879225],[-88.644448,43.920821],[-88.66451,43.916444],[-88.664487,43.920146],[-88.65953,43.920176],[-88.659618,43.923684],[-88.692189,43.923873],[-88.690806,43.927501],[-88.704573,43.927446],[-88.704503,43.923865],[-88.70702,43.923838],[-88.706981,43.920104],[-88.711928,43.920054],[-88.712056,43.916521],[-88.720143,43.916664],[-88.720043,43.920144],[-88.715268,43.920154],[-88.715245,43.923786],[-88.716528,43.923762],[-88.695725,43.942153],[-88.704876,43.938281],[-88.73473,43.938113],[-88.734677,43.949339],[-88.739615,43.949309],[-88.739386,43.945709],[-88.74437,43.94567],[-88.744603,43.952776]]]}},{"type":"Feature","properties":{"zip":"54935","name":"Zip 54935","students":362},"geometry":{"type":"Polygon","coordinates":[[[-88.482329,43.787612],[-88.480835,43.791551],[-88.477202,43.790542],[-88.47724,43.791587],[-88.468006,43.791723],[-88.467825,43.789844],[-88.464265,43.789222],[-88.461764,43.791379],[-88.456384,43.790934],[-88.466346,43.799295],[-88.465241,43.800701],[-88.467872,43.80162],[-88.465133,43.801779],[-88.468628,43.80523],[-88.468815,43.807422],[-88.463551,43.807157],[-88.462858,43.804553],[-88.426607,43.803433],[-88.426621,43.800755],[-88.422236,43.799602],[-88.424567,43.801236],[-88.422573,43.801459],[-88.421193,43.804268],[-88.411358,43.804023],[-88.40261,43.805757],[-88.392387,43.811844],[-88.389041,43.818552],[-88.388547,43.826506],[-88.376061,43.826379],[-88.376719,43.821115],[-88.383693,43.819296],[-88.379784,43.81784],[-88.38628,43.813471],[-88.390341,43.804055],[-88.399649,43.79457],[-88.4016,43.794599],[-88.40064,43.776861],[-88.39361,43.761081],[-88.399308,43.750174],[-88.404206,43.747235],[-88.403613,43.745254],[-88.407196,43.746759],[-88.411103,43.746207],[-88.429291,43.739776],[-88.431892,43.741663],[-88.431957,43.738827],[-88.435542,43.737822],[-88.44438,43.737478],[-88.448721,43.743027],[-88.470517,43.755317],[-88.477937,43.762255],[-88.482073,43.771529],[-88.482395,43.784391],[-88.473053,43.785906],[-88.4732,43.787769],[-88.482329,43.787612]]]}},{"type":"Feature","properties":{"zip":"54107","name":"Zip 54107","students":81},"geometry":{"type":"Polygon","coordinates":[[[-88.526866,44.761013],[-88.506647,44.760259],[-88.507082,44.770594],[-88.515659,44.770719],[-88.515668,44.773109],[-88.507149,44.773093],[-88.50752,44.788876],[-88.489219,44.788013],[-88.489229,44.789513],[-88.487088,44.789518],[-88.487207,44.792273],[-88.497517,44.792433],[-88.497532,44.794193],[-88.492417,44.796062],[-88.492069,44.799151],[-88.493847,44.799592],[-88.48742,44.802813],[-88.487367,44.797219],[-88.468727,44.802733],[-88.468336,44.780972],[-88.447982,44.780782],[-88.447802,44.776162],[-88.43878,44.7771],[-88.433963,44.780568],[-88.429067,44.780524],[-88.430118,44.781874],[-88.427397,44.782599],[-88.426973,44.765942],[-88.406483,44.765545],[-88.406932,44.780122],[-88.387074,44.780695],[-88.385576,44.766186],[-88.366466,44.76441],[-88.364533,44.746895],[-88.351661,44.746301],[-88.347064,44.713961],[-88.357107,44.715805],[-88.35784,44.714045],[-88.36349,44.713374],[-88.363084,44.696192],[-88.368242,44.696365],[-88.367974,44.685025],[-88.382735,44.682087],[-88.382976,44.675231],[-88.381674,44.675185],[-88.38335,44.660953],[-88.413832,44.659959],[-88.414796,44.645929],[-88.431543,44.649521],[-88.445124,44.647344],[-88.445428,44.63891],[-88.43747,44.637299],[-88.4329,44.639053],[-88.425496,44.637838],[-88.425637,44.631403],[-88.426004,44.624619],[-88.445902,44.624932],[-88.44669,44.603547],[-88.426643,44.603182],[-88.429631,44.601826],[-88.432902,44.603061],[-88.435483,44.599867],[-88.440482,44.599658],[-88.443139,44.596854],[-88.446733,44.595954],[-88.444766,44.590467],[-88.447429,44.589245],[-88.448321,44.565467],[-88.458363,44.565202],[-88.458222,44.573892],[-88.477119,44.574091],[-88.479129,44.572921],[-88.478585,44.574085],[-88.481065,44.574857],[-88.47878,44.577876],[-88.480792,44.578891],[-88.47981,44.579566],[-88.481315,44.58058],[-88.479826,44.581152],[-88.481286,44.582737],[-88.478223,44.583408],[-88.478079,44.585218],[-88.480075,44.58547],[-88.480231,44.588488],[-88.482149,44.586737],[-88.48457,44.589491],[-88.478123,44.589477],[-88.482662,44.596653],[-88.488258,44.596685],[-88.487912,44.601477],[-88.494958,44.601955],[-88.497567,44.605013],[-88.49914,44.604708],[-88.500512,44.607586],[-88.50749,44.607703],[-88.507043,44.618419],[-88.496789,44.618822],[-88.494949,44.617129],[-88.493238,44.618486],[-88.49443,44.619648],[-88.491741,44.620347],[-88.486563,44.626569],[-88.485407,44.63692],[-88.489164,44.640325],[-88.491996,44.63967],[-88.494203,44.641151],[-88.494144,44.647426],[-88.496291,44.647725],[-88.497687,44.650928],[-88.50092,44.652897],[-88.495597,44.659312],[-88.495876,44.660887],[-88.491481,44.663628],[-88.491975,44.665061],[-88.486155,44.666318],[-88.515495,44.676575],[-88.514868,44.710087],[-88.505116,44.710135],[-88.505433,44.721008],[-88.514685,44.721189],[-88.514548,44.728767],[-88.51921,44.728743],[-88.522048,44.726495],[-88.525961,44.727744],[-88.526108,44.73325],[-88.523634,44.735818],[-88.485402,44.735193],[-88.485778,44.747937],[-88.503271,44.754046],[-88.526819,44.75895],[-88.526866,44.761013]]]}},{"type":"Feature","properties":{"zip":"54126","name":"Zip 54126","students":53},"geometry":{"type":"Polygon","coordinates":[[[-88.178674,44.307534],[-88.176922,44.311451],[-88.174618,44.311947],[-88.175961,44.312611],[-88.17222,44.313381],[-88.172173,44.315852],[-88.170736,44.314276],[-88.171625,44.313383],[-88.167102,44.313406],[-88.16708,44.312368],[-88.163205,44.313423],[-88.166126,44.309739],[-88.151939,44.309761],[-88.153224,44.310308],[-88.153101,44.313424],[-88.15172,44.313424],[-88.151467,44.317094],[-88.149902,44.318084],[-88.148934,44.324224],[-88.146121,44.32421],[-88.145827,44.327806],[-88.144753,44.327806],[-88.145964,44.328494],[-88.145984,44.335616],[-88.130731,44.335469],[-88.130943,44.320668],[-88.125901,44.320701],[-88.124524,44.326988],[-88.120704,44.329435],[-88.118414,44.333232],[-88.116501,44.33177],[-88.11236,44.332046],[-88.112032,44.335563],[-88.090226,44.335479],[-88.090242,44.339069],[-88.087295,44.33908],[-88.084349,44.350116],[-88.077866,44.350124],[-88.070027,44.346793],[-88.058745,44.34619],[-88.05699,44.342906],[-88.049607,44.342881],[-88.049576,44.355497],[-88.009232,44.357465],[-88.009198,44.342929],[-87.988481,44.342838],[-87.988652,44.328206],[-88.009204,44.32839],[-88.00529,44.323933],[-88.001208,44.323536],[-87.994905,44.320019],[-87.987086,44.320742],[-87.978645,44.3181],[-87.974786,44.320379],[-87.969617,44.317011],[-87.968627,44.327911],[-87.948313,44.327885],[-87.949805,44.310547],[-87.913717,44.31026],[-87.913598,44.30174],[-87.911591,44.301761],[-87.91149,44.298786],[-87.908395,44.298767],[-87.908885,44.284056],[-87.887999,44.284034],[-87.888066,44.254949],[-87.877966,44.254835],[-87.877421,44.240547],[-88.034741,44.241052],[-88.035125,44.255484],[-88.050475,44.255655],[-88.070414,44.2555],[-88.070633,44.24107],[-88.121119,44.241097],[-88.121017,44.255579],[-88.131803,44.255556],[-88.131793,44.256769],[-88.139764,44.256821],[-88.14117,44.258763],[-88.146129,44.257809],[-88.146693,44.25948],[-88.152278,44.25855],[-88.149715,44.26289],[-88.152721,44.26219],[-88.151867,44.263123],[-88.153896,44.263689],[-88.151029,44.267685],[-88.152304,44.270011],[-88.171464,44.270585],[-88.171458,44.29139],[-88.177947,44.292252],[-88.1786,44.296127],[-88.176576,44.301459],[-88.178674,44.307534]]]}},{"type":"Feature","properties":{"zip":"54450","name":"Zip 54450","students":44},"geometry":{"type":"Polygon","coordinates":[[[-89.053093,44.993611],[-89.052185,45.015274],[-89.041885,45.015565],[-89.041656,45.012392],[-89.036566,45.010373],[-89.035621,45.008174],[-89.021883,45.007591],[-89.021876,45.003985],[-89.032159,45.004081],[-89.032755,44.993464],[-89.053093,44.993611]]]}},{"type":"Feature","properties":{"zip":"53593","name":"Zip 53593","students":36},"geometry":{"type":"Polygon","coordinates":[[[-89.680855,43.003555],[-89.667426,43.001428],[-89.667593,43.00647],[-89.654106,43.006345],[-89.654133,43.010056],[-89.642342,43.011887],[-89.641705,43.009922],[-89.631767,43.009692],[-89.631663,43.017034],[-89.64153,43.017273],[-89.641261,43.026996],[-89.622735,43.023472],[-89.621598,43.025141],[-89.626526,43.024267],[-89.632386,43.025478],[-89.63334,43.028467],[-89.630488,43.033868],[-89.632578,43.035054],[-89.646097,43.035777],[-89.645864,43.046207],[-89.632767,43.051509],[-89.630787,43.046062],[-89.616493,43.04574],[-89.616126,43.04215],[-89.601346,43.042124],[-89.596564,43.043002],[-89.59654,43.045639],[-89.591542,43.045622],[-89.591563,43.049285],[-89.596416,43.049294],[-89.596432,43.056462],[-89.600918,43.056603],[-89.600912,43.060223],[-89.610484,43.060329],[-89.610825,43.074998],[-89.600893,43.07486],[-89.5985,43.075806],[-89.598484,43.07761],[-89.5928,43.078043],[-89.592863,43.079952],[-89.59155,43.079932],[-89.591557,43.082109],[-89.593629,43.082127],[-89.593722,43.085733],[-89.596103,43.085755],[-89.596156,43.091688],[-89.60096,43.092998],[-89.589804,43.09088],[-89.579219,43.093572],[-89.581247,43.091619],[-89.581308,43.088312],[-89.576273,43.084022],[-89.576138,43.074684],[-89.571206,43.074672],[-89.571253,43.073041],[-89.566612,43.073043],[-89.566672,43.071501],[-89.561334,43.071474],[-89.560581,43.067519],[-89.569247,43.06744],[-89.569342,43.063876],[-89.571576,43.063879],[-89.571663,43.060208],[-89.552162,43.060211],[-89.551858,43.063838],[-89.547002,43.063863],[-89.547064,43.061786],[-89.545231,43.060779],[-89.52876,43.060401],[-89.527694,43.052803],[-89.532724,43.044569],[-89.533513,43.016084],[-89.522364,43.015967],[-89.523528,43.015165],[-89.523606,43.008752],[-89.516607,43.008651],[-89.516742,43.001443],[-89.50062,43.001881],[-89.499347,43.001492],[-89.501683,42.999009],[-89.499299,43.000683],[-89.498593,42.998119],[-89.48427,43.005505],[-89.484407,42.999478],[-89.459207,43.001135],[-89.462871,42.979537],[-89.456275,42.979468],[-89.456248,42.972282],[-89.47513,42.973407],[-89.476539,42.959199],[-89.480891,42.961247],[-89.485317,42.951902],[-89.485516,42.946749],[-89.509954,42.947233],[-89.510039,42.944985],[-89.514889,42.945455],[-89.515291,42.941231],[-89.518418,42.936737],[-89.518225,42.940262],[-89.52341,42.940381],[-89.525223,42.938232],[-89.526238,42.933748],[-89.523241,42.933037],[-89.524126,42.9294],[-89.532705,42.929738],[-89.534962,42.932163],[-89.534854,42.929468],[-89.577996,42.929937],[-89.578018,42.933666],[-89.587945,42.933677],[-89.587913,42.927739],[-89.592743,42.927769],[-89.592633,42.905843],[-89.597217,42.905215],[-89.597891,42.902875],[-89.600197,42.904131],[-89.602693,42.903359],[-89.602666,42.900915],[-89.621981,42.9013],[-89.622206,42.892378],[-89.626196,42.8924],[-89.626263,42.895218],[-89.631937,42.895238],[-89.632071,42.892173],[-89.641693,42.89215],[-89.641662,42.90115],[-89.648463,42.901148],[-89.647179,42.908408],[-89.656581,42.908536],[-89.656582,42.91594],[-89.647185,42.915841],[-89.647207,42.940423],[-89.658237,42.949291],[-89.656676,42.953177],[-89.661965,42.957069],[-89.661934,42.960832],[-89.659979,42.962661],[-89.674318,42.962623],[-89.676653,42.974726],[-89.676581,42.984578],[-89.666747,42.984543],[-89.666721,42.988232],[-89.671512,42.988245],[-89.671597,42.991863],[-89.676417,42.991856],[-89.67656,43.001855],[-89.680855,43.003555]]]}},{"type":"Feature","properties":{"zip":"53130","name":"Zip 53130","students":292},"geometry":{"type":"Polygon","coordinates":[[[-88.069495,42.92998],[-88.06929,42.952374],[-88.046743,42.951891],[-88.038118,42.953449],[-88.033192,42.951268],[-88.033719,42.949556],[-88.031612,42.948191],[-88.028974,42.94993],[-88.02837,42.944137],[-88.025815,42.944144],[-88.025848,42.942397],[-88.028401,42.942391],[-88.028517,42.934802],[-88.026972,42.934795],[-88.028566,42.930296],[-88.038524,42.930239],[-88.038576,42.928441],[-88.045472,42.928382],[-88.045404,42.930183],[-88.069495,42.92998]]]}},{"type":"Feature","properties":{"zip":"53137","name":"Zip 53137","students":27},"geometry":{"type":"Polygon","coordinates":[[[-88.738795,43.01696],[-88.738934,43.032684],[-88.736434,43.032698],[-88.73564,43.03691],[-88.73281,43.036278],[-88.731415,43.038069],[-88.73206,43.040162],[-88.727495,43.037354],[-88.72341,43.040549],[-88.722929,43.044439],[-88.715006,43.046512],[-88.714053,43.049828],[-88.715184,43.054252],[-88.713278,43.057859],[-88.708844,43.056262],[-88.702567,43.057644],[-88.702661,43.063983],[-88.69942,43.064059],[-88.697898,43.066612],[-88.698399,43.069821],[-88.701666,43.071995],[-88.691843,43.071144],[-88.673914,43.075968],[-88.664608,43.07503],[-88.66294,43.056983],[-88.658734,43.057076],[-88.657928,43.059758],[-88.658609,43.041967],[-88.651087,43.042776],[-88.646924,43.041583],[-88.647814,43.030769],[-88.640377,43.030638],[-88.640678,43.019905],[-88.637435,43.012263],[-88.637119,43.006922],[-88.643222,43.004683],[-88.640071,43.000715],[-88.639725,42.995719],[-88.631029,42.985035],[-88.635056,42.979788],[-88.635099,42.971254],[-88.631179,42.970243],[-88.632006,42.968031],[-88.630666,42.967634],[-88.628081,42.971725],[-88.629122,42.975004],[-88.62784,42.977941],[-88.629185,42.979006],[-88.616147,42.986048],[-88.616227,42.984646],[-88.6093,42.97928],[-88.611816,42.977103],[-88.60842,42.975556],[-88.607818,42.972963],[-88.600516,42.970156],[-88.600458,42.96001],[-88.61706,42.959951],[-88.615546,42.956761],[-88.602088,42.952439],[-88.596126,42.952427],[-88.595682,42.96056],[-88.591028,42.963401],[-88.583884,42.963402],[-88.586288,42.956203],[-88.586415,42.945256],[-88.590529,42.94526],[-88.594208,42.935522],[-88.605002,42.934311],[-88.612532,42.930658],[-88.635721,42.930766],[-88.635619,42.945138],[-88.640489,42.944967],[-88.640462,42.947589],[-88.644745,42.952672],[-88.640474,42.955709],[-88.640104,42.964064],[-88.637619,42.967069],[-88.639015,42.968535],[-88.665217,42.969253],[-88.663726,42.974411],[-88.709933,42.974863],[-88.709853,42.980202],[-88.714761,42.98022],[-88.714867,42.986944],[-88.719613,42.994241],[-88.71957,43.000251],[-88.734389,43.000434],[-88.734391,43.007807],[-88.729492,43.007716],[-88.729546,43.014956],[-88.734475,43.015004],[-88.7345,43.017467],[-88.738795,43.01696]]]}},{"type":"Feature","properties":{"zip":"53066","name":"Zip 53066","students":178},"geometry":{"type":"Polygon","coordinates":[[[-88.624877,43.107857],[-88.61627,43.10859],[-88.618686,43.109431],[-88.616668,43.111197],[-88.621268,43.117471],[-88.617578,43.120967],[-88.611563,43.113485],[-88.609484,43.113822],[-88.606848,43.117592],[-88.601904,43.113953],[-88.602193,43.110176],[-88.598543,43.109264],[-88.594546,43.114355],[-88.596222,43.117841],[-88.593198,43.118918],[-88.59306,43.122843],[-88.579068,43.122794],[-88.580692,43.125894],[-88.579568,43.130416],[-88.576762,43.129243],[-88.573051,43.130471],[-88.572021,43.135888],[-88.573784,43.138764],[-88.548642,43.132669],[-88.548499,43.135588],[-88.543636,43.13545],[-88.543567,43.137639],[-88.538775,43.137554],[-88.538459,43.147361],[-88.542198,43.148328],[-88.548171,43.145857],[-88.548022,43.150824],[-88.53829,43.151135],[-88.536899,43.178184],[-88.533662,43.177334],[-88.514592,43.180999],[-88.514908,43.18831],[-88.507825,43.191287],[-88.507373,43.195254],[-88.513842,43.207021],[-88.512369,43.206534],[-88.511993,43.210114],[-88.516799,43.212645],[-88.518245,43.215461],[-88.519856,43.224718],[-88.536409,43.224671],[-88.536494,43.23164],[-88.542386,43.231508],[-88.542434,43.229075],[-88.547016,43.228808],[-88.544357,43.231927],[-88.549177,43.235997],[-88.549456,43.239449],[-88.543356,43.236293],[-88.536227,43.236029],[-88.534391,43.239516],[-88.530326,43.239532],[-88.528984,43.237666],[-88.522444,43.236146],[-88.522584,43.239024],[-88.518244,43.238597],[-88.517925,43.247736],[-88.498152,43.247665],[-88.498187,43.253482],[-88.492668,43.253624],[-88.492687,43.25681],[-88.488278,43.256825],[-88.488302,43.261016],[-88.484166,43.261139],[-88.484158,43.257291],[-88.478126,43.257205],[-88.478088,43.251068],[-88.488226,43.250657],[-88.478681,43.246667],[-88.470062,43.240554],[-88.470047,43.239247],[-88.47845,43.239405],[-88.4782,43.224896],[-88.465828,43.224816],[-88.464254,43.227906],[-88.458972,43.229323],[-88.458389,43.231696],[-88.459753,43.233491],[-88.458274,43.236089],[-88.458335,43.22463],[-88.435189,43.22437],[-88.435566,43.217189],[-88.418278,43.217149],[-88.418189,43.209477],[-88.414205,43.209167],[-88.414109,43.205564],[-88.409987,43.205444],[-88.410031,43.203415],[-88.413938,43.203372],[-88.414011,43.194407],[-88.40337,43.194087],[-88.405581,43.188336],[-88.405456,43.177813],[-88.400211,43.175974],[-88.400274,43.171549],[-88.405228,43.171507],[-88.405374,43.164224],[-88.400398,43.164255],[-88.398984,43.156885],[-88.400677,43.153403],[-88.408021,43.148017],[-88.408375,43.144373],[-88.406286,43.140567],[-88.408331,43.135535],[-88.416371,43.126098],[-88.420951,43.125161],[-88.421228,43.120667],[-88.442577,43.116589],[-88.443493,43.1148],[-88.439623,43.112199],[-88.441717,43.111665],[-88.441766,43.108564],[-88.431487,43.107401],[-88.421883,43.103214],[-88.422175,43.090474],[-88.426476,43.090438],[-88.424798,43.087591],[-88.427334,43.082745],[-88.425371,43.080477],[-88.426413,43.077479],[-88.422428,43.076027],[-88.422772,43.060726],[-88.427806,43.06085],[-88.428716,43.059553],[-88.422741,43.059382],[-88.422875,43.035087],[-88.420742,43.034475],[-88.417904,43.036084],[-88.418257,43.03758],[-88.41429,43.03789],[-88.413752,43.018455],[-88.415018,43.017984],[-88.40376,43.014685],[-88.403795,43.012845],[-88.405568,43.012922],[-88.407244,43.006834],[-88.414672,43.004742],[-88.418231,43.005609],[-88.418082,43.004095],[-88.420679,43.003673],[-88.413622,43.002648],[-88.41497,42.998242],[-88.418766,42.998282],[-88.418856,42.988622],[-88.421687,42.988634],[-88.422596,42.985684],[-88.425907,42.984698],[-88.443954,42.982964],[-88.444806,42.978496],[-88.450852,42.980618],[-88.448935,42.981834],[-88.448841,42.98462],[-88.453815,42.984728],[-88.453723,42.988337],[-88.458672,42.988461],[-88.457442,42.991924],[-88.460207,42.995895],[-88.458473,42.995908],[-88.459212,43.000169],[-88.455865,43.001463],[-88.457996,43.005358],[-88.45808,43.011419],[-88.450004,43.010645],[-88.449655,43.012573],[-88.444602,43.014995],[-88.442543,43.018148],[-88.462386,43.018262],[-88.462271,43.032823],[-88.471909,43.032956],[-88.472252,43.024443],[-88.471035,43.024094],[-88.473484,43.02449],[-88.473641,43.019842],[-88.480954,43.020886],[-88.481017,43.018441],[-88.482646,43.019591],[-88.48275,43.017936],[-88.484438,43.017892],[-88.490082,43.01852],[-88.490129,43.021324],[-88.494601,43.020808],[-88.495372,43.018573],[-88.49805,43.017871],[-88.496353,43.016008],[-88.498373,43.0154],[-88.498675,43.013021],[-88.540598,43.010692],[-88.541708,43.007059],[-88.541372,43.024135],[-88.546362,43.02287],[-88.546269,43.026606],[-88.551196,43.026732],[-88.551104,43.030268],[-88.561054,43.03033],[-88.56048,43.038674],[-88.555491,43.038678],[-88.555502,43.041456],[-88.560518,43.041451],[-88.560489,43.043062],[-88.555341,43.043065],[-88.555361,43.053368],[-88.553742,43.05337],[-88.555221,43.07006],[-88.579875,43.070179],[-88.591797,43.075061],[-88.594999,43.07336],[-88.595292,43.070435],[-88.610359,43.06802],[-88.610563,43.074859],[-88.614978,43.07473],[-88.615178,43.078565],[-88.620339,43.078537],[-88.620402,43.085082],[-88.613339,43.084967],[-88.622087,43.101068],[-88.622361,43.105307],[-88.624877,43.107857]]]}},{"type":"Feature","properties":{"zip":"53095","name":"Zip 53095","students":282},"geometry":{"type":"Polygon","coordinates":[[[-88.306376,43.385696],[-88.300991,43.391673],[-88.301699,43.427552],[-88.281707,43.427463],[-88.28185,43.436058],[-88.261235,43.427585],[-88.226038,43.427347],[-88.226434,43.429245],[-88.216077,43.429299],[-88.216044,43.427256],[-88.203795,43.428183],[-88.168706,43.426758],[-88.168735,43.429497],[-88.161428,43.429502],[-88.161401,43.426763],[-88.14902,43.42673],[-88.149007,43.428233],[-88.147433,43.428234],[-88.146162,43.426728],[-88.077334,43.424832],[-88.076831,43.427352],[-88.078933,43.430653],[-88.076498,43.432269],[-88.073856,43.431664],[-88.072046,43.42727],[-88.068398,43.427402],[-88.06235,43.423847],[-88.059434,43.425928],[-88.059102,43.429061],[-88.055977,43.42862],[-88.055977,43.42735],[-88.043077,43.431123],[-88.031085,43.423873],[-88.03087,43.425354],[-88.025857,43.425486],[-88.025876,43.420455],[-88.023903,43.420494],[-88.023907,43.418447],[-88.020774,43.417413],[-88.020464,43.392725],[-88.021811,43.389389],[-88.020223,43.384002],[-88.022503,43.382019],[-88.040323,43.381757],[-88.040158,43.358485],[-88.043661,43.358447],[-88.044918,43.350658],[-88.049674,43.35118],[-88.051316,43.349979],[-88.051042,43.341652],[-88.048183,43.338475],[-88.04943,43.337785],[-88.053224,43.340174],[-88.054002,43.338875],[-88.05526,43.340052],[-88.066467,43.340188],[-88.073919,43.344453],[-88.074361,43.346466],[-88.079281,43.342516],[-88.083678,43.345261],[-88.087658,43.343523],[-88.090759,43.345048],[-88.093566,43.34379],[-88.093231,43.342096],[-88.098238,43.337573],[-88.109546,43.333987],[-88.121035,43.335724],[-88.131088,43.3314],[-88.142195,43.334333],[-88.142121,43.337914],[-88.147022,43.338057],[-88.146879,43.345219],[-88.151853,43.345386],[-88.151775,43.349013],[-88.146818,43.348887],[-88.146806,43.351888],[-88.181226,43.3535],[-88.181682,43.348663],[-88.184422,43.3487],[-88.18461,43.347118],[-88.201486,43.347257],[-88.201409,43.338706],[-88.234832,43.339933],[-88.232822,43.343056],[-88.234415,43.34465],[-88.233131,43.347773],[-88.233889,43.353299],[-88.236902,43.355643],[-88.250798,43.356912],[-88.251019,43.353311],[-88.260879,43.353354],[-88.260977,43.367238],[-88.264089,43.36808],[-88.26398,43.369343],[-88.277963,43.369335],[-88.274783,43.376617],[-88.280897,43.378068],[-88.281145,43.383905],[-88.304242,43.383916],[-88.306376,43.385696]],[[-88.082443,43.351618],[-88.062656,43.35129],[-88.062553,43.358802],[-88.054944,43.355266],[-88.055365,43.367237],[-88.080718,43.367631],[-88.082254,43.365844],[-88.082443,43.351618]]]}},{"type":"Feature","properties":{"zip":"53027","name":"Zip 53027","students":84},"geometry":{"type":"MultiPolygon","coordinates":[[[[-88.310946,43.247532],[-88.304105,43.247651],[-88.303927,43.249792],[-88.301077,43.249705],[-88.301045,43.251293],[-88.299694,43.251243],[-88.299704,43.249896],[-88.297249,43.249896],[-88.297251,43.242142],[-88.300193,43.238682],[-88.30107,43.240344],[-88.306852,43.240232],[-88.306703,43.244365],[-88.310976,43.244359],[-88.310946,43.247532]]],[[[-88.461192,43.374045],[-88.460685,43.383992],[-88.459161,43.384953],[-88.46064,43.384962],[-88.460225,43.399419],[-88.4504,43.399293],[-88.450419,43.442582],[-88.410938,43.442326],[-88.410688,43.421932],[-88.395827,43.422661],[-88.395665,43.413675],[-88.372678,43.413893],[-88.364208,43.400896],[-88.36112,43.400735],[-88.353212,43.394777],[-88.344728,43.395159],[-88.343548,43.393427],[-88.33716,43.393226],[-88.330744,43.399584],[-88.33053,43.403305],[-88.329005,43.404061],[-88.332365,43.405183],[-88.33476,43.410369],[-88.339718,43.41165],[-88.335891,43.413114],[-88.321133,43.394679],[-88.319901,43.399054],[-88.320959,43.400537],[-88.31602,43.400409],[-88.31602,43.40217],[-88.30605,43.400218],[-88.306191,43.398399],[-88.301058,43.398341],[-88.301063,43.391358],[-88.306248,43.386113],[-88.305405,43.384228],[-88.281145,43.383905],[-88.280897,43.378068],[-88.274783,43.376617],[-88.277963,43.369335],[-88.290486,43.358092],[-88.298577,43.369533],[-88.298775,43.353813],[-88.326099,43.353652],[-88.32622,43.346396],[-88.322427,43.346367],[-88.322354,43.34201],[-88.318877,43.341879],[-88.319231,43.328752],[-88.314214,43.329763],[-88.314266,43.328172],[-88.309288,43.328225],[-88.310504,43.281304],[-88.290144,43.281328],[-88.289964,43.266922],[-88.291424,43.262094],[-88.300947,43.262124],[-88.301191,43.251274],[-88.317929,43.250045],[-88.324897,43.251026],[-88.327714,43.24975],[-88.330715,43.251082],[-88.340794,43.250662],[-88.340606,43.229284],[-88.315784,43.229203],[-88.315732,43.231447],[-88.310353,43.238472],[-88.306852,43.240232],[-88.306767,43.231962],[-88.311753,43.231943],[-88.311631,43.220392],[-88.315166,43.220461],[-88.315165,43.21782],[-88.320902,43.217879],[-88.320892,43.215272],[-88.326349,43.213153],[-88.329151,43.20853],[-88.328351,43.207147],[-88.329711,43.207157],[-88.326954,43.205278],[-88.334026,43.198437],[-88.337651,43.197145],[-88.33865,43.198116],[-88.339862,43.195707],[-88.338113,43.192932],[-88.345966,43.193029],[-88.344259,43.198514],[-88.349231,43.20763],[-88.367896,43.213232],[-88.367513,43.207931],[-88.364863,43.204853],[-88.364224,43.199509],[-88.368262,43.19727],[-88.368452,43.193253],[-88.414011,43.194407],[-88.413938,43.203372],[-88.410031,43.203415],[-88.409987,43.205444],[-88.414109,43.205564],[-88.414205,43.209167],[-88.418189,43.209477],[-88.418278,43.217149],[-88.435566,43.217189],[-88.435189,43.22437],[-88.430376,43.224404],[-88.428355,43.22618],[-88.428643,43.245993],[-88.431726,43.246706],[-88.434088,43.249971],[-88.443332,43.250008],[-88.443653,43.253485],[-88.428954,43.253197],[-88.428465,43.251737],[-88.425966,43.253148],[-88.418656,43.252925],[-88.419183,43.284278],[-88.432025,43.290367],[-88.429392,43.291089],[-88.427349,43.294879],[-88.423935,43.296475],[-88.419064,43.296425],[-88.41877,43.34703],[-88.428693,43.347036],[-88.428658,43.354224],[-88.433534,43.354478],[-88.435293,43.357038],[-88.437497,43.357406],[-88.432473,43.362564],[-88.435939,43.36567],[-88.435933,43.370396],[-88.459575,43.370561],[-88.461192,43.374045]]]]}},{"type":"Feature","properties":{"zip":"54302","name":"Zip 54302","students":496},"geometry":{"type":"Polygon","coordinates":[[[-88.011303,44.521692],[-88.003765,44.541048],[-87.968337,44.529815],[-87.943796,44.529543],[-87.937821,44.532734],[-87.938343,44.528982],[-87.963318,44.528219],[-87.967587,44.520256],[-87.954515,44.518896],[-87.947751,44.516019],[-87.950694,44.516595],[-87.954136,44.513654],[-87.94081,44.505888],[-87.936758,44.501081],[-87.940303,44.487255],[-87.966984,44.487541],[-87.974142,44.49026],[-87.970794,44.484583],[-87.966268,44.484535],[-87.966415,44.481936],[-87.97064,44.481835],[-87.971819,44.479916],[-87.973933,44.48068],[-87.975227,44.47873],[-87.972936,44.477476],[-87.990831,44.483115],[-87.991773,44.481774],[-87.987308,44.480166],[-87.988824,44.474847],[-87.992234,44.474271],[-87.997168,44.470645],[-88.000796,44.47193],[-87.998267,44.477686],[-88.00272,44.479207],[-88.003406,44.481381],[-88.007877,44.483839],[-87.996808,44.488929],[-87.994749,44.492801],[-87.998744,44.496943],[-87.994593,44.499102],[-87.990002,44.506029],[-87.993099,44.509891],[-87.998629,44.510419],[-87.9984,44.514255],[-88.005558,44.51585],[-88.007567,44.519963],[-88.011303,44.521692]]]}},{"type":"Feature","properties":{"zip":"53005","name":"Zip 53005","students":288},"geometry":{"type":"Polygon","coordinates":[[[-88.129909,43.05815],[-88.129812,43.061008],[-88.12618,43.060873],[-88.126043,43.062174],[-88.1256,43.10466],[-88.076101,43.104639],[-88.076295,43.096627],[-88.071246,43.096426],[-88.071227,43.098398],[-88.066144,43.098289],[-88.066837,43.059293],[-88.109469,43.060395],[-88.105845,43.055168],[-88.106825,43.035928],[-88.066938,43.036436],[-88.067252,43.016399],[-88.128197,43.016946],[-88.126304,43.057649],[-88.129909,43.05815]]]}},{"type":"Feature","properties":{"zip":"54911","name":"Zip 54911","students":334},"geometry":{"type":"Polygon","coordinates":[[[-88.415791,44.283101],[-88.417389,44.286011],[-88.415791,44.285984],[-88.415259,44.298711],[-88.333135,44.298023],[-88.332737,44.287667],[-88.328216,44.286841],[-88.333252,44.286955],[-88.333402,44.283183],[-88.343506,44.283171],[-88.343412,44.280417],[-88.32824,44.283493],[-88.328204,44.281434],[-88.323619,44.279133],[-88.338605,44.278968],[-88.342337,44.277286],[-88.34775,44.277551],[-88.350058,44.275529],[-88.358939,44.277021],[-88.368599,44.268713],[-88.374706,44.268586],[-88.384242,44.265536],[-88.391844,44.257157],[-88.393851,44.256586],[-88.399465,44.259167],[-88.415363,44.25311],[-88.415395,44.260994],[-88.416928,44.262983],[-88.415683,44.264023],[-88.415766,44.273806],[-88.417367,44.273806],[-88.41577,44.274676],[-88.415787,44.277921],[-88.417401,44.278827],[-88.415791,44.283101]]]}},{"type":"Feature","properties":{"zip":"53562","name":"Zip 53562","students":79},"geometry":{"type":"MultiPolygon","coordinates":[[[[-89.53155,43.073605],[-89.530995,43.074882],[-89.526714,43.073873],[-89.52812,43.072503],[-89.53155,43.073605]]],[[[-89.600956,43.093169],[-89.600448,43.146951],[-89.593627,43.155096],[-89.581898,43.162871],[-89.581162,43.169405],[-89.556434,43.169294],[-89.556441,43.154701],[-89.528489,43.155172],[-89.515952,43.133326],[-89.503677,43.13348],[-89.501606,43.137149],[-89.497309,43.137184],[-89.497309,43.133556],[-89.481657,43.133698],[-89.481542,43.126425],[-89.471686,43.126431],[-89.471947,43.121403],[-89.474832,43.12117],[-89.474238,43.11914],[-89.466039,43.119264],[-89.46578,43.124266],[-89.457244,43.124049],[-89.453157,43.126429],[-89.442069,43.126389],[-89.442655,43.120351],[-89.449057,43.119208],[-89.44184,43.118837],[-89.448785,43.114727],[-89.452761,43.109951],[-89.460185,43.109815],[-89.468389,43.107297],[-89.468657,43.108901],[-89.471875,43.108437],[-89.478918,43.104956],[-89.483623,43.105895],[-89.482373,43.105074],[-89.483746,43.10136],[-89.482397,43.094511],[-89.485789,43.094594],[-89.483777,43.088356],[-89.488792,43.09163],[-89.491129,43.090214],[-89.487225,43.087613],[-89.487284,43.085418],[-89.492236,43.086075],[-89.492361,43.08247],[-89.502253,43.082517],[-89.502158,43.086182],[-89.521098,43.083838],[-89.520897,43.090118],[-89.524639,43.090072],[-89.524596,43.088041],[-89.527443,43.088438],[-89.528839,43.085551],[-89.532427,43.085281],[-89.534042,43.082037],[-89.536691,43.08208],[-89.536939,43.076658],[-89.541528,43.078595],[-89.540372,43.082073],[-89.550742,43.082032],[-89.55139,43.074741],[-89.532087,43.074753],[-89.532139,43.072427],[-89.537049,43.072799],[-89.53731,43.060306],[-89.545231,43.060779],[-89.547064,43.061786],[-89.547002,43.063863],[-89.551858,43.063838],[-89.552162,43.060211],[-89.571663,43.060208],[-89.571576,43.063879],[-89.569342,43.063876],[-89.569247,43.06744],[-89.560581,43.067519],[-89.561334,43.071474],[-89.566672,43.071501],[-89.566612,43.073043],[-89.571253,43.073041],[-89.571206,43.074672],[-89.576138,43.074684],[-89.576273,43.084022],[-89.581308,43.088312],[-89.581247,43.091619],[-89.579219,43.093572],[-89.589804,43.09088],[-89.600956,43.093169]]]]}},{"type":"Feature","properties":{"zip":"54487","name":"Zip 54487","students":25},"geometry":{"type":"Polygon","coordinates":[[[-89.980155,45.452954],[-89.976788,45.453209],[-89.973221,45.45637],[-89.970424,45.45553],[-89.970501,45.467655],[-89.918764,45.467692],[-89.918966,45.50082],[-89.909077,45.496905],[-89.904599,45.497982],[-89.896224,45.495679],[-89.878329,45.488427],[-89.87347,45.488117],[-89.872426,45.48957],[-89.869121,45.487606],[-89.86562,45.489327],[-89.865782,45.488162],[-89.861306,45.488828],[-89.86025,45.490475],[-89.859674,45.488973],[-89.857634,45.489295],[-89.857697,45.496916],[-89.873321,45.497051],[-89.873445,45.502872],[-89.874938,45.504057],[-89.888843,45.504072],[-89.888659,45.517912],[-89.898994,45.51801],[-89.899187,45.539796],[-89.904455,45.539861],[-89.904676,45.543393],[-89.909754,45.543561],[-89.910049,45.54713],[-89.914997,45.547279],[-89.915164,45.555129],[-89.911525,45.555162],[-89.910422,45.552144],[-89.905807,45.549934],[-89.906033,45.555213],[-89.816829,45.555909],[-89.816832,45.58267],[-89.825282,45.591336],[-89.825319,45.595246],[-89.829169,45.593891],[-89.833255,45.597681],[-89.843574,45.595457],[-89.847744,45.597295],[-89.854295,45.597426],[-89.858525,45.601545],[-89.871031,45.60817],[-89.872413,45.61132],[-89.874713,45.611247],[-89.880905,45.617897],[-89.888367,45.619162],[-89.894101,45.618299],[-89.897109,45.61349],[-89.898886,45.614824],[-89.899341,45.619395],[-89.905394,45.62208],[-89.904311,45.622493],[-89.905563,45.624962],[-89.903817,45.625034],[-89.903469,45.628308],[-89.901448,45.629241],[-89.902246,45.632974],[-89.898752,45.636203],[-89.901901,45.640005],[-89.900619,45.643322],[-89.904968,45.645077],[-89.908129,45.649757],[-89.91064,45.649733],[-89.91068,45.653068],[-89.916211,45.65771],[-89.914886,45.663132],[-89.918766,45.666533],[-89.917716,45.669813],[-89.920801,45.671958],[-89.921074,45.706071],[-89.91066,45.702813],[-89.912137,45.695388],[-89.909548,45.692523],[-89.90959,45.68914],[-89.907518,45.686006],[-89.899456,45.687306],[-89.892399,45.685591],[-89.886244,45.680817],[-89.840766,45.677966],[-89.837133,45.673348],[-89.836631,45.668686],[-89.830557,45.665989],[-89.816735,45.655132],[-89.816341,45.683918],[-89.813422,45.687398],[-89.80529,45.68767],[-89.805571,45.686551],[-89.802962,45.685643],[-89.795822,45.685136],[-89.795824,45.688833],[-89.793543,45.690464],[-89.794826,45.692858],[-89.793363,45.693816],[-89.791538,45.690713],[-89.787129,45.69218],[-89.780246,45.69121],[-89.777138,45.693337],[-89.773527,45.690586],[-89.762356,45.688033],[-89.762125,45.68648],[-89.759482,45.686528],[-89.757965,45.684268],[-89.75705,45.676683],[-89.758984,45.67333],[-89.756182,45.671818],[-89.756858,45.67007],[-89.750967,45.667277],[-89.744823,45.667829],[-89.73768,45.662938],[-89.736771,45.65836],[-89.729423,45.65688],[-89.728705,45.654568],[-89.725355,45.653931],[-89.724007,45.646809],[-89.72122,45.647658],[-89.718324,45.645011],[-89.715637,45.645992],[-89.714178,45.644891],[-89.691874,45.644735],[-89.686761,45.644965],[-89.684171,45.647472],[-89.680617,45.644974],[-89.672796,45.645001],[-89.672538,45.626629],[-89.651881,45.624845],[-89.651809,45.621348],[-89.665573,45.621522],[-89.66589,45.624862],[-89.672544,45.623622],[-89.672377,45.576135],[-89.665598,45.577032],[-89.661436,45.579763],[-89.661395,45.583217],[-89.655284,45.58473],[-89.656097,45.589782],[-89.660383,45.591922],[-89.661217,45.594784],[-89.658777,45.595268],[-89.658785,45.598099],[-89.655571,45.600301],[-89.656446,45.602512],[-89.653683,45.605416],[-89.649378,45.60865],[-89.641242,45.607297],[-89.639696,45.608296],[-89.632411,45.601969],[-89.634225,45.596456],[-89.633585,45.590767],[-89.637817,45.584515],[-89.638432,45.576055],[-89.641232,45.573706],[-89.641537,45.569736],[-89.632778,45.567404],[-89.635578,45.565294],[-89.639533,45.565956],[-89.640709,45.563411],[-89.636447,45.56235],[-89.64302,45.558283],[-89.636249,45.557901],[-89.636202,45.555797],[-89.538831,45.555782],[-89.536344,45.553008],[-89.532972,45.552461],[-89.524501,45.554625],[-89.511501,45.554983],[-89.497059,45.549493],[-89.490054,45.54884],[-89.487111,45.546305],[-89.487378,45.538239],[-89.488806,45.53876],[-89.487334,45.535562],[-89.487936,45.501833],[-89.488805,45.506924],[-89.492114,45.510232],[-89.497609,45.510668],[-89.499517,45.515379],[-89.502041,45.514577],[-89.508149,45.516432],[-89.504815,45.513531],[-89.507523,45.511545],[-89.509144,45.515231],[-89.512508,45.515594],[-89.514146,45.510341],[-89.509806,45.509249],[-89.507908,45.496274],[-89.505751,45.499491],[-89.503854,45.499511],[-89.502816,45.495838],[-89.498381,45.495441],[-89.495985,45.497016],[-89.491829,45.49498],[-89.489941,45.491919],[-89.484516,45.49279],[-89.480583,45.490803],[-89.47025,45.491197],[-89.465636,45.489301],[-89.456637,45.492434],[-89.450691,45.490996],[-89.450138,45.488893],[-89.445524,45.488574],[-89.445557,45.470799],[-89.460123,45.469476],[-89.477498,45.473483],[-89.48003,45.470643],[-89.485848,45.468658],[-89.485956,45.464983],[-89.483368,45.459103],[-89.491575,45.461514],[-89.494598,45.459935],[-89.501017,45.461945],[-89.503329,45.469325],[-89.519362,45.467133],[-89.527557,45.469503],[-89.527877,45.463805],[-89.529212,45.462046],[-89.528758,45.466472],[-89.530674,45.467843],[-89.533369,45.467752],[-89.535936,45.465353],[-89.547367,45.464191],[-89.548292,45.46687],[-89.587333,45.46708],[-89.602545,45.44931],[-89.609682,45.449361],[-89.609569,45.441737],[-89.651921,45.45093],[-89.672081,45.460149],[-89.672273,45.45025],[-89.674794,45.448631],[-89.676539,45.438846],[-89.681467,45.438001],[-89.672485,45.420169],[-89.675431,45.424443],[-89.679302,45.424555],[-89.694696,45.431048],[-89.693366,45.427811],[-89.693435,45.413874],[-89.688636,45.406187],[-89.67466,45.366596],[-89.697297,45.351869],[-89.725172,45.352269],[-89.73117,45.346228],[-89.729355,45.343026],[-89.729775,45.337595],[-89.73495,45.337702],[-89.73495,45.334133],[-89.745194,45.334204],[-89.745337,45.337774],[-89.755509,45.337988],[-89.755715,45.330687],[-89.767407,45.330753],[-89.774671,45.322682],[-89.779055,45.322947],[-89.784773,45.318029],[-89.789104,45.319681],[-89.794183,45.317614],[-89.796361,45.31825],[-89.795873,45.381093],[-89.811109,45.3812],[-89.816582,45.373449],[-89.821114,45.370943],[-89.821743,45.354206],[-89.832665,45.349722],[-89.836077,45.338439],[-89.840383,45.332467],[-89.839689,45.322718],[-89.891093,45.323526],[-89.899557,45.350324],[-89.898234,45.357397],[-89.900943,45.365057],[-89.898685,45.369156],[-89.898285,45.382368],[-89.895628,45.386373],[-89.895499,45.392215],[-89.898549,45.396544],[-89.897534,45.402529],[-89.914939,45.406301],[-89.916627,45.41293],[-89.91529,45.415112],[-89.921607,45.419316],[-89.922881,45.421264],[-89.922055,45.423535],[-89.93626,45.425306],[-89.959618,45.424491],[-89.958603,45.427477],[-89.960215,45.429925],[-89.958545,45.433174],[-89.955756,45.433801],[-89.95391,45.438725],[-89.967871,45.442822],[-89.969641,45.446039],[-89.968067,45.451242],[-89.972737,45.455855],[-89.979853,45.448705],[-89.980155,45.452954]]]}},{"type":"Feature","properties":{"zip":"53050","name":"Zip 53050","students":113},"geometry":{"type":"Polygon","coordinates":[[[-88.645274,43.556417],[-88.64386,43.596989],[-88.581309,43.595931],[-88.580967,43.57416],[-88.560658,43.573656],[-88.560024,43.570093],[-88.541094,43.569647],[-88.541124,43.558776],[-88.53561,43.558708],[-88.533844,43.562757],[-88.532956,43.566695],[-88.536975,43.568349],[-88.537712,43.57319],[-88.521315,43.572886],[-88.521267,43.565732],[-88.480894,43.564753],[-88.47974,43.562753],[-88.480058,43.536594],[-88.482912,43.525744],[-88.484367,43.508493],[-88.482288,43.504061],[-88.476662,43.506041],[-88.475096,43.504623],[-88.477862,43.504618],[-88.474292,43.501863],[-88.480069,43.500443],[-88.480037,43.486001],[-88.497396,43.48598],[-88.499779,43.478679],[-88.460026,43.478613],[-88.460131,43.456922],[-88.443583,43.456897],[-88.445386,43.454358],[-88.445499,43.4498],[-88.448232,43.44972],[-88.448101,43.444428],[-88.450419,43.442582],[-88.4504,43.399293],[-88.460225,43.399419],[-88.460419,43.392167],[-88.486249,43.39231],[-88.486297,43.399492],[-88.480263,43.399513],[-88.480469,43.439407],[-88.491755,43.442651],[-88.500022,43.442816],[-88.500137,43.428397],[-88.517068,43.428316],[-88.51691,43.435461],[-88.522192,43.435434],[-88.522079,43.442721],[-88.561952,43.443087],[-88.561469,43.457814],[-88.577404,43.457992],[-88.577543,43.473144],[-88.58546,43.473246],[-88.580856,43.474906],[-88.580996,43.497943],[-88.586394,43.498006],[-88.586425,43.501201],[-88.589497,43.501246],[-88.589766,43.505496],[-88.596435,43.505678],[-88.598917,43.503536],[-88.602313,43.504153],[-88.604407,43.506995],[-88.609735,43.507215],[-88.611204,43.506098],[-88.610814,43.50231],[-88.62042,43.502112],[-88.623107,43.49974],[-88.624944,43.494425],[-88.630948,43.490003],[-88.637939,43.492896],[-88.64412,43.48949],[-88.645274,43.556417]]]}},{"type":"Feature","properties":{"zip":"53581","name":"Zip 53581","students":57},"geometry":{"type":"Polygon","coordinates":[[[-90.648124,43.386859],[-90.646876,43.389402],[-90.647601,43.394572],[-90.642387,43.399438],[-90.64428,43.402007],[-90.642426,43.407491],[-90.627976,43.408133],[-90.630622,43.410963],[-90.642519,43.416882],[-90.642504,43.420849],[-90.640605,43.422446],[-90.627976,43.422724],[-90.627887,43.437202],[-90.588391,43.437491],[-90.588494,43.454853],[-90.587043,43.455016],[-90.582166,43.448482],[-90.58107,43.444398],[-90.574583,43.441205],[-90.572761,43.437307],[-90.565766,43.433603],[-90.56519,43.427108],[-90.564076,43.426805],[-90.563864,43.43009],[-90.551377,43.435631],[-90.54744,43.442548],[-90.547652,43.444799],[-90.544802,43.447985],[-90.534914,43.447948],[-90.538709,43.455179],[-90.539429,43.466352],[-90.48892,43.466378],[-90.490069,43.475917],[-90.492258,43.480248],[-90.489283,43.486077],[-90.479341,43.488151],[-90.46495,43.48771],[-90.464381,43.493788],[-90.465492,43.494481],[-90.462875,43.494694],[-90.457539,43.498742],[-90.449554,43.510896],[-90.452797,43.51497],[-90.451997,43.517073],[-90.434227,43.518869],[-90.43427,43.522783],[-90.430928,43.522824],[-90.430817,43.514535],[-90.420487,43.515939],[-90.41516,43.515109],[-90.41047,43.517011],[-90.410345,43.520082],[-90.408851,43.52075],[-90.407186,43.519217],[-90.408733,43.517549],[-90.402319,43.516168],[-90.398972,43.511436],[-90.399185,43.509321],[-90.410444,43.503279],[-90.409976,43.484105],[-90.407382,43.484113],[-90.408138,43.494841],[-90.402278,43.494173],[-90.400138,43.493281],[-90.400047,43.48898],[-90.390196,43.48898],[-90.390148,43.481651],[-90.366214,43.481576],[-90.365029,43.480306],[-90.362893,43.481993],[-90.353555,43.478587],[-90.352229,43.475736],[-90.35046,43.475718],[-90.349941,43.470605],[-90.334664,43.470415],[-90.334526,43.468251],[-90.337692,43.467101],[-90.30528,43.467025],[-90.305368,43.463743],[-90.298509,43.463733],[-90.300699,43.467011],[-90.293655,43.467065],[-90.287114,43.464443],[-90.282945,43.459866],[-90.27668,43.459006],[-90.286237,43.450822],[-90.286619,43.447678],[-90.288776,43.446962],[-90.288898,43.438138],[-90.281455,43.438073],[-90.281487,43.42352],[-90.286812,43.420997],[-90.295184,43.421245],[-90.298461,43.416295],[-90.292758,43.415096],[-90.28936,43.41529],[-90.288136,43.417012],[-90.286389,43.41615],[-90.286343,43.412764],[-90.291126,43.412764],[-90.291197,43.399772],[-90.272138,43.400343],[-90.271995,43.394847],[-90.274819,43.394782],[-90.276002,43.392373],[-90.276371,43.385133],[-90.271443,43.383534],[-90.269911,43.380156],[-90.263246,43.38033],[-90.267248,43.378543],[-90.27016,43.37331],[-90.266439,43.372789],[-90.261641,43.375575],[-90.261479,43.372409],[-90.255269,43.372337],[-90.255269,43.370767],[-90.251771,43.37091],[-90.251628,43.372409],[-90.231855,43.372623],[-90.232315,43.361672],[-90.222836,43.360983],[-90.215917,43.357996],[-90.21126,43.353924],[-90.212426,43.348989],[-90.219664,43.341776],[-90.218624,43.339186],[-90.213731,43.336636],[-90.214136,43.331106],[-90.223019,43.3269],[-90.229785,43.320925],[-90.241714,43.319035],[-90.240379,43.314563],[-90.241594,43.3101],[-90.237061,43.306469],[-90.236876,43.301253],[-90.235107,43.298124],[-90.229325,43.293097],[-90.29132,43.293174],[-90.291291,43.289345],[-90.285337,43.289375],[-90.288845,43.282652],[-90.295036,43.279044],[-90.302639,43.278164],[-90.305984,43.279482],[-90.306115,43.275073],[-90.307903,43.273026],[-90.315546,43.275187],[-90.314041,43.274147],[-90.315907,43.271857],[-90.315852,43.260172],[-90.326339,43.259257],[-90.326322,43.25595],[-90.33108,43.255952],[-90.331111,43.252577],[-90.340725,43.252554],[-90.340678,43.245588],[-90.335334,43.245614],[-90.335328,43.241549],[-90.330962,43.241964],[-90.326429,43.245435],[-90.321147,43.24527],[-90.3183,43.243463],[-90.318298,43.241449],[-90.321127,43.241447],[-90.321102,43.236353],[-90.325662,43.236392],[-90.325705,43.234233],[-90.351027,43.234195],[-90.351082,43.241336],[-90.370821,43.241321],[-90.370948,43.254974],[-90.380495,43.254947],[-90.380405,43.248355],[-90.400307,43.24839],[-90.40033,43.251438],[-90.411537,43.248337],[-90.420177,43.248393],[-90.420079,43.254873],[-90.43325,43.254858],[-90.433305,43.248418],[-90.438493,43.248474],[-90.43846,43.249762],[-90.442595,43.249799],[-90.442496,43.255743],[-90.447777,43.255847],[-90.449773,43.249526],[-90.460669,43.2499],[-90.46081,43.259114],[-90.465719,43.259145],[-90.465676,43.263309],[-90.46909,43.263345],[-90.469127,43.267171],[-90.465769,43.269467],[-90.466689,43.277219],[-90.472732,43.277235],[-90.474268,43.292231],[-90.520456,43.292023],[-90.520658,43.296648],[-90.517516,43.300334],[-90.513321,43.301961],[-90.511599,43.305627],[-90.50174,43.309099],[-90.492914,43.31605],[-90.492667,43.322978],[-90.497173,43.325675],[-90.499673,43.323573],[-90.501822,43.324414],[-90.501443,43.326724],[-90.497731,43.329521],[-90.497927,43.331977],[-90.501709,43.330654],[-90.50894,43.334479],[-90.521111,43.33271],[-90.522796,43.331683],[-90.522294,43.327181],[-90.528008,43.327112],[-90.529834,43.324205],[-90.526373,43.321119],[-90.527871,43.320826],[-90.53184,43.323562],[-90.532297,43.328592],[-90.530026,43.328809],[-90.5331,43.334506],[-90.52787,43.334836],[-90.527622,43.340281],[-90.538281,43.343928],[-90.546768,43.343134],[-90.546751,43.349738],[-90.552523,43.353004],[-90.556766,43.357992],[-90.577593,43.353403],[-90.586945,43.353758],[-90.587507,43.350141],[-90.604572,43.352528],[-90.609386,43.355628],[-90.609953,43.357815],[-90.61482,43.358189],[-90.61643,43.366518],[-90.606007,43.365153],[-90.607406,43.368757],[-90.60659,43.376594],[-90.608886,43.379414],[-90.637761,43.379435],[-90.643591,43.385238],[-90.648124,43.386859]]]}},{"type":"Feature","properties":{"zip":"54751","name":"Zip 54751","students":119},"geometry":{"type":"Polygon","coordinates":[[[-92.136335,44.854558],[-92.136057,44.893286],[-92.133833,44.892625],[-92.130828,44.894522],[-92.096024,44.890961],[-92.096049,44.898894],[-92.097913,44.901538],[-92.05538,44.901193],[-92.055367,44.904857],[-92.043136,44.904489],[-92.047076,44.908694],[-92.07025,44.908643],[-92.070798,44.912086],[-92.080999,44.91692],[-92.034731,44.91904],[-92.034914,44.922845],[-92.014267,44.922705],[-92.014445,44.935886],[-92.020706,44.936376],[-92.024061,44.939441],[-92.031233,44.939708],[-92.04445,44.948125],[-92.035051,44.948141],[-92.03505,44.951929],[-92.03986,44.951894],[-92.039913,44.955533],[-92.035037,44.955515],[-92.035132,44.959225],[-92.014853,44.959072],[-92.014771,44.962632],[-91.985593,44.96258],[-91.994806,44.969394],[-91.996314,44.973447],[-91.991517,44.973453],[-91.991188,44.977025],[-91.986105,44.97704],[-91.986171,44.980668],[-91.976009,44.980549],[-91.976155,44.987755],[-91.971083,44.987808],[-91.971118,44.992741],[-91.955699,44.996156],[-91.926123,44.989747],[-91.920942,44.990662],[-91.910792,44.988962],[-91.898058,44.983701],[-91.892599,44.983862],[-91.879308,44.979934],[-91.875321,44.976058],[-91.874514,44.9728],[-91.87722,44.97207],[-91.877168,44.96813],[-91.875226,44.969154],[-91.874095,44.972835],[-91.871582,44.971396],[-91.864612,44.977067],[-91.859156,44.975055],[-91.859261,44.969574],[-91.864846,44.969563],[-91.864825,44.96595],[-91.875074,44.966029],[-91.875095,44.958805],[-91.814275,44.959046],[-91.814618,44.944031],[-91.772733,44.943911],[-91.772425,44.925851],[-91.793076,44.925963],[-91.793401,44.900678],[-91.823975,44.900919],[-91.823884,44.886396],[-91.793261,44.886135],[-91.793084,44.87506],[-91.790964,44.872548],[-91.797676,44.868184],[-91.803173,44.867962],[-91.803026,44.85892],[-91.79914,44.857225],[-91.753269,44.856724],[-91.753242,44.843438],[-91.747225,44.843398],[-91.747047,44.836212],[-91.752168,44.836158],[-91.75209,44.828941],[-91.766865,44.828891],[-91.766907,44.832289],[-91.772238,44.832279],[-91.772188,44.824988],[-91.782287,44.824978],[-91.782264,44.821023],[-91.767773,44.821093],[-91.767697,44.817141],[-91.776806,44.816089],[-91.779248,44.817125],[-91.78061,44.814284],[-91.806971,44.814171],[-91.807162,44.809557],[-91.822444,44.813892],[-91.822242,44.810535],[-91.817223,44.804675],[-91.816957,44.799868],[-91.812053,44.798837],[-91.811991,44.785367],[-91.801629,44.785396],[-91.795823,44.788876],[-91.791737,44.789024],[-91.791784,44.792606],[-91.774578,44.792612],[-91.77018,44.790472],[-91.770959,44.786369],[-91.767422,44.784932],[-91.767306,44.783458],[-91.773436,44.781301],[-91.774013,44.77965],[-91.775412,44.781787],[-91.778567,44.781117],[-91.777288,44.778396],[-91.779239,44.779942],[-91.780419,44.778715],[-91.783005,44.779549],[-91.780754,44.775274],[-91.778398,44.777017],[-91.778535,44.77533],[-91.775216,44.772865],[-91.77596,44.77093],[-91.772811,44.768569],[-91.764068,44.767966],[-91.771526,44.763344],[-91.7717,44.751168],[-91.773777,44.751001],[-91.777115,44.754306],[-91.779747,44.751198],[-91.779066,44.745561],[-91.787204,44.745086],[-91.794918,44.741692],[-91.799552,44.74139],[-91.798461,44.74184],[-91.803955,44.744093],[-91.807447,44.747464],[-91.811422,44.755298],[-91.816388,44.756276],[-91.820232,44.755008],[-91.822374,44.751447],[-91.818989,44.745708],[-91.817421,44.744829],[-91.817122,44.743745],[-91.819024,44.745065],[-91.822011,44.739484],[-91.82826,44.734967],[-91.844025,44.727999],[-91.846231,44.725004],[-91.842276,44.718872],[-91.843108,44.715667],[-91.839091,44.715299],[-91.844752,44.711428],[-91.842753,44.708561],[-91.842709,44.70182],[-91.852903,44.701796],[-91.85697,44.698203],[-91.859678,44.697904],[-91.863223,44.698854],[-91.863811,44.701752],[-91.866535,44.704121],[-91.876335,44.702101],[-91.885011,44.702951],[-91.885494,44.704133],[-91.889665,44.703777],[-91.893424,44.698222],[-91.913041,44.698088],[-91.913405,44.701886],[-91.931798,44.701047],[-91.935513,44.7055],[-91.948402,44.705658],[-91.947007,44.709544],[-91.948617,44.713084],[-91.94866,44.720223],[-91.968803,44.720434],[-91.96901,44.724671],[-91.974252,44.727501],[-91.974413,44.767817],[-91.984368,44.767753],[-91.984412,44.771315],[-91.994746,44.771348],[-91.995036,44.778708],[-92.024583,44.778344],[-92.024981,44.781714],[-92.027808,44.780795],[-92.029737,44.787976],[-92.031268,44.785907],[-92.054932,44.785953],[-92.054991,44.793293],[-92.075235,44.793352],[-92.075237,44.800359],[-92.085525,44.804818],[-92.090819,44.81105],[-92.115474,44.81491],[-92.116588,44.829361],[-92.098823,44.829482],[-92.098743,44.825269],[-92.092545,44.825304],[-92.092646,44.829476],[-92.085743,44.829407],[-92.08562,44.836426],[-92.131324,44.836373],[-92.131337,44.840033],[-92.126352,44.84007],[-92.126338,44.854577],[-92.136335,44.854558]]]}},{"type":"Feature","properties":{"zip":"54452","name":"Zip 54452","students":184},"geometry":{"type":"Polygon","coordinates":[[[-90.043685,45.120214],[-90.046143,45.340309],[-90.042479,45.368059],[-90.042273,45.381866],[-90.010414,45.381857],[-90.005913,45.376439],[-89.998954,45.373592],[-89.983441,45.381411],[-89.952057,45.380069],[-89.898351,45.381464],[-89.898685,45.369156],[-89.900943,45.36521],[-89.898234,45.357397],[-89.899581,45.35049],[-89.891093,45.323526],[-89.845257,45.32269],[-89.839689,45.322718],[-89.840383,45.332467],[-89.836077,45.338439],[-89.831952,45.350776],[-89.821743,45.354206],[-89.821114,45.370943],[-89.816582,45.373449],[-89.811109,45.3812],[-89.795873,45.381093],[-89.796361,45.31825],[-89.794183,45.317614],[-89.789104,45.319681],[-89.784773,45.318029],[-89.785066,45.313051],[-89.782138,45.309652],[-89.786887,45.305337],[-89.786639,45.303759],[-89.790797,45.301442],[-89.785533,45.297955],[-89.785578,45.294206],[-89.784205,45.295823],[-89.773262,45.296666],[-89.769799,45.294128],[-89.762094,45.293623],[-89.754187,45.296318],[-89.754032,45.26615],[-89.751344,45.263979],[-89.750486,45.260482],[-89.755167,45.25788],[-89.753189,45.249966],[-89.757675,45.246564],[-89.754832,45.242336],[-89.750758,45.241351],[-89.7496,45.238674],[-89.742775,45.23845],[-89.747081,45.241966],[-89.746439,45.246263],[-89.748669,45.250411],[-89.740748,45.254657],[-89.741558,45.256736],[-89.738745,45.258656],[-89.738846,45.262952],[-89.733647,45.266238],[-89.733519,45.278939],[-89.697024,45.279164],[-89.697464,45.274308],[-89.692379,45.279187],[-89.692376,45.294039],[-89.548701,45.293831],[-89.548811,45.279289],[-89.516668,45.279029],[-89.50991,45.279921],[-89.510455,45.28231],[-89.507118,45.28385],[-89.50717,45.268022],[-89.502061,45.267329],[-89.502049,45.264473],[-89.496887,45.264437],[-89.497115,45.242607],[-89.491918,45.242607],[-89.491975,45.239123],[-89.48682,45.239073],[-89.486898,45.235362],[-89.466317,45.235267],[-89.467222,45.225821],[-89.47703,45.224221],[-89.480162,45.222026],[-89.480822,45.217681],[-89.476037,45.214707],[-89.479982,45.211455],[-89.479625,45.209053],[-89.488066,45.20774],[-89.491213,45.214381],[-89.495774,45.214534],[-89.505149,45.212063],[-89.502978,45.206526],[-89.446389,45.206247],[-89.446546,45.208444],[-89.441227,45.211143],[-89.43673,45.20753],[-89.432253,45.207292],[-89.428777,45.209285],[-89.427112,45.211981],[-89.428127,45.213237],[-89.425356,45.212855],[-89.425971,45.119098],[-89.392394,45.118941],[-89.406635,45.116303],[-89.40741,45.11388],[-89.404829,45.11148],[-89.407703,45.109858],[-89.408382,45.106407],[-89.416258,45.100009],[-89.423454,45.098342],[-89.424164,45.096719],[-89.436167,45.098754],[-89.44062,45.097977],[-89.440878,45.09608],[-89.446591,45.100467],[-89.451883,45.100169],[-89.454112,45.106339],[-89.459759,45.108028],[-89.466697,45.105559],[-89.468953,45.101168],[-89.474698,45.102034],[-89.477408,45.100889],[-89.479278,45.099288],[-89.478229,45.0972],[-89.492295,45.097448],[-89.492189,45.103826],[-89.499957,45.097419],[-89.512555,45.097397],[-89.51245,45.119635],[-89.56395,45.119707],[-89.565401,45.118542],[-89.56624,45.109311],[-89.569015,45.104599],[-89.592102,45.104756],[-89.590166,45.107744],[-89.594169,45.107844],[-89.59416,45.104763],[-89.604441,45.1048],[-89.604514,45.097544],[-89.615648,45.097523],[-89.615687,45.09388],[-89.624605,45.093795],[-89.625621,45.086667],[-89.619845,45.082373],[-89.620453,45.078122],[-89.636703,45.069399],[-89.638286,45.066223],[-89.637791,45.062467],[-89.640263,45.059762],[-89.64017,45.057468],[-89.643285,45.054933],[-89.643514,45.05179],[-89.648198,45.045121],[-89.648167,45.04291],[-89.647343,45.043757],[-89.649052,45.040102],[-89.657527,45.034667],[-89.663757,45.033479],[-89.663132,45.027383],[-89.668103,45.025485],[-89.663335,45.04188],[-89.665517,45.041865],[-89.667287,45.043917],[-89.67249,45.043635],[-89.676946,45.047198],[-89.680821,45.045977],[-89.684774,45.048906],[-89.685705,45.052133],[-89.69234,45.053091],[-89.692178,45.032237],[-89.706747,45.032233],[-89.712682,45.037901],[-89.713221,45.061341],[-89.747526,45.061675],[-89.747345,45.076254],[-89.757837,45.07629],[-89.757718,45.0908],[-89.809109,45.090744],[-89.807273,45.095207],[-89.808242,45.097881],[-89.81292,45.099686],[-89.817484,45.105347],[-89.829028,45.105257],[-89.828768,45.1201],[-90.043685,45.120214]]]}},{"type":"Feature","properties":{"zip":"53039","name":"Zip 53039","students":26},"geometry":{"type":"Polygon","coordinates":[[[-88.813057,43.358097],[-88.813039,43.364122],[-88.809854,43.367033],[-88.805306,43.37794],[-88.807252,43.37946],[-88.803514,43.386067],[-88.78858,43.386235],[-88.788439,43.393483],[-88.779454,43.393472],[-88.779476,43.400735],[-88.783575,43.400771],[-88.784097,43.415308],[-88.763852,43.415208],[-88.764433,43.444231],[-88.751616,43.444608],[-88.752808,43.45046],[-88.761025,43.458831],[-88.701481,43.458891],[-88.697709,43.451429],[-88.694511,43.435093],[-88.69495,43.429751],[-88.684747,43.429964],[-88.684738,43.432551],[-88.674177,43.432578],[-88.674666,43.422725],[-88.655709,43.422406],[-88.654056,43.400149],[-88.643758,43.398962],[-88.63703,43.395291],[-88.63397,43.391762],[-88.636681,43.382633],[-88.629216,43.381267],[-88.626838,43.383332],[-88.624087,43.378487],[-88.621314,43.378673],[-88.619077,43.381973],[-88.617846,43.380744],[-88.620755,43.375519],[-88.622169,43.37848],[-88.624348,43.378185],[-88.628239,43.363367],[-88.626445,43.361242],[-88.629104,43.35567],[-88.629511,43.347387],[-88.62631,43.346269],[-88.626325,43.342391],[-88.622688,43.342331],[-88.62381,43.336454],[-88.62645,43.332894],[-88.626746,43.32811],[-88.631171,43.323748],[-88.647061,43.298852],[-88.655551,43.29903],[-88.655771,43.291584],[-88.675632,43.291546],[-88.675726,43.294763],[-88.683529,43.294753],[-88.683562,43.292651],[-88.690725,43.299582],[-88.688447,43.313691],[-88.719481,43.313974],[-88.718907,43.317581],[-88.720076,43.317592],[-88.720108,43.315863],[-88.723496,43.315888],[-88.723531,43.314014],[-88.7336,43.314014],[-88.734351,43.312368],[-88.733541,43.309492],[-88.722227,43.310393],[-88.720355,43.309064],[-88.723861,43.284893],[-88.762047,43.285045],[-88.763497,43.291628],[-88.761514,43.30718],[-88.764764,43.307058],[-88.764653,43.31396],[-88.773813,43.314049],[-88.773629,43.328579],[-88.772494,43.328569],[-88.769171,43.343055],[-88.77339,43.343141],[-88.773241,43.357387],[-88.788377,43.356119],[-88.790676,43.359081],[-88.79109,43.364935],[-88.797932,43.36501],[-88.801636,43.358086],[-88.803758,43.357279],[-88.813057,43.358097]]]}},{"type":"Feature","properties":{"zip":"53098","name":"Zip 53098","students":6},"geometry":{"type":"Polygon","coordinates":[[[-88.879928,43.216133],[-88.872151,43.221877],[-88.873763,43.228634],[-88.876504,43.23102],[-88.875602,43.234473],[-88.850269,43.243599],[-88.84178,43.254951],[-88.837639,43.258097],[-88.834979,43.262533],[-88.836128,43.268401],[-88.833954,43.276512],[-88.831585,43.277761],[-88.831088,43.280511],[-88.825448,43.282808],[-88.821197,43.287374],[-88.81044,43.285566],[-88.80838,43.287759],[-88.812722,43.290128],[-88.806938,43.2956],[-88.809937,43.298607],[-88.80665,43.298091],[-88.805215,43.301804],[-88.809041,43.30376],[-88.807411,43.306438],[-88.81152,43.308646],[-88.812292,43.311282],[-88.814373,43.311275],[-88.812555,43.308368],[-88.818767,43.305729],[-88.820744,43.301171],[-88.825619,43.302722],[-88.824016,43.304114],[-88.827987,43.308264],[-88.823334,43.306983],[-88.821372,43.309617],[-88.825065,43.310384],[-88.823668,43.313756],[-88.827041,43.315494],[-88.824826,43.321788],[-88.82483,43.327913],[-88.808385,43.32891],[-88.808291,43.335501],[-88.803508,43.328815],[-88.783575,43.328626],[-88.7837,43.314093],[-88.781208,43.318244],[-88.776957,43.318923],[-88.773681,43.321874],[-88.773813,43.314049],[-88.764653,43.31396],[-88.764764,43.307058],[-88.761514,43.30718],[-88.761284,43.305395],[-88.763484,43.292041],[-88.762047,43.285045],[-88.723861,43.284893],[-88.720409,43.306698],[-88.704649,43.30658],[-88.704842,43.313844],[-88.688447,43.313691],[-88.690725,43.299582],[-88.683562,43.292651],[-88.683529,43.294753],[-88.675726,43.294763],[-88.675632,43.291546],[-88.655771,43.291584],[-88.655551,43.29903],[-88.647061,43.298852],[-88.637273,43.313368],[-88.621862,43.313313],[-88.621941,43.309737],[-88.606871,43.309732],[-88.607387,43.304218],[-88.612207,43.298876],[-88.578059,43.297307],[-88.57567,43.288156],[-88.566809,43.28733],[-88.567069,43.284351],[-88.570443,43.284292],[-88.571248,43.27992],[-88.57541,43.277451],[-88.571424,43.272288],[-88.5719,43.270224],[-88.574694,43.269988],[-88.573439,43.271683],[-88.57547,43.272669],[-88.578641,43.272675],[-88.579571,43.271113],[-88.573169,43.263473],[-88.574188,43.260962],[-88.571016,43.253263],[-88.572248,43.252341],[-88.570989,43.246212],[-88.568204,43.245858],[-88.565972,43.251458],[-88.560105,43.24892],[-88.560707,43.246312],[-88.564609,43.244756],[-88.565534,43.240697],[-88.570358,43.240615],[-88.570569,43.243836],[-88.576407,43.243887],[-88.576971,43.240307],[-88.561166,43.233598],[-88.561089,43.225637],[-88.570906,43.225806],[-88.57103,43.224036],[-88.575966,43.224036],[-88.576007,43.218648],[-88.573292,43.218566],[-88.573292,43.216797],[-88.57576,43.216797],[-88.575512,43.200392],[-88.585457,43.20044],[-88.585466,43.196867],[-88.873803,43.197986],[-88.869857,43.206219],[-88.871057,43.20845],[-88.878341,43.21028],[-88.879928,43.216133]],[[-88.634326,43.267351],[-88.63593,43.255321],[-88.630832,43.255311],[-88.63017,43.251067],[-88.62624,43.255295],[-88.622152,43.255407],[-88.623633,43.261028],[-88.626328,43.261036],[-88.626223,43.263516],[-88.631621,43.262076],[-88.632903,43.267888],[-88.634326,43.267351]]]}},{"type":"Feature","properties":{"zip":"53083","name":"Zip 53083","students":30},"geometry":{"type":"Polygon","coordinates":[[[-87.849511,43.856376],[-87.846493,43.862854],[-87.841348,43.862865],[-87.84133,43.855695],[-87.846013,43.855576],[-87.846467,43.854362],[-87.83902,43.849029],[-87.819591,43.848363],[-87.821006,43.848655],[-87.82104,43.85075],[-87.820526,43.852292],[-87.81769,43.852962],[-87.817901,43.855328],[-87.815663,43.855157],[-87.80762,43.861356],[-87.801218,43.862886],[-87.801012,43.848339],[-87.771069,43.848599],[-87.771115,43.86301],[-87.745995,43.8634],[-87.746155,43.892215],[-87.721489,43.892273],[-87.72687,43.878321],[-87.727083,43.871283],[-87.721595,43.85212],[-87.72238,43.828898],[-87.71946,43.816465],[-87.719959,43.810121],[-87.709921,43.791266],[-87.693627,43.770946],[-87.691065,43.765038],[-87.691279,43.761339],[-87.700941,43.760678],[-87.695774,43.762577],[-87.695188,43.764535],[-87.704554,43.768319],[-87.757216,43.767548],[-87.760704,43.77052],[-87.759768,43.77564],[-87.761303,43.772041],[-87.764943,43.773568],[-87.765345,43.761021],[-87.779788,43.76113],[-87.787774,43.75941],[-87.789905,43.761205],[-87.800115,43.761252],[-87.800126,43.763749],[-87.802716,43.764709],[-87.803886,43.77089],[-87.807408,43.770357],[-87.809798,43.772018],[-87.810232,43.779581],[-87.805268,43.779508],[-87.805516,43.790413],[-87.800508,43.790311],[-87.800444,43.799456],[-87.811407,43.799728],[-87.81426,43.803165],[-87.814474,43.804771],[-87.812628,43.804773],[-87.813657,43.80835],[-87.817316,43.808931],[-87.818952,43.811983],[-87.830869,43.812017],[-87.830853,43.810207],[-87.832194,43.810202],[-87.832218,43.812912],[-87.836629,43.812902],[-87.83669,43.819248],[-87.834438,43.819238],[-87.834446,43.821431],[-87.839231,43.821439],[-87.839267,43.826504],[-87.830965,43.826522],[-87.830982,43.83373],[-87.832998,43.833745],[-87.832679,43.834919],[-87.838199,43.838528],[-87.840194,43.843702],[-87.846133,43.844671],[-87.849511,43.856376]]]}},{"type":"Feature","properties":{"zip":"53403","name":"Zip 53403","students":2489},"geometry":{"type":"Polygon","coordinates":[[[-87.894892,42.668949],[-87.894703,42.683456],[-87.882555,42.683289],[-87.881237,42.685965],[-87.878422,42.686646],[-87.876537,42.686359],[-87.875148,42.683181],[-87.858812,42.682929],[-87.854262,42.697485],[-87.853226,42.693753],[-87.855378,42.691949],[-87.856163,42.682887],[-87.847767,42.682673],[-87.847215,42.687649],[-87.84183,42.685959],[-87.835769,42.688533],[-87.83499,42.682927],[-87.830852,42.682336],[-87.829614,42.684216],[-87.826635,42.683711],[-87.826256,42.682327],[-87.816993,42.682347],[-87.816129,42.709115],[-87.806937,42.709357],[-87.80471,42.715172],[-87.806367,42.715166],[-87.807767,42.718738],[-87.811577,42.718725],[-87.808779,42.720513],[-87.805684,42.725986],[-87.808152,42.72082],[-87.807046,42.71962],[-87.800408,42.723377],[-87.796378,42.723757],[-87.792283,42.729239],[-87.78623,42.728187],[-87.785674,42.733719],[-87.765897,42.733843],[-87.772201,42.704739],[-87.793706,42.66826],[-87.799961,42.668277],[-87.805494,42.653335],[-87.815949,42.653361],[-87.809464,42.667808],[-87.817271,42.667797],[-87.817573,42.660131],[-87.823253,42.660039],[-87.822067,42.65801],[-87.823313,42.653525],[-87.82635,42.653275],[-87.826777,42.654958],[-87.829981,42.656311],[-87.830375,42.658718],[-87.835915,42.657695],[-87.835895,42.662752],[-87.834415,42.66196],[-87.833014,42.663918],[-87.835873,42.667845],[-87.840874,42.667344],[-87.841091,42.664279],[-87.844518,42.66535],[-87.845984,42.668097],[-87.876771,42.668679],[-87.881989,42.668136],[-87.881932,42.664872],[-87.885373,42.664897],[-87.884756,42.668817],[-87.894892,42.668949]]]}},{"type":"Feature","properties":{"zip":"53545","name":"Zip 53545","students":69},"geometry":{"type":"Polygon","coordinates":[[[-89.120128,42.774243],[-89.111928,42.774193],[-89.11194,42.777789],[-89.098738,42.77789],[-89.098728,42.781544],[-89.092373,42.781599],[-89.092395,42.769954],[-89.087476,42.769872],[-89.087497,42.773245],[-89.08296,42.77057],[-89.082431,42.759807],[-89.062979,42.759975],[-89.062889,42.770916],[-89.057656,42.771669],[-89.057658,42.774594],[-89.062855,42.77457],[-89.062847,42.776636],[-89.057125,42.776594],[-89.05723,42.770968],[-89.052946,42.771007],[-89.052916,42.781819],[-89.042731,42.782526],[-89.039257,42.779129],[-89.036457,42.779175],[-89.036263,42.781915],[-89.031229,42.782743],[-89.033155,42.779336],[-89.033149,42.77466],[-89.013601,42.774786],[-89.013648,42.760182],[-89.023339,42.760151],[-89.023366,42.755645],[-89.027012,42.755692],[-89.027019,42.759002],[-89.033217,42.75883],[-89.033113,42.752099],[-89.015664,42.751894],[-89.015884,42.746615],[-89.014989,42.742798],[-89.013396,42.742783],[-89.013204,42.74458],[-89.013021,42.737716],[-89.006544,42.738025],[-89.008799,42.73727],[-89.008775,42.735586],[-89.005078,42.736585],[-89.000189,42.730461],[-88.98881,42.722819],[-88.985545,42.718967],[-88.984377,42.714719],[-88.983648,42.666071],[-88.986807,42.670784],[-88.988002,42.667574],[-88.992761,42.666714],[-88.992818,42.67149],[-88.997723,42.671566],[-89.002261,42.667411],[-89.016749,42.669064],[-89.014613,42.673507],[-89.032611,42.69041],[-89.033916,42.704958],[-89.038357,42.710489],[-89.037006,42.717252],[-89.044446,42.718523],[-89.05126,42.717053],[-89.051955,42.721389],[-89.061363,42.733065],[-89.078858,42.741678],[-89.085844,42.742958],[-89.097181,42.747985],[-89.106298,42.754071],[-89.11065,42.75463],[-89.111458,42.75782],[-89.115534,42.76246],[-89.116551,42.770174],[-89.120128,42.774243]]]}},{"type":"Feature","properties":{"zip":"53405","name":"Zip 53405","students":478},"geometry":{"type":"Polygon","coordinates":[[[-87.843222,42.778162],[-87.836373,42.779552],[-87.838618,42.781212],[-87.836685,42.78378],[-87.83225,42.785643],[-87.823574,42.783343],[-87.822298,42.776885],[-87.826308,42.776349],[-87.826949,42.77409],[-87.824773,42.772405],[-87.828433,42.767979],[-87.830864,42.767501],[-87.828999,42.761041],[-87.830553,42.75777],[-87.824393,42.754563],[-87.824248,42.748167],[-87.816935,42.741906],[-87.81962,42.73657],[-87.814656,42.735336],[-87.814018,42.730967],[-87.811858,42.732381],[-87.808062,42.731187],[-87.806478,42.732832],[-87.803663,42.73162],[-87.805114,42.73037],[-87.805135,42.725985],[-87.811577,42.718725],[-87.807767,42.718738],[-87.806367,42.715166],[-87.80471,42.715172],[-87.806937,42.709357],[-87.816129,42.709115],[-87.816993,42.682347],[-87.826256,42.682327],[-87.826635,42.683711],[-87.829614,42.684216],[-87.830852,42.682336],[-87.83499,42.682927],[-87.835769,42.688533],[-87.837122,42.689132],[-87.835771,42.691237],[-87.837049,42.69134],[-87.835774,42.692882],[-87.835876,42.709494],[-87.837655,42.710154],[-87.835902,42.712281],[-87.836154,42.729009],[-87.836901,42.732239],[-87.838559,42.732267],[-87.836206,42.733523],[-87.83623,42.736735],[-87.838335,42.736796],[-87.836288,42.742488],[-87.836257,42.770259],[-87.839824,42.770774],[-87.842017,42.77528],[-87.841121,42.777072],[-87.843222,42.778162]]]}},{"type":"Feature","properties":{"zip":"53594","name":"Zip 53594","students":32},"geometry":{"type":"Polygon","coordinates":[[[-89.058215,43.22501],[-89.058194,43.243683],[-89.042571,43.243663],[-89.04259,43.24712],[-89.018258,43.247068],[-89.018257,43.259758],[-89.021861,43.259752],[-89.021818,43.262475],[-89.009018,43.263007],[-89.009044,43.264832],[-89.005251,43.266682],[-89.000344,43.266867],[-89.000304,43.268567],[-88.993785,43.274032],[-88.980575,43.274309],[-88.980534,43.278813],[-88.972285,43.283656],[-88.976236,43.285051],[-88.935627,43.285179],[-88.939371,43.28158],[-88.937012,43.281498],[-88.937772,43.276296],[-88.940724,43.274037],[-88.940634,43.263434],[-88.935403,43.263309],[-88.941897,43.257988],[-88.9385,43.256042],[-88.942368,43.25171],[-88.940077,43.249484],[-88.940574,43.244091],[-88.946818,43.244653],[-88.945705,43.240882],[-88.947227,43.238171],[-88.943741,43.237147],[-88.943358,43.235878],[-88.94893,43.232129],[-88.948296,43.228294],[-88.943469,43.22756],[-88.941284,43.223384],[-88.933528,43.222976],[-88.922024,43.228646],[-88.920638,43.227132],[-88.920772,43.21955],[-88.900751,43.219638],[-88.895503,43.228784],[-88.890868,43.231153],[-88.890728,43.227069],[-88.879326,43.227943],[-88.873121,43.225971],[-88.872184,43.223408],[-88.872753,43.22053],[-88.879207,43.217291],[-88.880109,43.214548],[-88.878341,43.21028],[-88.871057,43.20845],[-88.869857,43.206219],[-88.873459,43.198347],[-88.891522,43.197866],[-88.890851,43.159197],[-88.893303,43.159054],[-88.893317,43.160966],[-88.899848,43.161133],[-88.902663,43.153813],[-88.906596,43.153923],[-88.906546,43.149935],[-88.910796,43.1499],[-88.910757,43.14614],[-88.916107,43.146099],[-88.916109,43.14153],[-88.920423,43.141618],[-88.920516,43.144128],[-88.946297,43.1438],[-88.945732,43.136435],[-88.936338,43.129451],[-88.936704,43.12278],[-88.941914,43.124901],[-88.946422,43.122248],[-88.961572,43.122166],[-88.953143,43.110217],[-88.953042,43.090129],[-88.956437,43.088383],[-88.978295,43.088298],[-88.978274,43.085906],[-88.980272,43.085841],[-88.980083,43.081952],[-88.982526,43.081928],[-88.982636,43.078264],[-88.972739,43.078323],[-88.973822,43.058377],[-88.975559,43.059023],[-88.987855,43.054964],[-88.988691,43.038157],[-88.998006,43.037709],[-88.998833,43.033398],[-89.003268,43.032849],[-89.003444,43.046195],[-89.00538,43.048833],[-89.003869,43.049855],[-89.008054,43.052844],[-89.007227,43.057918],[-89.009511,43.058738],[-89.011368,43.057335],[-89.011711,43.098918],[-89.00788,43.112075],[-89.002606,43.117079],[-89.00247,43.125214],[-89.011382,43.125186],[-89.009648,43.168722],[-89.02378,43.166238],[-89.021455,43.1688],[-89.024333,43.171476],[-89.022089,43.170724],[-89.022045,43.171866],[-89.027687,43.170999],[-89.027589,43.173285],[-89.024165,43.175438],[-89.028044,43.176182],[-89.025791,43.179713],[-89.029242,43.179244],[-89.029173,43.18303],[-89.039276,43.182949],[-89.03889,43.196703],[-89.05019,43.196364],[-89.048605,43.197877],[-89.048327,43.225397],[-89.058215,43.22501]]]}},{"type":"Feature","properties":{"zip":"53186","name":"Zip 53186","students":390},"geometry":{"type":"Polygon","coordinates":[[[-88.249756,42.991268],[-88.249295,43.003078],[-88.242986,43.0051],[-88.236496,43.010494],[-88.229369,43.013452],[-88.222889,43.020018],[-88.218238,43.02962],[-88.209266,43.04097],[-88.210453,43.042051],[-88.21267,43.038083],[-88.215889,43.038498],[-88.215955,43.046973],[-88.223364,43.048421],[-88.225636,43.046175],[-88.225499,43.049041],[-88.207885,43.047928],[-88.205921,43.057],[-88.20562,43.073897],[-88.185876,43.075144],[-88.185834,43.053596],[-88.176712,43.053634],[-88.176506,43.051144],[-88.185837,43.051026],[-88.185823,43.049146],[-88.173056,43.039278],[-88.166855,43.038531],[-88.166406,43.017159],[-88.186246,43.017295],[-88.187258,42.987772],[-88.192462,42.986865],[-88.194721,42.989044],[-88.194972,42.987674],[-88.196787,42.988682],[-88.196831,42.987451],[-88.206858,42.986254],[-88.214629,42.988565],[-88.221078,42.988367],[-88.221114,42.993912],[-88.227042,42.993423],[-88.227177,42.988401],[-88.239023,42.988262],[-88.238082,42.990852],[-88.246486,42.990162],[-88.249756,42.991268]],[[-88.1998,42.98781],[-88.198721,42.987406],[-88.198861,42.987882],[-88.1998,42.98781]]]}},{"type":"Feature","properties":{"zip":"53549","name":"Zip 53549","students":36},"geometry":{"type":"Polygon","coordinates":[[[-88.894448,43.015042],[-88.894403,43.022205],[-88.88646,43.022096],[-88.88653,43.027084],[-88.882563,43.027254],[-88.884649,43.029171],[-88.881959,43.029201],[-88.882003,43.034248],[-88.886556,43.034229],[-88.886603,43.03947],[-88.883431,43.039403],[-88.88354,43.042407],[-88.879725,43.042319],[-88.879756,43.044676],[-88.876592,43.044578],[-88.876412,43.051102],[-88.866005,43.051082],[-88.866084,43.063041],[-88.862453,43.072819],[-88.858942,43.072791],[-88.854556,43.076718],[-88.854296,43.083582],[-88.848158,43.086861],[-88.826635,43.086385],[-88.826408,43.077633],[-88.815817,43.079384],[-88.816176,43.064885],[-88.803118,43.064536],[-88.802579,43.071798],[-88.79421,43.071684],[-88.803472,43.063354],[-88.802184,43.056841],[-88.811485,43.051387],[-88.8086,43.049057],[-88.811305,43.041939],[-88.810913,43.036687],[-88.806408,43.036562],[-88.807579,43.031903],[-88.77355,43.03189],[-88.773355,43.037452],[-88.758579,43.035622],[-88.75313,43.047589],[-88.749017,43.048283],[-88.748796,43.049984],[-88.738084,43.049714],[-88.739183,43.018182],[-88.738795,43.01696],[-88.7345,43.017467],[-88.734475,43.015004],[-88.729546,43.014956],[-88.729492,43.007716],[-88.734391,43.007807],[-88.734389,43.000434],[-88.71957,43.000251],[-88.719613,42.994241],[-88.714867,42.986944],[-88.714761,42.98022],[-88.709853,42.980202],[-88.709933,42.974863],[-88.663726,42.974411],[-88.665217,42.969253],[-88.639015,42.968535],[-88.637619,42.967069],[-88.640104,42.964064],[-88.640474,42.955709],[-88.644745,42.952672],[-88.640462,42.947589],[-88.640489,42.944967],[-88.635619,42.945138],[-88.635721,42.930766],[-88.612532,42.930658],[-88.614075,42.924726],[-88.611135,42.922651],[-88.611246,42.92019],[-88.608491,42.920117],[-88.608393,42.910144],[-88.616126,42.909945],[-88.616174,42.905392],[-88.629325,42.906196],[-88.640083,42.904746],[-88.637803,42.901332],[-88.639325,42.902048],[-88.640971,42.900563],[-88.641091,42.897249],[-88.643619,42.897582],[-88.646449,42.901387],[-88.651087,42.895374],[-88.654226,42.899149],[-88.660018,42.901619],[-88.660092,42.932543],[-88.674838,42.932206],[-88.674726,42.940469],[-88.678552,42.940457],[-88.678554,42.943138],[-88.681602,42.943129],[-88.681391,42.938087],[-88.684452,42.938076],[-88.689541,42.94221],[-88.689463,42.945867],[-88.694489,42.94584],[-88.694639,42.949272],[-88.69681,42.948486],[-88.697365,42.939172],[-88.701842,42.938679],[-88.704617,42.954828],[-88.712561,42.953104],[-88.712565,42.950178],[-88.707137,42.95007],[-88.705658,42.94587],[-88.71409,42.945857],[-88.714265,42.939269],[-88.731321,42.938768],[-88.733921,42.942479],[-88.737768,42.942468],[-88.738178,42.93792],[-88.763495,42.938989],[-88.763584,42.946885],[-88.766968,42.942688],[-88.777069,42.942928],[-88.780765,42.946547],[-88.788509,42.946859],[-88.791197,42.953443],[-88.801548,42.951686],[-88.80129,42.954546],[-88.808675,42.954852],[-88.808701,42.957135],[-88.815688,42.957438],[-88.817957,42.951534],[-88.822059,42.948168],[-88.83817,42.94847],[-88.838074,42.950846],[-88.850951,42.951049],[-88.850626,42.963034],[-88.876694,42.963817],[-88.87671,42.967728],[-88.890607,42.967705],[-88.890607,42.970061],[-88.885432,42.969971],[-88.885621,42.978997],[-88.890094,42.978977],[-88.890111,42.982231],[-88.880399,42.982218],[-88.880347,42.978433],[-88.878007,42.979834],[-88.878099,42.985328],[-88.875751,42.985354],[-88.876551,43.014618],[-88.894448,43.015042]]]}},{"type":"Feature","properties":{"zip":"54217","name":"Zip 54217","students":34},"geometry":{"type":"Polygon","coordinates":[[[-87.805781,44.460597],[-87.80581,44.501761],[-87.795672,44.501797],[-87.795682,44.516272],[-87.77536,44.516269],[-87.774814,44.559844],[-87.764531,44.559939],[-87.763584,44.610827],[-87.775684,44.610835],[-87.780517,44.618124],[-87.783955,44.618124],[-87.783566,44.634211],[-87.780543,44.635638],[-87.779067,44.638665],[-87.762921,44.643853],[-87.758048,44.677054],[-87.736439,44.677025],[-87.728594,44.68298],[-87.721336,44.690706],[-87.718726,44.69593],[-87.718292,44.706664],[-87.720229,44.715463],[-87.716464,44.715516],[-87.713348,44.72047],[-87.705014,44.720358],[-87.703333,44.71754],[-87.701377,44.717308],[-87.701698,44.712732],[-87.705892,44.710859],[-87.708128,44.705845],[-87.675901,44.717723],[-87.650905,44.716331],[-87.651152,44.683144],[-87.664045,44.683321],[-87.685604,44.676413],[-87.653681,44.675887],[-87.660503,44.668649],[-87.661615,44.665082],[-87.671754,44.66457],[-87.672016,44.661338],[-87.683259,44.661285],[-87.683311,44.653983],[-87.686726,44.64647],[-87.690193,44.643265],[-87.702382,44.643055],[-87.703071,44.631973],[-87.682726,44.632216],[-87.682916,44.624957],[-87.662567,44.625019],[-87.662848,44.617786],[-87.642253,44.617821],[-87.642464,44.603385],[-87.672884,44.603286],[-87.672922,44.588749],[-87.6938,44.58785],[-87.691156,44.585985],[-87.687035,44.578181],[-87.685761,44.57832],[-87.686525,44.576492],[-87.676811,44.563686],[-87.666371,44.559876],[-87.655281,44.550395],[-87.653225,44.551053],[-87.642245,44.545113],[-87.634705,44.531605],[-87.632277,44.530804],[-87.632756,44.527633],[-87.628934,44.521656],[-87.616728,44.515372],[-87.632309,44.512008],[-87.637399,44.506028],[-87.637346,44.501922],[-87.635815,44.501462],[-87.643468,44.501437],[-87.643742,44.460162],[-87.650953,44.460182],[-87.653018,44.46336],[-87.6602,44.461504],[-87.664031,44.462082],[-87.664125,44.45434],[-87.67428,44.45428],[-87.67437,44.448867],[-87.679367,44.448926],[-87.679456,44.444227],[-87.704748,44.44342],[-87.704633,44.428918],[-87.684311,44.428928],[-87.684288,44.40747],[-87.725094,44.407139],[-87.72573,44.410516],[-87.73373,44.408687],[-87.734929,44.411335],[-87.736855,44.41003],[-87.747416,44.410824],[-87.753588,44.40706],[-87.76385,44.406325],[-87.76541,44.404857],[-87.765064,44.436289],[-87.775445,44.436406],[-87.775416,44.440053],[-87.785792,44.440172],[-87.785778,44.44377],[-87.805795,44.44363],[-87.805785,44.458278],[-87.785697,44.458347],[-87.785685,44.460551],[-87.805781,44.460597]]]}},{"type":"Feature","properties":{"zip":"53204","name":"Zip 53204","students":7609},"geometry":{"type":"Polygon","coordinates":[[[-87.947861,43.0093],[-87.947772,43.029998],[-87.93427,43.027221],[-87.922463,43.027353],[-87.921937,43.025845],[-87.922545,43.028414],[-87.915902,43.030004],[-87.914989,43.032941],[-87.910809,43.032064],[-87.902376,43.025129],[-87.904729,43.022958],[-87.902748,43.015951],[-87.908657,43.007834],[-87.916251,43.006355],[-87.934374,43.006567],[-87.935367,43.008156],[-87.936785,43.006607],[-87.946541,43.006739],[-87.947861,43.0093]]]}},{"type":"Feature","properties":{"zip":"54166","name":"Zip 54166","students":139},"geometry":{"type":"MultiPolygon","coordinates":[[[[-88.632655,44.701744],[-88.633888,44.707401],[-88.616042,44.707414],[-88.615507,44.692827],[-88.605548,44.692848],[-88.605026,44.678329],[-88.615541,44.678177],[-88.615338,44.682578],[-88.62411,44.687894],[-88.624512,44.690629],[-88.619503,44.694134],[-88.630049,44.699684],[-88.634424,44.699068],[-88.632655,44.701744]]],[[[-88.868625,44.811329],[-88.837596,44.811205],[-88.837671,44.816696],[-88.829194,44.816033],[-88.827025,44.81519],[-88.826825,44.813376],[-88.822016,44.812973],[-88.821546,44.811342],[-88.776545,44.811329],[-88.776525,44.825735],[-88.736095,44.826011],[-88.736153,44.836514],[-88.725057,44.836463],[-88.725066,44.844357],[-88.736191,44.844525],[-88.736194,44.856376],[-88.451359,44.855136],[-88.450152,44.84574],[-88.455799,44.845776],[-88.455857,44.842968],[-88.449961,44.842974],[-88.449187,44.826502],[-88.46282,44.8312],[-88.468267,44.831312],[-88.46936,44.834209],[-88.471989,44.835281],[-88.472924,44.842464],[-88.475582,44.84237],[-88.474677,44.831177],[-88.480047,44.830951],[-88.479927,44.806766],[-88.493847,44.799592],[-88.492069,44.799151],[-88.492473,44.795971],[-88.497532,44.794193],[-88.497517,44.792433],[-88.487207,44.792273],[-88.487088,44.789518],[-88.489229,44.789513],[-88.489219,44.788013],[-88.50752,44.788876],[-88.507149,44.773093],[-88.515668,44.773109],[-88.515659,44.770719],[-88.507082,44.770594],[-88.506647,44.760259],[-88.526866,44.761013],[-88.526819,44.75895],[-88.503271,44.754046],[-88.485778,44.747937],[-88.485402,44.735193],[-88.523634,44.735818],[-88.526108,44.73325],[-88.525961,44.727744],[-88.522048,44.726495],[-88.51921,44.728743],[-88.514548,44.728767],[-88.514685,44.721189],[-88.505433,44.721008],[-88.505116,44.710135],[-88.514868,44.710087],[-88.515472,44.677824],[-88.544344,44.677678],[-88.544426,44.653304],[-88.553088,44.65234],[-88.55421,44.653415],[-88.581547,44.653537],[-88.580933,44.662079],[-88.577705,44.669707],[-88.58934,44.668899],[-88.590742,44.671014],[-88.588242,44.673808],[-88.590477,44.676188],[-88.583753,44.678024],[-88.589865,44.680405],[-88.587113,44.681606],[-88.587146,44.684806],[-88.585591,44.685662],[-88.577597,44.683644],[-88.577122,44.682917],[-88.577604,44.682543],[-88.58089,44.683637],[-88.580723,44.681993],[-88.576036,44.68098],[-88.571113,44.686876],[-88.576784,44.690756],[-88.579247,44.696327],[-88.585541,44.69636],[-88.586055,44.714499],[-88.606283,44.714761],[-88.606086,44.707431],[-88.614037,44.70742],[-88.633636,44.712464],[-88.633888,44.707401],[-88.641161,44.707276],[-88.641461,44.713689],[-88.658625,44.716252],[-88.666905,44.715037],[-88.666924,44.711429],[-88.6729,44.707889],[-88.69682,44.707996],[-88.697948,44.729684],[-88.736424,44.729942],[-88.736303,44.744442],[-88.748941,44.743623],[-88.747876,44.742372],[-88.749721,44.741942],[-88.749494,44.74059],[-88.747039,44.739788],[-88.748301,44.737657],[-88.744879,44.737341],[-88.751964,44.732426],[-88.763893,44.735024],[-88.765872,44.73397],[-88.766013,44.730392],[-88.773741,44.730426],[-88.773677,44.722803],[-88.797984,44.723138],[-88.797516,44.733792],[-88.802072,44.742815],[-88.79035,44.74516],[-88.778912,44.752073],[-88.777165,44.754133],[-88.776953,44.759476],[-88.807282,44.759391],[-88.807551,44.767958],[-88.840985,44.76782],[-88.842752,44.768835],[-88.842537,44.78545],[-88.837997,44.789313],[-88.836383,44.793897],[-88.842859,44.795046],[-88.842546,44.793151],[-88.85376,44.793075],[-88.853998,44.79644],[-88.868426,44.796561],[-88.868625,44.811329]]]]}},{"type":"Feature","properties":{"zip":"54154","name":"Zip 54154","students":18},"geometry":{"type":"MultiPolygon","coordinates":[[[[-88.18897,44.998978],[-88.186771,45.007573],[-88.186266,45.024799],[-88.182494,45.024694],[-88.183467,45.010522],[-88.142545,45.00956],[-88.142774,44.99879],[-88.158079,44.999133],[-88.15825,44.995535],[-88.163433,44.995703],[-88.163652,44.988517],[-88.187198,44.989127],[-88.18897,44.998978]]],[[[-88.24465,44.97162],[-88.244479,44.975588],[-88.225108,44.975368],[-88.228988,44.978563],[-88.225886,44.982591],[-88.229674,44.98977],[-88.194629,44.989251],[-88.194858,44.982035],[-88.215084,44.982317],[-88.215394,44.965734],[-88.221455,44.96608],[-88.225553,44.972189],[-88.234279,44.972512],[-88.240287,44.970223],[-88.24465,44.97162]]],[[[-88.326404,44.810276],[-88.310885,44.810267],[-88.310583,44.823957],[-88.290222,44.824223],[-88.289574,44.838223],[-88.299751,44.838631],[-88.299042,44.853527],[-88.248213,44.852739],[-88.247731,44.863367],[-88.228178,44.863433],[-88.228144,44.866662],[-88.212954,44.866382],[-88.212851,44.869867],[-88.222847,44.869793],[-88.222792,44.876876],[-88.227767,44.876784],[-88.227588,44.881167],[-88.207504,44.880258],[-88.206983,44.895299],[-88.237685,44.895931],[-88.237761,44.914027],[-88.241272,44.914084],[-88.241037,44.924961],[-88.243276,44.92499],[-88.243106,44.929319],[-88.24542,44.929967],[-88.245095,44.945892],[-88.231552,44.94489],[-88.22115,44.951131],[-88.216198,44.949844],[-88.215539,44.960358],[-88.212625,44.960011],[-88.213806,44.958528],[-88.208304,44.95623],[-88.212884,44.949439],[-88.206937,44.948394],[-88.204065,44.950026],[-88.197746,44.948437],[-88.194496,44.949987],[-88.187599,44.950034],[-88.181721,44.948198],[-88.182186,44.950453],[-88.179784,44.951574],[-88.178039,44.950477],[-88.174378,44.952301],[-88.166315,44.950996],[-88.162019,44.952203],[-88.159758,44.950231],[-88.161211,44.949262],[-88.158728,44.94829],[-88.159698,44.946149],[-88.15041,44.944275],[-88.151609,44.942029],[-88.14603,44.939028],[-88.147699,44.935347],[-88.124306,44.936669],[-88.125222,44.911644],[-88.118425,44.911628],[-88.118568,44.913423],[-88.113523,44.913594],[-88.113352,44.91177],[-88.108308,44.911998],[-88.108701,44.88981],[-88.091284,44.889952],[-88.091046,44.886415],[-88.093018,44.8864],[-88.092674,44.878375],[-88.118282,44.878538],[-88.118017,44.871594],[-88.120548,44.871567],[-88.120548,44.866397],[-88.117669,44.86641],[-88.117836,44.862861],[-88.106762,44.860858],[-88.09227,44.861597],[-88.092126,44.85502],[-88.091016,44.856351],[-88.084508,44.856153],[-88.080912,44.854037],[-88.082018,44.851462],[-88.080637,44.849938],[-88.082498,44.849945],[-88.083275,44.853674],[-88.086337,44.855278],[-88.097098,44.853342],[-88.104129,44.846657],[-88.114789,44.842672],[-88.11709,44.837538],[-88.114092,44.835669],[-88.119048,44.831531],[-88.119269,44.828847],[-88.127783,44.829176],[-88.128103,44.822724],[-88.134023,44.82086],[-88.138237,44.821506],[-88.138395,44.8137],[-88.136248,44.811235],[-88.138969,44.806988],[-88.139478,44.800087],[-88.142613,44.796324],[-88.140464,44.793065],[-88.135091,44.793006],[-88.134855,44.789358],[-88.153725,44.789433],[-88.15089,44.787795],[-88.150468,44.786185],[-88.152454,44.785995],[-88.151062,44.782844],[-88.146553,44.781401],[-88.14661,44.778116],[-88.150141,44.777866],[-88.149498,44.779695],[-88.15152,44.780199],[-88.154988,44.777913],[-88.153769,44.776381],[-88.154797,44.775421],[-88.159964,44.776337],[-88.162886,44.775149],[-88.162758,44.773435],[-88.166962,44.776567],[-88.169658,44.776088],[-88.169747,44.772635],[-88.181215,44.772878],[-88.181565,44.768307],[-88.186486,44.768382],[-88.186682,44.765829],[-88.191431,44.769327],[-88.190659,44.78294],[-88.230915,44.784092],[-88.231841,44.780568],[-88.251677,44.78107],[-88.250942,44.795337],[-88.262622,44.795718],[-88.262556,44.799444],[-88.270384,44.7994],[-88.270069,44.805163],[-88.27355,44.804684],[-88.274974,44.807453],[-88.289213,44.810524],[-88.290308,44.812318],[-88.321485,44.808777],[-88.321454,44.807652],[-88.325634,44.806759],[-88.326404,44.810276]]]]}},{"type":"Feature","properties":{"zip":"54235","name":"Zip 54235","students":43},"geometry":{"type":"Polygon","coordinates":[[[-87.632487,44.817787],[-87.62534,44.822796],[-87.609946,44.838458],[-87.594087,44.84263],[-87.589562,44.846998],[-87.578653,44.852787],[-87.550228,44.851605],[-87.532051,44.858143],[-87.530621,44.857214],[-87.532002,44.852646],[-87.528709,44.851328],[-87.529996,44.851547],[-87.530627,44.850996],[-87.52167,44.851076],[-87.517919,44.849231],[-87.504518,44.854333],[-87.502549,44.858485],[-87.503838,44.860255],[-87.506355,44.860205],[-87.504195,44.860626],[-87.50398,44.860993],[-87.50638,44.86074],[-87.506648,44.859895],[-87.510371,44.862555],[-87.512292,44.868697],[-87.514776,44.869983],[-87.51834,44.867355],[-87.518258,44.870024],[-87.520853,44.870158],[-87.517414,44.872779],[-87.5067,44.868296],[-87.502638,44.864652],[-87.480079,44.861465],[-87.474748,44.865605],[-87.472005,44.864431],[-87.473249,44.86597],[-87.472079,44.868651],[-87.458965,44.878527],[-87.443319,44.885579],[-87.440271,44.890998],[-87.43685,44.892792],[-87.433394,44.892874],[-87.420491,44.88749],[-87.419084,44.885155],[-87.419937,44.875693],[-87.410363,44.862053],[-87.404794,44.859393],[-87.402131,44.851976],[-87.384026,44.85208],[-87.382278,44.855718],[-87.386115,44.873263],[-87.383375,44.88361],[-87.385555,44.890399],[-87.387763,44.893931],[-87.390183,44.895938],[-87.391287,44.895095],[-87.395021,44.89951],[-87.411442,44.905825],[-87.405998,44.908754],[-87.404508,44.91252],[-87.394995,44.921019],[-87.395178,44.923098],[-87.398379,44.924717],[-87.393905,44.933838],[-87.386563,44.939964],[-87.375472,44.956028],[-87.363988,44.976925],[-87.362298,44.983905],[-87.356387,44.984657],[-87.358316,44.976911],[-87.354892,44.974465],[-87.355204,44.972871],[-87.349014,44.973007],[-87.348922,44.971241],[-87.347138,44.97126],[-87.347065,44.962345],[-87.33694,44.961988],[-87.332924,44.965939],[-87.30631,44.966069],[-87.306369,44.973171],[-87.295897,44.97351],[-87.298212,44.976259],[-87.298669,44.980525],[-87.265067,44.981931],[-87.264464,44.966628],[-87.24427,44.967049],[-87.244112,44.971178],[-87.23919,44.969271],[-87.237565,44.966939],[-87.222556,44.966576],[-87.222993,44.985857],[-87.20524,44.985537],[-87.191839,44.97951],[-87.191941,44.985664],[-87.187628,44.985614],[-87.183541,44.988951],[-87.180066,44.987661],[-87.179145,44.985653],[-87.175317,44.987987],[-87.175163,44.985885],[-87.181771,44.98115],[-87.189401,44.968526],[-87.18859,44.949144],[-87.186921,44.94603],[-87.177272,44.941609],[-87.173303,44.93689],[-87.162195,44.936844],[-87.160504,44.926047],[-87.20387,44.903978],[-87.204614,44.898406],[-87.191896,44.885366],[-87.195375,44.86827],[-87.265332,44.842615],[-87.276192,44.817064],[-87.315421,44.784071],[-87.313925,44.772799],[-87.316052,44.767714],[-87.319289,44.763013],[-87.324969,44.762832],[-87.33466,44.750972],[-87.339259,44.731557],[-87.341502,44.725517],[-87.343485,44.725284],[-87.342195,44.724373],[-87.34364,44.71973],[-87.352334,44.707798],[-87.356348,44.711852],[-87.37664,44.711821],[-87.376607,44.719079],[-87.380452,44.719061],[-87.388569,44.711847],[-87.3975,44.711855],[-87.397494,44.70769],[-87.392087,44.708577],[-87.3893,44.710982],[-87.389544,44.708487],[-87.387385,44.706356],[-87.38304,44.704324],[-87.376707,44.703889],[-87.376767,44.697243],[-87.404979,44.697308],[-87.417749,44.686822],[-87.418086,44.733637],[-87.428192,44.73368],[-87.428128,44.740667],[-87.433235,44.740815],[-87.433115,44.744567],[-87.458637,44.744344],[-87.45871,44.740874],[-87.468719,44.740705],[-87.468555,44.733454],[-87.478761,44.733224],[-87.478612,44.718815],[-87.458952,44.718878],[-87.458917,44.711645],[-87.476666,44.711624],[-87.476559,44.709764],[-87.47403,44.70979],[-87.474086,44.708],[-87.469001,44.708038],[-87.46904,44.704438],[-87.463966,44.70443],[-87.463996,44.693282],[-87.470945,44.693282],[-87.470966,44.697178],[-87.479725,44.697084],[-87.479705,44.695318],[-87.484596,44.695339],[-87.484526,44.69102],[-87.487643,44.691597],[-87.487154,44.690096],[-87.491353,44.694476],[-87.502428,44.701291],[-87.506738,44.710048],[-87.51116,44.71492],[-87.517711,44.718747],[-87.52047,44.729359],[-87.525612,44.736668],[-87.526694,44.741635],[-87.534594,44.744127],[-87.535277,44.746127],[-87.536973,44.746184],[-87.536534,44.747739],[-87.559887,44.747838],[-87.559889,44.752448],[-87.569164,44.748853],[-87.569924,44.749726],[-87.559914,44.754782],[-87.559835,44.762628],[-87.544909,44.7624],[-87.539327,44.766424],[-87.538983,44.790853],[-87.52897,44.79083],[-87.528498,44.816148],[-87.548607,44.816052],[-87.548468,44.819864],[-87.559673,44.820078],[-87.566557,44.820179],[-87.568748,44.817858],[-87.574243,44.816239],[-87.579336,44.816276],[-87.579155,44.82037],[-87.624637,44.82099],[-87.6249,44.817432],[-87.632487,44.817787]]]}},{"type":"Feature","properties":{"zip":"53188","name":"Zip 53188","students":47},"geometry":{"type":"Polygon","coordinates":[[[-88.383935,42.991867],[-88.379141,42.991903],[-88.375508,42.996255],[-88.366155,42.997008],[-88.366043,42.999162],[-88.359663,42.999106],[-88.359737,42.99548],[-88.354848,42.995411],[-88.354723,42.998994],[-88.358504,43.002723],[-88.344719,43.003038],[-88.344683,43.004356],[-88.342228,43.004347],[-88.34218,43.00616],[-88.339709,43.006157],[-88.339632,43.009786],[-88.35447,43.009875],[-88.354176,43.014568],[-88.359326,43.014752],[-88.359271,43.017373],[-88.369235,43.017374],[-88.369211,43.024621],[-88.364204,43.025572],[-88.365401,43.028634],[-88.364024,43.033854],[-88.356354,43.038502],[-88.358485,43.038872],[-88.356224,43.041075],[-88.359332,43.041721],[-88.359341,43.043186],[-88.349553,43.043161],[-88.352646,43.043642],[-88.352651,43.045601],[-88.349539,43.045606],[-88.349479,43.048378],[-88.340543,43.049376],[-88.329627,43.046291],[-88.323181,43.049745],[-88.323143,43.048102],[-88.318695,43.048],[-88.317862,43.04661],[-88.311392,43.046504],[-88.310962,43.043841],[-88.304482,43.041324],[-88.304306,43.04977],[-88.299736,43.050278],[-88.300265,43.04757],[-88.293779,43.047279],[-88.293067,43.045593],[-88.285651,43.046667],[-88.285596,43.049136],[-88.267771,43.04643],[-88.261583,43.047002],[-88.256347,43.049618],[-88.256118,43.046718],[-88.270014,43.045759],[-88.263321,43.040558],[-88.255951,43.039509],[-88.256011,43.04241],[-88.250972,43.045268],[-88.235712,43.042696],[-88.23525,43.047027],[-88.236644,43.04799],[-88.225715,43.049226],[-88.22567,43.053983],[-88.230089,43.053861],[-88.233333,43.056575],[-88.225413,43.057188],[-88.224955,43.068489],[-88.212796,43.062233],[-88.212772,43.064217],[-88.20585,43.064236],[-88.207885,43.047928],[-88.225499,43.049041],[-88.225636,43.046175],[-88.223364,43.048421],[-88.215955,43.046973],[-88.215889,43.038498],[-88.21267,43.038083],[-88.210453,43.042051],[-88.209202,43.041176],[-88.219045,43.028378],[-88.222889,43.020018],[-88.229507,43.013346],[-88.236496,43.010494],[-88.242986,43.0051],[-88.253467,43.000993],[-88.255191,42.999097],[-88.252014,42.997217],[-88.254276,42.994498],[-88.262198,42.992579],[-88.26496,42.988455],[-88.268958,42.988479],[-88.270102,42.990459],[-88.272022,42.99049],[-88.273336,42.988506],[-88.361098,42.988248],[-88.367037,42.991551],[-88.371949,42.992135],[-88.380001,42.988538],[-88.383935,42.991867]]]}},{"type":"Feature","properties":{"zip":"54952","name":"Zip 54952","students":76},"geometry":{"type":"MultiPolygon","coordinates":[[[[-88.310511,44.141701],[-88.294468,44.160472],[-88.295107,44.164542],[-88.297453,44.165176],[-88.294115,44.167667],[-88.290957,44.162869],[-88.294089,44.15739],[-88.290012,44.159422],[-88.284025,44.159304],[-88.283949,44.167956],[-88.279343,44.170197],[-88.269786,44.170062],[-88.269827,44.16825],[-88.264846,44.168187],[-88.265119,44.162658],[-88.262494,44.16171],[-88.26101,44.161696],[-88.261009,44.163513],[-88.264204,44.163512],[-88.26154,44.169149],[-88.254674,44.169951],[-88.254675,44.148262],[-88.264809,44.147887],[-88.264999,44.133693],[-88.291611,44.13397],[-88.290426,44.136092],[-88.294264,44.136204],[-88.294271,44.137604],[-88.30423,44.13771],[-88.304336,44.141312],[-88.310511,44.141701]]],[[[-88.474909,44.200875],[-88.474226,44.203181],[-88.469841,44.205072],[-88.469842,44.209798],[-88.467403,44.211309],[-88.467332,44.214409],[-88.465269,44.214405],[-88.465264,44.215719],[-88.467293,44.216023],[-88.46762,44.219344],[-88.465245,44.225543],[-88.466403,44.226111],[-88.464319,44.226889],[-88.463188,44.231581],[-88.462274,44.2302],[-88.461086,44.23179],[-88.454444,44.232085],[-88.449088,44.239584],[-88.451134,44.240634],[-88.45381,44.238125],[-88.458101,44.239885],[-88.453433,44.23887],[-88.453173,44.241794],[-88.452459,44.240478],[-88.436532,44.244308],[-88.446437,44.238235],[-88.444118,44.239167],[-88.442595,44.237615],[-88.428968,44.237108],[-88.423871,44.238421],[-88.424,44.237081],[-88.420613,44.236308],[-88.404002,44.237094],[-88.404007,44.229578],[-88.390534,44.226826],[-88.38974,44.224606],[-88.383332,44.22522],[-88.384344,44.221583],[-88.227273,44.220069],[-88.224433,44.212799],[-88.221001,44.211162],[-88.221437,44.200286],[-88.219065,44.194786],[-88.227931,44.193328],[-88.229348,44.189967],[-88.23411,44.188895],[-88.235509,44.186229],[-88.244081,44.186223],[-88.244116,44.184123],[-88.253985,44.184312],[-88.254071,44.187868],[-88.269028,44.188067],[-88.268952,44.190772],[-88.274018,44.190872],[-88.274102,44.186103],[-88.27764,44.186733],[-88.264218,44.183006],[-88.276663,44.185855],[-88.285897,44.192537],[-88.293568,44.194314],[-88.293748,44.186748],[-88.303798,44.187031],[-88.303846,44.185275],[-88.297176,44.185043],[-88.297239,44.182314],[-88.303979,44.182487],[-88.30428,44.177789],[-88.320456,44.188634],[-88.34585,44.198826],[-88.344561,44.199546],[-88.379973,44.20724],[-88.379008,44.208037],[-88.378921,44.208832],[-88.380066,44.207234],[-88.404353,44.209292],[-88.41472,44.206833],[-88.43407,44.193581],[-88.474498,44.1927],[-88.471944,44.198994],[-88.474909,44.200875]]]]}},{"type":"Feature","properties":{"zip":"54913","name":"Zip 54913","students":676},"geometry":{"type":"Polygon","coordinates":[[[-88.515961,44.316981],[-88.516553,44.359224],[-88.496442,44.359074],[-88.496374,44.351818],[-88.4759,44.351582],[-88.475785,44.358824],[-88.455596,44.358718],[-88.455562,44.363235],[-88.447687,44.362641],[-88.4421,44.360104],[-88.447497,44.372827],[-88.435271,44.372315],[-88.435258,44.383204],[-88.416258,44.382903],[-88.419973,44.387128],[-88.415164,44.38708],[-88.414792,44.40152],[-88.40449,44.401387],[-88.402929,44.414948],[-88.367143,44.414667],[-88.367072,44.41218],[-88.36198,44.412108],[-88.362003,44.408515],[-88.356336,44.408397],[-88.356504,44.400653],[-88.351963,44.400921],[-88.351989,44.393856],[-88.337267,44.393707],[-88.345315,44.386602],[-88.324753,44.386461],[-88.321462,44.382722],[-88.321378,44.379892],[-88.319774,44.379346],[-88.319974,44.376449],[-88.315272,44.374134],[-88.31197,44.37542],[-88.311665,44.386433],[-88.291457,44.386595],[-88.291538,44.383974],[-88.295887,44.381424],[-88.297286,44.357687],[-88.291829,44.35754],[-88.292279,44.332195],[-88.31255,44.332223],[-88.312731,44.328401],[-88.309114,44.326079],[-88.302666,44.325166],[-88.302834,44.308317],[-88.304515,44.308231],[-88.302836,44.303118],[-88.311525,44.300134],[-88.302845,44.300065],[-88.302862,44.297853],[-88.455294,44.298946],[-88.462063,44.296184],[-88.465992,44.291092],[-88.466457,44.261963],[-88.496581,44.262352],[-88.496229,44.310777],[-88.497422,44.312992],[-88.501063,44.313028],[-88.500991,44.316918],[-88.505997,44.317129],[-88.506027,44.313263],[-88.511053,44.313322],[-88.511024,44.31704],[-88.515961,44.316981]],[[-88.312731,44.328401],[-88.325968,44.327705],[-88.324584,44.324049],[-88.32773,44.324077],[-88.326791,44.322396],[-88.3296,44.318743],[-88.333135,44.317276],[-88.333064,44.301564],[-88.322196,44.300752],[-88.322891,44.304932],[-88.317891,44.304836],[-88.317789,44.312103],[-88.315946,44.312053],[-88.315991,44.30845],[-88.312864,44.3084],[-88.312731,44.328401]]]}},{"type":"Feature","properties":{"zip":"54180","name":"Zip 54180","students":43},"geometry":{"type":"Polygon","coordinates":[[[-88.210438,44.328635],[-88.186745,44.356983],[-88.188097,44.351083],[-88.185863,44.35188],[-88.183651,44.34895],[-88.178051,44.351803],[-88.173061,44.349492],[-88.170303,44.352489],[-88.168133,44.349354],[-88.162243,44.350811],[-88.162974,44.335376],[-88.160964,44.335329],[-88.161552,44.342761],[-88.151057,44.342746],[-88.147268,44.350001],[-88.145627,44.349985],[-88.147626,44.346777],[-88.146708,44.341771],[-88.152111,44.337681],[-88.153644,44.33419],[-88.152475,44.335638],[-88.145984,44.335616],[-88.145964,44.328494],[-88.144736,44.328234],[-88.146121,44.32421],[-88.148934,44.324224],[-88.149902,44.318084],[-88.151467,44.317094],[-88.15172,44.313424],[-88.153101,44.313424],[-88.153224,44.310308],[-88.151939,44.309761],[-88.166126,44.309739],[-88.163205,44.313423],[-88.16708,44.312368],[-88.167102,44.313406],[-88.171625,44.313383],[-88.171851,44.315827],[-88.17222,44.313381],[-88.192613,44.31369],[-88.192489,44.322852],[-88.199311,44.321404],[-88.198905,44.324577],[-88.196589,44.324553],[-88.196337,44.328163],[-88.210438,44.328635]]]}},{"type":"Feature","properties":{"zip":"53103","name":"Zip 53103","students":54},"geometry":{"type":"Polygon","coordinates":[[[-88.253097,42.883436],[-88.248953,42.884023],[-88.248208,42.88631],[-88.24333,42.886314],[-88.243274,42.887712],[-88.24097,42.887665],[-88.240966,42.889914],[-88.235935,42.891766],[-88.23604,42.906174],[-88.228794,42.908268],[-88.227426,42.912601],[-88.228838,42.912593],[-88.228857,42.917247],[-88.222488,42.916241],[-88.224194,42.91885],[-88.215863,42.925193],[-88.217117,42.929021],[-88.214444,42.923176],[-88.201703,42.922841],[-88.201638,42.921439],[-88.198985,42.922709],[-88.199028,42.918736],[-88.193991,42.921574],[-88.194013,42.919221],[-88.188934,42.919253],[-88.188958,42.915626],[-88.191556,42.915594],[-88.191608,42.911936],[-88.193985,42.911905],[-88.192465,42.910706],[-88.194861,42.903645],[-88.189026,42.902821],[-88.188818,42.901041],[-88.195561,42.90099],[-88.199028,42.8987],[-88.198997,42.893712],[-88.195896,42.893738],[-88.195746,42.886281],[-88.189006,42.887623],[-88.1881,42.84284],[-88.19795,42.842712],[-88.207827,42.845515],[-88.212723,42.84968],[-88.216587,42.846729],[-88.217598,42.849565],[-88.226662,42.849545],[-88.226594,42.85708],[-88.242748,42.856621],[-88.241724,42.858844],[-88.250227,42.859916],[-88.248066,42.864036],[-88.250221,42.869243],[-88.250115,42.873869],[-88.248089,42.877376],[-88.252986,42.876737],[-88.253097,42.883436]]]}},{"type":"Feature","properties":{"zip":"54303","name":"Zip 54303","students":818},"geometry":{"type":"Polygon","coordinates":[[[-88.109541,44.525825],[-88.103186,44.525848],[-88.098639,44.530926],[-88.094427,44.53123],[-88.094323,44.539642],[-88.091307,44.543119],[-88.095402,44.545637],[-88.085005,44.546891],[-88.082266,44.548591],[-88.081866,44.553991],[-88.074003,44.554491],[-88.0758,44.560607],[-88.07346,44.56216],[-88.077725,44.567277],[-88.078038,44.572944],[-88.066419,44.57309],[-88.066808,44.568948],[-88.064753,44.565279],[-88.059592,44.56594],[-88.059507,44.569265],[-88.048677,44.569396],[-88.049529,44.565139],[-88.041265,44.564673],[-88.042752,44.570036],[-88.039493,44.574565],[-88.03157,44.578236],[-88.024804,44.578192],[-88.031435,44.563246],[-88.036121,44.560919],[-88.031703,44.560792],[-88.018364,44.548149],[-88.004777,44.539457],[-88.011303,44.521692],[-88.018428,44.515194],[-88.021272,44.508604],[-88.068971,44.525178],[-88.109517,44.523605],[-88.109541,44.525825]]]}},{"type":"Feature","properties":{"zip":"54110","name":"Zip 54110","students":47},"geometry":{"type":"Polygon","coordinates":[[[-88.227461,44.22165],[-88.224455,44.227353],[-88.183696,44.226909],[-88.183513,44.234118],[-88.173391,44.234046],[-88.173524,44.230617],[-88.163201,44.230477],[-88.162926,44.24144],[-88.070633,44.24107],[-88.070414,44.2555],[-88.035125,44.255484],[-88.034741,44.241052],[-88.00254,44.24089],[-88.002612,44.225709],[-87.994694,44.225687],[-87.994723,44.218409],[-88.004724,44.218544],[-88.004684,44.214689],[-87.99825,44.196775],[-88.004729,44.189478],[-88.004546,44.167789],[-88.009696,44.167869],[-88.00972,44.164129],[-88.029054,44.164192],[-88.029095,44.160676],[-88.034329,44.160693],[-88.034404,44.153482],[-88.04365,44.153497],[-88.043529,44.14735],[-88.040458,44.14371],[-88.035962,44.146248],[-88.028591,44.146129],[-88.028143,44.14263],[-88.023308,44.142445],[-88.023045,44.131625],[-88.012994,44.131571],[-88.012985,44.10995],[-88.01802,44.109662],[-88.017829,44.096446],[-88.022368,44.095511],[-88.022421,44.084615],[-88.028098,44.084763],[-88.027794,44.095491],[-88.043187,44.095471],[-88.043099,44.084554],[-88.0463,44.084536],[-88.046441,44.08094],[-88.04979,44.080923],[-88.053622,44.09207],[-88.061323,44.099473],[-88.063206,44.104475],[-88.069688,44.108252],[-88.079632,44.106525],[-88.089308,44.116823],[-88.085814,44.116799],[-88.086016,44.120421],[-88.08859,44.120451],[-88.089649,44.123431],[-88.094558,44.122313],[-88.101462,44.127572],[-88.103621,44.133674],[-88.114604,44.139952],[-88.11303,44.146973],[-88.11967,44.147897],[-88.122675,44.151321],[-88.118806,44.153709],[-88.128975,44.15406],[-88.12912,44.157943],[-88.138513,44.162768],[-88.140437,44.16723],[-88.147262,44.17263],[-88.148897,44.175969],[-88.153015,44.17762],[-88.155707,44.176958],[-88.157334,44.179523],[-88.15446,44.188099],[-88.154275,44.212459],[-88.20397,44.212556],[-88.204083,44.205012],[-88.209096,44.205066],[-88.209136,44.198228],[-88.213747,44.198215],[-88.213966,44.206334],[-88.218712,44.206359],[-88.218585,44.209032],[-88.22097,44.209049],[-88.221283,44.211503],[-88.224433,44.212799],[-88.227461,44.22165]],[[-88.151242,44.212124],[-88.144189,44.209619],[-88.144196,44.207052],[-88.142292,44.206919],[-88.144232,44.203067],[-88.139818,44.206068],[-88.129225,44.208158],[-88.134172,44.212075],[-88.136274,44.210135],[-88.141574,44.210224],[-88.140548,44.212284],[-88.151242,44.212124]]]}},{"type":"Feature","properties":{"zip":"53110","name":"Zip 53110","students":28},"geometry":{"type":"Polygon","coordinates":[[[-87.887676,42.930034],[-87.88325,42.959128],[-87.869962,42.959129],[-87.86993,42.966354],[-87.841527,42.96629],[-87.839868,42.963344],[-87.838309,42.951211],[-87.838962,42.930213],[-87.887676,42.930034]]]}},{"type":"Feature","properties":{"zip":"54201","name":"Zip 54201","students":37},"geometry":{"type":"Polygon","coordinates":[[[-87.602168,44.603787],[-87.591998,44.603738],[-87.59213,44.618294],[-87.581517,44.618376],[-87.581709,44.64724],[-87.580106,44.668169],[-87.569946,44.668115],[-87.569687,44.660912],[-87.559477,44.660744],[-87.559884,44.675407],[-87.483606,44.675323],[-87.479424,44.668772],[-87.480103,44.666043],[-87.474352,44.661409],[-87.475641,44.657086],[-87.47262,44.655086],[-87.471961,44.652577],[-87.469063,44.652376],[-87.468658,44.649959],[-87.466331,44.649808],[-87.467158,44.646586],[-87.462973,44.646672],[-87.467399,44.653833],[-87.452676,44.653974],[-87.438317,44.667529],[-87.438447,44.690018],[-87.417717,44.690023],[-87.417749,44.686822],[-87.404979,44.697308],[-87.376767,44.697243],[-87.376707,44.703889],[-87.38304,44.704324],[-87.387385,44.706356],[-87.389544,44.708487],[-87.3893,44.710982],[-87.392087,44.708577],[-87.397494,44.70769],[-87.3975,44.711855],[-87.388569,44.711847],[-87.380452,44.719061],[-87.376607,44.719079],[-87.37664,44.711821],[-87.356348,44.711852],[-87.352334,44.707798],[-87.34364,44.71973],[-87.342195,44.724373],[-87.343485,44.725284],[-87.341502,44.725517],[-87.339259,44.731557],[-87.33466,44.750972],[-87.324969,44.762832],[-87.319289,44.763013],[-87.330093,44.747968],[-87.333558,44.732195],[-87.338255,44.719522],[-87.34893,44.702239],[-87.37033,44.675581],[-87.376408,44.657066],[-87.386487,44.644497],[-87.38834,44.639923],[-87.399083,44.628322],[-87.413877,44.619772],[-87.414977,44.615651],[-87.417755,44.612725],[-87.431096,44.605781],[-87.439562,44.588076],[-87.445785,44.588469],[-87.452334,44.572348],[-87.467207,44.553519],[-87.471137,44.545126],[-87.49581,44.545328],[-87.495204,44.548883],[-87.496712,44.550022],[-87.502762,44.545175],[-87.500368,44.539886],[-87.501102,44.53435],[-87.521281,44.534299],[-87.521194,44.545193],[-87.588342,44.545074],[-87.588029,44.573455],[-87.58303,44.574447],[-87.582525,44.581326],[-87.591821,44.581505],[-87.591799,44.585187],[-87.59851,44.5852],[-87.595462,44.58985],[-87.595175,44.593432],[-87.598232,44.594935],[-87.597087,44.599078],[-87.602149,44.602061],[-87.602168,44.603787]]]}},{"type":"Feature","properties":{"zip":"53017","name":"Zip 53017","students":19},"geometry":{"type":"Polygon","coordinates":[[[-88.339863,43.195817],[-88.33865,43.198116],[-88.335373,43.197818],[-88.328534,43.20273],[-88.32691,43.205432],[-88.329682,43.207283],[-88.328351,43.207147],[-88.329151,43.20853],[-88.324929,43.214161],[-88.315228,43.215815],[-88.313138,43.217346],[-88.31371,43.218998],[-88.308654,43.222696],[-88.300718,43.2193],[-88.301025,43.234358],[-88.294604,43.231601],[-88.285836,43.23128],[-88.290257,43.222212],[-88.276714,43.22231],[-88.276547,43.215042],[-88.273364,43.216789],[-88.26719,43.216813],[-88.2664,43.218895],[-88.261701,43.218822],[-88.261774,43.225352],[-88.25467,43.225425],[-88.254599,43.222283],[-88.246839,43.22391],[-88.236191,43.221568],[-88.221763,43.22195],[-88.221782,43.214763],[-88.217853,43.214716],[-88.216845,43.211275],[-88.211857,43.211714],[-88.210636,43.214682],[-88.211664,43.217268],[-88.204057,43.217138],[-88.203415,43.215149],[-88.196367,43.219239],[-88.190929,43.214187],[-88.182175,43.214441],[-88.182187,43.21987],[-88.180195,43.219925],[-88.180195,43.218],[-88.177196,43.217945],[-88.177333,43.207034],[-88.173733,43.207017],[-88.173696,43.208801],[-88.164884,43.209101],[-88.157183,43.206215],[-88.162215,43.200418],[-88.162017,43.192268],[-88.184236,43.192611],[-88.18429,43.190857],[-88.189422,43.191473],[-88.189379,43.192647],[-88.204153,43.192915],[-88.207157,43.192289],[-88.207343,43.187059],[-88.212241,43.187107],[-88.212466,43.184427],[-88.217334,43.184434],[-88.217186,43.18808],[-88.222095,43.188115],[-88.223182,43.18666],[-88.227135,43.189117],[-88.2325,43.187317],[-88.241194,43.190057],[-88.249197,43.189777],[-88.259681,43.184744],[-88.260907,43.179942],[-88.262189,43.180058],[-88.261965,43.184985],[-88.291852,43.184819],[-88.291458,43.193199],[-88.319891,43.192979],[-88.32,43.188709],[-88.322683,43.188726],[-88.322741,43.18612],[-88.324316,43.186113],[-88.324327,43.1887],[-88.334918,43.188579],[-88.333337,43.192928],[-88.338113,43.192932],[-88.339863,43.195817]]]}},{"type":"Feature","properties":{"zip":"53081","name":"Zip 53081","students":727},"geometry":{"type":"Polygon","coordinates":[[[-87.784728,43.659711],[-87.780348,43.670754],[-87.780281,43.666179],[-87.772179,43.666205],[-87.772212,43.669378],[-87.769051,43.669399],[-87.769053,43.671301],[-87.761744,43.671287],[-87.761298,43.670192],[-87.76009,43.682201],[-87.760031,43.688356],[-87.771838,43.688552],[-87.770333,43.696076],[-87.767639,43.69676],[-87.7704,43.699864],[-87.774217,43.701246],[-87.775928,43.704386],[-87.771783,43.708253],[-87.771799,43.709723],[-87.773929,43.710211],[-87.773107,43.71217],[-87.774913,43.716511],[-87.773276,43.717702],[-87.76284,43.717774],[-87.760556,43.720914],[-87.75889,43.732594],[-87.760792,43.734749],[-87.759393,43.741429],[-87.764361,43.753745],[-87.779937,43.753673],[-87.779788,43.76113],[-87.765345,43.761021],[-87.764943,43.773568],[-87.761303,43.772041],[-87.759768,43.77564],[-87.760704,43.77052],[-87.757216,43.767548],[-87.704554,43.768319],[-87.695884,43.765666],[-87.695739,43.762605],[-87.700941,43.760678],[-87.691887,43.760556],[-87.691844,43.74886],[-87.69541,43.746594],[-87.701598,43.737706],[-87.702297,43.731392],[-87.694929,43.708122],[-87.695842,43.679713],[-87.699474,43.671579],[-87.733243,43.629343],[-87.741552,43.629461],[-87.726665,43.649228],[-87.723663,43.654216],[-87.725425,43.654281],[-87.723516,43.657887],[-87.729189,43.658342],[-87.729794,43.655885],[-87.731935,43.6553],[-87.732381,43.652276],[-87.735494,43.65191],[-87.736156,43.646766],[-87.739934,43.647498],[-87.739384,43.656073],[-87.74737,43.656446],[-87.748293,43.658839],[-87.764935,43.659307],[-87.763066,43.663539],[-87.766243,43.659244],[-87.784728,43.659711]]]}},{"type":"Feature","properties":{"zip":"53073","name":"Zip 53073","students":68},"geometry":{"type":"Polygon","coordinates":[[[-88.160735,43.709849],[-88.160617,43.717563],[-88.155509,43.717557],[-88.155514,43.724733],[-88.140815,43.724503],[-88.14047,43.717441],[-88.132172,43.717353],[-88.119212,43.717275],[-88.114003,43.719858],[-88.111897,43.718551],[-88.102981,43.72381],[-88.095423,43.724107],[-88.095131,43.734967],[-88.080683,43.73515],[-88.080948,43.744413],[-88.079611,43.746063],[-88.071092,43.746156],[-88.071049,43.750532],[-88.068066,43.754202],[-88.068537,43.759279],[-88.066514,43.762701],[-88.061341,43.765455],[-88.051439,43.765412],[-88.051322,43.770542],[-88.04133,43.767371],[-88.041624,43.787076],[-88.043482,43.787376],[-88.043829,43.79196],[-88.047469,43.794497],[-88.041307,43.797256],[-88.041052,43.804515],[-88.043152,43.804517],[-88.043208,43.808226],[-88.046066,43.808226],[-88.046011,43.815538],[-88.023372,43.815175],[-88.016237,43.816992],[-88.016246,43.812438],[-88.013845,43.811474],[-88.001459,43.811454],[-88.00534,43.815743],[-88.005023,43.818713],[-87.961882,43.818928],[-87.961914,43.821764],[-87.946829,43.82286],[-87.946876,43.82819],[-87.941733,43.828232],[-87.941499,43.83357],[-87.919033,43.833953],[-87.919032,43.839225],[-87.91715,43.839196],[-87.917149,43.840953],[-87.922084,43.840941],[-87.922195,43.84842],[-87.899004,43.848335],[-87.90102,43.85247],[-87.90165,43.862771],[-87.875906,43.862891],[-87.875796,43.83384],[-87.881085,43.833825],[-87.880863,43.81932],[-87.901006,43.819357],[-87.90114,43.804825],[-87.921528,43.804886],[-87.921631,43.790611],[-87.925677,43.790653],[-87.922932,43.787329],[-87.926217,43.787863],[-87.928375,43.786523],[-87.929594,43.78877],[-87.933607,43.790659],[-87.941833,43.790633],[-87.941206,43.761621],[-87.921473,43.761833],[-87.921371,43.754537],[-87.901134,43.754784],[-87.901328,43.766904],[-87.897072,43.768278],[-87.893805,43.767966],[-87.892024,43.765922],[-87.88036,43.765729],[-87.879462,43.764501],[-87.883398,43.763937],[-87.880827,43.761429],[-87.88264,43.759172],[-87.875582,43.757767],[-87.87538,43.747778],[-87.880585,43.747743],[-87.880486,43.731707],[-87.901012,43.733585],[-87.900194,43.728504],[-87.890448,43.726542],[-87.89057,43.703329],[-87.900438,43.696847],[-87.960978,43.696216],[-87.960823,43.689149],[-88.041182,43.6887],[-88.044448,43.684355],[-88.044452,43.674189],[-88.064542,43.674193],[-88.07065,43.677238],[-88.067823,43.679458],[-88.080301,43.68496],[-88.080325,43.687051],[-88.08529,43.687313],[-88.085171,43.695912],[-88.09997,43.696015],[-88.10294,43.698035],[-88.105836,43.703191],[-88.114948,43.703196],[-88.114872,43.688655],[-88.119303,43.688606],[-88.119307,43.683389],[-88.125013,43.683357],[-88.125014,43.679475],[-88.11931,43.679521],[-88.119311,43.673049],[-88.12345,43.673109],[-88.123441,43.668039],[-88.126178,43.668028],[-88.126163,43.666681],[-88.130032,43.668578],[-88.130141,43.67393],[-88.140209,43.674079],[-88.140411,43.710493],[-88.160735,43.709849]]]}},{"type":"Feature","properties":{"zip":"54848","name":"Zip 54848","students":34},"geometry":{"type":"Polygon","coordinates":[[[-91.263668,45.490305],[-91.259767,45.494105],[-91.254587,45.49541],[-91.246866,45.513134],[-91.240279,45.518324],[-91.23821,45.523108],[-91.233793,45.525195],[-91.231555,45.528741],[-91.226586,45.527878],[-91.223871,45.529279],[-91.22342,45.533772],[-91.228654,45.534689],[-91.231779,45.539385],[-91.229569,45.546015],[-91.229705,45.554025],[-91.225796,45.560864],[-91.2271,45.564413],[-91.221614,45.56778],[-91.219791,45.57239],[-91.224515,45.574046],[-91.223361,45.577045],[-91.224297,45.579269],[-91.221902,45.584688],[-91.199902,45.589072],[-91.196026,45.593624],[-91.197702,45.598339],[-91.194427,45.60148],[-91.193471,45.610466],[-91.184448,45.610413],[-91.184583,45.581161],[-91.17499,45.58165],[-91.17502,45.59569],[-91.15346,45.59564],[-91.15383,45.62417],[-91.16406,45.62467],[-91.162754,45.627257],[-91.158383,45.628308],[-91.157171,45.62586],[-91.154234,45.626141],[-91.151185,45.629952],[-91.147388,45.630079],[-91.14228,45.632867],[-91.141266,45.635669],[-91.13637,45.636446],[-91.133689,45.638622],[-90.925833,45.639097],[-90.926205,45.604091],[-90.927544,45.59977],[-90.923772,45.593628],[-90.924139,45.589349],[-90.927589,45.586833],[-90.936475,45.590482],[-90.942679,45.590019],[-90.947995,45.581166],[-90.948345,45.573342],[-90.957206,45.56593],[-90.960038,45.565529],[-90.959267,45.562542],[-90.963283,45.557876],[-90.960317,45.554242],[-91.00055,45.536832],[-90.999012,45.534836],[-90.98835,45.53477],[-90.988151,45.527411],[-91.0086,45.525698],[-91.008103,45.521568],[-91.003427,45.516205],[-91.003324,45.506187],[-91.006453,45.5023],[-91.015871,45.50059],[-91.027844,45.5044],[-91.028991,45.502978],[-91.02578,45.500401],[-91.016517,45.497378],[-91.017974,45.493847],[-91.027428,45.493679],[-91.04438,45.499906],[-91.046636,45.498439],[-91.045171,45.495218],[-91.046569,45.492055],[-91.049594,45.492392],[-91.04955,45.47313],[-91.03634,45.47395],[-91.01779,45.47971],[-91.017686,45.473132],[-91.007398,45.473123],[-91.00731,45.46578],[-91.02802,45.46583],[-91.02833,45.45891],[-91.012851,45.458968],[-91.012879,45.440278],[-91.015299,45.437167],[-91.019082,45.437685],[-91.022545,45.434413],[-91.027017,45.432911],[-91.02863,45.434556],[-91.028122,45.394541],[-91.036654,45.38862],[-91.040351,45.387975],[-91.058937,45.40431],[-91.06923,45.40427],[-91.06952,45.378832],[-91.173555,45.378121],[-91.173483,45.350398],[-91.212948,45.348449],[-91.208487,45.353766],[-91.206195,45.372188],[-91.209349,45.373036],[-91.214049,45.3778],[-91.219876,45.389039],[-91.222499,45.400129],[-91.22089,45.40408],[-91.218237,45.405706],[-91.219423,45.409009],[-91.217402,45.413959],[-91.213395,45.417824],[-91.202894,45.421805],[-91.194492,45.420406],[-91.194461,45.436183],[-91.185585,45.436176],[-91.185573,45.439296],[-91.179922,45.439293],[-91.179902,45.450508],[-91.1944,45.45029],[-91.19535,45.45748],[-91.200762,45.457434],[-91.208555,45.454455],[-91.21731,45.45729],[-91.23564,45.45713],[-91.23642,45.46374],[-91.252538,45.459888],[-91.254329,45.469138],[-91.250139,45.471787],[-91.248694,45.47488],[-91.249424,45.478523],[-91.253887,45.484085],[-91.251857,45.488103],[-91.261838,45.488064],[-91.263668,45.490305]]]}},{"type":"Feature","properties":{"zip":"54656","name":"Zip 54656","students":46},"geometry":{"type":"Polygon","coordinates":[[[-90.978288,44.127989],[-90.976434,44.129853],[-90.970332,44.128647],[-90.966858,44.135908],[-90.958575,44.137177],[-90.957572,44.141136],[-90.951621,44.141587],[-90.947049,44.147237],[-90.944903,44.146664],[-90.945431,44.144621],[-90.943993,44.143601],[-90.938755,44.147393],[-90.925692,44.145979],[-90.904579,44.158298],[-90.887896,44.158461],[-90.887787,44.154451],[-90.863271,44.154144],[-90.862265,44.148573],[-90.856268,44.143448],[-90.848513,44.143485],[-90.847232,44.14426],[-90.847543,44.154054],[-90.851033,44.154499],[-90.854475,44.158541],[-90.801214,44.158807],[-90.79573,44.142429],[-90.786887,44.138366],[-90.776076,44.139505],[-90.763315,44.136854],[-90.762641,44.144234],[-90.774673,44.159056],[-90.743343,44.159104],[-90.73613,44.154677],[-90.737145,44.149054],[-90.740153,44.144458],[-90.707625,44.144409],[-90.707688,44.136985],[-90.704064,44.136961],[-90.702981,44.13483],[-90.703484,44.136937],[-90.702364,44.13684],[-90.702512,44.129639],[-90.682617,44.129515],[-90.682568,44.133731],[-90.68077,44.133364],[-90.680082,44.136312],[-90.673723,44.135718],[-90.672788,44.137354],[-90.670017,44.137332],[-90.670742,44.138943],[-90.669363,44.13898],[-90.672444,44.140839],[-90.670595,44.142469],[-90.65912,44.144132],[-90.651982,44.142885],[-90.653912,44.126722],[-90.655126,44.020805],[-90.65169,44.021389],[-90.647556,44.019315],[-90.654405,44.019093],[-90.653655,44.017754],[-90.65085,44.018369],[-90.653973,44.016907],[-90.652029,44.015744],[-90.652065,44.007375],[-90.685752,44.007321],[-90.685176,43.995259],[-90.688297,43.99234],[-90.657346,43.99339],[-90.656425,43.985613],[-90.65149,43.985624],[-90.650827,43.938768],[-90.664248,43.933031],[-90.659871,43.929823],[-90.659821,43.928275],[-90.661225,43.928131],[-90.661248,43.915252],[-90.653682,43.90454],[-90.653172,43.899493],[-90.651434,43.898996],[-90.670109,43.899044],[-90.670844,43.852801],[-90.681559,43.852571],[-90.682693,43.84671],[-90.681057,43.846859],[-90.681146,43.845517],[-90.696279,43.844557],[-90.696333,43.841829],[-90.746306,43.842382],[-90.746226,43.84511],[-90.749763,43.840812],[-90.764372,43.842608],[-90.782819,43.855788],[-90.790611,43.854529],[-90.791194,43.845107],[-90.803278,43.846719],[-90.817534,43.853791],[-90.821421,43.858883],[-90.823241,43.858642],[-90.826484,43.857175],[-90.825886,43.855275],[-90.831312,43.853761],[-90.830329,43.849113],[-90.844064,43.842415],[-90.846733,43.837583],[-90.849928,43.836761],[-90.850914,43.820307],[-90.847381,43.820206],[-90.843778,43.812918],[-90.876608,43.812677],[-90.876554,43.815239],[-90.860659,43.815242],[-90.860639,43.823499],[-90.871838,43.823331],[-90.871817,43.82041],[-90.875399,43.820367],[-90.87542,43.822243],[-90.880533,43.820993],[-90.881654,43.826628],[-90.894501,43.831707],[-90.895443,43.833586],[-90.894357,43.834546],[-90.899011,43.837304],[-90.90194,43.843372],[-90.910634,43.850722],[-90.910098,43.905516],[-90.896669,43.908774],[-90.896678,43.913916],[-90.910149,43.913909],[-90.91053,43.92691],[-90.919638,43.92518],[-90.915852,43.928332],[-90.913252,43.942423],[-90.911172,43.944709],[-90.913169,44.049041],[-90.916518,44.049285],[-90.912918,44.071522],[-90.973107,44.070882],[-90.973661,44.116585],[-90.967722,44.118368],[-90.967231,44.119979],[-90.978288,44.127989]]]}},{"type":"Feature","properties":{"zip":"53916","name":"Zip 53916","students":52},"geometry":{"type":"Polygon","coordinates":[[[-88.977141,43.441395],[-88.974527,43.447141],[-88.968636,43.447528],[-88.965524,43.449413],[-88.965542,43.452169],[-88.95542,43.452241],[-88.955269,43.458799],[-88.965301,43.458739],[-88.965132,43.473184],[-88.975183,43.473175],[-88.975189,43.480444],[-88.967628,43.480481],[-88.967607,43.477699],[-88.965209,43.477712],[-88.965157,43.514189],[-88.958706,43.512294],[-88.959902,43.513556],[-88.959044,43.518497],[-88.962556,43.520104],[-88.943763,43.53026],[-88.939443,43.535521],[-88.938955,43.534086],[-88.93374,43.536684],[-88.927738,43.536603],[-88.925857,43.536284],[-88.925656,43.527118],[-88.885803,43.509148],[-88.885804,43.510564],[-88.868128,43.511349],[-88.872391,43.515331],[-88.886061,43.522179],[-88.886222,43.531433],[-88.865233,43.53189],[-88.865795,43.545847],[-88.861748,43.545928],[-88.861762,43.550819],[-88.853301,43.545721],[-88.821221,43.545323],[-88.783787,43.545813],[-88.779862,43.551754],[-88.776692,43.551772],[-88.776322,43.545745],[-88.765839,43.545742],[-88.76565,43.531364],[-88.759345,43.531418],[-88.759131,43.516949],[-88.747833,43.516882],[-88.747644,43.509292],[-88.752308,43.509286],[-88.752257,43.507577],[-88.753865,43.507574],[-88.753731,43.502435],[-88.751789,43.502448],[-88.751625,43.494051],[-88.754747,43.49555],[-88.754591,43.49155],[-88.758661,43.490874],[-88.758699,43.50232],[-88.775283,43.502299],[-88.775123,43.488372],[-88.765212,43.489804],[-88.764845,43.466214],[-88.754322,43.473145],[-88.733802,43.473449],[-88.733887,43.458874],[-88.761025,43.458831],[-88.752808,43.45046],[-88.751616,43.444608],[-88.764433,43.444231],[-88.763852,43.415208],[-88.784097,43.415308],[-88.783575,43.400771],[-88.779476,43.400735],[-88.779454,43.393472],[-88.788439,43.393483],[-88.78858,43.386235],[-88.803514,43.386067],[-88.807252,43.37946],[-88.805306,43.37794],[-88.809854,43.367033],[-88.813039,43.364122],[-88.812545,43.357743],[-88.793137,43.357686],[-88.788549,43.355824],[-88.794606,43.351166],[-88.81043,43.343307],[-88.817525,43.343353],[-88.818909,43.347569],[-88.824545,43.345136],[-88.822648,43.34473],[-88.827347,43.341865],[-88.823838,43.348247],[-88.82603,43.349005],[-88.822524,43.352815],[-88.823592,43.355901],[-88.821434,43.356196],[-88.822856,43.357497],[-88.819581,43.358821],[-88.819238,43.360754],[-88.835185,43.3718],[-88.849785,43.371813],[-88.851142,43.365381],[-88.853516,43.363668],[-88.851157,43.362674],[-88.852495,43.357465],[-88.882732,43.357835],[-88.882741,43.350012],[-88.891118,43.350035],[-88.891093,43.357888],[-88.921184,43.357782],[-88.921287,43.371885],[-88.913939,43.371934],[-88.91381,43.382934],[-88.924037,43.383254],[-88.924073,43.386404],[-88.929079,43.386587],[-88.929111,43.394465],[-88.933983,43.398047],[-88.934531,43.400658],[-88.937063,43.401133],[-88.94099,43.407862],[-88.9444,43.409096],[-88.944524,43.414154],[-88.949453,43.412383],[-88.949726,43.404842],[-88.956477,43.404744],[-88.954912,43.407941],[-88.954713,43.41696],[-88.944646,43.42337],[-88.944672,43.42977],[-88.949459,43.429599],[-88.953766,43.425919],[-88.959618,43.426036],[-88.959683,43.429656],[-88.974817,43.429129],[-88.974611,43.437492],[-88.977141,43.441395]]]}},{"type":"Feature","properties":{"zip":"53821","name":"Zip 53821","students":28},"geometry":{"type":"Polygon","coordinates":[[[-91.179382,43.068624],[-91.177264,43.072983],[-91.175193,43.103771],[-91.177932,43.128875],[-91.175253,43.134665],[-91.170372,43.137384],[-91.155859,43.143268],[-91.153472,43.141976],[-91.15451,43.140939],[-91.152382,43.137756],[-91.142725,43.140807],[-91.143333,43.135356],[-91.057811,43.134421],[-91.057219,43.125741],[-91.056063,43.122056],[-91.053981,43.121398],[-91.054133,43.118542],[-91.022822,43.118517],[-91.023001,43.076842],[-91.01647,43.073848],[-91.010931,43.073589],[-91.006389,43.068949],[-91.006149,43.097318],[-90.995881,43.09496],[-90.996274,43.086662],[-90.993626,43.083225],[-90.992981,43.079274],[-90.991356,43.07932],[-90.991368,43.082736],[-90.976704,43.082869],[-90.976631,43.075859],[-90.942174,43.07588],[-90.942106,43.071822],[-90.956511,43.061416],[-90.955181,43.060954],[-90.958887,43.059275],[-90.960329,43.0564],[-90.995203,43.028394],[-91.000747,43.025719],[-91.000928,43.024093],[-90.982931,43.026938],[-90.969431,43.033193],[-90.963462,43.038345],[-90.953078,43.043754],[-90.952584,43.042194],[-90.950229,43.043194],[-90.945304,43.042647],[-90.940576,43.040025],[-90.949849,43.042345],[-90.953645,43.041181],[-90.95634,43.036548],[-90.960266,43.033729],[-90.957516,43.027705],[-90.959042,43.024541],[-90.958009,43.022123],[-90.961261,43.01981],[-90.963615,43.014025],[-90.971148,43.010742],[-90.974407,43.006829],[-90.971361,43.003739],[-90.962586,43.003434],[-90.962549,42.996298],[-90.957575,42.996265],[-90.957604,42.999886],[-90.952834,42.999845],[-90.952456,42.99623],[-90.942569,42.996163],[-90.942762,42.988884],[-90.930459,42.988947],[-90.943496,42.981989],[-90.944629,42.976011],[-90.94797,42.972809],[-90.947829,42.965746],[-90.942646,42.964411],[-90.942557,42.959761],[-90.922702,42.959946],[-90.922755,42.952639],[-90.972522,42.952684],[-90.973245,42.945425],[-90.977333,42.945426],[-90.977291,42.938633],[-90.99193,42.938523],[-90.992016,42.952682],[-91.022188,42.952564],[-91.022531,42.964935],[-91.035154,42.971175],[-91.043592,42.979613],[-91.048127,42.981707],[-91.050718,42.988887],[-91.049137,42.988098],[-91.046133,42.990313],[-91.052584,43.001665],[-91.054772,42.996034],[-91.057275,42.994083],[-91.06527,42.992074],[-91.07723,42.99444],[-91.087085,42.993649],[-91.103067,43.000357],[-91.133034,42.999486],[-91.149055,42.993214],[-91.156812,42.98817],[-91.174692,43.038713],[-91.179382,43.068624]]]}},{"type":"Feature","properties":{"zip":"53901","name":"Zip 53901","students":20},"geometry":{"type":"Polygon","coordinates":[[[-89.65935,43.568879],[-89.655298,43.567214],[-89.646515,43.567081],[-89.649666,43.568231],[-89.649668,43.581551],[-89.63378,43.576422],[-89.62468,43.57626],[-89.607595,43.569154],[-89.599508,43.568957],[-89.600223,43.573064],[-89.629576,43.578821],[-89.629251,43.585071],[-89.624218,43.589075],[-89.59697,43.599637],[-89.596805,43.605253],[-89.619426,43.60533],[-89.619489,43.612417],[-89.596836,43.612779],[-89.596748,43.617335],[-89.59978,43.619408],[-89.599547,43.642636],[-89.588474,43.642598],[-89.58841,43.64949],[-89.58622,43.65049],[-89.586117,43.652911],[-89.578413,43.653007],[-89.57839,43.664296],[-89.57219,43.66812],[-89.56346,43.66768],[-89.56146,43.66101],[-89.56355,43.65014],[-89.558346,43.65016],[-89.556701,43.647474],[-89.557801,43.646563],[-89.553141,43.642616],[-89.469817,43.642592],[-89.47031,43.64979],[-89.46747,43.64977],[-89.46861,43.642593],[-89.340861,43.642343],[-89.340606,43.630324],[-89.33581,43.632029],[-89.335411,43.628257],[-89.326299,43.628251],[-89.325122,43.592102],[-89.310886,43.591993],[-89.307922,43.58599],[-89.305704,43.586858],[-89.305637,43.569713],[-89.325476,43.570301],[-89.325666,43.562875],[-89.348289,43.562739],[-89.359438,43.559286],[-89.358991,43.555497],[-89.322994,43.555743],[-89.322158,43.554399],[-89.32693,43.548205],[-89.335449,43.54952],[-89.338963,43.547546],[-89.346722,43.547151],[-89.3533,43.549389],[-89.374341,43.54399],[-89.386368,43.539348],[-89.387113,43.537309],[-89.39453,43.540435],[-89.397804,43.538967],[-89.400656,43.540275],[-89.406153,43.539435],[-89.407549,43.542331],[-89.412159,43.542526],[-89.417167,43.545094],[-89.419136,43.548276],[-89.421865,43.549],[-89.422105,43.551712],[-89.425496,43.549526],[-89.431421,43.550226],[-89.43451,43.545593],[-89.434489,43.536089],[-89.416044,43.520988],[-89.408543,43.517748],[-89.419105,43.515038],[-89.415017,43.503255],[-89.410396,43.500202],[-89.414806,43.500298],[-89.414046,43.475496],[-89.416614,43.468032],[-89.420047,43.46801],[-89.4207,43.464071],[-89.425048,43.460343],[-89.426334,43.463177],[-89.42504,43.467976],[-89.434073,43.467906],[-89.441401,43.464112],[-89.442235,43.462601],[-89.440354,43.461482],[-89.443253,43.458608],[-89.460739,43.461025],[-89.485082,43.452984],[-89.491612,43.446223],[-89.49338,43.447337],[-89.500762,43.435761],[-89.53056,43.418109],[-89.553402,43.398892],[-89.558197,43.399918],[-89.557617,43.401601],[-89.540939,43.413403],[-89.552082,43.413471],[-89.552096,43.41724],[-89.5618,43.417107],[-89.562022,43.438562],[-89.566025,43.438837],[-89.554177,43.449017],[-89.551614,43.449626],[-89.552106,43.464149],[-89.556984,43.46403],[-89.556925,43.467421],[-89.579824,43.467312],[-89.579246,43.470838],[-89.581918,43.472746],[-89.582116,43.478132],[-89.600502,43.47814],[-89.600368,43.496034],[-89.597545,43.496024],[-89.597476,43.501666],[-89.600396,43.501605],[-89.599357,43.558041],[-89.612345,43.564903],[-89.642209,43.563179],[-89.656374,43.565866],[-89.659375,43.567338],[-89.65935,43.568879]]]}},{"type":"Feature","properties":{"zip":"54484","name":"Zip 54484","students":4},"geometry":{"type":"Polygon","coordinates":[[[-90.218786,44.800439],[-90.218682,44.851049],[-90.198363,44.851055],[-90.198097,44.85878],[-90.159762,44.858691],[-90.159686,44.887642],[-90.10193,44.887371],[-90.096993,44.884193],[-90.098755,44.875986],[-90.089435,44.875371],[-90.083922,44.874219],[-90.083926,44.873138],[-90.064969,44.873109],[-90.065052,44.863059],[-90.057501,44.858701],[-89.984244,44.858425],[-89.984329,44.844187],[-89.98205,44.844874],[-89.982983,44.846907],[-89.981359,44.850774],[-89.974285,44.850726],[-89.974369,44.836951],[-89.984397,44.836929],[-89.984356,44.820441],[-89.981703,44.817829],[-89.981895,44.814826],[-89.973609,44.808979],[-89.973319,44.806649],[-89.969468,44.809232],[-89.968796,44.812797],[-89.96613,44.812729],[-89.964041,44.815247],[-89.964161,44.800787],[-89.947779,44.800776],[-89.947093,44.779023],[-89.956599,44.778648],[-89.959475,44.782385],[-89.964124,44.781226],[-89.964124,44.777672],[-89.968006,44.776419],[-89.972975,44.771785],[-89.964155,44.771888],[-89.964184,44.764834],[-89.974233,44.764695],[-89.974326,44.757557],[-89.984401,44.75732],[-89.98453,44.728334],[-89.978246,44.728413],[-89.977852,44.724217],[-89.975574,44.722161],[-89.978262,44.717133],[-89.973356,44.711171],[-89.976398,44.705297],[-89.984344,44.705225],[-89.985243,44.707327],[-89.988252,44.704858],[-89.997867,44.707686],[-90.004569,44.706888],[-90.007745,44.703507],[-90.005535,44.702591],[-90.006883,44.700467],[-90.010472,44.699715],[-90.01851,44.702917],[-90.018473,44.707215],[-90.020937,44.709274],[-90.026355,44.709708],[-90.033343,44.705985],[-90.032224,44.701871],[-90.04491,44.705805],[-90.046256,44.704183],[-90.05542,44.70359],[-90.056798,44.699728],[-90.060676,44.697923],[-90.071891,44.703149],[-90.072818,44.701308],[-90.07516,44.7032],[-90.075323,44.713987],[-90.079383,44.713951],[-90.079345,44.731923],[-90.089464,44.733712],[-90.089446,44.735571],[-90.099509,44.735419],[-90.099432,44.757035],[-90.131736,44.757278],[-90.131057,44.760091],[-90.13391,44.762791],[-90.135567,44.771854],[-90.140243,44.77185],[-90.140031,44.767074],[-90.174778,44.767232],[-90.174967,44.771761],[-90.19885,44.771739],[-90.198566,44.800563],[-90.218786,44.800439]]]}},{"type":"Feature","properties":{"zip":"53216","name":"Zip 53216","students":753},"geometry":{"type":"Polygon","coordinates":[[[-88.006661,43.075757],[-88.006354,43.096732],[-87.956846,43.096538],[-87.955393,43.099188],[-87.956558,43.100761],[-87.953009,43.100854],[-87.95045,43.099398],[-87.950474,43.097155],[-87.946296,43.097455],[-87.946869,43.075222],[-88.001287,43.075347],[-88.006661,43.075757]]]}},{"type":"Feature","properties":{"zip":"54140","name":"Zip 54140","students":44},"geometry":{"type":"Polygon","coordinates":[[[-88.343506,44.283171],[-88.333402,44.283183],[-88.333252,44.286955],[-88.328216,44.286841],[-88.332737,44.287667],[-88.333135,44.298023],[-88.287936,44.297768],[-88.289702,44.296693],[-88.289625,44.294635],[-88.287871,44.294377],[-88.287866,44.284745],[-88.292908,44.283376],[-88.293249,44.274666],[-88.296991,44.271537],[-88.300188,44.274113],[-88.314296,44.27345],[-88.324606,44.280587],[-88.328204,44.281434],[-88.32824,44.283493],[-88.343412,44.280417],[-88.343506,44.283171]]]}},{"type":"Feature","properties":{"zip":"54923","name":"Zip 54923","students":78},"geometry":{"type":"Polygon","coordinates":[[[-89.127774,43.956568],[-89.128209,43.983186],[-89.053034,43.983263],[-89.057738,43.990004],[-89.066628,43.994804],[-89.066657,44.004063],[-89.07061,44.01401],[-89.074422,44.018756],[-89.085185,44.02275],[-89.085272,44.030329],[-89.060781,44.030236],[-89.057534,44.032566],[-89.057725,44.034632],[-89.053298,44.036435],[-89.052369,44.043924],[-89.031208,44.046742],[-89.024327,44.055945],[-89.022734,44.054978],[-89.00905,44.057627],[-89.006515,44.056832],[-89.006616,44.069065],[-88.986712,44.069039],[-88.986213,44.119708],[-88.961277,44.119698],[-88.961138,44.124897],[-88.958646,44.126746],[-88.940515,44.125136],[-88.938421,44.122959],[-88.925916,44.121072],[-88.91913,44.121886],[-88.919329,44.123027],[-88.912808,44.125105],[-88.910163,44.124929],[-88.910003,44.123648],[-88.904091,44.124154],[-88.896207,44.114419],[-88.899488,44.11541],[-88.899864,44.116768],[-88.901899,44.117323],[-88.901484,44.114398],[-88.903105,44.113129],[-88.902025,44.109436],[-88.904471,44.108626],[-88.897866,44.110025],[-88.897548,44.111719],[-88.895482,44.111225],[-88.8962,44.112147],[-88.894912,44.112315],[-88.896986,44.113333],[-88.890408,44.11045],[-88.891933,44.100333],[-88.885806,44.097493],[-88.886116,44.062975],[-88.884001,44.059268],[-88.878161,44.057495],[-88.875606,44.054394],[-88.875486,44.045282],[-88.886342,44.045287],[-88.886294,44.033901],[-88.877822,44.033942],[-88.877878,44.031164],[-88.886312,44.030887],[-88.886262,44.004961],[-88.901476,44.005051],[-88.901038,43.996502],[-88.897395,43.997735],[-88.896571,43.99897],[-88.900182,43.99753],[-88.894189,44.001471],[-88.881886,43.996215],[-88.879552,43.995543],[-88.877557,43.995221],[-88.883178,43.997066],[-88.874731,43.994876],[-88.856291,44.004769],[-88.84582,44.004351],[-88.845434,43.99799],[-88.832778,43.997858],[-88.831519,43.997338],[-88.831195,43.993364],[-88.825585,43.993441],[-88.825543,43.99058],[-88.805196,43.990533],[-88.805154,43.981624],[-88.825113,43.971794],[-88.829715,43.967954],[-88.845718,43.96775],[-88.845135,43.95133],[-88.855149,43.949738],[-88.856413,43.953211],[-88.865982,43.953346],[-88.865981,43.938757],[-88.876049,43.939014],[-88.876107,43.924401],[-88.885861,43.923191],[-88.885826,43.909623],[-88.896828,43.909602],[-88.89703,43.901695],[-88.940863,43.901592],[-88.940794,43.898861],[-88.937067,43.898861],[-88.937012,43.895404],[-88.946376,43.895453],[-88.946482,43.903778],[-88.960174,43.902657],[-88.966996,43.907318],[-88.972835,43.905948],[-88.976722,43.901619],[-89.006752,43.902306],[-89.006868,43.895909],[-89.010922,43.89589],[-89.01194,43.892683],[-89.013234,43.894807],[-89.012274,43.895861],[-89.013976,43.894879],[-89.01383,43.896783],[-89.015695,43.895626],[-89.014639,43.897158],[-89.019177,43.897567],[-89.019315,43.899011],[-89.020441,43.898025],[-89.019565,43.899582],[-89.02166,43.90032],[-89.020419,43.90119],[-89.023977,43.900996],[-89.023779,43.902319],[-89.026542,43.901366],[-89.02565,43.902951],[-89.03031,43.903886],[-89.02914,43.90556],[-89.031985,43.905414],[-89.031424,43.907322],[-89.035886,43.907037],[-89.037456,43.909066],[-89.039668,43.908428],[-89.039698,43.909967],[-89.043015,43.909881],[-89.047991,43.906611],[-89.052879,43.906613],[-89.050749,43.906847],[-89.054413,43.90937],[-89.063454,43.907218],[-89.066284,43.908434],[-89.06281,43.910609],[-89.063395,43.911871],[-89.064555,43.910699],[-89.067907,43.911977],[-89.067951,43.914056],[-89.070372,43.914008],[-89.075804,43.918248],[-89.079316,43.918386],[-89.082872,43.916147],[-89.086278,43.917331],[-89.090794,43.916109],[-89.093999,43.917499],[-89.092666,43.920053],[-89.095444,43.920669],[-89.096845,43.924101],[-89.09877,43.923363],[-89.107548,43.928975],[-89.119708,43.929988],[-89.121787,43.931603],[-89.120773,43.933323],[-89.123435,43.933097],[-89.116838,43.938519],[-89.097007,43.938604],[-89.096722,43.953267],[-89.121512,43.953159],[-89.127774,43.956568]]]}},{"type":"Feature","properties":{"zip":"53213","name":"Zip 53213","students":1581},"geometry":{"type":"Polygon","coordinates":[[[-88.019165,43.042906],[-88.020384,43.048371],[-88.009203,43.050049],[-88.018426,43.051437],[-88.016094,43.052329],[-88.017452,43.067439],[-87.994813,43.068035],[-87.992101,43.066183],[-87.992112,43.067592],[-87.988609,43.068038],[-87.987523,43.042194],[-87.981139,43.042618],[-87.981086,43.041009],[-87.983787,43.039266],[-87.982885,43.037178],[-87.984527,43.036618],[-87.984872,43.032387],[-87.986577,43.030502],[-88.012281,43.031416],[-88.012322,43.033922],[-88.010939,43.034343],[-88.011051,43.035127],[-88.016231,43.031334],[-88.018498,43.034048],[-88.017495,43.04321],[-88.019165,43.042906]]]}},{"type":"Feature","properties":{"zip":"53226","name":"Zip 53226","students":356},"geometry":{"type":"Polygon","coordinates":[[[-88.06699,43.02958],[-88.066725,43.06724],[-88.049522,43.067427],[-88.049994,43.074712],[-88.038383,43.074985],[-88.035613,43.074793],[-88.036533,43.067616],[-88.017452,43.067439],[-88.016094,43.052329],[-88.018426,43.051437],[-88.009203,43.050049],[-88.020384,43.048371],[-88.020535,43.04442],[-88.017495,43.04321],[-88.018498,43.034048],[-88.016231,43.031334],[-88.027365,43.031494],[-88.027359,43.029891],[-88.029715,43.028781],[-88.027346,43.028182],[-88.038791,43.026998],[-88.045301,43.028396],[-88.045872,43.03101],[-88.06699,43.02958]]]}},{"type":"Feature","properties":{"zip":"53963","name":"Zip 53963","students":239},"geometry":{"type":"MultiPolygon","coordinates":[[[[-88.64423,43.732819],[-88.63893,43.737998],[-88.633883,43.734553],[-88.633539,43.731825],[-88.630893,43.729117],[-88.623908,43.726697],[-88.623513,43.719796],[-88.644159,43.719957],[-88.64423,43.732819]]],[[[-88.910665,43.63339],[-88.870747,43.633346],[-88.870402,43.6442],[-88.885789,43.644496],[-88.885457,43.662694],[-88.845495,43.662066],[-88.845383,43.683855],[-88.815334,43.683862],[-88.81528,43.676589],[-88.775329,43.67469],[-88.775335,43.669312],[-88.749473,43.669334],[-88.750511,43.672964],[-88.754032,43.674678],[-88.753929,43.686879],[-88.735427,43.68736],[-88.74169,43.680402],[-88.729427,43.679387],[-88.728924,43.695445],[-88.722505,43.705417],[-88.704305,43.705483],[-88.704247,43.69094],[-88.689315,43.691048],[-88.689191,43.704813],[-88.69428,43.70549],[-88.694382,43.720222],[-88.67438,43.720167],[-88.670432,43.726619],[-88.672248,43.7263],[-88.672222,43.72746],[-88.664362,43.727415],[-88.664303,43.720115],[-88.644159,43.719957],[-88.644359,43.67616],[-88.650208,43.670769],[-88.635025,43.66943],[-88.635025,43.662249],[-88.611649,43.661674],[-88.611813,43.632799],[-88.602332,43.632673],[-88.60298,43.631636],[-88.606925,43.63247],[-88.610033,43.627172],[-88.612704,43.631111],[-88.617244,43.632794],[-88.67464,43.633179],[-88.686676,43.624789],[-88.683442,43.62424],[-88.683755,43.621695],[-88.677571,43.617607],[-88.680722,43.61367],[-88.683518,43.614113],[-88.680691,43.608427],[-88.677078,43.607794],[-88.672892,43.609437],[-88.654302,43.608269],[-88.643975,43.604729],[-88.64468,43.545557],[-88.683173,43.545646],[-88.684698,43.553229],[-88.689818,43.552966],[-88.691342,43.561793],[-88.696467,43.56221],[-88.695119,43.565625],[-88.697256,43.566017],[-88.698702,43.574396],[-88.700111,43.574534],[-88.697239,43.575526],[-88.76513,43.575263],[-88.77458,43.565983],[-88.775895,43.560235],[-88.805872,43.560334],[-88.806208,43.571284],[-88.796555,43.571295],[-88.793238,43.574755],[-88.780961,43.574681],[-88.780738,43.588356],[-88.775714,43.590476],[-88.775605,43.596523],[-88.806421,43.596845],[-88.806438,43.593777],[-88.811244,43.593726],[-88.819537,43.596718],[-88.826459,43.596786],[-88.82679,43.604077],[-88.87136,43.604422],[-88.871303,43.619066],[-88.896267,43.619296],[-88.896149,43.627506],[-88.910643,43.627475],[-88.910665,43.63339]]]]}},{"type":"Feature","properties":{"zip":"53154","name":"Zip 53154","students":225},"geometry":{"type":"Polygon","coordinates":[[[-87.951969,42.844539],[-87.949381,42.930372],[-87.939498,42.930305],[-87.940497,42.920896],[-87.93538,42.920842],[-87.930598,42.920823],[-87.929952,42.930277],[-87.890327,42.930036],[-87.890565,42.922693],[-87.889132,42.922688],[-87.887849,42.930034],[-87.881392,42.930032],[-87.882102,42.893577],[-87.839971,42.893159],[-87.83793,42.890273],[-87.839623,42.882294],[-87.837636,42.874101],[-87.827181,42.854398],[-87.821665,42.850085],[-87.819554,42.842282],[-87.933066,42.843019],[-87.951969,42.844539]]]}},{"type":"Feature","properties":{"zip":"53018","name":"Zip 53018","students":10},"geometry":{"type":"Polygon","coordinates":[[[-88.428709,43.059576],[-88.427806,43.06085],[-88.422772,43.060726],[-88.423039,43.076038],[-88.420968,43.0787],[-88.422231,43.081723],[-88.41337,43.083545],[-88.413448,43.079837],[-88.398231,43.081357],[-88.399496,43.083729],[-88.397589,43.089174],[-88.395764,43.088508],[-88.394695,43.090944],[-88.390572,43.091608],[-88.392107,43.095517],[-88.389326,43.096799],[-88.390257,43.094505],[-88.38526,43.077845],[-88.386513,43.064711],[-88.384838,43.061947],[-88.364103,43.061694],[-88.364175,43.056153],[-88.354423,43.056849],[-88.349565,43.052173],[-88.349539,43.045606],[-88.352651,43.045601],[-88.352646,43.043642],[-88.349553,43.043161],[-88.359341,43.043186],[-88.359332,43.041721],[-88.356224,43.041075],[-88.358485,43.038872],[-88.356354,43.038502],[-88.364024,43.033854],[-88.365401,43.028634],[-88.364204,43.025572],[-88.37407,43.02411],[-88.373872,43.017382],[-88.378945,43.01741],[-88.378964,43.014686],[-88.390039,43.010776],[-88.415018,43.017984],[-88.413752,43.018455],[-88.41429,43.03789],[-88.418257,43.03758],[-88.417904,43.036084],[-88.420742,43.034475],[-88.422875,43.035087],[-88.422741,43.059382],[-88.428709,43.059576]]]}},{"type":"Feature","properties":{"zip":"54942","name":"Zip 54942","students":136},"geometry":{"type":"Polygon","coordinates":[[[-88.597297,44.2801],[-88.597319,44.301793],[-88.576959,44.302572],[-88.576978,44.311566],[-88.569233,44.312594],[-88.568431,44.317849],[-88.570394,44.318543],[-88.570385,44.320718],[-88.573621,44.320682],[-88.572661,44.32434],[-88.577009,44.325446],[-88.577299,44.330431],[-88.516645,44.330184],[-88.515961,44.316981],[-88.511024,44.31704],[-88.511053,44.313322],[-88.506027,44.313263],[-88.505997,44.317129],[-88.500991,44.316918],[-88.501063,44.313028],[-88.497422,44.312992],[-88.496229,44.310777],[-88.496379,44.273055],[-88.56221,44.272512],[-88.562495,44.26889],[-88.572798,44.268891],[-88.572277,44.272489],[-88.568437,44.273662],[-88.567413,44.279713],[-88.575537,44.27983],[-88.575466,44.285388],[-88.577349,44.287104],[-88.577415,44.28343],[-88.585251,44.283453],[-88.584823,44.275569],[-88.592345,44.276324],[-88.592223,44.279937],[-88.597297,44.2801]]]}},{"type":"Feature","properties":{"zip":"53210","name":"Zip 53210","students":786},"geometry":{"type":"Polygon","coordinates":[[[-88.007442,43.068226],[-88.007378,43.075757],[-87.946666,43.075219],[-87.947424,43.065812],[-87.946087,43.064733],[-87.946791,43.062411],[-87.951187,43.062446],[-87.951083,43.060605],[-87.953085,43.06061],[-87.953005,43.062448],[-87.955264,43.062449],[-87.955289,43.060613],[-87.957521,43.060617],[-87.957493,43.062451],[-87.959887,43.062442],[-87.961107,43.060616],[-87.974688,43.060645],[-87.976283,43.062271],[-87.97612,43.060651],[-87.987544,43.060703],[-87.988609,43.068038],[-87.993536,43.066188],[-87.994813,43.068035],[-88.007442,43.068226]]]}},{"type":"Feature","properties":{"zip":"54724","name":"Zip 54724","students":27},"geometry":{"type":"Polygon","coordinates":[[[-91.666647,45.10228],[-91.66606,45.149594],[-91.646822,45.15855],[-91.646166,45.164597],[-91.630417,45.16444],[-91.629051,45.158614],[-91.614152,45.158502],[-91.6142,45.165073],[-91.603029,45.164972],[-91.602242,45.156761],[-91.583405,45.156543],[-91.583262,45.160541],[-91.564655,45.160352],[-91.563293,45.164047],[-91.543214,45.163668],[-91.543133,45.184004],[-91.512224,45.165004],[-91.511765,45.170963],[-91.510132,45.170994],[-91.510628,45.173653],[-91.508439,45.17814],[-91.481016,45.178106],[-91.4809,45.189353],[-91.470681,45.189294],[-91.470687,45.184923],[-91.465006,45.184904],[-91.465045,45.178024],[-91.460785,45.178047],[-91.46043,45.192302],[-91.464638,45.192212],[-91.464578,45.199773],[-91.439576,45.199371],[-91.439298,45.206109],[-91.402176,45.205514],[-91.396057,45.20845],[-91.381554,45.210739],[-91.366104,45.211395],[-91.365211,45.209076],[-91.367469,45.205335],[-91.362801,45.20443],[-91.363205,45.200581],[-91.365898,45.197784],[-91.365265,45.192608],[-91.359024,45.190926],[-91.318157,45.190816],[-91.321098,45.186272],[-91.325531,45.184364],[-91.325668,45.177395],[-91.329323,45.175579],[-91.325983,45.17307],[-91.327972,45.170761],[-91.337524,45.170356],[-91.337076,45.134553],[-91.326824,45.134535],[-91.326818,45.138046],[-91.316783,45.137884],[-91.320572,45.133469],[-91.296169,45.134431],[-91.296204,45.12011],[-91.316625,45.120072],[-91.317619,45.11657],[-91.322533,45.114956],[-91.322701,45.107498],[-91.317291,45.106594],[-91.317319,45.103956],[-91.312207,45.103951],[-91.312271,45.093171],[-91.334625,45.093155],[-91.33989,45.087765],[-91.341476,45.08313],[-91.347923,45.082146],[-91.348642,45.060179],[-91.379178,45.059917],[-91.379028,45.053062],[-91.389214,45.052971],[-91.389266,45.063362],[-91.393677,45.062424],[-91.399467,45.056461],[-91.403877,45.054897],[-91.403427,45.053429],[-91.407066,45.050625],[-91.405785,45.047554],[-91.409653,45.04607],[-91.410194,45.043964],[-91.419098,45.042648],[-91.417761,45.040468],[-91.41799,45.03146],[-91.428133,45.03142],[-91.427885,45.038585],[-91.448211,45.03845],[-91.448299,45.028404],[-91.443153,45.020344],[-91.442033,45.000021],[-91.452728,45.002186],[-91.509549,45.00219],[-91.509501,45.016651],[-91.519656,45.01662],[-91.51969,45.007755],[-91.528959,45.007818],[-91.528978,45.013289],[-91.549011,45.012672],[-91.549466,45.009233],[-91.559848,45.008691],[-91.559876,45.012569],[-91.554775,45.012582],[-91.554759,45.019028],[-91.564814,45.019018],[-91.564819,45.030678],[-91.616401,45.030135],[-91.616368,45.037431],[-91.611147,45.037456],[-91.611188,45.0402],[-91.616738,45.040232],[-91.616733,45.044002],[-91.621253,45.04402],[-91.620995,45.071226],[-91.641922,45.07123],[-91.641954,45.073159],[-91.645355,45.073181],[-91.648094,45.083149],[-91.65162,45.085181],[-91.651575,45.102171],[-91.666647,45.10228]]]}},{"type":"Feature","properties":{"zip":"54205","name":"Zip 54205","students":5},"geometry":{"type":"Polygon","coordinates":[[[-87.703071,44.631973],[-87.702382,44.643055],[-87.690193,44.643265],[-87.686726,44.64647],[-87.683311,44.653983],[-87.683259,44.661285],[-87.672016,44.661338],[-87.671754,44.66457],[-87.661615,44.665082],[-87.660503,44.668649],[-87.653681,44.675887],[-87.685604,44.676413],[-87.681208,44.67857],[-87.664045,44.683321],[-87.651152,44.683144],[-87.651118,44.686441],[-87.646083,44.688013],[-87.643772,44.68588],[-87.643439,44.683034],[-87.640977,44.682999],[-87.641151,44.675763],[-87.590157,44.675467],[-87.590358,44.661358],[-87.580096,44.660879],[-87.581709,44.64724],[-87.581517,44.618376],[-87.59213,44.618294],[-87.591998,44.603738],[-87.602168,44.603787],[-87.602149,44.602061],[-87.597505,44.599636],[-87.598263,44.595001],[-87.595175,44.593432],[-87.595462,44.58985],[-87.59851,44.5852],[-87.591799,44.585187],[-87.591821,44.581505],[-87.582525,44.581326],[-87.58303,44.574447],[-87.588029,44.573455],[-87.588342,44.545074],[-87.562726,44.545112],[-87.562654,44.53065],[-87.583225,44.530607],[-87.583076,44.52537],[-87.602307,44.52536],[-87.604528,44.518329],[-87.611553,44.515094],[-87.618971,44.515959],[-87.622051,44.517253],[-87.62226,44.519168],[-87.627577,44.52054],[-87.632756,44.527633],[-87.632277,44.530804],[-87.634705,44.531605],[-87.642245,44.545113],[-87.653225,44.551053],[-87.655281,44.550395],[-87.666371,44.559876],[-87.676811,44.563686],[-87.685816,44.575369],[-87.685761,44.57832],[-87.690866,44.583425],[-87.691156,44.585985],[-87.693768,44.587444],[-87.693645,44.588791],[-87.672922,44.588749],[-87.672884,44.603286],[-87.642464,44.603385],[-87.642253,44.617821],[-87.662848,44.617786],[-87.662567,44.625019],[-87.682916,44.624957],[-87.682726,44.632216],[-87.703071,44.631973]]]}},{"type":"Feature","properties":{"zip":"54467","name":"Zip 54467","students":37},"geometry":{"type":"Polygon","coordinates":[[[-89.667855,44.396396],[-89.667815,44.41005],[-89.647564,44.410214],[-89.64718,44.4368],[-89.657443,44.434406],[-89.657327,44.439055],[-89.647141,44.439023],[-89.646413,44.449667],[-89.642131,44.451615],[-89.644513,44.451283],[-89.639823,44.452571],[-89.635523,44.451816],[-89.631216,44.453129],[-89.624868,44.452187],[-89.603858,44.465815],[-89.582753,44.464871],[-89.571646,44.467231],[-89.564845,44.462404],[-89.557251,44.462324],[-89.554005,44.464951],[-89.554344,44.469076],[-89.559033,44.470401],[-89.561527,44.473735],[-89.575465,44.475888],[-89.576085,44.478835],[-89.567619,44.479829],[-89.567633,44.48157],[-89.548474,44.481811],[-89.54851,44.488337],[-89.54469,44.48792],[-89.54349,44.489944],[-89.533405,44.490065],[-89.533108,44.497384],[-89.528438,44.497229],[-89.528432,44.495578],[-89.522171,44.495605],[-89.52213,44.493878],[-89.519636,44.49386],[-89.519697,44.497259],[-89.508415,44.497442],[-89.508368,44.493928],[-89.505686,44.493935],[-89.505659,44.490326],[-89.508333,44.490237],[-89.509169,44.482971],[-89.511347,44.48295],[-89.512022,44.484417],[-89.513227,44.482936],[-89.51333,44.490212],[-89.518191,44.490192],[-89.518206,44.464655],[-89.508448,44.464819],[-89.508479,44.461289],[-89.488302,44.461826],[-89.488251,44.458085],[-89.493301,44.458006],[-89.49325,44.454377],[-89.500885,44.454177],[-89.500975,44.446868],[-89.488466,44.447193],[-89.488465,44.439414],[-89.482153,44.439372],[-89.482104,44.435824],[-89.447749,44.433896],[-89.446488,44.423035],[-89.428536,44.422051],[-89.428537,44.418995],[-89.426411,44.418881],[-89.426782,44.407878],[-89.406737,44.406744],[-89.406002,44.363311],[-89.451506,44.365794],[-89.451715,44.381114],[-89.461809,44.381113],[-89.461864,44.384361],[-89.466663,44.384586],[-89.467123,44.395418],[-89.472216,44.395654],[-89.47215,44.399303],[-89.474187,44.399329],[-89.477146,44.4049],[-89.488121,44.411385],[-89.488165,44.403584],[-89.508024,44.403414],[-89.507927,44.395557],[-89.512856,44.394826],[-89.518334,44.388811],[-89.488112,44.389203],[-89.487836,44.367557],[-89.504357,44.367277],[-89.504356,44.364784],[-89.510341,44.364747],[-89.510344,44.367156],[-89.520284,44.366998],[-89.520886,44.35976],[-89.607246,44.359291],[-89.606966,44.388176],[-89.62737,44.38666],[-89.627205,44.395703],[-89.667855,44.396396]]]}},{"type":"Feature","properties":{"zip":"54703","name":"Zip 54703","students":9},"geometry":{"type":"Polygon","coordinates":[[[-91.670259,44.813904],[-91.670421,44.831855],[-91.663473,44.831807],[-91.660506,44.834895],[-91.656292,44.833609],[-91.66016,44.830994],[-91.659163,44.828099],[-91.655328,44.826918],[-91.650062,44.828356],[-91.65045,44.853992],[-91.640591,44.851355],[-91.640523,44.854873],[-91.638721,44.854896],[-91.638697,44.856177],[-91.621049,44.856397],[-91.621009,44.865105],[-91.580173,44.865014],[-91.580147,44.878376],[-91.589965,44.878433],[-91.589954,44.891283],[-91.581349,44.891275],[-91.581179,44.89622],[-91.590073,44.897872],[-91.590134,44.901497],[-91.57236,44.894533],[-91.570454,44.89445],[-91.570509,44.900855],[-91.549217,44.900757],[-91.54917,44.893859],[-91.49933,44.894063],[-91.499346,44.886468],[-91.494182,44.886489],[-91.494087,44.883926],[-91.485687,44.886524],[-91.473167,44.887009],[-91.456558,44.883274],[-91.454422,44.885929],[-91.457015,44.898597],[-91.45599,44.898535],[-91.45357,44.890576],[-91.453936,44.884773],[-91.451121,44.884862],[-91.452545,44.881638],[-91.457573,44.880699],[-91.448376,44.880312],[-91.448502,44.873699],[-91.451414,44.874827],[-91.451211,44.873153],[-91.453486,44.872316],[-91.44838,44.872383],[-91.44831,44.870626],[-91.451973,44.867792],[-91.451195,44.866367],[-91.454604,44.864556],[-91.437775,44.864689],[-91.43746,44.857403],[-91.43092,44.857371],[-91.437441,44.850441],[-91.417238,44.850271],[-91.417221,44.857312],[-91.406082,44.857262],[-91.406375,44.843478],[-91.4026,44.857262],[-91.346962,44.85722],[-91.347502,44.843801],[-91.336083,44.843032],[-91.327084,44.844303],[-91.32632,44.851455],[-91.306381,44.850848],[-91.30639,44.846753],[-91.308529,44.847321],[-91.318167,44.844045],[-91.31738,44.843013],[-91.319638,44.84188],[-91.319261,44.839927],[-91.321031,44.8387],[-91.319655,44.837486],[-91.321148,44.835687],[-91.292061,44.826673],[-91.272677,44.823383],[-91.274329,44.821158],[-91.27323,44.816685],[-91.278494,44.815521],[-91.28262,44.815377],[-91.283985,44.819257],[-91.290865,44.822042],[-91.295078,44.821704],[-91.296053,44.818341],[-91.299514,44.815758],[-91.303237,44.820293],[-91.307991,44.820087],[-91.309525,44.818513],[-91.308629,44.815394],[-91.310421,44.814079],[-91.323024,44.821241],[-91.33556,44.821328],[-91.341961,44.813425],[-91.352464,44.813676],[-91.362268,44.819832],[-91.367232,44.817567],[-91.371283,44.81072],[-91.391121,44.812573],[-91.398028,44.81054],[-91.407193,44.810196],[-91.407166,44.814519],[-91.44518,44.81445],[-91.441783,44.818781],[-91.457118,44.823702],[-91.470086,44.8151],[-91.501095,44.813324],[-91.502772,44.811635],[-91.500717,44.810276],[-91.503092,44.809498],[-91.501084,44.807066],[-91.49958,44.807666],[-91.498229,44.80268],[-91.501361,44.799701],[-91.509945,44.800757],[-91.533215,44.796639],[-91.537737,44.791411],[-91.535454,44.785443],[-91.537583,44.780788],[-91.53651,44.780096],[-91.542096,44.779199],[-91.55259,44.783021],[-91.554862,44.78176],[-91.557484,44.782563],[-91.557498,44.783872],[-91.560703,44.783401],[-91.57847,44.772139],[-91.579647,44.76655],[-91.576491,44.762885],[-91.576586,44.760607],[-91.581674,44.756314],[-91.584984,44.755775],[-91.59026,44.757782],[-91.59695,44.767155],[-91.602341,44.769853],[-91.615153,44.769688],[-91.611834,44.768175],[-91.630283,44.770741],[-91.631604,44.766942],[-91.629915,44.761377],[-91.624596,44.756556],[-91.650054,44.754996],[-91.649746,44.789504],[-91.647392,44.789843],[-91.646732,44.792217],[-91.649735,44.79267],[-91.649674,44.797189],[-91.656336,44.796313],[-91.655584,44.797747],[-91.657025,44.798702],[-91.65228,44.807318],[-91.653735,44.809006],[-91.652228,44.810552],[-91.654866,44.814563],[-91.670259,44.813904]]]}},{"type":"Feature","properties":{"zip":"53121","name":"Zip 53121","students":15},"geometry":{"type":"Polygon","coordinates":[[[-88.661743,42.755877],[-88.646863,42.755805],[-88.628409,42.766345],[-88.601915,42.777523],[-88.601565,42.784858],[-88.592605,42.784828],[-88.592614,42.792044],[-88.582904,42.791989],[-88.582552,42.79928],[-88.55772,42.800062],[-88.558019,42.790531],[-88.554551,42.791679],[-88.548833,42.790193],[-88.545835,42.785882],[-88.543558,42.785635],[-88.543775,42.778492],[-88.532318,42.778618],[-88.529545,42.77513],[-88.529618,42.771224],[-88.526698,42.771273],[-88.514644,42.778881],[-88.489353,42.778785],[-88.470051,42.782038],[-88.450033,42.781843],[-88.448149,42.778924],[-88.445851,42.778457],[-88.439654,42.781148],[-88.435994,42.780336],[-88.436584,42.771128],[-88.445258,42.770782],[-88.445736,42.756442],[-88.40643,42.756187],[-88.405296,42.712971],[-88.424957,42.717018],[-88.424493,42.702537],[-88.404967,42.702573],[-88.404601,42.682567],[-88.413566,42.669151],[-88.413841,42.665551],[-88.416072,42.668098],[-88.414827,42.669448],[-88.417022,42.669448],[-88.418822,42.665319],[-88.415378,42.655862],[-88.413634,42.654713],[-88.413611,42.645915],[-88.423106,42.646364],[-88.423137,42.654763],[-88.432928,42.654828],[-88.430867,42.645115],[-88.42729,42.643773],[-88.42665,42.640848],[-88.424575,42.641056],[-88.442764,42.637695],[-88.442764,42.63545],[-88.452583,42.632093],[-88.46011,42.63468],[-88.461819,42.637903],[-88.461911,42.636197],[-88.472263,42.636157],[-88.472338,42.633401],[-88.476011,42.633512],[-88.486789,42.63856],[-88.486979,42.633579],[-88.50903,42.633783],[-88.496831,42.626449],[-88.506692,42.626477],[-88.506725,42.623074],[-88.511328,42.623094],[-88.511308,42.625898],[-88.516553,42.625897],[-88.516578,42.622982],[-88.521777,42.622901],[-88.521834,42.63373],[-88.54112,42.633698],[-88.540976,42.626443],[-88.570446,42.6262],[-88.57046,42.630369],[-88.567902,42.632874],[-88.569532,42.633911],[-88.560842,42.637379],[-88.561015,42.640851],[-88.593807,42.64045],[-88.593849,42.642087],[-88.590298,42.642153],[-88.59037,42.647723],[-88.609727,42.64714],[-88.610178,42.669355],[-88.629911,42.669106],[-88.629981,42.676389],[-88.659373,42.676374],[-88.661743,42.755877]]]}},{"type":"Feature","properties":{"zip":"53404","name":"Zip 53404","students":60},"geometry":{"type":"Polygon","coordinates":[[[-87.836041,42.784542],[-87.8348,42.789003],[-87.831065,42.789164],[-87.831022,42.791612],[-87.826175,42.791738],[-87.826139,42.793109],[-87.816315,42.792655],[-87.80536,42.770119],[-87.799175,42.74574],[-87.792802,42.741738],[-87.788523,42.735655],[-87.78819,42.731627],[-87.793016,42.73049],[-87.796378,42.723757],[-87.807504,42.719828],[-87.803663,42.73162],[-87.806478,42.732832],[-87.808062,42.731187],[-87.811858,42.732381],[-87.813866,42.730847],[-87.814656,42.735336],[-87.81962,42.73657],[-87.817505,42.743097],[-87.824248,42.748167],[-87.824702,42.755],[-87.830592,42.757874],[-87.828977,42.760319],[-87.830864,42.767501],[-87.828433,42.767979],[-87.824773,42.772405],[-87.826949,42.77409],[-87.826308,42.776349],[-87.822298,42.776885],[-87.823514,42.78325],[-87.830079,42.785467],[-87.836041,42.784542]]]}},{"type":"Feature","properties":{"zip":"53224","name":"Zip 53224","students":2055},"geometry":{"type":"Polygon","coordinates":[[[-88.06506,43.134573],[-88.063353,43.192117],[-88.003814,43.192581],[-88.004295,43.189215],[-88.014775,43.185986],[-88.014303,43.179111],[-88.015787,43.177899],[-88.024336,43.177809],[-88.024366,43.176259],[-88.004747,43.167068],[-88.004763,43.165179],[-88.009576,43.165153],[-88.009416,43.168113],[-88.014393,43.168082],[-88.014445,43.165123],[-88.018385,43.164999],[-88.018423,43.163211],[-88.014637,43.163237],[-88.014935,43.155966],[-88.017079,43.155941],[-88.008949,43.14872],[-88.01787,43.148671],[-88.017944,43.145717],[-88.015417,43.145729],[-88.015521,43.143194],[-88.017251,43.142065],[-88.015216,43.14011],[-88.015615,43.134106],[-88.058902,43.133617],[-88.057033,43.134383],[-88.060384,43.135596],[-88.063129,43.135621],[-88.063104,43.133565],[-88.06506,43.134573]]]}},{"type":"Feature","properties":{"zip":"53711","name":"Zip 53711","students":306},"geometry":{"type":"MultiPolygon","coordinates":[[[[-89.462825,42.979918],[-89.455222,43.018318],[-89.449689,43.022222],[-89.448343,43.025311],[-89.438246,43.025816],[-89.432948,43.023679],[-89.431485,43.02124],[-89.425115,43.02276],[-89.423663,43.022666],[-89.425751,43.021451],[-89.424801,43.020786],[-89.41939,43.022066],[-89.417547,43.021167],[-89.425407,43.012429],[-89.411977,43.012859],[-89.408887,43.016382],[-89.395418,43.019553],[-89.395148,43.023606],[-89.374653,43.027392],[-89.374584,43.028754],[-89.36484,43.028496],[-89.364904,43.0255],[-89.352613,43.025528],[-89.345707,43.032616],[-89.336601,43.032816],[-89.335901,43.037034],[-89.33262,43.036948],[-89.335728,43.037394],[-89.330114,43.037067],[-89.329988,43.040359],[-89.326716,43.042289],[-89.322157,43.041824],[-89.322347,43.044137],[-89.321938,43.042214],[-89.314044,43.042725],[-89.313705,43.044352],[-89.312745,43.042361],[-89.313028,43.044945],[-89.309842,43.039484],[-89.311439,43.034671],[-89.319926,43.033787],[-89.306796,43.024922],[-89.304072,43.016355],[-89.308358,43.011368],[-89.307283,43.008577],[-89.304964,43.008656],[-89.311399,43.005775],[-89.312329,43.003335],[-89.315766,43.003417],[-89.317737,42.999934],[-89.322441,42.99717],[-89.326815,42.996607],[-89.329376,42.991772],[-89.34206,42.989616],[-89.347715,42.992069],[-89.34762,42.995325],[-89.353209,42.997887],[-89.36583,43.000185],[-89.366028,43.005185],[-89.376104,43.005701],[-89.376254,42.997864],[-89.3732,42.993514],[-89.371742,42.985161],[-89.374051,42.984932],[-89.375227,42.981559],[-89.376929,42.981657],[-89.377143,42.975528],[-89.382096,42.97555],[-89.382163,42.97137],[-89.384105,42.970728],[-89.412036,42.972354],[-89.41187,42.987171],[-89.413223,42.987137],[-89.413227,42.98172],[-89.419672,42.981673],[-89.419664,42.979614],[-89.446592,42.979374],[-89.447037,42.972103],[-89.456248,42.972282],[-89.456275,42.979468],[-89.462825,42.979918]]],[[[-89.503673,43.02828],[-89.501998,43.030991],[-89.496865,43.031069],[-89.496983,43.035786],[-89.501369,43.03892],[-89.498563,43.042997],[-89.501247,43.043436],[-89.500306,43.045298],[-89.503264,43.045301],[-89.502345,43.050181],[-89.495895,43.050086],[-89.496274,43.048442],[-89.488604,43.047442],[-89.490433,43.052848],[-89.473477,43.046356],[-89.4735,43.053621],[-89.484981,43.054779],[-89.473143,43.056207],[-89.472121,43.060878],[-89.455578,43.060866],[-89.454199,43.059577],[-89.451609,43.060827],[-89.438846,43.060776],[-89.428993,43.067976],[-89.42883,43.060765],[-89.423004,43.065102],[-89.408995,43.07012],[-89.408994,43.062059],[-89.412744,43.0625],[-89.417903,43.059724],[-89.418103,43.057454],[-89.429595,43.055151],[-89.432149,43.053414],[-89.431724,43.052312],[-89.431155,43.053737],[-89.429078,43.054437],[-89.433798,43.046236],[-89.432691,43.039057],[-89.443643,43.03946],[-89.442462,43.035304],[-89.448343,43.025311],[-89.461307,43.022573],[-89.461295,43.01543],[-89.46298,43.015416],[-89.463717,43.01859],[-89.470117,43.019778],[-89.467238,43.023231],[-89.468765,43.023687],[-89.472565,43.015516],[-89.475478,43.015557],[-89.470903,43.024025],[-89.467781,43.025296],[-89.469081,43.025953],[-89.471705,43.024824],[-89.473964,43.025519],[-89.473872,43.026846],[-89.486766,43.026652],[-89.488869,43.026137],[-89.488888,43.022959],[-89.490124,43.022497],[-89.500736,43.022391],[-89.501819,43.02383],[-89.503691,43.022974],[-89.503673,43.02828]]]]}},{"type":"Feature","properties":{"zip":"53959","name":"Zip 53959","students":77},"geometry":{"type":"Polygon","coordinates":[[[-90.138778,43.534542],[-90.138664,43.540614],[-90.136085,43.540709],[-90.137785,43.542867],[-90.135977,43.543754],[-90.137744,43.553211],[-90.133112,43.555033],[-90.093636,43.555174],[-90.093514,43.562474],[-90.091731,43.562371],[-90.09519,43.566188],[-90.086752,43.565934],[-90.071521,43.561297],[-90.063143,43.553691],[-90.051844,43.553861],[-90.051282,43.556043],[-90.05326,43.55602],[-90.0525,43.560346],[-90.056533,43.564039],[-90.053752,43.567027],[-90.054481,43.568614],[-90.053139,43.570403],[-90.048634,43.573566],[-90.044658,43.573037],[-90.042419,43.575637],[-90.054019,43.576301],[-90.053996,43.583685],[-90.048945,43.583605],[-90.048721,43.596152],[-90.04591,43.599441],[-90.032189,43.598423],[-90.034074,43.600888],[-90.034623,43.614225],[-90.03705,43.617339],[-90.04265,43.618352],[-90.044079,43.622737],[-90.039242,43.628219],[-90.039371,43.636696],[-90.032949,43.638045],[-90.028061,43.641622],[-89.998132,43.641493],[-89.99351,43.638515],[-89.989673,43.627542],[-89.985033,43.622956],[-89.990532,43.619006],[-89.992846,43.614106],[-89.992574,43.607676],[-89.989491,43.603378],[-89.989041,43.594897],[-89.975051,43.598125],[-89.963388,43.598412],[-89.960677,43.597547],[-89.968722,43.591243],[-89.958087,43.587499],[-89.953481,43.58737],[-89.938652,43.594434],[-89.917322,43.592501],[-89.917242,43.587236],[-89.905268,43.588263],[-89.897056,43.587184],[-89.887278,43.576503],[-89.877118,43.583],[-89.867126,43.583041],[-89.867097,43.576383],[-89.844581,43.578479],[-89.844809,43.576142],[-89.837104,43.576014],[-89.837247,43.566387],[-89.823524,43.566121],[-89.823535,43.564574],[-89.819288,43.569106],[-89.812799,43.571375],[-89.812059,43.574966],[-89.814708,43.574653],[-89.805076,43.579269],[-89.803535,43.579453],[-89.798294,43.572977],[-89.798802,43.561364],[-89.808134,43.56137],[-89.80809,43.555744],[-89.803043,43.554226],[-89.802931,43.54703],[-89.797682,43.547057],[-89.797894,43.539851],[-89.829626,43.54016],[-89.825232,43.536458],[-89.818085,43.536375],[-89.818038,43.532754],[-89.813006,43.532731],[-89.813141,43.525508],[-89.827968,43.52565],[-89.827964,43.52927],[-89.83294,43.529332],[-89.832936,43.532954],[-89.837208,43.532943],[-89.837262,43.540274],[-89.849586,43.540203],[-89.845861,43.536368],[-89.845908,43.533367],[-89.867179,43.533472],[-89.867128,43.528119],[-89.900226,43.533492],[-89.899536,43.5248],[-89.901967,43.524889],[-89.901959,43.522034],[-89.906922,43.522028],[-89.906831,43.511068],[-89.916836,43.511066],[-89.916693,43.502016],[-89.931729,43.5072],[-89.936814,43.512767],[-89.936845,43.518494],[-89.949318,43.517761],[-89.942871,43.514462],[-89.945824,43.514183],[-89.943123,43.51243],[-89.945338,43.511659],[-89.944168,43.509014],[-89.94655,43.509335],[-89.94478,43.507563],[-89.946933,43.507336],[-89.946117,43.505775],[-89.948719,43.505726],[-89.94897,43.50311],[-89.94772,43.504346],[-89.945971,43.503322],[-89.948556,43.502648],[-89.947873,43.501804],[-89.943718,43.504201],[-89.945054,43.50218],[-89.943609,43.501489],[-89.93129,43.503032],[-89.930398,43.501234],[-89.935429,43.501247],[-89.933727,43.49988],[-89.927781,43.500551],[-89.929163,43.497691],[-89.929482,43.498372],[-89.932024,43.499861],[-89.927635,43.494061],[-89.929796,43.493463],[-89.925249,43.494338],[-89.927581,43.492223],[-89.947483,43.500446],[-89.945533,43.496502],[-89.964315,43.496496],[-89.964386,43.486864],[-89.968172,43.485945],[-89.967406,43.484828],[-89.971867,43.48464],[-89.972767,43.482343],[-89.970898,43.48156],[-89.971376,43.479216],[-89.977537,43.47854],[-89.979909,43.480442],[-89.984211,43.477417],[-89.984094,43.467591],[-89.973629,43.467591],[-89.974145,43.452888],[-89.994993,43.452967],[-89.99406,43.446601],[-89.997255,43.446867],[-90.004121,43.441954],[-90.011576,43.445494],[-90.0239,43.445644],[-90.028569,43.445441],[-90.029365,43.442116],[-90.034833,43.442087],[-90.033735,43.443861],[-90.036015,43.443554],[-90.034093,43.449999],[-90.040039,43.450635],[-90.068561,43.44402],[-90.070814,43.452894],[-90.098357,43.453216],[-90.102543,43.456538],[-90.102501,43.465774],[-90.109056,43.467534],[-90.137703,43.467575],[-90.138003,43.482178],[-90.13311,43.482223],[-90.132433,43.489306],[-90.123458,43.489923],[-90.123292,43.498472],[-90.121949,43.499614],[-90.128191,43.501769],[-90.128167,43.507688],[-90.125244,43.51093],[-90.126314,43.516185],[-90.128431,43.520233],[-90.135914,43.526878],[-90.138778,43.534542]]]}},{"type":"Feature","properties":{"zip":"53115","name":"Zip 53115","students":98},"geometry":{"type":"Polygon","coordinates":[[[-88.77801,42.725542],[-88.749381,42.725641],[-88.747877,42.727562],[-88.74453,42.72757],[-88.744638,42.736458],[-88.736071,42.736523],[-88.735826,42.738446],[-88.734265,42.738803],[-88.732648,42.734118],[-88.727274,42.735362],[-88.725006,42.734233],[-88.725291,42.740324],[-88.721032,42.740336],[-88.717213,42.742917],[-88.709277,42.7436],[-88.704656,42.740597],[-88.681231,42.741081],[-88.680998,42.743823],[-88.676559,42.748399],[-88.661693,42.752093],[-88.659373,42.676374],[-88.629981,42.676389],[-88.629911,42.669106],[-88.610178,42.669355],[-88.609871,42.647327],[-88.59037,42.647723],[-88.590298,42.642153],[-88.593849,42.642087],[-88.593807,42.64045],[-88.561015,42.640851],[-88.560842,42.637379],[-88.569532,42.633911],[-88.567902,42.632874],[-88.57046,42.630369],[-88.570446,42.6262],[-88.540976,42.626443],[-88.540847,42.597452],[-88.545726,42.596537],[-88.545777,42.593879],[-88.55061,42.593829],[-88.550605,42.596242],[-88.554368,42.596322],[-88.554371,42.597473],[-88.569922,42.5974],[-88.570018,42.590592],[-88.565148,42.590568],[-88.565115,42.586492],[-88.570269,42.586507],[-88.570283,42.582775],[-88.624541,42.582406],[-88.624429,42.576612],[-88.63908,42.577197],[-88.639065,42.575101],[-88.648882,42.57498],[-88.64884,42.572489],[-88.638944,42.572796],[-88.638969,42.567766],[-88.648759,42.567638],[-88.648546,42.558601],[-88.658392,42.55842],[-88.658398,42.554826],[-88.67828,42.561187],[-88.678419,42.620547],[-88.707968,42.613751],[-88.708124,42.642457],[-88.712257,42.643215],[-88.712239,42.639265],[-88.727702,42.638855],[-88.727864,42.642477],[-88.732725,42.642368],[-88.732845,42.645992],[-88.742658,42.645787],[-88.742808,42.65205],[-88.776683,42.652746],[-88.77801,42.725542]]]}},{"type":"Feature","properties":{"zip":"53144","name":"Zip 53144","students":294},"geometry":{"type":"MultiPolygon","coordinates":[[[[-87.887088,42.581416],[-87.885123,42.581364],[-87.885057,42.579288],[-87.887054,42.579325],[-87.887088,42.581416]]],[[[-87.896631,42.581541],[-87.889784,42.581485],[-87.889664,42.577779],[-87.895718,42.577858],[-87.896631,42.581541]]],[[[-88.013861,42.641058],[-88.012529,42.644271],[-87.992848,42.644428],[-87.992641,42.648073],[-87.974272,42.647889],[-87.975997,42.636991],[-87.977797,42.637007],[-87.977822,42.638826],[-87.982765,42.638812],[-87.982725,42.637055],[-87.992676,42.637148],[-87.992614,42.633517],[-88.011694,42.633736],[-88.013861,42.641058]]],[[[-88.039457,42.619598],[-88.037775,42.624335],[-88.034468,42.625993],[-88.03576,42.630842],[-88.034652,42.632704],[-88.012468,42.629333],[-88.002168,42.626087],[-87.978978,42.623951],[-87.972767,42.621169],[-87.972891,42.6406],[-87.941696,42.640475],[-87.940444,42.643522],[-87.94142,42.647654],[-87.94475,42.652206],[-87.948627,42.653187],[-87.948954,42.654959],[-87.905379,42.654724],[-87.905456,42.669062],[-87.884756,42.668817],[-87.885373,42.664897],[-87.881932,42.664872],[-87.881989,42.668136],[-87.876771,42.668679],[-87.845984,42.668097],[-87.844518,42.66535],[-87.840925,42.664256],[-87.840954,42.656774],[-87.84574,42.658343],[-87.849035,42.653724],[-87.835932,42.653195],[-87.835974,42.641453],[-87.8456,42.641896],[-87.845813,42.63907],[-87.839716,42.638791],[-87.840972,42.637816],[-87.839716,42.637762],[-87.840953,42.635642],[-87.839679,42.634242],[-87.845902,42.633644],[-87.844447,42.594118],[-87.84565,42.594143],[-87.845572,42.580851],[-87.847323,42.580405],[-87.848122,42.580897],[-87.924593,42.58205],[-87.926151,42.580479],[-87.93443,42.581565],[-87.934285,42.578065],[-87.935781,42.578085],[-87.935897,42.580873],[-87.940854,42.580919],[-87.940837,42.582094],[-87.947898,42.582168],[-87.947732,42.578432],[-87.95275,42.579473],[-87.952802,42.582304],[-87.957406,42.582344],[-87.957377,42.580632],[-87.95811,42.582349],[-87.961293,42.582376],[-87.96239,42.580395],[-87.963841,42.583721],[-87.967469,42.583772],[-87.967501,42.589692],[-87.992049,42.589876],[-87.992487,42.588217],[-87.994387,42.592453],[-87.993534,42.594106],[-88.000986,42.601326],[-88.000237,42.604411],[-88.021833,42.604574],[-88.021665,42.597301],[-88.016763,42.597282],[-88.016421,42.582698],[-88.02014,42.582707],[-88.027764,42.588417],[-88.027193,42.591389],[-88.034014,42.598161],[-88.034485,42.600129],[-88.031882,42.602128],[-88.031816,42.604995],[-88.038179,42.613147],[-88.039457,42.619598]]]]}},{"type":"Feature","properties":{"zip":"53402","name":"Zip 53402","students":643},"geometry":{"type":"MultiPolygon","coordinates":[[[[-87.876824,42.812767],[-87.876795,42.813888],[-87.872829,42.813847],[-87.873171,42.812545],[-87.876824,42.812767]]],[[[-87.885584,42.842666],[-87.815693,42.842304],[-87.781388,42.806226],[-87.74722,42.782498],[-87.759946,42.770323],[-87.768762,42.755699],[-87.768538,42.740659],[-87.765897,42.733843],[-87.785674,42.733719],[-87.78623,42.728187],[-87.792775,42.728885],[-87.793016,42.73049],[-87.78819,42.731627],[-87.788523,42.735655],[-87.792802,42.741738],[-87.799175,42.74574],[-87.80536,42.770119],[-87.817299,42.793483],[-87.831022,42.791612],[-87.831065,42.789164],[-87.8348,42.789003],[-87.8389,42.78097],[-87.843484,42.77942],[-87.846218,42.775809],[-87.8477,42.778845],[-87.851441,42.774638],[-87.859701,42.774323],[-87.86344,42.775835],[-87.864123,42.777596],[-87.861024,42.778996],[-87.860949,42.780804],[-87.86521,42.782483],[-87.865644,42.788564],[-87.863989,42.789937],[-87.869388,42.794629],[-87.869233,42.799304],[-87.871222,42.80053],[-87.868559,42.806074],[-87.868948,42.811195],[-87.873218,42.814695],[-87.872137,42.816858],[-87.873867,42.82184],[-87.878978,42.827743],[-87.876788,42.830223],[-87.884672,42.835476],[-87.885584,42.842666]]]]}},{"type":"Feature","properties":{"zip":"54650","name":"Zip 54650","students":185},"geometry":{"type":"Polygon","coordinates":[[[-91.350987,43.940197],[-91.349652,43.944073],[-91.345948,43.943472],[-91.343325,43.945151],[-91.34148,43.958246],[-91.338032,43.959843],[-91.322967,43.955571],[-91.290697,43.955648],[-91.280969,43.949037],[-91.280265,43.955328],[-91.267919,43.948429],[-91.263631,43.950857],[-91.265369,43.952268],[-91.264759,43.954825],[-91.261038,43.955794],[-91.256881,43.942053],[-91.248397,43.93695],[-91.250181,43.9378],[-91.250274,43.934894],[-91.247387,43.933911],[-91.247505,43.931423],[-91.250379,43.932275],[-91.250583,43.925943],[-91.247979,43.923321],[-91.241163,43.923515],[-91.24337,43.930631],[-91.239125,43.930668],[-91.242889,43.937856],[-91.246264,43.937544],[-91.247763,43.939472],[-91.244204,43.939908],[-91.247355,43.941446],[-91.245083,43.941473],[-91.245199,43.944986],[-91.220592,43.945325],[-91.178883,43.931061],[-91.175503,43.932953],[-91.173939,43.938816],[-91.174593,43.926525],[-91.180459,43.925788],[-91.180405,43.913304],[-91.182988,43.91103],[-91.180543,43.908657],[-91.180275,43.899198],[-91.150337,43.898994],[-91.150307,43.895513],[-91.147791,43.898069],[-91.142625,43.898925],[-91.14073,43.898301],[-91.141424,43.895239],[-91.143952,43.895172],[-91.143783,43.891594],[-91.146283,43.891538],[-91.146215,43.889749],[-91.136123,43.888176],[-91.136277,43.891762],[-91.119539,43.892793],[-91.115978,43.889229],[-91.120791,43.888063],[-91.117429,43.885524],[-91.119353,43.883619],[-91.117821,43.883589],[-91.117931,43.881928],[-91.130056,43.87292],[-91.144963,43.865015],[-91.155012,43.863608],[-91.182961,43.865843],[-91.205667,43.859287],[-91.202682,43.86603],[-91.195126,43.866109],[-91.19368,43.870463],[-91.194896,43.87116],[-91.202787,43.866344],[-91.208618,43.867702],[-91.219811,43.866324],[-91.222922,43.868385],[-91.22845,43.866623],[-91.228556,43.864815],[-91.22965,43.869441],[-91.241475,43.869826],[-91.23608,43.870224],[-91.241541,43.870567],[-91.242772,43.872965],[-91.240864,43.874723],[-91.243031,43.874556],[-91.238645,43.879357],[-91.240838,43.883039],[-91.245225,43.883643],[-91.245228,43.8851],[-91.250151,43.886708],[-91.250156,43.886863],[-91.237197,43.885108],[-91.241365,43.895574],[-91.25014,43.91017],[-91.253089,43.913083],[-91.258022,43.914435],[-91.257634,43.915834],[-91.269211,43.914412],[-91.279867,43.916836],[-91.308636,43.931152],[-91.309478,43.933473],[-91.309684,43.932425],[-91.318622,43.938285],[-91.318404,43.937005],[-91.313929,43.935076],[-91.311325,43.932828],[-91.321546,43.937023],[-91.323567,43.939281],[-91.324876,43.938384],[-91.324031,43.93648],[-91.327435,43.937866],[-91.331103,43.939847],[-91.330545,43.941252],[-91.332166,43.942711],[-91.332863,43.941655],[-91.331152,43.940572],[-91.333027,43.940352],[-91.331837,43.939449],[-91.333789,43.940173],[-91.334345,43.941638],[-91.334441,43.939301],[-91.336137,43.939832],[-91.335596,43.938436],[-91.337917,43.939091],[-91.336567,43.937097],[-91.338326,43.937126],[-91.337645,43.935736],[-91.343287,43.939803],[-91.345546,43.940124],[-91.343343,43.938285],[-91.344703,43.939028],[-91.344924,43.937702],[-91.350987,43.940197]],[[-91.242393,43.928599],[-91.241931,43.927018],[-91.23701,43.927046],[-91.238641,43.927604],[-91.238048,43.928943],[-91.242393,43.928599]]]}},{"type":"Feature","properties":{"zip":"53218","name":"Zip 53218","students":233},"geometry":{"type":"Polygon","coordinates":[[[-88.017649,43.106196],[-88.01529,43.108616],[-88.015918,43.119569],[-88.012062,43.119567],[-88.015673,43.122738],[-88.015671,43.132805],[-88.014394,43.133542],[-88.01566,43.133546],[-88.01561,43.135163],[-87.965978,43.133932],[-87.966015,43.132242],[-87.983545,43.131987],[-87.966458,43.115948],[-87.966417,43.111514],[-87.970181,43.110895],[-87.970224,43.108297],[-87.967031,43.108298],[-87.966991,43.09685],[-88.017413,43.096696],[-88.017195,43.104984],[-88.016119,43.104986],[-88.017649,43.106196]]]}},{"type":"Feature","properties":{"zip":"54401","name":"Zip 54401","students":191},"geometry":{"type":"Polygon","coordinates":[[[-89.823591,45.03268],[-89.823301,45.04727],[-89.78522,45.046998],[-89.77681,45.051901],[-89.777292,45.054117],[-89.774453,45.057498],[-89.765069,45.060466],[-89.713221,45.061341],[-89.712682,45.037901],[-89.706747,45.032233],[-89.692178,45.032237],[-89.69234,45.053091],[-89.68598,45.052186],[-89.684774,45.048906],[-89.680821,45.045977],[-89.676946,45.047198],[-89.67249,45.043635],[-89.667287,45.043917],[-89.662862,45.041407],[-89.668103,45.025485],[-89.663132,45.027383],[-89.657934,45.023584],[-89.644258,45.020511],[-89.638019,45.021548],[-89.63276,45.018003],[-89.625373,45.0068],[-89.62729,45.000396],[-89.621263,44.988608],[-89.622522,44.984068],[-89.632305,44.976001],[-89.631732,44.968898],[-89.635249,44.963708],[-89.634368,44.960233],[-89.636553,44.955198],[-89.631722,44.949768],[-89.623358,44.94867],[-89.6222,44.943962],[-89.636522,44.938268],[-89.641022,44.933468],[-89.644296,44.933452],[-89.64627,44.931647],[-89.633822,44.923468],[-89.632022,44.920168],[-89.640922,44.91185],[-89.641308,44.90543],[-89.640038,44.904099],[-89.623989,44.901707],[-89.621532,44.897476],[-89.635522,44.885968],[-89.637822,44.882568],[-89.641312,44.869961],[-89.654278,44.863992],[-89.660512,44.858344],[-89.667257,44.847609],[-89.67198,44.844136],[-89.674773,44.851038],[-89.673134,44.852021],[-89.680588,44.854855],[-89.680729,44.858341],[-89.727447,44.858169],[-89.727357,44.897927],[-89.742729,44.898142],[-89.742707,44.901779],[-89.738732,44.901725],[-89.738793,44.927508],[-89.747632,44.924494],[-89.747474,44.938005],[-89.735878,44.937897],[-89.727127,44.93442],[-89.727043,44.944207],[-89.749645,44.944205],[-89.751652,44.942224],[-89.761049,44.9404],[-89.775495,44.942461],[-89.786822,44.938442],[-89.787127,44.941363],[-89.782665,44.946623],[-89.768767,44.947963],[-89.768015,44.962131],[-89.77833,44.96228],[-89.778395,44.965963],[-89.783578,44.965932],[-89.78368,44.971626],[-89.793486,44.973183],[-89.793486,44.987749],[-89.809257,44.987798],[-89.809147,45.002379],[-89.798826,45.00231],[-89.79836,45.032563],[-89.823591,45.03268]]]}},{"type":"Feature","properties":{"zip":"54220","name":"Zip 54220","students":651},"geometry":{"type":"Polygon","coordinates":[[[-87.856955,44.073521],[-87.841249,44.078254],[-87.841456,44.089015],[-87.821457,44.093623],[-87.821473,44.098195],[-87.815207,44.099713],[-87.811276,44.096578],[-87.807516,44.099202],[-87.805068,44.106297],[-87.80146,44.10681],[-87.801478,44.116871],[-87.796099,44.116954],[-87.796181,44.120573],[-87.770956,44.12041],[-87.770807,44.118596],[-87.763365,44.119815],[-87.764407,44.122117],[-87.771413,44.12386],[-87.772741,44.125824],[-87.770755,44.129569],[-87.766111,44.131063],[-87.764344,44.12913],[-87.761824,44.131612],[-87.765455,44.134722],[-87.769603,44.134348],[-87.77204,44.137768],[-87.774072,44.137288],[-87.771329,44.145139],[-87.761168,44.14356],[-87.761108,44.138355],[-87.754594,44.138266],[-87.754624,44.13541],[-87.742761,44.134698],[-87.750925,44.13938],[-87.751066,44.149171],[-87.746217,44.149225],[-87.746339,44.151672],[-87.74198,44.153392],[-87.731758,44.153427],[-87.73081,44.167944],[-87.756267,44.167869],[-87.756457,44.182318],[-87.771376,44.181931],[-87.77136,44.185891],[-87.792809,44.185938],[-87.792777,44.193947],[-87.781718,44.194176],[-87.781644,44.203498],[-87.731418,44.204568],[-87.731432,44.207011],[-87.735765,44.207759],[-87.735763,44.211394],[-87.733038,44.211401],[-87.729285,44.207655],[-87.724921,44.207919],[-87.721309,44.208979],[-87.718712,44.214889],[-87.714472,44.214738],[-87.711431,44.218485],[-87.711376,44.215045],[-87.696192,44.215129],[-87.681029,44.207145],[-87.680938,44.197168],[-87.665986,44.197137],[-87.665541,44.189111],[-87.661833,44.187564],[-87.664935,44.18641],[-87.666723,44.179618],[-87.665465,44.177109],[-87.669687,44.177421],[-87.6742,44.181505],[-87.676425,44.180741],[-87.678583,44.182596],[-87.680488,44.181431],[-87.67818,44.175347],[-87.680826,44.175369],[-87.681831,44.178929],[-87.685923,44.178929],[-87.685971,44.185258],[-87.680936,44.186222],[-87.706489,44.186038],[-87.704269,44.175264],[-87.70032,44.175284],[-87.69895,44.17049],[-87.68354,44.175121],[-87.680821,44.174784],[-87.680738,44.17133],[-87.660448,44.1716],[-87.660457,44.175226],[-87.654872,44.174752],[-87.655379,44.164492],[-87.65036,44.164456],[-87.650466,44.160815],[-87.640137,44.160547],[-87.64033,44.153606],[-87.625209,44.153584],[-87.625254,44.149683],[-87.628825,44.149689],[-87.628863,44.148127],[-87.630345,44.148124],[-87.63048,44.142458],[-87.627967,44.142467],[-87.628072,44.138867],[-87.620555,44.138942],[-87.620406,44.142513],[-87.625452,44.142476],[-87.625324,44.146062],[-87.620249,44.146069],[-87.620173,44.152146],[-87.622052,44.152162],[-87.62204,44.153579],[-87.617701,44.153571],[-87.617387,44.149208],[-87.610866,44.149181],[-87.610843,44.146076],[-87.617106,44.14605],[-87.616943,44.129397],[-87.620336,44.128429],[-87.619899,44.114475],[-87.636154,44.103774],[-87.639164,44.098455],[-87.641117,44.089102],[-87.647058,44.077469],[-87.643319,44.061862],[-87.644376,44.055198],[-87.662669,44.032693],[-87.672505,44.016267],[-87.687558,43.987049],[-87.688832,43.979686],[-87.69713,43.980013],[-87.694962,43.991237],[-87.687144,44.010558],[-87.69177,44.010556],[-87.692237,44.008803],[-87.72136,44.008396],[-87.724343,44.004829],[-87.736404,44.004684],[-87.736404,44.001109],[-87.761391,44.000951],[-87.761544,44.004683],[-87.772467,44.00481],[-87.772425,44.008213],[-87.786539,44.008225],[-87.78665,44.011773],[-87.791647,44.011773],[-87.791736,44.013587],[-87.796703,44.013617],[-87.796703,44.015431],[-87.801598,44.015371],[-87.801603,44.008206],[-87.831839,44.008003],[-87.831443,44.036408],[-87.841743,44.036658],[-87.841834,44.051239],[-87.821643,44.051429],[-87.821605,44.05851],[-87.851461,44.058533],[-87.852119,44.062036],[-87.856857,44.06212],[-87.856955,44.073521]],[[-87.724528,44.203616],[-87.718009,44.194394],[-87.71532,44.192997],[-87.706111,44.194756],[-87.706156,44.197067],[-87.701443,44.197058],[-87.709281,44.199487],[-87.709287,44.200926],[-87.711203,44.200936],[-87.711247,44.204248],[-87.724528,44.203616]]]}},{"type":"Feature","properties":{"zip":"53704","name":"Zip 53704","students":87},"geometry":{"type":"Polygon","coordinates":[[[-89.412584,43.142369],[-89.405981,43.146063],[-89.407507,43.149445],[-89.404233,43.151004],[-89.408794,43.151885],[-89.408325,43.146971],[-89.410938,43.146637],[-89.409531,43.149518],[-89.411921,43.159167],[-89.402402,43.150394],[-89.398584,43.152013],[-89.39122,43.151985],[-89.385545,43.154937],[-89.379429,43.162087],[-89.374586,43.162519],[-89.371981,43.167428],[-89.372464,43.172114],[-89.365684,43.179475],[-89.362,43.179516],[-89.363348,43.177563],[-89.361872,43.176046],[-89.359057,43.175569],[-89.359763,43.176741],[-89.358667,43.177184],[-89.355921,43.175211],[-89.352247,43.177719],[-89.3427,43.179583],[-89.341452,43.175157],[-89.334602,43.176009],[-89.334108,43.177932],[-89.329132,43.17937],[-89.329138,43.176046],[-89.324543,43.174923],[-89.324553,43.171835],[-89.319566,43.171888],[-89.319652,43.166078],[-89.312215,43.164614],[-89.308546,43.159016],[-89.304392,43.149529],[-89.293246,43.131966],[-89.286178,43.112142],[-89.285628,43.104179],[-89.300649,43.105814],[-89.301576,43.113853],[-89.314909,43.113842],[-89.320172,43.117895],[-89.318709,43.118874],[-89.319958,43.119904],[-89.335712,43.109264],[-89.335498,43.106335],[-89.341438,43.104283],[-89.335903,43.097403],[-89.338248,43.09571],[-89.332691,43.093277],[-89.33429,43.089845],[-89.348112,43.089104],[-89.353972,43.085495],[-89.370259,43.095001],[-89.370514,43.099515],[-89.367127,43.104548],[-89.368899,43.104754],[-89.371356,43.111223],[-89.383017,43.114542],[-89.381668,43.117868],[-89.37595,43.123031],[-89.377828,43.127321],[-89.383705,43.129578],[-89.394739,43.1283],[-89.400061,43.126613],[-89.399965,43.123528],[-89.402067,43.123051],[-89.403843,43.125235],[-89.40086,43.125786],[-89.401242,43.127705],[-89.409916,43.131062],[-89.408145,43.134191],[-89.408893,43.139337],[-89.412584,43.142369]]]}},{"type":"Feature","properties":{"zip":"53191","name":"Zip 53191","students":94},"geometry":{"type":"Polygon","coordinates":[[[-88.570471,42.575904],[-88.570398,42.579175],[-88.566782,42.579191],[-88.566712,42.582795],[-88.570283,42.582775],[-88.570269,42.586507],[-88.565115,42.586492],[-88.565148,42.590568],[-88.570018,42.590592],[-88.569922,42.5974],[-88.554371,42.597473],[-88.554368,42.596322],[-88.550605,42.596242],[-88.55061,42.593829],[-88.545777,42.593879],[-88.545726,42.596537],[-88.540847,42.597452],[-88.540847,42.600207],[-88.529718,42.586864],[-88.52146,42.582833],[-88.521403,42.58075],[-88.519221,42.580762],[-88.519068,42.57192],[-88.521171,42.570579],[-88.521136,42.563743],[-88.53285,42.563697],[-88.532702,42.559424],[-88.553973,42.556427],[-88.565241,42.561134],[-88.560785,42.563835],[-88.565527,42.565609],[-88.565597,42.567032],[-88.560752,42.567436],[-88.560623,42.574649],[-88.570471,42.575904]]]}},{"type":"Feature","properties":{"zip":"53716","name":"Zip 53716","students":204},"geometry":{"type":"Polygon","coordinates":[[[-89.351577,43.058994],[-89.34892,43.064963],[-89.340389,43.071562],[-89.330139,43.07391],[-89.325213,43.078917],[-89.326041,43.08331],[-89.31625,43.083902],[-89.316301,43.086098],[-89.311915,43.083935],[-89.292594,43.084373],[-89.285776,43.08775],[-89.286603,43.091452],[-89.277977,43.06609],[-89.287482,43.06508],[-89.306733,43.073068],[-89.306196,43.071482],[-89.309069,43.071194],[-89.308741,43.062637],[-89.303176,43.062385],[-89.302274,43.05927],[-89.299423,43.060645],[-89.299591,43.05869],[-89.301591,43.05867],[-89.301729,43.055157],[-89.299141,43.05515],[-89.299172,43.052529],[-89.297331,43.051521],[-89.291641,43.051605],[-89.291766,43.047345],[-89.311186,43.045216],[-89.310978,43.041166],[-89.312551,43.042371],[-89.312452,43.044376],[-89.313028,43.044945],[-89.312745,43.042361],[-89.313705,43.044352],[-89.314044,43.042725],[-89.321938,43.042214],[-89.322293,43.044146],[-89.322181,43.041813],[-89.329002,43.041788],[-89.325529,43.043736],[-89.327707,43.043526],[-89.328429,43.045435],[-89.326152,43.046132],[-89.336108,43.047073],[-89.339625,43.058417],[-89.346652,43.054261],[-89.351577,43.058994]]]}},{"type":"Feature","properties":{"zip":"54669","name":"Zip 54669","students":175},"geometry":{"type":"Polygon","coordinates":[[[-91.18296,43.911152],[-91.180405,43.913304],[-91.180459,43.925788],[-91.174593,43.926525],[-91.173939,43.938816],[-91.170352,43.939172],[-91.162893,43.944398],[-91.155657,43.943347],[-91.151498,43.9463],[-91.145396,43.946981],[-91.13961,43.950191],[-91.150665,43.957759],[-91.122311,43.957534],[-91.121646,43.97083],[-91.101785,43.970912],[-91.101779,43.97407],[-91.095252,43.973994],[-91.090246,43.976428],[-91.092014,43.9769],[-91.092015,43.981929],[-91.083594,43.981746],[-91.083556,43.98468],[-91.081147,43.983341],[-91.079965,43.98514],[-91.076221,43.985171],[-91.076453,43.972504],[-91.078306,43.972411],[-91.076537,43.970355],[-91.071166,43.970436],[-91.071281,43.975178],[-91.032279,43.974972],[-91.032123,43.961206],[-91.021405,43.961218],[-91.021543,43.954505],[-91.027564,43.954504],[-91.027445,43.95745],[-91.032084,43.957428],[-91.031317,43.916385],[-91.039887,43.916691],[-91.039207,43.908794],[-91.04125,43.906918],[-91.03845,43.905321],[-91.04012,43.90525],[-91.038401,43.903256],[-91.031093,43.9016],[-91.031105,43.893584],[-91.000493,43.891459],[-91.000539,43.890228],[-91.009663,43.89116],[-91.010449,43.889664],[-91.010349,43.869918],[-91.012704,43.869674],[-91.012785,43.862609],[-91.031166,43.862779],[-91.031162,43.855472],[-91.081231,43.855705],[-91.081171,43.844998],[-91.096102,43.844998],[-91.095423,43.830303],[-91.10268,43.835403],[-91.108775,43.83629],[-91.114111,43.844502],[-91.118046,43.844868],[-91.121553,43.848921],[-91.115483,43.853594],[-91.116545,43.855997],[-91.1277,43.855635],[-91.130078,43.854064],[-91.140284,43.855227],[-91.145558,43.851942],[-91.149677,43.85142],[-91.149628,43.862764],[-91.128352,43.863487],[-91.12839,43.866366],[-91.136424,43.870034],[-91.130056,43.87292],[-91.117931,43.881928],[-91.117821,43.883589],[-91.119353,43.883619],[-91.117429,43.885524],[-91.120791,43.888063],[-91.116405,43.888497],[-91.11627,43.890014],[-91.119539,43.892793],[-91.136277,43.891762],[-91.136123,43.888176],[-91.141147,43.888065],[-91.141237,43.889856],[-91.146215,43.889749],[-91.146283,43.891538],[-91.143783,43.891594],[-91.143952,43.895172],[-91.141424,43.895239],[-91.14073,43.898301],[-91.142625,43.898925],[-91.147791,43.898069],[-91.150307,43.895513],[-91.150337,43.898994],[-91.179465,43.898681],[-91.180589,43.908831],[-91.18296,43.911152]]]}},{"type":"Feature","properties":{"zip":"54981","name":"Zip 54981","students":139},"geometry":{"type":"Polygon","coordinates":[[[-89.259841,44.28697],[-89.246506,44.286966],[-89.24678,44.295666],[-89.248586,44.295715],[-89.252306,44.300667],[-89.249489,44.304936],[-89.227916,44.303871],[-89.224357,44.305962],[-89.224165,44.323163],[-89.244344,44.323046],[-89.244316,44.334357],[-89.249306,44.334324],[-89.249036,44.344024],[-89.244344,44.343736],[-89.244271,44.352364],[-89.224065,44.352457],[-89.223914,44.377907],[-89.231294,44.380493],[-89.235877,44.376685],[-89.239842,44.384696],[-89.239073,44.387636],[-89.233945,44.390138],[-89.234079,44.409633],[-89.238851,44.411941],[-89.239029,44.413521],[-89.223668,44.417443],[-89.214088,44.417375],[-89.214842,44.422587],[-89.209195,44.42643],[-89.197388,44.423334],[-89.173804,44.424308],[-89.17404,44.422429],[-89.163353,44.418755],[-89.163376,44.417375],[-89.151631,44.417392],[-89.125928,44.412296],[-89.127259,44.4073],[-89.13199,44.402584],[-89.102799,44.402989],[-89.102845,44.417544],[-89.073068,44.417228],[-89.057455,44.41447],[-89.054322,44.415538],[-89.053972,44.413747],[-89.048912,44.411717],[-89.050681,44.408629],[-89.053807,44.407395],[-89.051628,44.406045],[-89.02194,44.406225],[-89.025834,44.400189],[-89.018877,44.403682],[-89.010596,44.403054],[-89.004372,44.400338],[-89.006761,44.399619],[-89.006443,44.397681],[-89.001784,44.397179],[-89.002278,44.395266],[-88.999277,44.393369],[-89.001013,44.390763],[-88.998894,44.388923],[-88.99919,44.386427],[-89.00154,44.385735],[-88.997048,44.382072],[-88.997696,44.383374],[-88.995073,44.379032],[-88.996893,44.377231],[-88.996738,44.366357],[-88.991674,44.366326],[-88.991564,44.359378],[-89.001836,44.359488],[-89.001588,44.344366],[-88.996563,44.342972],[-88.996512,44.337089],[-88.986236,44.335229],[-88.986264,44.333349],[-88.991042,44.33333],[-88.991093,44.329965],[-88.996413,44.329338],[-88.988249,44.323837],[-88.981452,44.326176],[-88.981491,44.323154],[-88.989346,44.323611],[-88.996405,44.327218],[-88.996376,44.321753],[-89.019592,44.322013],[-89.019603,44.318646],[-89.027265,44.318594],[-89.027449,44.315742],[-89.02269,44.315598],[-89.02276,44.311598],[-89.035238,44.311737],[-89.035303,44.308155],[-89.038116,44.308203],[-89.038168,44.30521],[-89.040703,44.305254],[-89.04098,44.294258],[-89.046921,44.294188],[-89.046942,44.287107],[-89.016804,44.286445],[-89.016826,44.279292],[-89.012137,44.279089],[-89.011828,44.276036],[-89.007617,44.274728],[-89.00975,44.273092],[-89.016978,44.274674],[-89.017515,44.264923],[-89.016335,44.264661],[-89.022836,44.264311],[-89.022128,44.242858],[-89.052776,44.24296],[-89.052555,44.247446],[-89.049251,44.253621],[-89.065718,44.25386],[-89.066939,44.248624],[-89.068097,44.250525],[-89.074397,44.25299],[-89.083334,44.251681],[-89.086915,44.249177],[-89.08242,44.248235],[-89.077661,44.250275],[-89.070244,44.250272],[-89.067331,44.248249],[-89.07626,44.242896],[-89.097364,44.243062],[-89.097103,44.233307],[-89.101878,44.2322],[-89.10368,44.217699],[-89.113407,44.214824],[-89.11617,44.212491],[-89.115368,44.209958],[-89.117192,44.208627],[-89.117358,44.210146],[-89.122055,44.210234],[-89.122045,44.213798],[-89.128379,44.211085],[-89.133472,44.211004],[-89.138129,44.212415],[-89.138832,44.228481],[-89.156723,44.228366],[-89.159249,44.22884],[-89.158307,44.230636],[-89.159441,44.231171],[-89.162614,44.229572],[-89.169302,44.23006],[-89.171502,44.231804],[-89.169046,44.233244],[-89.168976,44.241189],[-89.171454,44.2412],[-89.171386,44.243013],[-89.224813,44.243393],[-89.224743,44.254378],[-89.235198,44.253245],[-89.239568,44.254588],[-89.234762,44.256526],[-89.234069,44.268504],[-89.224556,44.268709],[-89.224443,44.274535],[-89.230292,44.27598],[-89.232793,44.279841],[-89.239555,44.277302],[-89.241252,44.279606],[-89.245464,44.279022],[-89.246707,44.280782],[-89.25051,44.279816],[-89.259853,44.281993],[-89.259841,44.28697]],[[-89.148181,44.335615],[-89.144395,44.334577],[-89.142296,44.337167],[-89.143405,44.340852],[-89.148181,44.335615]]]}},{"type":"Feature","properties":{"zip":"53551","name":"Zip 53551","students":199},"geometry":{"type":"Polygon","coordinates":[[[-88.982526,43.081928],[-88.980083,43.081952],[-88.980272,43.085841],[-88.978274,43.085906],[-88.978295,43.088298],[-88.956897,43.088352],[-88.953186,43.089876],[-88.95297,43.10956],[-88.961572,43.122166],[-88.946422,43.122248],[-88.941914,43.124901],[-88.936704,43.12278],[-88.936338,43.129451],[-88.945732,43.136435],[-88.946297,43.1438],[-88.920516,43.144128],[-88.920423,43.141618],[-88.916109,43.14153],[-88.916107,43.146099],[-88.910757,43.14614],[-88.910796,43.1499],[-88.906546,43.149935],[-88.906596,43.153923],[-88.902663,43.153813],[-88.899848,43.161133],[-88.893317,43.160966],[-88.893303,43.159054],[-88.890851,43.159197],[-88.891193,43.135522],[-88.881117,43.135304],[-88.879445,43.129773],[-88.873353,43.126926],[-88.876337,43.120315],[-88.869203,43.108864],[-88.867334,43.109523],[-88.867168,43.106953],[-88.862024,43.103846],[-88.85109,43.101973],[-88.84995,43.099472],[-88.846126,43.098135],[-88.84556,43.094396],[-88.847501,43.087548],[-88.851034,43.087139],[-88.847917,43.087084],[-88.85462,43.083102],[-88.854629,43.076607],[-88.858942,43.072791],[-88.862453,43.072819],[-88.866195,43.062638],[-88.866005,43.051082],[-88.876412,43.051102],[-88.876592,43.044578],[-88.879756,43.044676],[-88.879725,43.042319],[-88.88354,43.042407],[-88.883431,43.039403],[-88.886603,43.03947],[-88.886556,43.034229],[-88.882003,43.034248],[-88.881959,43.029201],[-88.884649,43.029171],[-88.882563,43.027254],[-88.88653,43.027084],[-88.88646,43.022096],[-88.894403,43.022205],[-88.89444,43.01484],[-88.876551,43.014618],[-88.876646,43.007436],[-88.899215,43.007654],[-88.899232,43.014888],[-88.923486,43.014249],[-88.963047,43.015889],[-88.962834,43.022675],[-88.958778,43.0226],[-88.959504,43.038],[-88.96441,43.037949],[-88.964342,43.041649],[-88.973991,43.041812],[-88.972739,43.078323],[-88.982636,43.078264],[-88.982526,43.081928]]]}},{"type":"Feature","properties":{"zip":"54929","name":"Zip 54929","students":46},"geometry":{"type":"Polygon","coordinates":[[[-88.895368,44.57528],[-88.890315,44.575163],[-88.890424,44.586122],[-88.88562,44.58609],[-88.885519,44.590364],[-88.859781,44.590422],[-88.858946,44.631094],[-88.860876,44.632154],[-88.860209,44.634448],[-88.879767,44.634948],[-88.871466,44.638974],[-88.852562,44.637595],[-88.848493,44.638733],[-88.848519,44.639977],[-88.844326,44.640171],[-88.845196,44.641201],[-88.84162,44.641713],[-88.841773,44.643511],[-88.835629,44.643826],[-88.836082,44.64492],[-88.833666,44.646103],[-88.834734,44.64867],[-88.838953,44.651268],[-88.838863,44.654826],[-88.858224,44.670032],[-88.85755,44.670804],[-88.853321,44.670736],[-88.84971,44.664803],[-88.840502,44.658341],[-88.83879,44.658232],[-88.838666,44.663779],[-88.826497,44.663612],[-88.826397,44.667017],[-88.824145,44.666997],[-88.824066,44.670768],[-88.818825,44.670739],[-88.818032,44.68862],[-88.812515,44.68743],[-88.808167,44.689882],[-88.806544,44.689498],[-88.807327,44.688092],[-88.805537,44.68663],[-88.799731,44.686753],[-88.797981,44.687261],[-88.79805,44.695227],[-88.786827,44.695372],[-88.786694,44.708491],[-88.797575,44.708653],[-88.797984,44.723138],[-88.773677,44.722803],[-88.773741,44.730426],[-88.766013,44.730392],[-88.765872,44.73397],[-88.763893,44.735024],[-88.753818,44.731958],[-88.747394,44.735018],[-88.744879,44.737341],[-88.748277,44.737635],[-88.747039,44.739788],[-88.74984,44.741465],[-88.746945,44.744509],[-88.736303,44.744442],[-88.736424,44.729942],[-88.697948,44.729684],[-88.69682,44.707996],[-88.6729,44.707889],[-88.666924,44.711429],[-88.666905,44.715037],[-88.658625,44.716252],[-88.641461,44.713689],[-88.641161,44.707276],[-88.633888,44.707401],[-88.633636,44.712464],[-88.614037,44.70742],[-88.606086,44.707431],[-88.606283,44.714761],[-88.586055,44.714499],[-88.585541,44.69636],[-88.579247,44.696327],[-88.576784,44.690756],[-88.571304,44.687621],[-88.571538,44.685099],[-88.574799,44.68394],[-88.576036,44.68098],[-88.580723,44.681993],[-88.58089,44.683637],[-88.577604,44.682543],[-88.577597,44.683644],[-88.585591,44.685662],[-88.587146,44.684806],[-88.587113,44.681606],[-88.589865,44.680405],[-88.583753,44.678024],[-88.590477,44.676188],[-88.588242,44.673808],[-88.590742,44.671014],[-88.58934,44.668899],[-88.577705,44.669707],[-88.580933,44.662079],[-88.581547,44.653537],[-88.584039,44.653538],[-88.584021,44.65153],[-88.603631,44.651516],[-88.607766,44.649344],[-88.610327,44.652085],[-88.614878,44.652016],[-88.617095,44.654116],[-88.618244,44.653514],[-88.619228,44.652611],[-88.61755,44.649708],[-88.619219,44.648939],[-88.6175,44.647532],[-88.615404,44.648725],[-88.617683,44.647384],[-88.622617,44.650585],[-88.622171,44.648915],[-88.623835,44.648371],[-88.627643,44.652267],[-88.62588,44.647778],[-88.632828,44.643571],[-88.629706,44.643393],[-88.628717,44.637203],[-88.630863,44.636128],[-88.635012,44.637141],[-88.635975,44.63488],[-88.634656,44.634183],[-88.63644,44.633037],[-88.634073,44.633066],[-88.63697,44.631622],[-88.63362,44.629171],[-88.631596,44.629982],[-88.633247,44.631052],[-88.63129,44.630323],[-88.632143,44.628978],[-88.637121,44.628574],[-88.635145,44.627221],[-88.635842,44.624683],[-88.633295,44.623394],[-88.634067,44.620956],[-88.630339,44.613677],[-88.619648,44.610293],[-88.623524,44.607223],[-88.621018,44.605776],[-88.622145,44.603575],[-88.620761,44.601914],[-88.601913,44.609758],[-88.602448,44.607124],[-88.600066,44.605726],[-88.600978,44.602982],[-88.598138,44.604651],[-88.597767,44.601173],[-88.591262,44.600215],[-88.591967,44.597026],[-88.588557,44.597351],[-88.589694,44.598668],[-88.58816,44.600956],[-88.588972,44.598218],[-88.586522,44.596671],[-88.583243,44.595756],[-88.57868,44.597074],[-88.580798,44.591748],[-88.576629,44.590629],[-88.593582,44.590547],[-88.590215,44.58904],[-88.590769,44.585001],[-88.585287,44.584912],[-88.585693,44.581189],[-88.579938,44.581096],[-88.580167,44.574046],[-88.616312,44.574824],[-88.615442,44.589455],[-88.616655,44.590425],[-88.718133,44.590566],[-88.718128,44.582036],[-88.730145,44.582026],[-88.74406,44.554073],[-88.752212,44.547305],[-88.752153,44.542439],[-88.767559,44.54261],[-88.767425,44.546157],[-88.770586,44.546457],[-88.772339,44.549818],[-88.772003,44.554158],[-88.775386,44.560847],[-88.842996,44.560582],[-88.843596,44.553484],[-88.838591,44.553025],[-88.838884,44.534772],[-88.883505,44.534922],[-88.883553,44.53186],[-88.889953,44.531958],[-88.890198,44.564441],[-88.895139,44.564869],[-88.895368,44.57528]],[[-88.722674,44.65993],[-88.717626,44.659923],[-88.717765,44.65624],[-88.704708,44.658616],[-88.703532,44.659832],[-88.706901,44.659853],[-88.705917,44.662059],[-88.702259,44.662456],[-88.705703,44.664466],[-88.705807,44.666061],[-88.699087,44.670688],[-88.699697,44.676528],[-88.697018,44.676214],[-88.696939,44.678789],[-88.702065,44.678815],[-88.702612,44.670725],[-88.712788,44.67076],[-88.712663,44.667117],[-88.717451,44.667131],[-88.717478,44.663772],[-88.720662,44.663061],[-88.722674,44.65993]],[[-88.633888,44.707401],[-88.632655,44.701744],[-88.634424,44.699068],[-88.630049,44.699684],[-88.619503,44.694134],[-88.624512,44.690629],[-88.62411,44.687894],[-88.615338,44.682578],[-88.615541,44.678177],[-88.605026,44.678329],[-88.605548,44.692848],[-88.615507,44.692827],[-88.616042,44.707414],[-88.633888,44.707401]]]}},{"type":"Feature","properties":{"zip":"54162","name":"Zip 54162","students":26},"geometry":{"type":"MultiPolygon","coordinates":[[[[-88.366147,44.602717],[-88.365057,44.616628],[-88.349912,44.616716],[-88.349463,44.623215],[-88.333808,44.618108],[-88.332933,44.629492],[-88.293039,44.629464],[-88.293205,44.625603],[-88.302998,44.626107],[-88.304255,44.608324],[-88.324063,44.608456],[-88.325016,44.601413],[-88.366147,44.602717]]],[[[-88.446687,44.603607],[-88.445902,44.624932],[-88.426004,44.624619],[-88.425637,44.631403],[-88.425496,44.637838],[-88.4329,44.639053],[-88.43747,44.637299],[-88.445428,44.63891],[-88.444455,44.648244],[-88.431543,44.649521],[-88.414796,44.645929],[-88.413832,44.659959],[-88.38335,44.660953],[-88.381674,44.675185],[-88.382976,44.675231],[-88.382735,44.682087],[-88.367974,44.685025],[-88.368242,44.696365],[-88.363084,44.696192],[-88.36349,44.713374],[-88.35784,44.714045],[-88.357107,44.715805],[-88.347064,44.713961],[-88.351661,44.746301],[-88.364533,44.746895],[-88.365553,44.764986],[-88.333707,44.765638],[-88.33255,44.753138],[-88.29089,44.752729],[-88.289682,44.744682],[-88.293856,44.746224],[-88.298096,44.745379],[-88.299259,44.742085],[-88.30362,44.740189],[-88.31003,44.73201],[-88.287738,44.731089],[-88.285726,44.719567],[-88.270502,44.719025],[-88.26986,44.716223],[-88.260999,44.71604],[-88.261389,44.719686],[-88.250196,44.719515],[-88.251452,44.730365],[-88.231652,44.730216],[-88.231755,44.731852],[-88.22672,44.732093],[-88.22672,44.733818],[-88.201676,44.733878],[-88.201557,44.737388],[-88.191564,44.737626],[-88.191564,44.733818],[-88.171409,44.735163],[-88.171606,44.724352],[-88.16673,44.724674],[-88.166859,44.721072],[-88.162005,44.721417],[-88.1622,44.718807],[-88.158058,44.719066],[-88.156954,44.714528],[-88.151832,44.714851],[-88.151688,44.713552],[-88.156868,44.713191],[-88.156662,44.707688],[-88.151884,44.70068],[-88.151654,44.696624],[-88.148178,44.695795],[-88.148121,44.693953],[-88.142825,44.694282],[-88.142625,44.69069],[-88.141294,44.690772],[-88.141246,44.676273],[-88.131182,44.676928],[-88.131157,44.666115],[-88.136232,44.665983],[-88.13654,44.662313],[-88.136583,44.65422],[-88.13106,44.652633],[-88.130667,44.638252],[-88.132812,44.637927],[-88.131917,44.636212],[-88.133872,44.634727],[-88.132529,44.633194],[-88.139764,44.63402],[-88.138357,44.632214],[-88.139735,44.630728],[-88.138776,44.629127],[-88.141338,44.627619],[-88.141436,44.625412],[-88.147182,44.623146],[-88.150803,44.624292],[-88.153393,44.621605],[-88.157284,44.625567],[-88.153311,44.629635],[-88.156289,44.630025],[-88.158051,44.627945],[-88.160589,44.63126],[-88.160419,44.617289],[-88.174292,44.616491],[-88.170391,44.619934],[-88.172298,44.624511],[-88.178903,44.624692],[-88.184703,44.619792],[-88.190358,44.619296],[-88.190483,44.602412],[-88.199183,44.594283],[-88.210474,44.597188],[-88.20969,44.593862],[-88.201293,44.593596],[-88.204961,44.59118],[-88.194451,44.586624],[-88.210533,44.59284],[-88.210618,44.589115],[-88.19869,44.586511],[-88.219363,44.585989],[-88.218108,44.587507],[-88.220471,44.588574],[-88.220544,44.596947],[-88.240742,44.599618],[-88.242344,44.598243],[-88.245002,44.59951],[-88.245004,44.597076],[-88.251615,44.594036],[-88.267023,44.5917],[-88.267026,44.593641],[-88.278946,44.594043],[-88.279146,44.5908],[-88.284639,44.590895],[-88.28463,44.585861],[-88.295493,44.586373],[-88.294702,44.600822],[-88.297749,44.600924],[-88.300294,44.590986],[-88.305584,44.590405],[-88.305734,44.586544],[-88.309813,44.58679],[-88.309508,44.591255],[-88.314922,44.591442],[-88.315007,44.593623],[-88.325497,44.594062],[-88.325016,44.601413],[-88.323661,44.601364],[-88.323537,44.603142],[-88.31992,44.603094],[-88.319872,44.604808],[-88.294375,44.605336],[-88.293321,44.622195],[-88.270534,44.621495],[-88.291557,44.644058],[-88.36378,44.645522],[-88.364449,44.63108],[-88.369357,44.6312],[-88.371778,44.587936],[-88.411994,44.588743],[-88.412717,44.597131],[-88.419709,44.598945],[-88.423602,44.602259],[-88.446687,44.603607]]]]}},{"type":"Feature","properties":{"zip":"53207","name":"Zip 53207","students":3260},"geometry":{"type":"Polygon","coordinates":[[[-87.923925,42.938437],[-87.922503,42.942044],[-87.919562,42.944186],[-87.918698,43.006473],[-87.908657,43.007834],[-87.90591,43.010072],[-87.902394,43.017548],[-87.904729,43.022958],[-87.902376,43.025129],[-87.889266,43.025621],[-87.887744,43.019326],[-87.872091,42.997979],[-87.853251,42.986464],[-87.87144,42.986725],[-87.874501,42.985021],[-87.874663,42.980515],[-87.888807,42.980584],[-87.886459,42.976614],[-87.886517,42.971903],[-87.889289,42.973274],[-87.889303,42.971775],[-87.89073,42.971785],[-87.889552,42.970749],[-87.892913,42.970822],[-87.891809,42.973277],[-87.893997,42.973279],[-87.894059,42.96619],[-87.889615,42.964304],[-87.889681,42.959241],[-87.88325,42.959128],[-87.889132,42.922688],[-87.890677,42.922695],[-87.890327,42.930036],[-87.91789,42.930179],[-87.918711,42.936946],[-87.922994,42.936628],[-87.923925,42.938437]]]}},{"type":"Feature","properties":{"zip":"54880","name":"Zip 54880","students":36},"geometry":{"type":"Polygon","coordinates":[[[-92.292308,46.665086],[-92.291289,46.668137],[-92.287392,46.667343],[-92.286192,46.660342],[-92.283899,46.65871],[-92.274392,46.657441],[-92.270592,46.650741],[-92.265993,46.651041],[-92.256592,46.658741],[-92.252309,46.657069],[-92.242493,46.649241],[-92.228492,46.652941],[-92.216392,46.649841],[-92.207092,46.651941],[-92.201592,46.656641],[-92.205492,46.664741],[-92.204092,46.666941],[-92.192492,46.676741],[-92.181359,46.680241],[-92.175875,46.686466],[-92.176259,46.690473],[-92.182999,46.695652],[-92.198491,46.696141],[-92.205192,46.698341],[-92.204691,46.704041],[-92.197391,46.707641],[-92.193291,46.711241],[-92.191491,46.716241],[-92.189091,46.717541],[-92.174291,46.717241],[-92.167291,46.719941],[-92.155191,46.71594],[-92.14673,46.715794],[-92.141522,46.725285],[-92.143402,46.728152],[-92.14329,46.73464],[-92.13789,46.73954],[-92.11389,46.74884],[-92.089493,46.749237],[-92.033989,46.708939],[-92.020294,46.704041],[-92.01529,46.706469],[-92.018249,46.700562],[-92.015183,46.697181],[-92.01648,46.689764],[-92.014807,46.68787],[-92.013912,46.697961],[-92.012852,46.697225],[-92.013113,46.686188],[-92.014716,46.68383],[-92.013296,46.684878],[-92.012215,46.683442],[-92.002505,46.681541],[-91.989913,46.68405],[-91.992527,46.682162],[-91.989767,46.675989],[-91.990777,46.673827],[-91.996568,46.672584],[-91.994789,46.671483],[-91.994958,46.667118],[-91.992412,46.665927],[-91.994476,46.663834],[-91.992764,46.66205],[-92.005236,46.662049],[-92.006661,46.665733],[-92.008218,46.662051],[-92.050091,46.662194],[-92.055835,46.656904],[-92.0564,46.618824],[-92.015719,46.618715],[-92.015416,46.608986],[-92.020309,46.611421],[-92.029016,46.609389],[-92.025156,46.607396],[-92.023474,46.601811],[-92.012929,46.59963],[-92.010496,46.593735],[-92.007986,46.59336],[-92.005155,46.590369],[-92.004887,46.586216],[-92.000397,46.58064],[-92.017675,46.57825],[-92.016898,46.575855],[-92.025721,46.575849],[-92.022804,46.57337],[-92.015274,46.57336],[-92.015416,46.551646],[-92.020393,46.552483],[-92.030933,46.548329],[-92.033755,46.544337],[-92.032937,46.542586],[-92.034837,46.538487],[-92.046389,46.537493],[-92.046285,46.532342],[-92.048499,46.530932],[-92.044316,46.523311],[-92.049346,46.523282],[-92.049313,46.521386],[-92.040741,46.521372],[-92.04065,46.507042],[-92.03539,46.507223],[-92.035079,46.476282],[-92.028642,46.477214],[-92.025014,46.473791],[-92.020211,46.472894],[-92.015287,46.475598],[-91.997689,46.475422],[-91.998527,46.457859],[-92.001795,46.45833],[-92.004747,46.456614],[-92.007017,46.458042],[-92.008322,46.454346],[-92.011198,46.455752],[-92.011485,46.458261],[-92.017212,46.456092],[-92.022021,46.459036],[-92.021916,46.457721],[-92.024152,46.458248],[-92.022896,46.457144],[-92.025227,46.456593],[-92.024109,46.455688],[-92.029761,46.455952],[-92.036504,46.450875],[-92.041053,46.453311],[-92.050066,46.452621],[-92.050268,46.417723],[-92.044787,46.417743],[-92.043009,46.411206],[-92.051256,46.403738],[-92.05037,46.374384],[-92.071193,46.375237],[-92.071141,46.417733],[-92.118318,46.418133],[-92.121493,46.423374],[-92.118613,46.426743],[-92.121513,46.428738],[-92.120206,46.430832],[-92.122841,46.432282],[-92.113931,46.441117],[-92.122494,46.445011],[-92.131476,46.44555],[-92.138135,46.448439],[-92.138453,46.453752],[-92.135295,46.455613],[-92.147332,46.457349],[-92.146834,46.458636],[-92.143624,46.458659],[-92.14074,46.46212],[-92.141711,46.462878],[-92.13982,46.463072],[-92.141144,46.464332],[-92.138818,46.464742],[-92.140182,46.465912],[-92.138557,46.466719],[-92.139175,46.469385],[-92.137778,46.469686],[-92.139663,46.471942],[-92.137697,46.47226],[-92.138217,46.473968],[-92.135635,46.472273],[-92.131881,46.473685],[-92.132812,46.476952],[-92.135823,46.477684],[-92.135221,46.479695],[-92.143029,46.48072],[-92.139372,46.480785],[-92.13827,46.484423],[-92.133981,46.4853],[-92.133797,46.487656],[-92.130719,46.487605],[-92.128975,46.491229],[-92.131784,46.494364],[-92.123646,46.496064],[-92.126375,46.497769],[-92.122717,46.501679],[-92.119847,46.502273],[-92.121161,46.503502],[-92.120503,46.506948],[-92.11345,46.504855],[-92.112861,46.509785],[-92.110312,46.510183],[-92.105965,46.507755],[-92.105986,46.510387],[-92.104148,46.511933],[-92.107995,46.515824],[-92.110179,46.51446],[-92.112787,46.518278],[-92.115698,46.516291],[-92.114103,46.519454],[-92.119114,46.520237],[-92.117553,46.520485],[-92.116815,46.52285],[-92.120375,46.522924],[-92.12005,46.521427],[-92.121758,46.521967],[-92.129313,46.518315],[-92.135464,46.518774],[-92.126121,46.524921],[-92.125379,46.529793],[-92.121457,46.535341],[-92.129759,46.536161],[-92.130976,46.541341],[-92.134386,46.540881],[-92.13284,46.542079],[-92.133586,46.543161],[-92.136497,46.542148],[-92.136225,46.543695],[-92.14559,46.543746],[-92.145872,46.542484],[-92.151439,46.546333],[-92.150945,46.548548],[-92.154524,46.55464],[-92.161016,46.557475],[-92.158055,46.559738],[-92.158722,46.560818],[-92.152097,46.563441],[-92.156809,46.565213],[-92.156261,46.567752],[-92.152188,46.567766],[-92.15446,46.571053],[-92.148699,46.570895],[-92.149265,46.573567],[-92.143617,46.574599],[-92.144329,46.575789],[-92.142392,46.575576],[-92.143008,46.576855],[-92.140976,46.578573],[-92.137183,46.578984],[-92.138029,46.581711],[-92.135025,46.58102],[-92.132724,46.583777],[-92.134789,46.58533],[-92.145208,46.584297],[-92.145493,46.5863],[-92.148416,46.586501],[-92.146649,46.583697],[-92.150875,46.582127],[-92.148122,46.581266],[-92.14783,46.57966],[-92.151472,46.578342],[-92.156537,46.572412],[-92.161818,46.572412],[-92.169766,46.568745],[-92.169551,46.567173],[-92.171523,46.566148],[-92.173647,46.566655],[-92.174027,46.564704],[-92.175996,46.564872],[-92.1761,46.563253],[-92.180165,46.561561],[-92.179519,46.560152],[-92.181926,46.559729],[-92.182032,46.556975],[-92.185075,46.557707],[-92.181318,46.565036],[-92.177557,46.566147],[-92.176817,46.570621],[-92.176844,46.57359],[-92.181829,46.578194],[-92.181649,46.567552],[-92.184815,46.564371],[-92.191083,46.564283],[-92.195266,46.561069],[-92.19559,46.558524],[-92.202297,46.560985],[-92.201986,46.558349],[-92.207577,46.558853],[-92.206972,46.556738],[-92.208422,46.555433],[-92.211817,46.558221],[-92.216833,46.55672],[-92.2188,46.559281],[-92.221695,46.559301],[-92.219053,46.555019],[-92.21968,46.553443],[-92.225966,46.556515],[-92.226297,46.553423],[-92.230829,46.554614],[-92.232465,46.55366],[-92.233014,46.555267],[-92.238185,46.556331],[-92.240369,46.552696],[-92.236065,46.551111],[-92.239608,46.550255],[-92.241739,46.552506],[-92.24355,46.550576],[-92.246765,46.55032],[-92.248396,46.547406],[-92.247581,46.542091],[-92.249242,46.541598],[-92.249157,46.543091],[-92.250949,46.543454],[-92.250985,46.542032],[-92.253702,46.541528],[-92.255869,46.543283],[-92.256705,46.542303],[-92.253598,46.540078],[-92.25798,46.54012],[-92.256395,46.536272],[-92.26705,46.533691],[-92.267155,46.532097],[-92.291855,46.532778],[-92.292308,46.665086]]]}},{"type":"Feature","properties":{"zip":"53208","name":"Zip 53208","students":916},"geometry":{"type":"Polygon","coordinates":[[[-87.988575,43.056414],[-87.987544,43.060703],[-87.97612,43.060651],[-87.976283,43.062271],[-87.974688,43.060645],[-87.961107,43.060616],[-87.959887,43.062442],[-87.957493,43.062451],[-87.957521,43.060617],[-87.955289,43.060613],[-87.955264,43.062449],[-87.953005,43.062448],[-87.953085,43.06061],[-87.951083,43.060605],[-87.951187,43.062446],[-87.94748,43.06242],[-87.947782,43.044528],[-87.946295,43.043226],[-87.947702,43.041647],[-87.947783,43.028359],[-87.95881,43.024696],[-87.964045,43.024493],[-87.966057,43.025359],[-87.968457,43.033592],[-87.978717,43.031219],[-87.978765,43.036684],[-87.983825,43.036616],[-87.983869,43.039093],[-87.981086,43.041009],[-87.981139,43.042618],[-87.987523,43.042194],[-87.988575,43.056414]]]}},{"type":"Feature","properties":{"zip":"54130","name":"Zip 54130","students":155},"geometry":{"type":"MultiPolygon","coordinates":[[[[-88.333134,44.316621],[-88.326791,44.322396],[-88.32773,44.324077],[-88.324584,44.324049],[-88.325968,44.327705],[-88.312731,44.328401],[-88.312864,44.3084],[-88.315991,44.30845],[-88.315946,44.312053],[-88.317789,44.312103],[-88.317891,44.304836],[-88.322891,44.304932],[-88.323004,44.300202],[-88.333064,44.301564],[-88.333134,44.316621]]],[[[-88.351995,44.39435],[-88.351963,44.400921],[-88.348712,44.399907],[-88.327673,44.40092],[-88.311769,44.412484],[-88.311797,44.414817],[-88.291554,44.414915],[-88.291566,44.420754],[-88.279584,44.415854],[-88.276254,44.415891],[-88.277467,44.414994],[-88.265073,44.410019],[-88.262669,44.414231],[-88.255895,44.415307],[-88.257466,44.413414],[-88.25195,44.410568],[-88.251073,44.40814],[-88.211102,44.407822],[-88.211656,44.387188],[-88.201959,44.383012],[-88.202005,44.37157],[-88.191462,44.371521],[-88.191492,44.35433],[-88.193796,44.351332],[-88.191479,44.352309],[-88.191482,44.351253],[-88.210438,44.328635],[-88.196337,44.328163],[-88.196589,44.324553],[-88.198905,44.324577],[-88.199311,44.321404],[-88.192489,44.322852],[-88.192613,44.31369],[-88.17222,44.313381],[-88.175961,44.312611],[-88.174618,44.311947],[-88.176922,44.311451],[-88.178872,44.307159],[-88.176576,44.301459],[-88.1786,44.296127],[-88.177947,44.292252],[-88.171458,44.29139],[-88.171464,44.270585],[-88.152304,44.270011],[-88.151029,44.267685],[-88.153896,44.263689],[-88.151867,44.263123],[-88.152721,44.26219],[-88.149715,44.26289],[-88.152278,44.25855],[-88.146693,44.25948],[-88.146129,44.257809],[-88.14117,44.258763],[-88.139764,44.256821],[-88.131793,44.256769],[-88.131803,44.255556],[-88.121017,44.255579],[-88.121119,44.241097],[-88.162926,44.24144],[-88.163201,44.230477],[-88.173524,44.230617],[-88.173391,44.234046],[-88.183513,44.234118],[-88.183696,44.226909],[-88.224455,44.227353],[-88.226714,44.224565],[-88.227273,44.220069],[-88.303154,44.221257],[-88.303171,44.235683],[-88.293227,44.23561],[-88.292898,44.243359],[-88.30311,44.243427],[-88.301629,44.246331],[-88.303428,44.248144],[-88.29317,44.250387],[-88.292908,44.283376],[-88.287866,44.284745],[-88.287871,44.294377],[-88.289625,44.294635],[-88.289702,44.296693],[-88.287936,44.297768],[-88.302862,44.297853],[-88.302845,44.300065],[-88.311512,44.3001],[-88.302836,44.303118],[-88.304515,44.308231],[-88.302834,44.308317],[-88.302666,44.325166],[-88.309114,44.326079],[-88.312731,44.328401],[-88.31255,44.332223],[-88.292279,44.332195],[-88.291829,44.35754],[-88.297286,44.357687],[-88.295887,44.381424],[-88.291538,44.383974],[-88.291457,44.386595],[-88.311665,44.386433],[-88.31197,44.37542],[-88.315272,44.374134],[-88.319974,44.376449],[-88.319774,44.379346],[-88.321378,44.379892],[-88.321462,44.382722],[-88.324753,44.386461],[-88.345315,44.386602],[-88.337267,44.393707],[-88.351995,44.39435]]]]}},{"type":"Feature","properties":{"zip":"53010","name":"Zip 53010","students":42},"geometry":{"type":"Polygon","coordinates":[[[-88.413627,43.632332],[-88.405412,43.638252],[-88.401116,43.63826],[-88.401041,43.630933],[-88.390936,43.630992],[-88.39312,43.636989],[-88.390624,43.639405],[-88.387251,43.639477],[-88.38539,43.643564],[-88.380338,43.644188],[-88.380652,43.674861],[-88.371849,43.674656],[-88.36554,43.67257],[-88.365064,43.674491],[-88.360672,43.674982],[-88.35958,43.678253],[-88.355848,43.67842],[-88.350471,43.674525],[-88.350395,43.660025],[-88.322912,43.659847],[-88.325515,43.654455],[-88.319484,43.65005],[-88.315057,43.649028],[-88.311665,43.643686],[-88.306336,43.660162],[-88.290864,43.674476],[-88.280266,43.674401],[-88.280169,43.655728],[-88.260281,43.655777],[-88.260207,43.652088],[-88.249017,43.652138],[-88.248974,43.655994],[-88.244782,43.65881],[-88.246356,43.659315],[-88.245494,43.661085],[-88.242825,43.661985],[-88.242275,43.665837],[-88.245924,43.666721],[-88.243313,43.666809],[-88.244778,43.669996],[-88.240003,43.670626],[-88.238798,43.673676],[-88.240704,43.677643],[-88.240927,43.696539],[-88.231198,43.699496],[-88.2314,43.717902],[-88.19608,43.717804],[-88.19557,43.710747],[-88.197406,43.708393],[-88.190867,43.710434],[-88.190654,43.696111],[-88.177285,43.69595],[-88.171398,43.693111],[-88.170698,43.695312],[-88.170545,43.695445],[-88.170349,43.695421],[-88.170107,43.695623],[-88.170018,43.695584],[-88.171032,43.693863],[-88.169794,43.693341],[-88.16986,43.693863],[-88.169762,43.693937],[-88.169296,43.693944],[-88.169894,43.694848],[-88.169631,43.694916],[-88.168381,43.692955],[-88.17107,43.687407],[-88.169906,43.688931],[-88.163698,43.688546],[-88.161655,43.690246],[-88.160702,43.690117],[-88.161635,43.690032],[-88.163409,43.68853],[-88.164018,43.688446],[-88.163484,43.687454],[-88.161875,43.688541],[-88.161832,43.687104],[-88.163787,43.68734],[-88.166334,43.68206],[-88.169491,43.664672],[-88.160265,43.664997],[-88.161006,43.582927],[-88.17264,43.5794],[-88.179113,43.574814],[-88.180311,43.567094],[-88.183118,43.564739],[-88.204824,43.564863],[-88.205328,43.561157],[-88.203162,43.560108],[-88.202924,43.557682],[-88.205379,43.557613],[-88.205459,43.553701],[-88.210443,43.552194],[-88.211341,43.550474],[-88.214075,43.550518],[-88.213664,43.557597],[-88.220525,43.557579],[-88.220582,43.552036],[-88.22831,43.547885],[-88.231534,43.549899],[-88.234786,43.548787],[-88.237995,43.553184],[-88.236162,43.557486],[-88.240605,43.557481],[-88.24066,43.553125],[-88.245594,43.553818],[-88.245608,43.552376],[-88.251372,43.55235],[-88.246031,43.54471],[-88.248535,43.546751],[-88.251496,43.544895],[-88.252493,43.547631],[-88.260702,43.547608],[-88.260772,43.549221],[-88.26691,43.548561],[-88.268332,43.549307],[-88.2663,43.551639],[-88.269859,43.553086],[-88.276419,43.55096],[-88.280853,43.551531],[-88.280963,43.547969],[-88.290878,43.547216],[-88.290883,43.542908],[-88.301008,43.543016],[-88.30106,43.53896],[-88.311183,43.53965],[-88.311004,43.529118],[-88.32124,43.52907],[-88.321571,43.514492],[-88.324142,43.514409],[-88.324212,43.510869],[-88.341592,43.511105],[-88.34208,43.50757],[-88.362117,43.507773],[-88.362063,43.51505],[-88.372105,43.515099],[-88.371684,43.534181],[-88.376811,43.53422],[-88.3766,43.538779],[-88.381622,43.538806],[-88.381467,43.543379],[-88.391047,43.543456],[-88.390861,43.552266],[-88.394726,43.552245],[-88.394688,43.554158],[-88.386454,43.554179],[-88.386494,43.557956],[-88.389153,43.557971],[-88.389209,43.561833],[-88.380863,43.561827],[-88.38085,43.565213],[-88.391929,43.565288],[-88.391937,43.568213],[-88.393516,43.568735],[-88.400492,43.565367],[-88.400989,43.624425],[-88.409555,43.626772],[-88.412599,43.626183],[-88.413627,43.632332]],[[-88.32124,43.52907],[-88.321036,43.543142],[-88.351413,43.543321],[-88.351643,43.529529],[-88.32124,43.52907]]]}},{"type":"Feature","properties":{"zip":"53007","name":"Zip 53007","students":173},"geometry":{"type":"Polygon","coordinates":[[[-88.077277,43.104738],[-88.075525,43.115595],[-88.076817,43.117434],[-88.073937,43.119174],[-88.065576,43.119095],[-88.066144,43.098289],[-88.071227,43.098398],[-88.071246,43.096426],[-88.076295,43.096627],[-88.076101,43.104639],[-88.077277,43.104738]]]}},{"type":"Feature","properties":{"zip":"54311","name":"Zip 54311","students":45},"geometry":{"type":"Polygon","coordinates":[[[-88.020077,44.452608],[-88.014182,44.459073],[-88.016201,44.461201],[-88.009917,44.461509],[-88.007889,44.464979],[-88.00724,44.467547],[-88.01188,44.468866],[-88.013154,44.471142],[-88.010129,44.473833],[-88.004353,44.475524],[-88.00272,44.479207],[-87.998267,44.477686],[-88.000796,44.47193],[-87.997168,44.470645],[-87.992234,44.474271],[-87.988824,44.474847],[-87.987503,44.477164],[-87.989037,44.477705],[-87.987308,44.480166],[-87.991773,44.481774],[-87.990831,44.483115],[-87.972936,44.477476],[-87.975227,44.47873],[-87.973933,44.48068],[-87.971819,44.479916],[-87.97064,44.481835],[-87.966415,44.481936],[-87.966268,44.484535],[-87.970794,44.484583],[-87.974142,44.49026],[-87.966984,44.487541],[-87.940303,44.487255],[-87.936758,44.501081],[-87.94081,44.505888],[-87.954136,44.513654],[-87.950694,44.516595],[-87.947751,44.516019],[-87.954515,44.518896],[-87.967587,44.520256],[-87.963318,44.528219],[-87.937318,44.529536],[-87.937821,44.532734],[-87.928912,44.535934],[-87.924323,44.540216],[-87.923145,44.543607],[-87.916895,44.548061],[-87.901114,44.569692],[-87.899662,44.573155],[-87.900803,44.57447],[-87.899071,44.574441],[-87.905085,44.578077],[-87.911712,44.576899],[-87.913743,44.577991],[-87.888288,44.591374],[-87.886634,44.594545],[-87.880335,44.599425],[-87.880156,44.602881],[-87.867684,44.607747],[-87.86369,44.615135],[-87.857003,44.619528],[-87.840835,44.619053],[-87.810241,44.635709],[-87.80283,44.637801],[-87.793714,44.638212],[-87.785154,44.636391],[-87.783209,44.634488],[-87.809095,44.631945],[-87.835595,44.612697],[-87.848617,44.608089],[-87.854503,44.60421],[-87.861854,44.596859],[-87.867358,44.585295],[-87.875285,44.574688],[-87.866149,44.574789],[-87.8663,44.563892],[-87.861157,44.563964],[-87.861096,44.553012],[-87.8814,44.552889],[-87.881106,44.545607],[-87.886207,44.545626],[-87.886289,44.542009],[-87.891397,44.542101],[-87.891489,44.539056],[-87.894055,44.539102],[-87.893952,44.542147],[-87.896506,44.542192],[-87.896575,44.540366],[-87.899849,44.53864],[-87.903436,44.533062],[-87.902489,44.531447],[-87.886535,44.53114],[-87.886691,44.526539],[-87.892977,44.524158],[-87.906906,44.524197],[-87.906915,44.521304],[-87.901912,44.522468],[-87.902,44.516755],[-87.825923,44.516436],[-87.82588,44.501877],[-87.80581,44.501761],[-87.805781,44.460597],[-87.785685,44.460551],[-87.785697,44.458347],[-87.815961,44.458371],[-87.815952,44.451155],[-87.821028,44.451135],[-87.821035,44.445395],[-87.826105,44.443869],[-87.826057,44.429311],[-87.836266,44.429306],[-87.836306,44.41468],[-87.869152,44.414773],[-87.856363,44.400206],[-87.872746,44.400297],[-87.878856,44.409998],[-87.88715,44.414812],[-87.907268,44.414978],[-87.907499,44.40044],[-87.927746,44.400619],[-87.927795,44.415186],[-87.937788,44.415709],[-87.938618,44.417382],[-87.936675,44.418445],[-87.939588,44.422503],[-87.963257,44.422753],[-87.96369,44.436361],[-87.969222,44.443028],[-87.972626,44.444793],[-87.979267,44.444941],[-87.981658,44.4423],[-87.982798,44.44383],[-87.979893,44.448459],[-87.983535,44.450078],[-87.980337,44.452049],[-87.980858,44.453029],[-87.992803,44.45552],[-87.994899,44.453137],[-87.996496,44.453791],[-87.997154,44.452826],[-87.995604,44.45227],[-87.997784,44.451918],[-87.997795,44.449806],[-88.000956,44.450406],[-88.000843,44.44864],[-88.004933,44.448705],[-88.006024,44.446703],[-88.007891,44.447364],[-88.007701,44.448895],[-88.012229,44.446934],[-88.016676,44.448538],[-88.017306,44.451239],[-88.020077,44.452608]]]}},{"type":"Feature","properties":{"zip":"53211","name":"Zip 53211","students":240},"geometry":{"type":"Polygon","coordinates":[[[-87.91696,43.104134],[-87.883127,43.104683],[-87.876352,43.09902],[-87.870536,43.099271],[-87.862817,43.078165],[-87.858543,43.074275],[-87.866852,43.074687],[-87.863852,43.074209],[-87.864049,43.070349],[-87.87721,43.057805],[-87.878916,43.058532],[-87.87817,43.059991],[-87.890491,43.06014],[-87.89161,43.061557],[-87.893645,43.060166],[-87.892928,43.063321],[-87.895086,43.0678],[-87.892862,43.072425],[-87.892183,43.081905],[-87.893652,43.08501],[-87.899975,43.089873],[-87.901479,43.095661],[-87.91696,43.104134]]]}},{"type":"Feature","properties":{"zip":"53212","name":"Zip 53212","students":1906},"geometry":{"type":"Polygon","coordinates":[[[-87.922044,43.094616],[-87.918584,43.099472],[-87.91821,43.10304],[-87.90994,43.100852],[-87.901307,43.095485],[-87.899975,43.089873],[-87.894064,43.085648],[-87.892183,43.081905],[-87.892862,43.072425],[-87.895086,43.0678],[-87.892928,43.063321],[-87.893913,43.058913],[-87.902886,43.055627],[-87.91338,43.045702],[-87.920188,43.048483],[-87.920017,43.05651],[-87.918529,43.056505],[-87.919973,43.058781],[-87.920898,43.079461],[-87.919726,43.085541],[-87.921001,43.088287],[-87.918985,43.08932],[-87.918961,43.092206],[-87.920953,43.092356],[-87.922044,43.094616]]]}},{"type":"Feature","properties":{"zip":"54112","name":"Zip 54112","students":72},"geometry":{"type":"Polygon","coordinates":[[[-88.186266,45.024799],[-88.185832,45.039199],[-88.181856,45.039096],[-88.180554,45.068077],[-88.160183,45.067782],[-88.159871,45.089327],[-88.146806,45.089137],[-88.142954,45.087722],[-88.139645,45.089011],[-88.119644,45.088567],[-88.120005,45.081342],[-88.111163,45.081016],[-88.105039,45.080899],[-88.105046,45.088085],[-88.094913,45.087955],[-88.094532,45.080746],[-88.0438,45.079751],[-88.043861,45.078116],[-88.038665,45.078067],[-88.038758,45.074924],[-88.03678,45.077869],[-88.03355,45.077551],[-88.035455,45.079656],[-87.993395,45.079439],[-87.99337,45.088371],[-87.983134,45.088323],[-87.98323,45.082827],[-87.962966,45.082301],[-87.963173,45.068758],[-87.958548,45.07037],[-87.958391,45.064187],[-87.950953,45.064062],[-87.947861,45.067276],[-87.949101,45.071247],[-87.942601,45.074313],[-87.942812,45.06385],[-87.901886,45.063141],[-87.902409,45.034241],[-87.882085,45.034125],[-87.881546,45.019608],[-87.901851,45.019115],[-87.902925,44.99323],[-87.924124,44.993021],[-87.923045,45.007483],[-87.933208,45.007418],[-87.933038,45.023961],[-87.942935,45.024062],[-87.942995,45.020418],[-88.106874,45.023217],[-88.106402,44.990918],[-88.10827,44.99151],[-88.114566,44.988774],[-88.115876,44.990256],[-88.122434,44.99093],[-88.122357,44.994981],[-88.132298,44.995019],[-88.132223,45.005739],[-88.142621,45.005967],[-88.142545,45.00956],[-88.183467,45.010522],[-88.182494,45.024694],[-88.186266,45.024799]]]}},{"type":"Feature","properties":{"zip":"53012","name":"Zip 53012","students":57},"geometry":{"type":"MultiPolygon","coordinates":[[[[-88.082443,43.351618],[-88.082254,43.365844],[-88.080718,43.367631],[-88.055365,43.367237],[-88.054944,43.355266],[-88.062553,43.358802],[-88.062656,43.35129],[-88.082443,43.351618]]],[[[-88.117413,43.312356],[-88.114976,43.312402],[-88.115035,43.323184],[-88.112439,43.323151],[-88.11195,43.334005],[-88.098238,43.337573],[-88.093231,43.342096],[-88.093566,43.34379],[-88.090759,43.345048],[-88.087658,43.343523],[-88.083678,43.345261],[-88.079281,43.342516],[-88.074361,43.346466],[-88.073919,43.344453],[-88.066302,43.340133],[-88.061594,43.339313],[-88.060651,43.340606],[-88.054002,43.338875],[-88.053224,43.340174],[-88.04877,43.337962],[-88.051464,43.343289],[-88.051316,43.349979],[-88.049674,43.35118],[-88.044918,43.350658],[-88.043661,43.358447],[-88.029815,43.361347],[-88.030143,43.356766],[-88.025265,43.356737],[-88.025146,43.351383],[-88.020154,43.351423],[-88.020091,43.348487],[-88.004323,43.350714],[-88.004403,43.344344],[-88.004095,43.351497],[-88.002622,43.351521],[-87.99769,43.34796],[-87.995218,43.348038],[-87.995165,43.344409],[-87.992719,43.344462],[-87.992624,43.34087],[-87.985128,43.342996],[-87.984862,43.322868],[-87.980571,43.322988],[-87.979841,43.319361],[-87.977531,43.319399],[-87.979242,43.316015],[-87.974785,43.315829],[-87.973545,43.310389],[-87.969688,43.310457],[-87.970767,43.301865],[-87.960301,43.303593],[-87.957251,43.302804],[-87.95841,43.301252],[-87.955725,43.300591],[-87.941639,43.300181],[-87.940716,43.298233],[-87.946876,43.292288],[-87.950456,43.291106],[-87.950307,43.287751],[-87.952284,43.285761],[-87.950235,43.283997],[-87.942257,43.284231],[-87.940533,43.281787],[-87.942368,43.280033],[-87.979334,43.279478],[-87.97919,43.274289],[-87.984191,43.274291],[-87.983884,43.276104],[-87.990387,43.276152],[-87.990253,43.278289],[-87.991911,43.279264],[-88.083287,43.279247],[-88.082963,43.290128],[-88.087905,43.290223],[-88.087809,43.292293],[-88.090903,43.292365],[-88.092806,43.292008],[-88.092806,43.290247],[-88.101134,43.290461],[-88.101087,43.293269],[-88.102701,43.294111],[-88.114083,43.294291],[-88.114905,43.308761],[-88.117425,43.308796],[-88.117413,43.312356]]]]}},{"type":"Feature","properties":{"zip":"53092","name":"Zip 53092","students":54},"geometry":{"type":"Polygon","coordinates":[[[-88.003809,43.193097],[-88.003677,43.212136],[-88.002177,43.212094],[-88.001642,43.217116],[-88.003088,43.218002],[-88.001977,43.221589],[-88.003612,43.221625],[-88.003651,43.252415],[-87.997317,43.254884],[-87.992599,43.253412],[-87.991025,43.250736],[-87.970617,43.250636],[-87.968885,43.255161],[-87.969764,43.257068],[-87.964601,43.256505],[-87.963931,43.258251],[-87.958948,43.25839],[-87.956496,43.25414],[-87.952134,43.253607],[-87.948756,43.250805],[-87.911712,43.250392],[-87.909257,43.233386],[-87.896868,43.214663],[-87.895939,43.210092],[-87.897687,43.20274],[-87.896016,43.197088],[-87.900343,43.196663],[-87.898509,43.194397],[-87.898931,43.192019],[-88.003809,43.193097]]]}},{"type":"Feature","properties":{"zip":"53022","name":"Zip 53022","students":9},"geometry":{"type":"Polygon","coordinates":[[[-88.186924,43.239856],[-88.182141,43.239842],[-88.182132,43.247903],[-88.162487,43.242909],[-88.162503,43.235852],[-88.142903,43.235584],[-88.142952,43.250047],[-88.140496,43.250056],[-88.140506,43.253685],[-88.142977,43.253667],[-88.14301,43.257272],[-88.124074,43.257447],[-88.132714,43.266004],[-88.132851,43.268206],[-88.12316,43.268514],[-88.123088,43.272164],[-88.118144,43.27214],[-88.118057,43.275863],[-88.112013,43.274617],[-88.09421,43.279428],[-88.063292,43.278881],[-88.063353,43.192117],[-88.162017,43.192268],[-88.162215,43.200418],[-88.157183,43.206215],[-88.164884,43.209101],[-88.173696,43.208801],[-88.173733,43.207017],[-88.177333,43.207034],[-88.177196,43.217945],[-88.180195,43.218],[-88.180195,43.219925],[-88.182187,43.21987],[-88.182167,43.23618],[-88.184937,43.236187],[-88.186924,43.239856]]]}},{"type":"Feature","properties":{"zip":"54411","name":"Zip 54411","students":30},"geometry":{"type":"Polygon","coordinates":[[[-90.21825,44.981511],[-90.217689,45.003293],[-90.197571,45.003213],[-90.197514,45.009589],[-90.193441,45.019866],[-90.18723,45.023839],[-90.179913,45.023558],[-90.180439,45.033544],[-90.197516,45.03364],[-90.197571,45.091258],[-90.140026,45.090997],[-90.140513,45.120374],[-90.120379,45.120377],[-90.120508,45.116456],[-90.114929,45.116831],[-90.114809,45.120357],[-90.093707,45.120356],[-90.097199,45.123312],[-90.105246,45.125308],[-90.105316,45.141739],[-90.084421,45.141957],[-90.081243,45.146058],[-90.074194,45.14947],[-90.059298,45.149503],[-90.063866,45.156975],[-90.06154,45.15835],[-90.060345,45.164108],[-90.063284,45.164634],[-90.062833,45.169546],[-90.06645,45.172837],[-90.063963,45.175053],[-90.069649,45.177452],[-90.069119,45.182787],[-90.074371,45.18586],[-90.079041,45.18258],[-90.085036,45.182703],[-90.085701,45.208569],[-90.045423,45.208115],[-90.043685,45.120214],[-89.828768,45.1201],[-89.829028,45.105257],[-89.817484,45.105347],[-89.81292,45.099686],[-89.808242,45.097881],[-89.807273,45.095207],[-89.809109,45.090744],[-89.757718,45.0908],[-89.757837,45.07629],[-89.747345,45.076254],[-89.747526,45.061675],[-89.758428,45.059869],[-89.765069,45.060466],[-89.773615,45.057909],[-89.777163,45.054391],[-89.77681,45.051901],[-89.78522,45.046998],[-89.833007,45.047247],[-89.833803,45.049045],[-89.838318,45.050255],[-89.837578,45.052861],[-89.843597,45.06168],[-89.844445,45.054402],[-89.854666,45.054469],[-89.854673,45.058085],[-89.85977,45.058096],[-89.859771,45.060112],[-89.862073,45.060116],[-89.862082,45.061719],[-89.885404,45.061779],[-89.885339,45.032803],[-89.905781,45.032763],[-89.905802,45.002079],[-89.929511,45.001086],[-89.939081,45.00703],[-89.946583,45.003879],[-89.94658,45.002152],[-89.995828,45.00197],[-90.000743,44.988236],[-89.994215,44.987499],[-89.994255,44.980126],[-89.999302,44.980178],[-89.999511,44.973093],[-90.004571,44.973071],[-90.004803,44.962676],[-90.009807,44.962737],[-90.009694,44.965957],[-90.014641,44.966018],[-90.014809,44.958602],[-90.034984,44.958548],[-90.035333,44.944026],[-90.129222,44.945508],[-90.129505,44.934378],[-90.180165,44.934437],[-90.18078,44.945334],[-90.198495,44.945364],[-90.197882,44.98142],[-90.21825,44.981511]]]}},{"type":"Feature","properties":{"zip":"53217","name":"Zip 53217","students":644},"geometry":{"type":"Polygon","coordinates":[[[-87.962933,43.172587],[-87.962707,43.174332],[-87.959607,43.174309],[-87.955418,43.179146],[-87.955536,43.181534],[-87.960939,43.188283],[-87.959255,43.192407],[-87.898931,43.192019],[-87.898509,43.194397],[-87.900355,43.196453],[-87.899349,43.197684],[-87.896016,43.197088],[-87.892686,43.192017],[-87.885856,43.192298],[-87.88096,43.186759],[-87.874677,43.170827],[-87.895275,43.133034],[-87.895482,43.129232],[-87.888017,43.115385],[-87.870536,43.099271],[-87.876352,43.09902],[-87.883127,43.104683],[-87.91696,43.104134],[-87.916885,43.102953],[-87.925769,43.10257],[-87.926447,43.105673],[-87.930952,43.107993],[-87.923948,43.11137],[-87.923652,43.115242],[-87.915,43.125077],[-87.922672,43.12507],[-87.927978,43.131857],[-87.927461,43.137733],[-87.924289,43.136103],[-87.921048,43.1407],[-87.927425,43.144439],[-87.92971,43.150021],[-87.930388,43.147984],[-87.929858,43.152221],[-87.935127,43.159029],[-87.946482,43.159724],[-87.962933,43.172587]]]}},{"type":"Feature","properties":{"zip":"53221","name":"Zip 53221","students":1803},"geometry":{"type":"Polygon","coordinates":[[[-87.969095,42.960743],[-87.966724,42.965008],[-87.968379,42.966278],[-87.968323,42.968981],[-87.966239,42.969721],[-87.968299,42.970198],[-87.968213,42.974414],[-87.966713,42.974442],[-87.96812,42.977874],[-87.966619,42.978864],[-87.967263,42.98118],[-87.944272,42.981213],[-87.941728,42.981689],[-87.940483,42.983826],[-87.940511,42.98117],[-87.919228,42.98161],[-87.919562,42.944186],[-87.922503,42.942044],[-87.923925,42.938088],[-87.922994,42.936628],[-87.918711,42.936946],[-87.91789,42.930179],[-87.930004,42.930264],[-87.930598,42.920823],[-87.940497,42.920896],[-87.939498,42.930305],[-87.949381,42.930372],[-87.949425,42.929254],[-87.958425,42.928414],[-87.958077,42.930394],[-87.960593,42.930396],[-87.961033,42.928426],[-87.969193,42.928412],[-87.969133,42.934034],[-87.966681,42.934004],[-87.966569,42.937642],[-87.96902,42.937645],[-87.967161,42.954228],[-87.96864,42.955159],[-87.969095,42.960743]]]}},{"type":"Feature","properties":{"zip":"54409","name":"Zip 54409","students":80},"geometry":{"type":"Polygon","coordinates":[[[-89.425971,45.119098],[-89.425321,45.206075],[-89.332825,45.20275],[-89.344166,45.187535],[-89.342643,45.181652],[-89.338843,45.178371],[-89.339391,45.176837],[-89.335379,45.175291],[-89.327043,45.176506],[-89.321913,45.174782],[-89.309383,45.174156],[-89.304017,45.169185],[-89.3059,45.164031],[-89.300573,45.162783],[-89.28614,45.165955],[-89.285631,45.167757],[-89.280212,45.170459],[-89.278527,45.175427],[-89.273293,45.176733],[-89.272843,45.18178],[-89.261844,45.182047],[-89.26083,45.160334],[-89.258227,45.160409],[-89.252924,45.164672],[-89.25516,45.166647],[-89.250926,45.169558],[-89.252682,45.173034],[-89.25065,45.177307],[-89.247099,45.178308],[-89.248226,45.182273],[-89.241407,45.182291],[-89.242396,45.196653],[-89.241368,45.203837],[-89.178694,45.205122],[-89.052405,45.204583],[-89.050508,45.203242],[-89.051163,45.190582],[-89.009746,45.190574],[-89.010931,45.161436],[-88.990556,45.161303],[-88.991265,45.139644],[-88.988787,45.139666],[-88.988081,45.137427],[-88.983905,45.134574],[-88.975373,45.132461],[-88.974225,45.130209],[-88.962293,45.129016],[-88.956061,45.123861],[-88.957338,45.12174],[-88.956075,45.12095],[-88.958091,45.117985],[-88.98246,45.117998],[-88.981726,45.000124],[-89.032325,45.000189],[-89.032159,45.004081],[-89.021876,45.003985],[-89.021883,45.007591],[-89.035621,45.008174],[-89.036566,45.010373],[-89.041656,45.012392],[-89.041885,45.015565],[-89.052185,45.015274],[-89.05243,45.008143],[-89.063069,45.007941],[-89.063113,45.015126],[-89.066174,45.013796],[-89.070574,45.015541],[-89.074421,45.01287],[-89.082662,45.014136],[-89.080895,45.016894],[-89.084585,45.018475],[-89.079654,45.021668],[-89.08664,45.024208],[-89.086473,45.026713],[-89.091488,45.029339],[-89.131666,45.029452],[-89.133097,45.032145],[-89.132473,45.03474],[-89.128246,45.037637],[-89.134516,45.043359],[-89.142853,45.043815],[-89.142616,45.029418],[-89.177942,45.029383],[-89.179337,45.030989],[-89.168632,45.036676],[-89.173241,45.036602],[-89.173595,45.054643],[-89.181244,45.054643],[-89.181377,45.056588],[-89.183962,45.056498],[-89.183918,45.054739],[-89.18893,45.0547],[-89.188502,45.032999],[-89.213914,45.032999],[-89.214152,45.043754],[-89.223919,45.043906],[-89.223915,45.052988],[-89.230115,45.051142],[-89.230115,45.045665],[-89.237036,45.045745],[-89.237117,45.053028],[-89.23509,45.05688],[-89.223919,45.05706],[-89.224113,45.07157],[-89.233085,45.069251],[-89.233951,45.067569],[-89.240191,45.065008],[-89.242408,45.061687],[-89.24915,45.058497],[-89.270179,45.058566],[-89.270465,45.061107],[-89.275074,45.066662],[-89.271619,45.072991],[-89.271423,45.077197],[-89.274679,45.080306],[-89.281453,45.082205],[-89.282548,45.084445],[-89.288887,45.087296],[-89.346031,45.0878],[-89.346062,45.118676],[-89.425971,45.119098]],[[-89.022288,45.058319],[-89.019732,45.052046],[-89.012279,45.051167],[-89.014527,45.057289],[-89.022288,45.058319]]]}},{"type":"Feature","properties":{"zip":"53219","name":"Zip 53219","students":231},"geometry":{"type":"Polygon","coordinates":[[[-88.01702,42.98114],[-88.016902,43.010067],[-87.992806,43.008797],[-87.989971,43.010584],[-87.966199,43.010165],[-87.966552,43.001208],[-87.958653,42.997504],[-87.959388,42.994169],[-87.963285,42.997441],[-87.967808,42.995656],[-87.967878,42.989074],[-87.969137,42.988359],[-87.967361,42.988355],[-87.967942,42.985733],[-87.963043,42.985717],[-87.963117,42.98119],[-88.01702,42.98114]],[[-87.977567,43.003849],[-87.967713,43.002912],[-87.967906,43.007795],[-87.973444,43.008365],[-87.977567,43.003849]]]}},{"type":"Feature","properties":{"zip":"53227","name":"Zip 53227","students":428},"geometry":{"type":"Polygon","coordinates":[[[-88.06939,42.994894],[-88.068058,42.994878],[-88.067462,43.010014],[-88.016601,43.009302],[-88.017016,42.981374],[-88.042513,42.98088],[-88.042852,42.984484],[-88.047244,42.984443],[-88.04739,42.980828],[-88.06862,42.98096],[-88.06939,42.994894]]]}},{"type":"Feature","properties":{"zip":"53072","name":"Zip 53072","students":85},"geometry":{"type":"Polygon","coordinates":[[[-88.364173,43.056422],[-88.363967,43.065133],[-88.360295,43.071645],[-88.362913,43.072524],[-88.3565,43.076006],[-88.353469,43.075936],[-88.353354,43.079574],[-88.348419,43.079462],[-88.348386,43.081003],[-88.343581,43.081488],[-88.343543,43.083011],[-88.338385,43.082896],[-88.33831,43.084665],[-88.337014,43.084637],[-88.337082,43.082869],[-88.33342,43.082793],[-88.333185,43.090111],[-88.328212,43.089998],[-88.328083,43.098361],[-88.31348,43.093359],[-88.313379,43.111415],[-88.302587,43.110301],[-88.302013,43.112229],[-88.294304,43.112264],[-88.294384,43.109732],[-88.289342,43.109885],[-88.289037,43.119524],[-88.276063,43.119594],[-88.26934,43.113982],[-88.264435,43.112462],[-88.204572,43.111956],[-88.200969,43.104704],[-88.192418,43.104662],[-88.191715,43.106527],[-88.186914,43.106458],[-88.186939,43.104643],[-88.16518,43.10463],[-88.165403,43.097713],[-88.155859,43.097774],[-88.155932,43.09413],[-88.160716,43.094113],[-88.160402,43.089934],[-88.170927,43.085089],[-88.170947,43.083625],[-88.165872,43.084809],[-88.165912,43.083191],[-88.185205,43.082618],[-88.185876,43.075144],[-88.20562,43.073897],[-88.20585,43.064236],[-88.212772,43.064217],[-88.212796,43.062233],[-88.224955,43.068489],[-88.225413,43.057188],[-88.233333,43.056575],[-88.230089,43.053861],[-88.22567,43.053983],[-88.225715,43.049226],[-88.236644,43.04799],[-88.23525,43.047027],[-88.235712,43.042696],[-88.25013,43.04546],[-88.256011,43.04241],[-88.255951,43.039509],[-88.260467,43.039379],[-88.270014,43.045759],[-88.256118,43.046718],[-88.255861,43.04953],[-88.261583,43.047002],[-88.267771,43.04643],[-88.285596,43.049136],[-88.285651,43.046667],[-88.293067,43.045593],[-88.293779,43.047279],[-88.300265,43.04757],[-88.299736,43.050278],[-88.304306,43.04977],[-88.304482,43.041324],[-88.310962,43.043841],[-88.311392,43.046504],[-88.317862,43.04661],[-88.318695,43.048],[-88.323143,43.048102],[-88.323181,43.049745],[-88.329627,43.046291],[-88.340543,43.049376],[-88.349479,43.048378],[-88.34961,43.052261],[-88.354423,43.056849],[-88.364173,43.056422]]]}},{"type":"Feature","properties":{"zip":"53014","name":"Zip 53014","students":43},"geometry":{"type":"Polygon","coordinates":[[[-88.330339,44.069379],[-88.329832,44.071801],[-88.301628,44.072824],[-88.300128,44.07186],[-88.302141,44.070977],[-88.301012,44.065692],[-88.299299,44.065692],[-88.297834,44.066504],[-88.297846,44.069525],[-88.295097,44.069525],[-88.296788,44.071868],[-88.250993,44.073374],[-88.251022,44.084348],[-88.23267,44.084415],[-88.232606,44.087851],[-88.229014,44.087894],[-88.229163,44.095154],[-88.222614,44.095192],[-88.222499,44.090871],[-88.219091,44.087831],[-88.206541,44.087732],[-88.206839,44.090854],[-88.203391,44.092029],[-88.203387,44.093606],[-88.197868,44.093042],[-88.193819,44.09608],[-88.191337,44.095892],[-88.192145,44.091485],[-88.190239,44.09175],[-88.188691,44.087744],[-88.151041,44.087436],[-88.150811,44.073519],[-88.143761,44.073579],[-88.143691,44.087966],[-88.133754,44.087999],[-88.133782,44.092544],[-88.129306,44.093641],[-88.129075,44.095289],[-88.127548,44.095291],[-88.127417,44.091348],[-88.119345,44.091297],[-88.119375,44.095274],[-88.103816,44.095238],[-88.10352,44.073558],[-88.093617,44.073573],[-88.093199,44.080813],[-88.046441,44.08094],[-88.0463,44.084536],[-88.043099,44.084554],[-88.043187,44.095471],[-88.027794,44.095491],[-88.028098,44.084763],[-88.022421,44.084615],[-88.022368,44.095511],[-88.01874,44.095348],[-88.017856,44.099085],[-87.993343,44.099145],[-87.992539,44.086396],[-87.988727,44.084458],[-87.989495,44.081413],[-87.983049,44.075519],[-87.979584,44.074033],[-87.965967,44.076562],[-87.958672,44.073358],[-87.955527,44.069457],[-87.956775,44.066214],[-87.976837,44.066354],[-87.977443,44.037124],[-87.994333,44.036603],[-87.998126,44.034783],[-87.998156,44.030026],[-88.008006,44.030025],[-88.017323,44.025694],[-88.023212,44.024904],[-88.023679,44.020981],[-88.024317,44.022441],[-88.025937,44.02215],[-88.026527,44.024576],[-88.042561,44.023041],[-88.042349,44.00176],[-88.092373,44.00184],[-88.092599,44.00664],[-88.094745,44.008063],[-88.142797,44.008033],[-88.142655,43.986255],[-88.132599,43.986286],[-88.132586,43.979037],[-88.129519,43.979067],[-88.129513,43.977266],[-88.135784,43.977178],[-88.135814,43.971289],[-88.150848,43.969566],[-88.150897,43.937643],[-88.161654,43.937683],[-88.161694,43.934982],[-88.142773,43.934996],[-88.142518,43.920527],[-88.161113,43.920507],[-88.161779,43.927728],[-88.192082,43.928019],[-88.192038,43.931645],[-88.202165,43.931594],[-88.202159,43.935202],[-88.222204,43.935154],[-88.221965,43.937592],[-88.285988,43.937683],[-88.286188,43.953733],[-88.318205,43.954103],[-88.32083,43.965486],[-88.319583,43.966016],[-88.31949,43.967732],[-88.320741,43.966013],[-88.321155,43.972207],[-88.32774,43.983299],[-88.321542,44.016367],[-88.321243,44.035106],[-88.326211,44.06012],[-88.330339,44.069379]]]}},{"type":"Feature","properties":{"zip":"53151","name":"Zip 53151","students":574},"geometry":{"type":"Polygon","coordinates":[[[-88.133273,42.992549],[-88.128011,42.994037],[-88.131006,42.995475],[-88.130849,42.998853],[-88.127788,42.99884],[-88.127576,43.00331],[-88.130084,43.004615],[-88.127469,43.005392],[-88.127306,43.008883],[-88.128663,43.009849],[-88.127263,43.009852],[-88.12703,43.016917],[-88.067252,43.016399],[-88.068058,42.994878],[-88.06939,42.994894],[-88.069563,42.990414],[-88.068175,42.990372],[-88.069436,42.933176],[-88.077814,42.929923],[-88.099027,42.929898],[-88.09744,42.93277],[-88.098558,42.933852],[-88.112937,42.937157],[-88.119036,42.930833],[-88.11901,42.937219],[-88.122938,42.937233],[-88.124087,42.931454],[-88.126463,42.931464],[-88.126455,42.932705],[-88.128926,42.930839],[-88.128882,42.935361],[-88.131331,42.935801],[-88.131327,42.939034],[-88.128866,42.940422],[-88.128231,42.986625],[-88.130003,42.990772],[-88.131907,42.990654],[-88.133273,42.992549]]]}},{"type":"Feature","properties":{"zip":"54426","name":"Zip 54426","students":17},"geometry":{"type":"Polygon","coordinates":[[[-90.178598,44.922401],[-90.17641,44.923817],[-90.176378,44.925645],[-90.173322,44.926719],[-90.174447,44.928433],[-90.163218,44.93259],[-90.161936,44.934445],[-90.129505,44.934378],[-90.129222,44.945508],[-90.035333,44.944026],[-90.034984,44.958548],[-90.014809,44.958602],[-90.014641,44.966018],[-90.009694,44.965957],[-90.009807,44.962737],[-90.004803,44.962676],[-90.004571,44.973071],[-89.999511,44.973093],[-89.999302,44.980178],[-89.994255,44.980126],[-89.994215,44.987499],[-90.000743,44.988236],[-89.995828,45.00197],[-89.94658,45.002152],[-89.946583,45.003879],[-89.939081,45.00703],[-89.929511,45.001086],[-89.905802,45.002079],[-89.905781,45.032763],[-89.885339,45.032803],[-89.885298,44.980345],[-89.883883,44.980346],[-89.885798,44.978194],[-89.883547,44.975542],[-89.891212,44.973694],[-89.892567,44.966885],[-89.9001,44.964786],[-89.900586,44.959713],[-89.891416,44.956694],[-89.889553,44.95274],[-89.874711,44.949234],[-89.873026,44.950172],[-89.874719,44.95154],[-89.871336,44.951544],[-89.871344,44.950013],[-89.867278,44.95035],[-89.864794,44.947922],[-89.860057,44.947904],[-89.859841,44.944492],[-89.905433,44.944311],[-89.905546,44.937937],[-89.91619,44.93805],[-89.916624,44.916444],[-89.926249,44.916499],[-89.926821,44.887468],[-89.90636,44.887277],[-89.906344,44.858288],[-89.901889,44.858274],[-89.90186,44.85562],[-89.896238,44.855683],[-89.896474,44.830021],[-89.886241,44.830036],[-89.885963,44.800914],[-89.927055,44.800842],[-89.926613,44.793861],[-89.936885,44.793478],[-89.936953,44.779051],[-89.920858,44.779064],[-89.921552,44.776811],[-89.925969,44.77451],[-89.925624,44.771808],[-89.937214,44.771892],[-89.936212,44.770335],[-89.937421,44.769482],[-89.956663,44.771905],[-89.956599,44.778648],[-89.947093,44.779023],[-89.947779,44.800776],[-89.964161,44.800787],[-89.964041,44.815247],[-89.96613,44.812729],[-89.968796,44.812797],[-89.969468,44.809232],[-89.973319,44.806649],[-89.973609,44.808979],[-89.981895,44.814826],[-89.981703,44.817829],[-89.984356,44.820441],[-89.984397,44.836929],[-89.974369,44.836951],[-89.974285,44.850726],[-89.981359,44.850774],[-89.982983,44.846907],[-89.98205,44.844874],[-89.984329,44.844187],[-89.984244,44.858425],[-90.057501,44.858701],[-90.065052,44.863059],[-90.064969,44.873109],[-90.083926,44.873138],[-90.083922,44.874219],[-90.089435,44.875371],[-90.098755,44.875986],[-90.096993,44.884193],[-90.10193,44.887371],[-90.139311,44.887532],[-90.13932,44.916397],[-90.178053,44.916436],[-90.173512,44.917533],[-90.178598,44.922401]]]}},{"type":"Feature","properties":{"zip":"54230","name":"Zip 54230","students":49},"geometry":{"type":"Polygon","coordinates":[[[-88.04365,44.153497],[-88.034404,44.153482],[-88.034329,44.160693],[-88.029095,44.160676],[-88.029054,44.164192],[-88.00972,44.164129],[-88.009696,44.167869],[-88.004546,44.167789],[-88.004729,44.189478],[-87.99825,44.196775],[-88.004684,44.214689],[-88.004724,44.218544],[-87.994723,44.218409],[-87.994694,44.225687],[-88.002612,44.225709],[-88.00254,44.24089],[-87.877444,44.240444],[-87.877966,44.254835],[-87.888066,44.254949],[-87.88807,44.256206],[-87.888037,44.268384],[-87.877512,44.26831],[-87.877562,44.257749],[-87.858166,44.257644],[-87.858146,44.26097],[-87.853514,44.260968],[-87.853517,44.257977],[-87.847061,44.258518],[-87.842373,44.248288],[-87.831904,44.240264],[-87.821768,44.240217],[-87.821708,44.242946],[-87.815492,44.242918],[-87.815526,44.240205],[-87.791832,44.240183],[-87.792049,44.227365],[-87.797085,44.227433],[-87.79712,44.229237],[-87.799492,44.229255],[-87.799534,44.232839],[-87.804371,44.232852],[-87.804363,44.229209],[-87.806877,44.229145],[-87.806876,44.227313],[-87.811832,44.227165],[-87.811791,44.225339],[-87.821962,44.225358],[-87.8218,44.210912],[-87.851696,44.210924],[-87.851356,44.188929],[-87.858464,44.180329],[-87.858057,44.174124],[-87.860071,44.171163],[-87.857223,44.167816],[-87.841808,44.167729],[-87.841857,44.153273],[-87.847071,44.153307],[-87.846871,44.142312],[-87.816599,44.142116],[-87.816609,44.149363],[-87.821642,44.149308],[-87.821669,44.153232],[-87.781462,44.153112],[-87.781405,44.145441],[-87.771329,44.145139],[-87.774072,44.137288],[-87.77204,44.137768],[-87.769603,44.134348],[-87.765455,44.134722],[-87.761824,44.131612],[-87.764344,44.12913],[-87.766111,44.131063],[-87.770755,44.129569],[-87.772749,44.12589],[-87.771413,44.12386],[-87.764407,44.122117],[-87.763662,44.119689],[-87.770807,44.118596],[-87.770956,44.12041],[-87.796181,44.120573],[-87.796099,44.116954],[-87.801478,44.116871],[-87.80146,44.10681],[-87.804837,44.10658],[-87.807221,44.099507],[-87.810867,44.097963],[-87.810885,44.096646],[-87.81314,44.097181],[-87.813256,44.09916],[-87.81647,44.099661],[-87.821473,44.098195],[-87.821457,44.093623],[-87.841456,44.089015],[-87.841249,44.078254],[-87.861574,44.072404],[-87.861407,44.084187],[-87.863448,44.084454],[-87.863843,44.087039],[-87.868985,44.087825],[-87.883458,44.084178],[-87.902519,44.077894],[-87.902653,44.067652],[-87.922494,44.068205],[-87.924787,44.061401],[-87.921795,44.057053],[-87.921242,44.052985],[-87.925971,44.048326],[-87.932738,44.049536],[-87.939396,44.046161],[-87.942988,44.047714],[-87.946717,44.052532],[-87.94805,44.05987],[-87.956606,44.064457],[-87.955695,44.070055],[-87.958672,44.073358],[-87.964215,44.075607],[-87.962929,44.077402],[-87.964437,44.078379],[-87.963647,44.079929],[-87.977676,44.085402],[-87.977569,44.091676],[-87.983079,44.091684],[-87.983075,44.095748],[-87.99276,44.095757],[-87.992785,44.099143],[-88.017856,44.099085],[-88.01802,44.109662],[-88.012985,44.10995],[-88.012994,44.131571],[-88.023045,44.131625],[-88.023308,44.142445],[-88.028143,44.14263],[-88.028591,44.146129],[-88.035962,44.146248],[-88.040458,44.14371],[-88.043529,44.14735],[-88.04365,44.153497]]]}},{"type":"Feature","properties":{"zip":"54961","name":"Zip 54961","students":82},"geometry":{"type":"Polygon","coordinates":[[[-88.946018,44.395467],[-88.935648,44.400688],[-88.935945,44.406615],[-88.913401,44.416629],[-88.902942,44.416981],[-88.902283,44.422199],[-88.876194,44.419765],[-88.875006,44.425548],[-88.885062,44.431416],[-88.884959,44.434898],[-88.85964,44.434755],[-88.859585,44.446007],[-88.848824,44.445984],[-88.848699,44.452636],[-88.838722,44.452548],[-88.838563,44.460343],[-88.799441,44.460444],[-88.797973,44.460593],[-88.797817,44.462878],[-88.795182,44.462195],[-88.791579,44.465106],[-88.784719,44.465374],[-88.780704,44.467454],[-88.777397,44.466476],[-88.77737,44.474877],[-88.797752,44.474918],[-88.79753,44.502657],[-88.818093,44.502622],[-88.818508,44.517264],[-88.747087,44.516861],[-88.747153,44.514997],[-88.744045,44.515602],[-88.737039,44.512311],[-88.737083,44.502338],[-88.721009,44.50232],[-88.718456,44.505943],[-88.707071,44.505889],[-88.705871,44.506566],[-88.708694,44.512995],[-88.702957,44.513042],[-88.702998,44.516868],[-88.693175,44.516862],[-88.693176,44.515824],[-88.654282,44.516745],[-88.651764,44.515635],[-88.651339,44.502366],[-88.636136,44.502462],[-88.636045,44.497393],[-88.642081,44.495681],[-88.643992,44.493119],[-88.646523,44.49431],[-88.645972,44.482021],[-88.656059,44.482049],[-88.656693,44.459793],[-88.666562,44.459882],[-88.666531,44.437976],[-88.677143,44.437908],[-88.676957,44.426939],[-88.687542,44.426893],[-88.687422,44.423219],[-88.692502,44.423195],[-88.69229,44.415939],[-88.697387,44.415126],[-88.69729,44.41194],[-88.635986,44.42948],[-88.635764,44.389121],[-88.615522,44.388964],[-88.615487,44.38546],[-88.635436,44.385145],[-88.635109,44.370424],[-88.636986,44.371515],[-88.639048,44.37013],[-88.63804,44.369667],[-88.637525,44.367718],[-88.637873,44.366884],[-88.639061,44.365917],[-88.639287,44.365111],[-88.637447,44.361647],[-88.63686,44.366394],[-88.635135,44.367425],[-88.636607,44.366488],[-88.637278,44.36153],[-88.637595,44.361587],[-88.639408,44.364876],[-88.638278,44.369535],[-88.642087,44.369607],[-88.643619,44.367724],[-88.644759,44.371862],[-88.646112,44.369212],[-88.645272,44.364512],[-88.652156,44.364948],[-88.650577,44.363172],[-88.651139,44.361507],[-88.653615,44.363739],[-88.653854,44.367564],[-88.662594,44.367329],[-88.667147,44.368809],[-88.672767,44.368404],[-88.672308,44.366299],[-88.682333,44.365277],[-88.680497,44.361425],[-88.682033,44.360774],[-88.684245,44.361327],[-88.683762,44.366091],[-88.688769,44.36528],[-88.688719,44.363467],[-88.690325,44.363316],[-88.691844,44.365251],[-88.690972,44.368042],[-88.692962,44.369039],[-88.697833,44.365516],[-88.701821,44.368716],[-88.704572,44.36678],[-88.71234,44.366531],[-88.695149,44.359434],[-88.696332,44.359435],[-88.696325,44.357284],[-88.716463,44.359184],[-88.71653,44.337461],[-88.73784,44.337412],[-88.73828,44.323473],[-88.72781,44.323437],[-88.727685,44.321475],[-88.738352,44.321587],[-88.739007,44.297869],[-88.744002,44.297699],[-88.744173,44.294272],[-88.749141,44.294101],[-88.748799,44.301182],[-88.799484,44.300995],[-88.799996,44.294229],[-88.808697,44.293698],[-88.809398,44.289207],[-88.81939,44.289846],[-88.819149,44.300972],[-88.860066,44.301013],[-88.86005,44.307163],[-88.850514,44.313485],[-88.850251,44.317291],[-88.846202,44.320893],[-88.846627,44.322748],[-88.84261,44.322898],[-88.841588,44.325785],[-88.835895,44.32931],[-88.836511,44.331312],[-88.844824,44.334478],[-88.844709,44.335953],[-88.841752,44.334436],[-88.835676,44.33452],[-88.835258,44.338654],[-88.830656,44.339456],[-88.829099,44.338143],[-88.828939,44.336019],[-88.828727,44.335035],[-88.827267,44.333848],[-88.821728,44.333556],[-88.820382,44.334172],[-88.819143,44.335494],[-88.819217,44.336127],[-88.820124,44.336817],[-88.819606,44.335181],[-88.822512,44.333645],[-88.828049,44.334509],[-88.828923,44.338813],[-88.831337,44.340119],[-88.828312,44.342181],[-88.827542,44.34634],[-88.828324,44.348145],[-88.830098,44.349694],[-88.831001,44.34986],[-88.831796,44.349791],[-88.833793,44.349053],[-88.834465,44.349763],[-88.831161,44.351784],[-88.834808,44.349564],[-88.833806,44.34885],[-88.831001,44.349745],[-88.829163,44.348744],[-88.827895,44.345724],[-88.832269,44.344845],[-88.830902,44.344248],[-88.83222,44.344478],[-88.834596,44.34587],[-88.839263,44.350815],[-88.841078,44.349632],[-88.842142,44.349732],[-88.843224,44.352164],[-88.847161,44.345353],[-88.844466,44.351856],[-88.84259,44.35239],[-88.841022,44.350046],[-88.838903,44.353909],[-88.832729,44.357696],[-88.829803,44.362138],[-88.831214,44.363184],[-88.827909,44.362469],[-88.826128,44.360104],[-88.823374,44.364128],[-88.820998,44.365267],[-88.821375,44.366274],[-88.818753,44.368938],[-88.817351,44.369585],[-88.821087,44.365793],[-88.817718,44.364623],[-88.81621,44.362941],[-88.817326,44.361215],[-88.815592,44.360557],[-88.816632,44.365537],[-88.815169,44.369348],[-88.816274,44.369776],[-88.811901,44.370134],[-88.811562,44.368234],[-88.813327,44.367141],[-88.812128,44.366582],[-88.807039,44.373021],[-88.798921,44.374693],[-88.797869,44.376567],[-88.799625,44.381178],[-88.804116,44.383409],[-88.806816,44.382432],[-88.807214,44.38575],[-88.809412,44.383063],[-88.812221,44.383243],[-88.811619,44.387492],[-88.814332,44.388548],[-88.818886,44.387493],[-88.825669,44.389762],[-88.832224,44.385741],[-88.836085,44.385854],[-88.839031,44.388009],[-88.836558,44.392577],[-88.847362,44.394363],[-88.848271,44.385301],[-88.853414,44.385212],[-88.853444,44.381447],[-88.865199,44.381551],[-88.879944,44.369708],[-88.900655,44.369464],[-88.910871,44.36131],[-88.910552,44.394865],[-88.946018,44.395467]]]}},{"type":"Feature","properties":{"zip":"53220","name":"Zip 53220","students":315},"geometry":{"type":"Polygon","coordinates":[[[-88.018265,42.954082],[-88.016991,42.956883],[-88.016995,42.95853],[-88.018215,42.957842],[-88.016792,42.975549],[-88.017685,42.981373],[-87.967263,42.98118],[-87.966619,42.978864],[-87.96812,42.977874],[-87.966713,42.974442],[-87.968213,42.974414],[-87.968299,42.970198],[-87.966239,42.969721],[-87.968323,42.968981],[-87.968379,42.966278],[-87.966724,42.965008],[-87.969655,42.959397],[-87.967161,42.954228],[-87.967749,42.945419],[-87.968816,42.945517],[-87.96834,42.938125],[-87.968952,42.940196],[-87.972803,42.940206],[-87.972679,42.944894],[-87.978771,42.946145],[-87.978926,42.9509],[-87.983008,42.947455],[-87.985196,42.949316],[-87.988683,42.949277],[-87.988641,42.952134],[-88.008444,42.950806],[-88.011033,42.952911],[-88.018265,42.954082]]]}},{"type":"Feature","properties":{"zip":"53118","name":"Zip 53118","students":26},"geometry":{"type":"Polygon","coordinates":[[[-88.569109,42.959852],[-88.569661,42.974451],[-88.561333,42.974518],[-88.561224,42.991594],[-88.556342,42.993139],[-88.555295,42.999804],[-88.544074,43.003791],[-88.54139,43.007319],[-88.541295,43.010401],[-88.499163,43.012893],[-88.497796,43.01358],[-88.498373,43.0154],[-88.496353,43.016008],[-88.49805,43.017871],[-88.495372,43.018573],[-88.494463,43.020831],[-88.490129,43.021324],[-88.490082,43.01852],[-88.484438,43.017892],[-88.48275,43.017936],[-88.482646,43.019591],[-88.481017,43.018441],[-88.480954,43.020886],[-88.473641,43.019842],[-88.473484,43.02449],[-88.471035,43.024094],[-88.472252,43.024443],[-88.471909,43.032956],[-88.462271,43.032823],[-88.462386,43.018262],[-88.442543,43.018148],[-88.444602,43.014995],[-88.449655,43.012573],[-88.450004,43.010645],[-88.45808,43.011419],[-88.457996,43.005358],[-88.455865,43.001463],[-88.459212,43.000169],[-88.458473,42.995908],[-88.460193,42.996049],[-88.459947,42.993793],[-88.457442,42.991924],[-88.458672,42.988461],[-88.453723,42.988337],[-88.453815,42.984728],[-88.448841,42.98462],[-88.448935,42.981834],[-88.450897,42.980676],[-88.446399,42.978647],[-88.444068,42.978678],[-88.443954,42.982964],[-88.425907,42.984698],[-88.422596,42.985684],[-88.421687,42.988634],[-88.418856,42.988622],[-88.418766,42.998282],[-88.41497,42.998242],[-88.413622,43.002648],[-88.420679,43.003673],[-88.418082,43.004095],[-88.418231,43.005609],[-88.414672,43.004742],[-88.407244,43.006834],[-88.40376,43.014685],[-88.384018,43.009194],[-88.393855,43.010607],[-88.391554,43.009438],[-88.391592,43.006419],[-88.398846,43.006513],[-88.399622,43.001061],[-88.402938,43.00115],[-88.402744,42.999332],[-88.394036,42.999186],[-88.39413,42.991989],[-88.389122,42.991919],[-88.389171,42.988291],[-88.399001,42.988367],[-88.39913,42.984759],[-88.391506,42.984688],[-88.394545,42.977713],[-88.40471,42.966781],[-88.405244,42.952192],[-88.416819,42.95232],[-88.421521,42.949745],[-88.43892,42.948351],[-88.439637,42.942173],[-88.458006,42.942358],[-88.466491,42.93565],[-88.46447,42.932647],[-88.466198,42.930386],[-88.496855,42.929777],[-88.503401,42.924206],[-88.509018,42.922357],[-88.509158,42.925109],[-88.512393,42.924549],[-88.512417,42.92635],[-88.529931,42.926421],[-88.535586,42.92819],[-88.542058,42.92704],[-88.542026,42.93094],[-88.561756,42.930837],[-88.561738,42.950215],[-88.55603,42.959969],[-88.569109,42.959852]]]}},{"type":"Feature","properties":{"zip":"53058","name":"Zip 53058","students":18},"geometry":{"type":"Polygon","coordinates":[[[-88.428512,43.105794],[-88.426599,43.106096],[-88.427983,43.109479],[-88.425706,43.109331],[-88.424947,43.106768],[-88.422477,43.106752],[-88.421388,43.114929],[-88.422799,43.115952],[-88.421411,43.11685],[-88.420951,43.125161],[-88.416371,43.126098],[-88.408331,43.135535],[-88.406286,43.140567],[-88.408375,43.144373],[-88.408021,43.148017],[-88.400677,43.153403],[-88.400907,43.142133],[-88.394344,43.139432],[-88.394956,43.134979],[-88.388328,43.135006],[-88.387847,43.128257],[-88.385077,43.128267],[-88.386627,43.125862],[-88.391918,43.125132],[-88.390218,43.121171],[-88.392467,43.117231],[-88.39536,43.116044],[-88.391418,43.114064],[-88.39281,43.113292],[-88.388076,43.107556],[-88.386361,43.102697],[-88.392844,43.10215],[-88.392871,43.100238],[-88.38645,43.101443],[-88.389326,43.096799],[-88.392107,43.095517],[-88.390376,43.091832],[-88.394695,43.090944],[-88.395764,43.088508],[-88.397589,43.089174],[-88.399496,43.083729],[-88.398231,43.081357],[-88.413448,43.079837],[-88.41337,43.083545],[-88.418333,43.083234],[-88.422231,43.081723],[-88.420968,43.0787],[-88.423039,43.076038],[-88.42578,43.076881],[-88.425371,43.080477],[-88.427334,43.082745],[-88.424798,43.087591],[-88.426476,43.090438],[-88.422175,43.090474],[-88.421883,43.103214],[-88.428512,43.105794]]]}},{"type":"Feature","properties":{"zip":"53206","name":"Zip 53206","students":1821},"geometry":{"type":"Polygon","coordinates":[[[-87.947504,43.060962],[-87.946087,43.064733],[-87.947424,43.065812],[-87.946396,43.089789],[-87.919581,43.090211],[-87.919654,43.088274],[-87.921001,43.088287],[-87.919726,43.085541],[-87.920898,43.079461],[-87.919796,43.071022],[-87.921191,43.05984],[-87.922729,43.060346],[-87.92271,43.062155],[-87.927683,43.060392],[-87.938857,43.060502],[-87.941351,43.062514],[-87.947504,43.060962]]]}},{"type":"Feature","properties":{"zip":"53225","name":"Zip 53225","students":913},"geometry":{"type":"Polygon","coordinates":[[[-88.071009,43.121536],[-88.070211,43.125476],[-88.066251,43.128444],[-88.063129,43.135621],[-88.057033,43.134383],[-88.058902,43.133617],[-88.015654,43.134105],[-88.014394,43.133542],[-88.015671,43.132805],[-88.015673,43.122738],[-88.012062,43.119567],[-88.015918,43.119569],[-88.01529,43.108616],[-88.017649,43.106196],[-88.016119,43.104986],[-88.017195,43.104984],[-88.016694,43.097602],[-88.027645,43.09652],[-88.037641,43.097996],[-88.041169,43.096735],[-88.04266,43.098056],[-88.043299,43.09022],[-88.047702,43.090213],[-88.051147,43.096841],[-88.054386,43.096704],[-88.052704,43.089438],[-88.062834,43.089095],[-88.064345,43.097159],[-88.066118,43.098918],[-88.065589,43.120677],[-88.071009,43.121536]]]}},{"type":"Feature","properties":{"zip":"53036","name":"Zip 53036","students":17},"geometry":{"type":"Polygon","coordinates":[[[-88.647731,43.165278],[-88.646426,43.180065],[-88.631723,43.179965],[-88.630714,43.187441],[-88.617374,43.187927],[-88.612287,43.18256],[-88.611886,43.191537],[-88.605744,43.191436],[-88.606078,43.187866],[-88.601002,43.187776],[-88.601335,43.180345],[-88.597741,43.180425],[-88.59723,43.164856],[-88.59204,43.165942],[-88.592153,43.164545],[-88.586742,43.162465],[-88.57563,43.162502],[-88.576662,43.173436],[-88.581767,43.173376],[-88.58103,43.189669],[-88.577051,43.188135],[-88.569808,43.181759],[-88.558188,43.180605],[-88.563628,43.183671],[-88.559745,43.186136],[-88.562299,43.188838],[-88.560265,43.193512],[-88.554077,43.193629],[-88.551926,43.196417],[-88.585466,43.196867],[-88.585457,43.20044],[-88.575512,43.200392],[-88.57576,43.216797],[-88.573292,43.216797],[-88.573292,43.218566],[-88.576007,43.218648],[-88.575966,43.224036],[-88.57103,43.224036],[-88.570906,43.225806],[-88.561089,43.225637],[-88.561166,43.233598],[-88.576971,43.240307],[-88.576407,43.243887],[-88.570569,43.243836],[-88.570358,43.240615],[-88.565534,43.240697],[-88.564393,43.239257],[-88.557814,43.23847],[-88.555053,43.239814],[-88.554695,43.237609],[-88.552292,43.239726],[-88.549805,43.239675],[-88.549177,43.235997],[-88.544357,43.231927],[-88.547016,43.228808],[-88.542434,43.229075],[-88.542386,43.231508],[-88.536494,43.23164],[-88.536409,43.224671],[-88.519856,43.224718],[-88.516799,43.212645],[-88.524898,43.216907],[-88.527231,43.214467],[-88.521769,43.212373],[-88.521477,43.210251],[-88.515464,43.210132],[-88.507527,43.196093],[-88.507825,43.191287],[-88.515065,43.187985],[-88.514592,43.180999],[-88.533662,43.177334],[-88.536899,43.178184],[-88.53829,43.151135],[-88.548022,43.150824],[-88.548171,43.145857],[-88.542198,43.148328],[-88.538459,43.147361],[-88.538775,43.137554],[-88.543567,43.137639],[-88.543636,43.13545],[-88.548499,43.135588],[-88.548642,43.132669],[-88.573784,43.138764],[-88.572021,43.135888],[-88.573051,43.130471],[-88.576762,43.129243],[-88.579568,43.130416],[-88.580692,43.125894],[-88.579068,43.122794],[-88.59306,43.122843],[-88.593198,43.118918],[-88.596222,43.117841],[-88.594546,43.114355],[-88.598982,43.10913],[-88.602324,43.110311],[-88.601904,43.113953],[-88.606848,43.117592],[-88.609484,43.113822],[-88.611563,43.113485],[-88.617328,43.120924],[-88.621268,43.117471],[-88.62015,43.116387],[-88.620492,43.115199],[-88.617919,43.114001],[-88.617892,43.113555],[-88.61857,43.112889],[-88.617929,43.112761],[-88.618096,43.111976],[-88.61694,43.111571],[-88.616668,43.111197],[-88.61666,43.110736],[-88.618686,43.109431],[-88.616473,43.108897],[-88.61627,43.10859],[-88.618138,43.107919],[-88.616376,43.108698],[-88.618847,43.109405],[-88.616793,43.111142],[-88.618188,43.111893],[-88.61876,43.11294],[-88.618019,43.113893],[-88.620674,43.11526],[-88.620488,43.116515],[-88.62342,43.113717],[-88.627328,43.115361],[-88.631211,43.122094],[-88.634749,43.124369],[-88.638177,43.133786],[-88.644858,43.142053],[-88.641019,43.143995],[-88.629044,43.143995],[-88.630113,43.151148],[-88.6285,43.15117],[-88.628505,43.156768],[-88.647731,43.165278]]]}},{"type":"Feature","properties":{"zip":"54455","name":"Zip 54455","students":57},"geometry":{"type":"Polygon","coordinates":[[[-89.936953,44.779051],[-89.936885,44.793478],[-89.926613,44.793861],[-89.927055,44.800842],[-89.885963,44.800914],[-89.886241,44.830036],[-89.881084,44.829981],[-89.881091,44.826344],[-89.876137,44.826306],[-89.875913,44.822664],[-89.870671,44.822584],[-89.870674,44.81899],[-89.858309,44.816907],[-89.853651,44.812201],[-89.857927,44.808081],[-89.845232,44.808051],[-89.845403,44.858128],[-89.829214,44.85808],[-89.828967,44.868997],[-89.826286,44.869681],[-89.815296,44.868791],[-89.808493,44.871177],[-89.790353,44.858084],[-89.680729,44.858341],[-89.680588,44.854855],[-89.673134,44.852021],[-89.674773,44.851038],[-89.671819,44.845827],[-89.672333,44.844114],[-89.667257,44.847609],[-89.660512,44.858344],[-89.637352,44.858322],[-89.63712,44.854434],[-89.63893,44.851133],[-89.629486,44.85109],[-89.629331,44.858317],[-89.61418,44.858307],[-89.614183,44.854688],[-89.608873,44.854671],[-89.608992,44.858294],[-89.49075,44.858417],[-89.489561,44.627568],[-89.510585,44.627758],[-89.50883,44.648347],[-89.550352,44.649082],[-89.550499,44.664367],[-89.633222,44.663723],[-89.633041,44.644734],[-89.637581,44.6435],[-89.637007,44.63452],[-89.64312,44.622979],[-89.642114,44.616203],[-89.634892,44.603779],[-89.636571,44.599412],[-89.639003,44.598765],[-89.636339,44.603397],[-89.64289,44.615002],[-89.644476,44.621246],[-89.64289,44.627062],[-89.63785,44.635284],[-89.639129,44.645763],[-89.64639,44.655753],[-89.650249,44.664979],[-89.653486,44.66745],[-89.658839,44.667565],[-89.66918,44.658666],[-89.674562,44.65628],[-89.678002,44.65674],[-89.677982,44.664515],[-89.67159,44.669352],[-89.667891,44.675345],[-89.668354,44.680996],[-89.671264,44.683151],[-89.687872,44.68499],[-89.692329,44.688305],[-89.694119,44.684955],[-89.712849,44.687464],[-89.71404,44.68489],[-89.884946,44.68475],[-89.880831,44.689754],[-89.877331,44.698643],[-89.877804,44.705544],[-89.869571,44.713488],[-89.92628,44.713612],[-89.926406,44.728175],[-89.916307,44.728458],[-89.916999,44.757036],[-89.9274,44.761159],[-89.929354,44.764228],[-89.924943,44.770033],[-89.925969,44.77451],[-89.921681,44.776583],[-89.920858,44.779064],[-89.936953,44.779051]]]}},{"type":"Feature","properties":{"zip":"54868","name":"Zip 54868","students":56},"geometry":{"type":"Polygon","coordinates":[[[-91.909334,45.531381],[-91.908246,45.610092],[-91.859074,45.609793],[-91.862574,45.618826],[-91.875897,45.635129],[-91.875994,45.63884],[-91.846661,45.63889],[-91.84665,45.6545],[-91.836962,45.654563],[-91.833864,45.646258],[-91.829308,45.642537],[-91.819818,45.651389],[-91.821028,45.654502],[-91.789675,45.655204],[-91.782857,45.638665],[-91.744145,45.63867],[-91.744251,45.631938],[-91.723688,45.632007],[-91.723891,45.624761],[-91.677263,45.624505],[-91.67584,45.622387],[-91.676624,45.613632],[-91.673364,45.610108],[-91.662406,45.610018],[-91.662524,45.581236],[-91.625111,45.580846],[-91.618647,45.587568],[-91.607598,45.591911],[-91.601406,45.591941],[-91.60046,45.589423],[-91.597519,45.591672],[-91.593332,45.58917],[-91.590833,45.603938],[-91.593276,45.604257],[-91.592202,45.606314],[-91.599499,45.61013],[-91.595495,45.614291],[-91.597941,45.618771],[-91.592848,45.624956],[-91.593909,45.627121],[-91.591957,45.630711],[-91.593,45.632448],[-91.5919,45.634834],[-91.590317,45.634861],[-91.58873,45.629463],[-91.580045,45.615694],[-91.582259,45.606736],[-91.583868,45.586773],[-91.587697,45.579639],[-91.584082,45.574428],[-91.586425,45.57397],[-91.585545,45.57109],[-91.577243,45.56718],[-91.576008,45.568189],[-91.577603,45.569744],[-91.574316,45.571093],[-91.561785,45.572076],[-91.553974,45.570247],[-91.547628,45.571389],[-91.546717,45.569743],[-91.549093,45.567366],[-91.549159,45.564394],[-91.54711,45.562863],[-91.539916,45.56533],[-91.539486,45.568195],[-91.535907,45.570592],[-91.535006,45.573571],[-91.530583,45.572648],[-91.529581,45.570632],[-91.524602,45.57383],[-91.518521,45.571709],[-91.511543,45.574591],[-91.5018,45.56644],[-91.50003,45.55777],[-91.50059,45.55197],[-91.53974,45.55175],[-91.540406,45.465221],[-91.500737,45.465201],[-91.50058,45.43635],[-91.49071,45.43632],[-91.49032,45.435163],[-91.510943,45.435422],[-91.50951,45.42335],[-91.50602,45.42023],[-91.50593,45.40751],[-91.602622,45.408208],[-91.60264,45.41982],[-91.60754,45.419679],[-91.613006,45.417187],[-91.619118,45.422878],[-91.628311,45.423714],[-91.631856,45.422836],[-91.633726,45.419033],[-91.631288,45.415539],[-91.642843,45.416],[-91.647944,45.409052],[-91.654086,45.408092],[-91.653975,45.415348],[-91.663852,45.415471],[-91.663781,45.425363],[-91.668433,45.422472],[-91.667896,45.425661],[-91.669258,45.426383],[-91.683733,45.426275],[-91.68379,45.4371],[-91.711574,45.437276],[-91.714635,45.439375],[-91.714617,45.458168],[-91.720173,45.457475],[-91.720137,45.45181],[-91.730077,45.451827],[-91.730008,45.444584],[-91.734909,45.444553],[-91.735199,45.456484],[-91.740322,45.457603],[-91.744641,45.456206],[-91.746916,45.45808],[-91.749382,45.454101],[-91.748892,45.451289],[-91.751904,45.447082],[-91.775758,45.445075],[-91.775625,45.466373],[-91.806228,45.466295],[-91.806399,45.480876],[-91.826559,45.480724],[-91.826872,45.46622],[-91.831511,45.46622],[-91.831511,45.473247],[-91.83692,45.473109],[-91.836959,45.466221],[-91.847408,45.466186],[-91.847439,45.452116],[-91.868197,45.452265],[-91.868249,45.437898],[-91.873127,45.437874],[-91.872728,45.466115],[-91.887909,45.466343],[-91.883272,45.470236],[-91.884802,45.471392],[-91.881817,45.475363],[-91.883798,45.476347],[-91.883925,45.479845],[-91.885549,45.480577],[-91.882298,45.482198],[-91.880702,45.485512],[-91.882652,45.485468],[-91.882226,45.488439],[-91.885316,45.486704],[-91.885376,45.491916],[-91.890544,45.491415],[-91.893141,45.494777],[-91.890083,45.498205],[-91.891803,45.4992],[-91.880483,45.499843],[-91.873346,45.502456],[-91.873698,45.520602],[-91.886988,45.530908],[-91.909334,45.531381]],[[-91.786141,45.602793],[-91.770336,45.602918],[-91.770288,45.610127],[-91.775076,45.610081],[-91.776494,45.613666],[-91.786053,45.613542],[-91.786141,45.602793]]]}},{"type":"Feature","properties":{"zip":"54660","name":"Zip 54660","students":55},"geometry":{"type":"Polygon","coordinates":[[[-90.688297,43.99234],[-90.685176,43.995259],[-90.685752,44.007321],[-90.652065,44.007375],[-90.652029,44.015744],[-90.653973,44.016907],[-90.65085,44.018369],[-90.653655,44.017754],[-90.654405,44.019093],[-90.647556,44.019315],[-90.65169,44.021389],[-90.655126,44.020805],[-90.653983,44.072011],[-90.553147,44.072744],[-90.553236,44.083895],[-90.505356,44.084091],[-90.504799,44.087122],[-90.50001,44.088907],[-90.500026,44.087724],[-90.495372,44.087779],[-90.495282,44.076907],[-90.490261,44.076937],[-90.4903,44.073287],[-90.434948,44.073996],[-90.392375,44.072043],[-90.392802,44.03598],[-90.388254,44.031891],[-90.382778,44.031723],[-90.382796,44.028138],[-90.359927,44.026143],[-90.358912,44.025756],[-90.366919,44.025795],[-90.356785,44.020293],[-90.342468,44.017223],[-90.34306,44.011335],[-90.348285,44.011423],[-90.352677,44.009592],[-90.352545,43.999381],[-90.327634,43.977452],[-90.327492,43.960229],[-90.318289,43.959877],[-90.319466,43.950606],[-90.317723,43.947063],[-90.318946,43.939463],[-90.34901,43.949251],[-90.377089,43.955203],[-90.383735,43.955326],[-90.384386,43.952967],[-90.385767,43.953548],[-90.39189,43.945778],[-90.392169,43.935028],[-90.396071,43.933625],[-90.395826,43.930537],[-90.398967,43.930381],[-90.40537,43.920097],[-90.402093,43.916484],[-90.40197,43.912349],[-90.39232,43.901676],[-90.390665,43.893146],[-90.391125,43.891674],[-90.392752,43.892507],[-90.394079,43.891284],[-90.389088,43.890295],[-90.387573,43.88698],[-90.379451,43.886542],[-90.378093,43.88549],[-90.378507,43.88229],[-90.374282,43.880258],[-90.368689,43.880009],[-90.364545,43.875691],[-90.366716,43.873504],[-90.370349,43.874305],[-90.373885,43.871757],[-90.381572,43.871633],[-90.383,43.877883],[-90.389494,43.877885],[-90.389358,43.87237],[-90.400445,43.871873],[-90.407108,43.875211],[-90.416703,43.876305],[-90.433823,43.866561],[-90.433815,43.899807],[-90.448655,43.899651],[-90.448596,43.901199],[-90.455255,43.903284],[-90.463752,43.90322],[-90.463737,43.899575],[-90.478387,43.899535],[-90.478615,43.893777],[-90.487171,43.893792],[-90.48971,43.897558],[-90.499333,43.892446],[-90.500625,43.892447],[-90.50104,43.899387],[-90.53358,43.899298],[-90.529279,43.894102],[-90.528172,43.886041],[-90.540235,43.885047],[-90.535459,43.879987],[-90.530816,43.877844],[-90.533447,43.877832],[-90.533469,43.875625],[-90.543464,43.874181],[-90.543423,43.870534],[-90.549509,43.870872],[-90.551718,43.872368],[-90.551685,43.876464],[-90.555469,43.876486],[-90.55555,43.870647],[-90.561729,43.870606],[-90.561724,43.885308],[-90.571826,43.885136],[-90.571873,43.878134],[-90.578052,43.877819],[-90.579135,43.874411],[-90.591071,43.873715],[-90.591012,43.878237],[-90.596814,43.878248],[-90.596834,43.885045],[-90.592184,43.886329],[-90.591694,43.892522],[-90.581639,43.892348],[-90.581602,43.895602],[-90.584041,43.8963],[-90.585739,43.89928],[-90.593238,43.899262],[-90.593238,43.905148],[-90.598021,43.905123],[-90.597839,43.909526],[-90.593,43.909455],[-90.593015,43.920589],[-90.616437,43.920631],[-90.616908,43.931297],[-90.611609,43.931448],[-90.61181,43.939397],[-90.65096,43.940109],[-90.65149,43.985624],[-90.656425,43.985613],[-90.657346,43.99339],[-90.688297,43.99234]],[[-90.561724,43.885308],[-90.548707,43.88505],[-90.548694,43.897383],[-90.546206,43.899734],[-90.551631,43.90846],[-90.551659,43.899241],[-90.561616,43.899219],[-90.561263,43.892759],[-90.563735,43.890574],[-90.561763,43.888959],[-90.561724,43.885308]]]}},{"type":"Feature","properties":{"zip":"53913","name":"Zip 53913","students":119},"geometry":{"type":"Polygon","coordinates":[[[-89.906922,43.522028],[-89.901959,43.522034],[-89.901967,43.524889],[-89.899536,43.5248],[-89.900226,43.533492],[-89.867128,43.528119],[-89.867179,43.533472],[-89.845908,43.533367],[-89.845861,43.536368],[-89.849586,43.540203],[-89.837262,43.540274],[-89.837208,43.532943],[-89.832936,43.532954],[-89.83294,43.529332],[-89.827964,43.52927],[-89.827968,43.52565],[-89.813141,43.525508],[-89.813006,43.532731],[-89.818038,43.532754],[-89.818085,43.536375],[-89.825232,43.536458],[-89.829626,43.54016],[-89.797894,43.539851],[-89.797682,43.547057],[-89.802931,43.54703],[-89.803043,43.554226],[-89.80809,43.555744],[-89.808134,43.56137],[-89.798802,43.561364],[-89.798294,43.572977],[-89.803535,43.579453],[-89.800141,43.579797],[-89.799119,43.583879],[-89.79499,43.584367],[-89.788311,43.588859],[-89.78404,43.586626],[-89.782698,43.588287],[-89.78324,43.590754],[-89.781639,43.591643],[-89.7837,43.594265],[-89.775408,43.595492],[-89.772006,43.598238],[-89.769008,43.597745],[-89.755752,43.603768],[-89.753925,43.60348],[-89.756111,43.600961],[-89.753018,43.600955],[-89.752705,43.602374],[-89.748014,43.597555],[-89.738734,43.595688],[-89.738795,43.598065],[-89.72107,43.599659],[-89.717645,43.597607],[-89.718443,43.59416],[-89.734447,43.578767],[-89.733245,43.573284],[-89.729283,43.569943],[-89.694135,43.565949],[-89.675081,43.569255],[-89.665738,43.569169],[-89.652119,43.564877],[-89.638766,43.562932],[-89.614276,43.565145],[-89.605808,43.562564],[-89.599357,43.558041],[-89.600396,43.501605],[-89.597476,43.501666],[-89.597545,43.496024],[-89.600368,43.496034],[-89.600502,43.47814],[-89.582116,43.478132],[-89.582076,43.475856],[-89.58394,43.476212],[-89.587409,43.473087],[-89.587158,43.456782],[-89.592059,43.456544],[-89.591964,43.445693],[-89.586967,43.445788],[-89.586886,43.436817],[-89.591753,43.438642],[-89.592251,43.435009],[-89.600925,43.434863],[-89.600868,43.424058],[-89.684018,43.423629],[-89.67566,43.41337],[-89.674881,43.409119],[-89.687182,43.411896],[-89.718864,43.411221],[-89.718966,43.382373],[-89.73385,43.380738],[-89.735447,43.375713],[-89.736041,43.380013],[-89.743742,43.380232],[-89.743804,43.383238],[-89.74611,43.384982],[-89.750366,43.385038],[-89.750469,43.387682],[-89.753581,43.384978],[-89.7678,43.385172],[-89.76851,43.390722],[-89.777381,43.390848],[-89.777398,43.401422],[-89.79867,43.401524],[-89.798687,43.40938],[-89.818021,43.40955],[-89.818225,43.423784],[-89.813924,43.42895],[-89.815258,43.430888],[-89.818242,43.42876],[-89.818291,43.432409],[-89.815869,43.434655],[-89.810888,43.434857],[-89.80865,43.436882],[-89.808509,43.446787],[-89.818352,43.446974],[-89.818345,43.452939],[-89.826373,43.452954],[-89.829658,43.451317],[-89.828969,43.457086],[-89.830854,43.458069],[-89.829786,43.461184],[-89.831472,43.461963],[-89.828247,43.464352],[-89.832279,43.468216],[-89.82709,43.469133],[-89.825422,43.471237],[-89.831914,43.474347],[-89.837019,43.474789],[-89.837075,43.477569],[-89.842955,43.478652],[-89.843442,43.482226],[-89.855531,43.482181],[-89.855558,43.478532],[-89.863458,43.477735],[-89.868991,43.475051],[-89.87673,43.475011],[-89.876747,43.485518],[-89.883131,43.489331],[-89.88669,43.489515],[-89.886713,43.49671],[-89.893219,43.497253],[-89.900592,43.500894],[-89.901831,43.511123],[-89.906831,43.511068],[-89.906922,43.522028]]]}},{"type":"Feature","properties":{"zip":"53105","name":"Zip 53105","students":168},"geometry":{"type":"MultiPolygon","coordinates":[[[[-88.285383,42.543623],[-88.284086,42.54515],[-88.280786,42.545269],[-88.280691,42.540198],[-88.282685,42.540194],[-88.285383,42.543623]]],[[[-88.424957,42.717018],[-88.405296,42.712971],[-88.40643,42.756187],[-88.386754,42.756087],[-88.38675,42.759708],[-88.381816,42.759691],[-88.381717,42.767346],[-88.380109,42.768408],[-88.374266,42.766275],[-88.36701,42.766275],[-88.366884,42.77037],[-88.347092,42.770273],[-88.341221,42.777557],[-88.317418,42.777365],[-88.317386,42.778991],[-88.312481,42.777725],[-88.306487,42.778835],[-88.303804,42.776549],[-88.301692,42.770495],[-88.297988,42.768667],[-88.298164,42.762806],[-88.288311,42.762865],[-88.288364,42.761083],[-88.283413,42.761056],[-88.28335,42.762894],[-88.273118,42.762954],[-88.272615,42.770223],[-88.228782,42.770389],[-88.229248,42.752405],[-88.225477,42.748486],[-88.22547,42.745936],[-88.229324,42.746015],[-88.22944,42.738522],[-88.225933,42.738399],[-88.224695,42.740611],[-88.227288,42.734054],[-88.231364,42.731592],[-88.229121,42.729678],[-88.228944,42.72554],[-88.223422,42.723231],[-88.222122,42.726338],[-88.22209,42.740168],[-88.220616,42.740183],[-88.220689,42.743454],[-88.221316,42.74318],[-88.22216,42.743331],[-88.209666,42.748516],[-88.204563,42.748697],[-88.200287,42.742929],[-88.197485,42.742354],[-88.207028,42.741529],[-88.207329,42.738599],[-88.202126,42.737033],[-88.202061,42.734306],[-88.1992,42.734331],[-88.199309,42.73795],[-88.189462,42.738134],[-88.189336,42.730761],[-88.184519,42.730893],[-88.184554,42.734575],[-88.145342,42.734281],[-88.145232,42.727086],[-88.154992,42.727126],[-88.15482,42.712653],[-88.149882,42.712149],[-88.164659,42.711347],[-88.164632,42.709112],[-88.162253,42.708363],[-88.160419,42.703743],[-88.159741,42.705509],[-88.154829,42.705422],[-88.154796,42.701805],[-88.150169,42.70172],[-88.150131,42.698096],[-88.154783,42.698186],[-88.154659,42.690987],[-88.162044,42.691072],[-88.161998,42.687419],[-88.168104,42.687479],[-88.168277,42.683791],[-88.175363,42.684908],[-88.188602,42.683756],[-88.188306,42.669709],[-88.168982,42.669108],[-88.168918,42.666039],[-88.159389,42.666044],[-88.159086,42.61159],[-88.183613,42.611508],[-88.183396,42.595504],[-88.1866,42.594724],[-88.194304,42.585665],[-88.201484,42.584023],[-88.200659,42.582368],[-88.206352,42.58232],[-88.202217,42.576819],[-88.203394,42.575619],[-88.200787,42.570014],[-88.19126,42.568283],[-88.192853,42.56657],[-88.200727,42.567246],[-88.200701,42.565975],[-88.193614,42.563892],[-88.183239,42.565308],[-88.18053,42.560921],[-88.182041,42.55824],[-88.184688,42.557787],[-88.175929,42.555684],[-88.172447,42.551044],[-88.179716,42.545505],[-88.17409,42.544675],[-88.174528,42.541567],[-88.170379,42.541412],[-88.177825,42.539585],[-88.177268,42.526188],[-88.178812,42.519892],[-88.187421,42.52074],[-88.187449,42.524357],[-88.202269,42.524201],[-88.201088,42.536605],[-88.207908,42.535635],[-88.221448,42.537248],[-88.227127,42.54043],[-88.246085,42.545574],[-88.246609,42.549183],[-88.249405,42.549186],[-88.249378,42.546388],[-88.252342,42.545283],[-88.256303,42.545581],[-88.256355,42.549283],[-88.263144,42.549841],[-88.263475,42.54561],[-88.280791,42.545674],[-88.280824,42.549836],[-88.296914,42.554403],[-88.295725,42.558895],[-88.2975,42.560093],[-88.305342,42.560032],[-88.305419,42.567144],[-88.315416,42.567143],[-88.315678,42.581448],[-88.335244,42.581768],[-88.335224,42.574509],[-88.348518,42.573794],[-88.349269,42.580196],[-88.345434,42.583751],[-88.34541,42.586038],[-88.339695,42.587039],[-88.351042,42.595021],[-88.364914,42.596795],[-88.364838,42.603552],[-88.369605,42.603782],[-88.369824,42.6072],[-88.377756,42.607447],[-88.379514,42.611531],[-88.378326,42.61738],[-88.379428,42.625462],[-88.384893,42.625548],[-88.393931,42.614688],[-88.397425,42.613889],[-88.398346,42.615042],[-88.396609,42.616156],[-88.397806,42.616806],[-88.396529,42.617032],[-88.397606,42.617671],[-88.396646,42.619468],[-88.395271,42.619095],[-88.394128,42.621595],[-88.391117,42.621705],[-88.390648,42.623813],[-88.388229,42.623807],[-88.385578,42.62653],[-88.38408,42.632801],[-88.379392,42.634442],[-88.379333,42.640024],[-88.372845,42.641814],[-88.372726,42.647035],[-88.413583,42.647407],[-88.413634,42.654713],[-88.415378,42.655862],[-88.418822,42.665319],[-88.417022,42.669448],[-88.414827,42.669448],[-88.416072,42.668098],[-88.413841,42.665551],[-88.413566,42.669151],[-88.404601,42.682567],[-88.404967,42.702573],[-88.424493,42.702537],[-88.424957,42.717018]]]]}},{"type":"Feature","properties":{"zip":"54403","name":"Zip 54403","students":223},"geometry":{"type":"Polygon","coordinates":[[[-89.656845,45.031615],[-89.65466,45.035263],[-89.649011,45.039484],[-89.647343,45.043757],[-89.648167,45.04291],[-89.648198,45.045121],[-89.637791,45.062467],[-89.638286,45.066223],[-89.636703,45.069399],[-89.622387,45.076522],[-89.619906,45.079174],[-89.619845,45.082373],[-89.625517,45.086337],[-89.624605,45.093795],[-89.615687,45.09388],[-89.615648,45.097523],[-89.604514,45.097544],[-89.604441,45.1048],[-89.59416,45.104763],[-89.594169,45.107844],[-89.590166,45.107744],[-89.592102,45.104756],[-89.569015,45.104599],[-89.56624,45.109311],[-89.565401,45.118542],[-89.56395,45.119707],[-89.51245,45.119635],[-89.512555,45.097397],[-89.499957,45.097419],[-89.492189,45.103826],[-89.492295,45.097448],[-89.478229,45.0972],[-89.479278,45.099288],[-89.477408,45.100889],[-89.474698,45.102034],[-89.468953,45.101168],[-89.466697,45.105559],[-89.459759,45.108028],[-89.454112,45.106339],[-89.451883,45.100169],[-89.446591,45.100467],[-89.440878,45.09608],[-89.44062,45.097977],[-89.436167,45.098754],[-89.424164,45.096719],[-89.423454,45.098342],[-89.416258,45.100009],[-89.407994,45.106864],[-89.407703,45.109858],[-89.404732,45.11196],[-89.407249,45.11356],[-89.407184,45.115571],[-89.403955,45.117787],[-89.346062,45.118676],[-89.345923,45.029895],[-89.450051,45.031725],[-89.452145,45.023083],[-89.449827,45.016783],[-89.437262,45.016595],[-89.437441,45.00192],[-89.43948,45.001879],[-89.44084,44.99883],[-89.444674,44.998189],[-89.446381,44.995194],[-89.448852,44.994838],[-89.449048,44.987792],[-89.464338,44.988162],[-89.464377,44.981115],[-89.469395,44.981096],[-89.469262,44.944912],[-89.459057,44.944661],[-89.458423,44.932367],[-89.464159,44.929732],[-89.469467,44.928773],[-89.479605,44.932953],[-89.491127,44.93028],[-89.491667,44.943765],[-89.510407,44.93957],[-89.512445,44.939829],[-89.512145,44.945527],[-89.521289,44.945505],[-89.524914,44.940362],[-89.532671,44.937174],[-89.534959,44.937578],[-89.535631,44.935335],[-89.54503,44.932177],[-89.549959,44.934473],[-89.555818,44.92766],[-89.566042,44.928438],[-89.567186,44.9275],[-89.564745,44.926676],[-89.566621,44.925826],[-89.570969,44.926149],[-89.570785,44.927886],[-89.577072,44.927695],[-89.577501,44.92595],[-89.575013,44.926196],[-89.576111,44.924587],[-89.582247,44.925635],[-89.581393,44.926713],[-89.587221,44.924268],[-89.589794,44.927402],[-89.592421,44.926168],[-89.59469,44.929407],[-89.614685,44.930721],[-89.615209,44.93196],[-89.617426,44.929857],[-89.614283,44.929433],[-89.614824,44.92788],[-89.619402,44.924996],[-89.619415,44.918517],[-89.632822,44.918668],[-89.632022,44.920168],[-89.633822,44.923468],[-89.646264,44.931728],[-89.644296,44.933452],[-89.641022,44.933468],[-89.636522,44.938268],[-89.622375,44.943471],[-89.623358,44.94867],[-89.631722,44.949768],[-89.63663,44.955799],[-89.634368,44.960233],[-89.635249,44.963708],[-89.631872,44.96822],[-89.632305,44.976001],[-89.622522,44.984068],[-89.621263,44.988608],[-89.62729,45.000396],[-89.625373,45.0068],[-89.63276,45.018003],[-89.637639,45.021463],[-89.641501,45.021103],[-89.641521,45.024529],[-89.655234,45.029226],[-89.656845,45.031615]]]}},{"type":"Feature","properties":{"zip":"54729","name":"Zip 54729","students":253},"geometry":{"type":"MultiPolygon","coordinates":[[[[-91.3127,45.056848],[-91.307552,45.056787],[-91.307607,45.060419],[-91.301537,45.060463],[-91.30024,45.062183],[-91.298027,45.060665],[-91.301376,45.054385],[-91.300667,45.052269],[-91.303978,45.049976],[-91.31263,45.053165],[-91.3127,45.056848]]],[[[-91.58989,44.943695],[-91.590096,44.950886],[-91.580116,44.951],[-91.57975,44.954525],[-91.569946,44.954689],[-91.569817,44.95826],[-91.5645,44.958343],[-91.56464,44.961849],[-91.561982,44.961911],[-91.562053,44.965403],[-91.559842,44.965474],[-91.560212,44.986975],[-91.570114,44.986952],[-91.569824,44.993707],[-91.564873,44.993726],[-91.564923,45.001212],[-91.559784,45.001598],[-91.559848,45.008691],[-91.549466,45.009233],[-91.549187,45.012642],[-91.528978,45.013289],[-91.528959,45.007818],[-91.51969,45.007755],[-91.519656,45.01662],[-91.509501,45.016651],[-91.509549,45.00219],[-91.452728,45.002186],[-91.442033,45.000021],[-91.443153,45.020344],[-91.448299,45.028404],[-91.448211,45.03845],[-91.427885,45.038585],[-91.428133,45.03142],[-91.41799,45.03146],[-91.417761,45.040468],[-91.419098,45.042648],[-91.410194,45.043964],[-91.409653,45.04607],[-91.405785,45.047554],[-91.407066,45.050625],[-91.403427,45.053429],[-91.403877,45.054897],[-91.399467,45.056461],[-91.393677,45.062424],[-91.389511,45.063332],[-91.389214,45.052971],[-91.379028,45.053062],[-91.379178,45.059917],[-91.323203,45.06015],[-91.322972,45.055143],[-91.317795,45.055147],[-91.316793,45.043567],[-91.311981,45.045948],[-91.286003,45.045887],[-91.281235,45.047279],[-91.277583,45.051332],[-91.275867,45.050391],[-91.28559,45.037264],[-91.283897,45.035557],[-91.292021,45.02554],[-91.289062,45.028484],[-91.28706,45.028423],[-91.291405,45.009493],[-91.283068,45.009414],[-91.283113,44.994974],[-91.286728,44.99501],[-91.286855,44.980583],[-91.267776,44.980423],[-91.267818,44.958912],[-91.260113,44.953698],[-91.262255,44.951752],[-91.261499,44.950577],[-91.255486,44.951054],[-91.25547,44.944496],[-91.251205,44.943535],[-91.246674,44.945805],[-91.246078,44.94772],[-91.241333,44.94912],[-91.242055,44.947497],[-91.240533,44.947034],[-91.227704,44.94844],[-91.227255,44.933182],[-91.247648,44.932042],[-91.248803,44.927739],[-91.254861,44.927552],[-91.25386,44.918293],[-91.255009,44.915204],[-91.257299,44.914397],[-91.252342,44.912132],[-91.257418,44.911276],[-91.251068,44.910606],[-91.246338,44.906765],[-91.244354,44.906914],[-91.244324,44.904945],[-91.239799,44.906219],[-91.238831,44.904926],[-91.233124,44.905426],[-91.23172,44.904686],[-91.233055,44.903271],[-91.228523,44.903824],[-91.226201,44.902472],[-91.226677,44.870876],[-91.246955,44.871456],[-91.246722,44.857018],[-91.267043,44.856979],[-91.268053,44.850261],[-91.286045,44.850483],[-91.285711,44.828863],[-91.268809,44.828795],[-91.272677,44.823383],[-91.292061,44.826673],[-91.321148,44.835687],[-91.319655,44.837486],[-91.321031,44.8387],[-91.319261,44.839927],[-91.319638,44.84188],[-91.31738,44.843013],[-91.318167,44.844045],[-91.308529,44.847321],[-91.30639,44.846753],[-91.306381,44.850848],[-91.32632,44.851455],[-91.327257,44.844203],[-91.347502,44.843801],[-91.346962,44.85722],[-91.4026,44.857262],[-91.405302,44.844137],[-91.406971,44.843461],[-91.406082,44.857262],[-91.417221,44.857312],[-91.417238,44.850271],[-91.437441,44.850441],[-91.43092,44.857371],[-91.43746,44.857403],[-91.437775,44.864689],[-91.454604,44.864556],[-91.451195,44.866367],[-91.451973,44.867792],[-91.44831,44.870626],[-91.44838,44.872383],[-91.453486,44.872316],[-91.451211,44.873153],[-91.451414,44.874827],[-91.448502,44.873699],[-91.448376,44.880312],[-91.457573,44.880699],[-91.452545,44.881638],[-91.451121,44.884862],[-91.453936,44.884773],[-91.45357,44.890576],[-91.45599,44.898535],[-91.457015,44.898597],[-91.454422,44.885929],[-91.458115,44.883152],[-91.473167,44.887009],[-91.485687,44.886524],[-91.494087,44.883926],[-91.494182,44.886489],[-91.499346,44.886468],[-91.49933,44.894063],[-91.54917,44.893859],[-91.549217,44.900757],[-91.569727,44.900852],[-91.569836,44.911041],[-91.59133,44.943667],[-91.58989,44.943695]]]]}},{"type":"Feature","properties":{"zip":"53511","name":"Zip 53511","students":200},"geometry":{"type":"Polygon","coordinates":[[[-89.297495,42.52175],[-89.297329,42.531811],[-89.287513,42.531609],[-89.287581,42.528259],[-89.277912,42.528131],[-89.277627,42.532181],[-89.27292,42.532161],[-89.273021,42.535086],[-89.2479,42.534837],[-89.247899,42.536994],[-89.256787,42.54236],[-89.247886,42.54219],[-89.24783,42.564116],[-89.227679,42.563554],[-89.228278,42.585066],[-89.247871,42.585382],[-89.247989,42.599829],[-89.14922,42.599315],[-89.149564,42.613897],[-89.134886,42.613753],[-89.134453,42.607067],[-89.129672,42.606457],[-89.129885,42.620714],[-89.128665,42.621043],[-89.126354,42.620832],[-89.121921,42.616631],[-89.120782,42.615083],[-89.122519,42.614419],[-89.121675,42.612051],[-89.119228,42.610703],[-89.119547,42.612198],[-89.117884,42.612755],[-89.113789,42.610263],[-89.109973,42.611052],[-89.109867,42.609199],[-89.107299,42.608477],[-89.108419,42.607658],[-89.104802,42.606815],[-89.105929,42.605732],[-89.104262,42.605493],[-89.104908,42.604724],[-89.101129,42.604182],[-89.102595,42.603106],[-89.10055,42.602492],[-89.100707,42.600379],[-89.095588,42.601337],[-89.095535,42.602574],[-89.091199,42.603009],[-89.090851,42.601606],[-89.089197,42.604146],[-89.086068,42.602614],[-89.077087,42.602869],[-89.070579,42.600385],[-89.060649,42.600469],[-89.056193,42.602544],[-89.048548,42.602105],[-89.041715,42.59592],[-89.031858,42.594592],[-89.022052,42.584337],[-89.005206,42.584119],[-89.005007,42.588856],[-89.011284,42.589008],[-89.011334,42.590981],[-89.002219,42.590991],[-89.002077,42.598624],[-88.992041,42.598556],[-88.991902,42.591177],[-88.98455,42.591215],[-88.984395,42.588136],[-88.981868,42.587947],[-88.98177,42.583923],[-88.926531,42.582992],[-88.923418,42.580902],[-88.924553,42.578331],[-88.931097,42.578696],[-88.940562,42.573304],[-88.939317,42.570399],[-88.937629,42.570492],[-88.937034,42.565965],[-88.933527,42.565815],[-88.933555,42.559859],[-88.923832,42.55955],[-88.923921,42.547343],[-88.916702,42.549511],[-88.914324,42.544198],[-88.923891,42.539247],[-88.928505,42.534989],[-88.932936,42.536169],[-88.928868,42.534795],[-88.926191,42.534642],[-88.914078,42.537496],[-88.914153,42.523676],[-88.929047,42.523983],[-88.929025,42.518939],[-88.933512,42.515705],[-88.934153,42.512526],[-88.941134,42.511167],[-88.942764,42.509026],[-88.945469,42.508693],[-88.945338,42.507203],[-88.950595,42.506404],[-88.951325,42.50413],[-88.943622,42.50659],[-88.942865,42.495119],[-89.262669,42.49819],[-89.263733,42.503644],[-89.268652,42.503808],[-89.268679,42.506227],[-89.270898,42.50592],[-89.27334,42.508602],[-89.277496,42.505866],[-89.276863,42.508332],[-89.278266,42.510693],[-89.280401,42.508936],[-89.282455,42.512836],[-89.287968,42.513559],[-89.287925,42.52158],[-89.297495,42.52175]]]}},{"type":"Feature","properties":{"zip":"54937","name":"Zip 54937","students":259},"geometry":{"type":"Polygon","coordinates":[[[-88.624536,43.77132],[-88.624141,43.776401],[-88.621488,43.776569],[-88.618952,43.774453],[-88.618973,43.778035],[-88.611964,43.779993],[-88.600805,43.777849],[-88.573567,43.777509],[-88.573569,43.762983],[-88.569665,43.762924],[-88.569722,43.771647],[-88.563568,43.771647],[-88.563573,43.777406],[-88.544882,43.777386],[-88.54385,43.792014],[-88.562933,43.792659],[-88.594095,43.805015],[-88.594162,43.81066],[-88.586279,43.810927],[-88.581736,43.817106],[-88.574562,43.814391],[-88.564113,43.814186],[-88.564084,43.83863],[-88.554097,43.828619],[-88.544213,43.828497],[-88.544113,43.81362],[-88.536258,43.806734],[-88.532438,43.806706],[-88.532325,43.814228],[-88.536704,43.814216],[-88.53669,43.829109],[-88.524203,43.821529],[-88.524214,43.849941],[-88.463675,43.849541],[-88.46346,43.860149],[-88.461631,43.860144],[-88.459561,43.855745],[-88.462493,43.85111],[-88.461162,43.842623],[-88.464443,43.8371],[-88.465729,43.830952],[-88.464672,43.829486],[-88.466369,43.829681],[-88.464514,43.828804],[-88.465612,43.827297],[-88.464449,43.82676],[-88.466214,43.826194],[-88.465792,43.824118],[-88.467796,43.822497],[-88.465548,43.821527],[-88.467257,43.820377],[-88.465822,43.819143],[-88.467092,43.817688],[-88.466238,43.816248],[-88.47004,43.81371],[-88.468416,43.813976],[-88.470627,43.807569],[-88.465138,43.801791],[-88.467872,43.80162],[-88.465241,43.800701],[-88.466346,43.799295],[-88.456384,43.790934],[-88.461764,43.791379],[-88.464219,43.789222],[-88.467825,43.789844],[-88.468006,43.791723],[-88.47724,43.791587],[-88.477202,43.790542],[-88.480835,43.791551],[-88.481974,43.790399],[-88.482329,43.787612],[-88.473567,43.787868],[-88.473039,43.786452],[-88.482395,43.784391],[-88.482081,43.771577],[-88.479751,43.765113],[-88.47226,43.75656],[-88.448721,43.743027],[-88.443767,43.737261],[-88.435542,43.737822],[-88.431957,43.738827],[-88.431892,43.741663],[-88.429291,43.739776],[-88.411103,43.746207],[-88.407196,43.746759],[-88.403613,43.745254],[-88.404206,43.747235],[-88.399308,43.750174],[-88.39361,43.761081],[-88.40064,43.776861],[-88.4016,43.794599],[-88.399649,43.79457],[-88.391108,43.80317],[-88.38628,43.813471],[-88.379784,43.81784],[-88.383693,43.819296],[-88.376544,43.821774],[-88.376061,43.826379],[-88.388833,43.826574],[-88.387268,43.828654],[-88.38792,43.831981],[-88.386318,43.831992],[-88.387917,43.832155],[-88.387837,43.841147],[-88.374704,43.852818],[-88.370672,43.864385],[-88.367005,43.866722],[-88.368288,43.866998],[-88.359754,43.876219],[-88.350118,43.890941],[-88.350221,43.887953],[-88.3555,43.88121],[-88.343393,43.880739],[-88.346568,43.877433],[-88.324816,43.877272],[-88.313003,43.881023],[-88.292599,43.881061],[-88.292462,43.868291],[-88.29406,43.866398],[-88.30236,43.863793],[-88.30212,43.853721],[-88.327888,43.854847],[-88.327956,43.852129],[-88.331589,43.852172],[-88.331658,43.854809],[-88.334349,43.854801],[-88.334341,43.850142],[-88.338628,43.850062],[-88.338725,43.862831],[-88.342712,43.86287],[-88.342426,43.852518],[-88.344919,43.852007],[-88.344919,43.850223],[-88.342329,43.84834],[-88.3473,43.847347],[-88.346541,43.827629],[-88.365649,43.826644],[-88.367362,43.824859],[-88.366358,43.81444],[-88.355963,43.815087],[-88.341326,43.812865],[-88.334436,43.813731],[-88.321626,43.819061],[-88.321588,43.790306],[-88.306581,43.790285],[-88.30109,43.786449],[-88.300291,43.783071],[-88.266833,43.783131],[-88.266586,43.775717],[-88.261054,43.775766],[-88.26116,43.783343],[-88.251305,43.782998],[-88.250876,43.761286],[-88.255901,43.761297],[-88.255908,43.754055],[-88.265783,43.753955],[-88.264191,43.752226],[-88.267039,43.75178],[-88.267025,43.736521],[-88.275779,43.739881],[-88.279756,43.735907],[-88.284742,43.739653],[-88.29096,43.737264],[-88.291012,43.743702],[-88.295105,43.743689],[-88.295074,43.740008],[-88.311967,43.739961],[-88.311938,43.735185],[-88.315934,43.735196],[-88.315892,43.732357],[-88.303362,43.732276],[-88.304159,43.725029],[-88.355724,43.724466],[-88.355832,43.718119],[-88.370922,43.718242],[-88.378705,43.713718],[-88.391404,43.71779],[-88.39275,43.715486],[-88.395994,43.71562],[-88.396853,43.718355],[-88.398779,43.716608],[-88.401792,43.716934],[-88.401593,43.689264],[-88.396095,43.689293],[-88.395755,43.68568],[-88.390733,43.68571],[-88.390727,43.682069],[-88.380674,43.682137],[-88.380338,43.644188],[-88.38539,43.643564],[-88.387251,43.639477],[-88.390624,43.639405],[-88.39312,43.636989],[-88.390936,43.630992],[-88.401041,43.630933],[-88.401116,43.63826],[-88.407905,43.63701],[-88.40778,43.635681],[-88.412014,43.63417],[-88.413263,43.631085],[-88.441186,43.631386],[-88.441748,43.660519],[-88.451309,43.660619],[-88.45143,43.675182],[-88.479325,43.675485],[-88.480995,43.667172],[-88.48177,43.679173],[-88.491817,43.679194],[-88.491898,43.690146],[-88.497584,43.690232],[-88.498535,43.7012],[-88.495347,43.704812],[-88.492325,43.704877],[-88.492241,43.708388],[-88.5229,43.707487],[-88.523399,43.733524],[-88.533484,43.735287],[-88.56329,43.733292],[-88.563409,43.747065],[-88.573451,43.748505],[-88.569363,43.744828],[-88.573229,43.736942],[-88.568672,43.735374],[-88.568988,43.733517],[-88.573366,43.734042],[-88.57341,43.731378],[-88.583554,43.730514],[-88.583566,43.726892],[-88.593583,43.726941],[-88.593579,43.72332],[-88.608479,43.722107],[-88.608575,43.730604],[-88.613645,43.730603],[-88.611661,43.742305],[-88.607744,43.742354],[-88.607747,43.737965],[-88.603866,43.737942],[-88.60388,43.745246],[-88.599955,43.745343],[-88.600322,43.755375],[-88.593893,43.758603],[-88.624536,43.77132]]]}},{"type":"Feature","properties":{"zip":"54304","name":"Zip 54304","students":174},"geometry":{"type":"MultiPolygon","coordinates":[[[[-88.089205,44.509085],[-88.084443,44.508845],[-88.083657,44.507896],[-88.086332,44.507562],[-88.089205,44.509085]]],[[[-88.109296,44.502748],[-88.108356,44.509011],[-88.109447,44.509009],[-88.109499,44.517341],[-88.106843,44.517326],[-88.106951,44.519185],[-88.108911,44.517761],[-88.109517,44.523605],[-88.069722,44.52521],[-88.021174,44.508227],[-88.023703,44.502792],[-88.023752,44.498484],[-88.027782,44.492385],[-88.026328,44.491881],[-88.039492,44.481799],[-88.044321,44.476064],[-88.051141,44.472006],[-88.057771,44.462124],[-88.070956,44.466095],[-88.078999,44.457181],[-88.087753,44.457004],[-88.092338,44.454018],[-88.094937,44.454789],[-88.0939,44.456355],[-88.091327,44.456224],[-88.094771,44.457518],[-88.096776,44.455217],[-88.102373,44.457227],[-88.099518,44.460567],[-88.097107,44.460054],[-88.108883,44.464641],[-88.102353,44.474129],[-88.089548,44.47013],[-88.086205,44.474415],[-88.090393,44.47589],[-88.087528,44.483918],[-88.084248,44.483699],[-88.08032,44.480709],[-88.082798,44.509349],[-88.089223,44.509459],[-88.096386,44.504727],[-88.098865,44.504731],[-88.100473,44.501811],[-88.100619,44.503165],[-88.102936,44.503352],[-88.102487,44.505001],[-88.104086,44.504983],[-88.104118,44.502297],[-88.109296,44.502748]]]]}},{"type":"Feature","properties":{"zip":"53214","name":"Zip 53214","students":95},"geometry":{"type":"Polygon","coordinates":[[[-88.067451,43.010907],[-88.06699,43.02958],[-88.05913,43.030936],[-88.045872,43.03101],[-88.045301,43.028396],[-88.037528,43.027074],[-88.027346,43.028182],[-88.029715,43.028781],[-88.027359,43.029891],[-88.027365,43.031494],[-88.014683,43.031372],[-88.013854,43.034255],[-88.011051,43.035127],[-88.012281,43.031416],[-87.986577,43.030502],[-87.984872,43.032387],[-87.984527,43.036618],[-87.978765,43.036684],[-87.978717,43.031219],[-87.968457,43.033592],[-87.965688,43.025026],[-87.957701,43.025245],[-87.957693,43.024222],[-87.966094,43.02416],[-87.96444,43.023976],[-87.966799,43.022415],[-87.967511,43.014312],[-87.962692,43.013254],[-87.966413,43.012261],[-87.966328,43.010163],[-87.989971,43.010584],[-87.992806,43.008797],[-87.998441,43.010085],[-88.067451,43.010907]],[[-87.982464,43.024126],[-87.982393,43.018384],[-87.970128,43.020602],[-87.969891,43.02471],[-87.976789,43.025441],[-87.982464,43.024126]]]}},{"type":"Feature","properties":{"zip":"54949","name":"Zip 54949","students":43},"geometry":{"type":"Polygon","coordinates":[[[-88.990936,44.517877],[-88.990726,44.546797],[-88.980619,44.546469],[-88.980804,44.56138],[-88.971619,44.561772],[-88.97322,44.56416],[-88.980805,44.56438],[-88.979509,44.567142],[-88.980816,44.575234],[-88.952297,44.575304],[-88.941108,44.570416],[-88.940106,44.568289],[-88.929483,44.568147],[-88.927382,44.571576],[-88.916732,44.576039],[-88.914859,44.575105],[-88.914776,44.571746],[-88.911244,44.568726],[-88.907055,44.567943],[-88.899123,44.558047],[-88.900886,44.554577],[-88.898554,44.553215],[-88.901044,44.549957],[-88.897633,44.543107],[-88.900271,44.539811],[-88.898349,44.536433],[-88.902035,44.53684],[-88.901782,44.534148],[-88.903905,44.530999],[-88.902158,44.526504],[-88.903677,44.525148],[-88.907684,44.526052],[-88.908694,44.522007],[-88.910635,44.521125],[-88.906395,44.519982],[-88.906754,44.518165],[-88.904639,44.517571],[-88.90574,44.516124],[-88.9035,44.515471],[-88.904945,44.513508],[-88.902897,44.513232],[-88.900998,44.510314],[-88.859307,44.510132],[-88.859302,44.503013],[-88.79753,44.502657],[-88.797752,44.474918],[-88.77737,44.474877],[-88.777397,44.466476],[-88.780704,44.467454],[-88.784719,44.465374],[-88.791579,44.465106],[-88.795182,44.462195],[-88.797817,44.462878],[-88.797973,44.460593],[-88.799441,44.460444],[-88.838563,44.460343],[-88.838722,44.452548],[-88.848699,44.452636],[-88.848824,44.445984],[-88.859585,44.446007],[-88.85964,44.434755],[-88.884959,44.434898],[-88.885062,44.431416],[-88.875006,44.425548],[-88.876194,44.419765],[-88.902283,44.422199],[-88.902942,44.416981],[-88.913401,44.416629],[-88.938081,44.405892],[-88.941008,44.405906],[-88.940935,44.408824],[-88.944031,44.406742],[-88.949667,44.406792],[-88.951816,44.408252],[-88.950598,44.409788],[-88.966424,44.409753],[-88.966276,44.402548],[-88.970962,44.402716],[-88.981145,44.406496],[-88.981054,44.447948],[-88.983959,44.450266],[-88.980996,44.452963],[-88.980725,44.503303],[-88.978798,44.503377],[-88.974176,44.50976],[-88.980722,44.510528],[-88.980727,44.517693],[-88.990936,44.517877]]]}},{"type":"Feature","properties":{"zip":"53538","name":"Zip 53538","students":198},"geometry":{"type":"Polygon","coordinates":[[[-89.013582,42.84763],[-89.013267,42.870327],[-89.00799,42.874977],[-89.010382,42.874969],[-88.998494,42.878291],[-88.994954,42.885074],[-88.990273,42.885198],[-88.984096,42.882926],[-88.98434,42.919832],[-88.976634,42.919765],[-88.976795,42.923472],[-88.974309,42.923442],[-88.974364,42.935148],[-88.988788,42.935192],[-88.988876,42.949765],[-88.983835,42.949802],[-88.983794,42.965621],[-88.998677,42.968115],[-88.998598,42.980153],[-88.993935,42.980881],[-88.986373,42.987717],[-88.978643,42.987788],[-88.977865,42.991428],[-88.971237,43.000567],[-88.96941,42.999458],[-88.964559,43.001912],[-88.958534,42.999368],[-88.95073,43.000825],[-88.949607,43.004368],[-88.943718,43.004397],[-88.943732,43.007728],[-88.934338,43.007649],[-88.934364,43.015562],[-88.923486,43.014249],[-88.899232,43.014888],[-88.899215,43.007654],[-88.876646,43.007436],[-88.875751,42.985354],[-88.878099,42.985328],[-88.878007,42.979834],[-88.880347,42.978433],[-88.880399,42.982218],[-88.890111,42.982231],[-88.890094,42.978977],[-88.885621,42.978997],[-88.885432,42.969971],[-88.890607,42.970061],[-88.890607,42.967705],[-88.87671,42.967728],[-88.876694,42.963817],[-88.850626,42.963034],[-88.850951,42.951049],[-88.838074,42.950846],[-88.83817,42.94847],[-88.822059,42.948168],[-88.817957,42.951534],[-88.815688,42.957438],[-88.808701,42.957135],[-88.808675,42.954852],[-88.80129,42.954546],[-88.801548,42.951686],[-88.791197,42.953443],[-88.788509,42.946859],[-88.780765,42.946547],[-88.777069,42.942928],[-88.766968,42.942688],[-88.763584,42.946885],[-88.763495,42.938989],[-88.738178,42.93792],[-88.737768,42.942468],[-88.733921,42.942479],[-88.731321,42.938768],[-88.714265,42.939269],[-88.71409,42.945857],[-88.705658,42.94587],[-88.707137,42.95007],[-88.712565,42.950178],[-88.712561,42.953104],[-88.704617,42.954828],[-88.701842,42.938679],[-88.697365,42.939172],[-88.69681,42.948486],[-88.694639,42.949272],[-88.694489,42.94584],[-88.689463,42.945867],[-88.689541,42.94221],[-88.684452,42.938076],[-88.681391,42.938087],[-88.681602,42.943129],[-88.678554,42.943138],[-88.678552,42.940457],[-88.674726,42.940469],[-88.674838,42.932206],[-88.660092,42.932543],[-88.660018,42.901619],[-88.661754,42.901381],[-88.663265,42.898025],[-88.667784,42.898251],[-88.668608,42.895071],[-88.673544,42.899086],[-88.685664,42.894534],[-88.687637,42.895564],[-88.689549,42.8934],[-88.701717,42.894601],[-88.706264,42.897849],[-88.707544,42.901354],[-88.710693,42.902286],[-88.710742,42.904189],[-88.713772,42.903871],[-88.714922,42.905875],[-88.714972,42.901972],[-88.716886,42.901618],[-88.725352,42.906582],[-88.724625,42.90844],[-88.727553,42.91097],[-88.733019,42.91015],[-88.735997,42.911964],[-88.740179,42.909772],[-88.742776,42.914075],[-88.747104,42.913837],[-88.749585,42.911082],[-88.753617,42.914619],[-88.764046,42.913916],[-88.764929,42.909358],[-88.770157,42.909705],[-88.770141,42.907385],[-88.772975,42.904817],[-88.771515,42.901798],[-88.774719,42.901937],[-88.7727,42.896928],[-88.77404,42.893407],[-88.772482,42.892512],[-88.774437,42.892392],[-88.775498,42.889429],[-88.777618,42.88936],[-88.777288,42.86134],[-88.782253,42.860967],[-88.786835,42.857279],[-88.789805,42.858003],[-88.790095,42.853184],[-88.79942,42.857441],[-88.801901,42.855975],[-88.801866,42.85414],[-88.821369,42.854456],[-88.827309,42.854698],[-88.828751,42.858369],[-88.84616,42.858818],[-88.855785,42.84722],[-88.855749,42.844579],[-88.865132,42.844968],[-88.865126,42.840158],[-88.886023,42.840064],[-88.886109,42.83745],[-88.89507,42.837324],[-88.89542,42.825104],[-88.905432,42.824358],[-88.905059,42.833489],[-88.910096,42.833263],[-88.909695,42.846115],[-88.937385,42.84611],[-88.936218,42.851696],[-88.938155,42.852705],[-88.936134,42.855393],[-88.937268,42.855601],[-88.936336,42.862039],[-88.935855,42.863078],[-88.935551,42.863235],[-88.931693,42.861651],[-88.936411,42.864886],[-88.939909,42.863793],[-88.941946,42.860464],[-88.951008,42.85327],[-88.956749,42.855482],[-88.962508,42.861626],[-88.970696,42.853928],[-88.968986,42.851176],[-88.969879,42.846503],[-89.013582,42.84763]]]}},{"type":"Feature","properties":{"zip":"54828","name":"Zip 54828","students":29},"geometry":{"type":"Polygon","coordinates":[[[-91.409236,45.819699],[-91.403446,45.823276],[-91.403563,45.827725],[-91.398692,45.827801],[-91.39849,45.84181],[-91.405647,45.842412],[-91.401809,45.856085],[-91.392117,45.870964],[-91.379854,45.87091],[-91.379898,45.877714],[-91.311414,45.876969],[-91.316434,45.884674],[-91.302141,45.884678],[-91.301828,45.891213],[-91.295846,45.894749],[-91.295759,45.914723],[-91.293275,45.916346],[-91.284712,45.916557],[-91.278978,45.919999],[-91.275371,45.919755],[-91.276252,45.920573],[-91.272382,45.918043],[-91.262468,45.918165],[-91.26371,45.918566],[-91.260918,45.921533],[-91.256361,45.921635],[-91.256603,45.924787],[-91.254156,45.925075],[-91.254573,45.923135],[-91.251675,45.92379],[-91.253585,45.924299],[-91.252007,45.925036],[-91.247068,45.921826],[-91.253586,45.919868],[-91.254931,45.916462],[-91.25804,45.91557],[-91.248817,45.915418],[-91.246465,45.913941],[-91.248346,45.913196],[-91.245426,45.912962],[-91.245265,45.911511],[-91.226556,45.913553],[-91.224524,45.908949],[-91.216196,45.910512],[-91.21289,45.908291],[-91.213732,45.906135],[-91.211741,45.908318],[-91.203882,45.908159],[-91.197655,45.91014],[-91.193755,45.90754],[-91.193523,45.898546],[-91.18828,45.898589],[-91.188279,45.902135],[-91.18306,45.90223],[-91.182921,45.905842],[-91.1727,45.906068],[-91.172593,45.91201],[-91.170215,45.912593],[-91.167293,45.910361],[-91.160343,45.910481],[-91.162004,45.907411],[-91.164221,45.907051],[-91.167176,45.90069],[-91.166403,45.899701],[-91.162681,45.899729],[-91.158781,45.904281],[-91.153709,45.904461],[-91.153587,45.902703],[-91.152525,45.906415],[-91.148299,45.905859],[-91.150487,45.907163],[-91.148243,45.906775],[-91.146967,45.908708],[-91.132124,45.909074],[-91.13201,45.898448],[-91.159671,45.898515],[-91.168302,45.893481],[-91.173008,45.895037],[-91.173109,45.855488],[-91.235344,45.855558],[-91.234976,45.812765],[-91.276197,45.812725],[-91.276399,45.790845],[-91.283882,45.790822],[-91.288832,45.794406],[-91.291846,45.794408],[-91.291865,45.793027],[-91.289181,45.793581],[-91.282597,45.785997],[-91.277194,45.775566],[-91.277191,45.769309],[-91.296499,45.769225],[-91.296304,45.725593],[-91.305131,45.725463],[-91.328062,45.739902],[-91.350428,45.756584],[-91.349663,45.768144],[-91.340603,45.779469],[-91.337789,45.787152],[-91.334107,45.789671],[-91.352615,45.78946],[-91.352744,45.803726],[-91.35752,45.803842],[-91.357575,45.795542],[-91.367478,45.796637],[-91.387835,45.800728],[-91.392467,45.809146],[-91.396694,45.810962],[-91.395942,45.804905],[-91.392012,45.801719],[-91.393455,45.801788],[-91.406252,45.807282],[-91.405307,45.813512],[-91.408502,45.814463],[-91.406404,45.816453],[-91.409236,45.819699]]]}},{"type":"Feature","properties":{"zip":"53149","name":"Zip 53149","students":69},"geometry":{"type":"Polygon","coordinates":[[[-88.449107,42.842796],[-88.448284,42.844656],[-88.446265,42.844108],[-88.444964,42.845876],[-88.443492,42.843607],[-88.441511,42.84338],[-88.443543,42.846269],[-88.438578,42.844291],[-88.44224,42.847657],[-88.442224,42.849695],[-88.435081,42.847439],[-88.434517,42.852878],[-88.436596,42.852389],[-88.43551,42.855398],[-88.432715,42.858976],[-88.431427,42.858412],[-88.428251,42.866642],[-88.424145,42.867305],[-88.424235,42.875269],[-88.422722,42.878422],[-88.424273,42.878759],[-88.424415,42.886302],[-88.42823,42.892731],[-88.428947,42.901136],[-88.424317,42.901167],[-88.424434,42.915125],[-88.407397,42.915097],[-88.405546,42.924202],[-88.400586,42.924197],[-88.400791,42.930433],[-88.39584,42.930426],[-88.395741,42.927472],[-88.387717,42.927433],[-88.387706,42.925314],[-88.383091,42.927629],[-88.3838,42.930409],[-88.375998,42.931189],[-88.375977,42.932992],[-88.380942,42.933007],[-88.380929,42.934114],[-88.375952,42.93409],[-88.375321,42.936134],[-88.380798,42.936009],[-88.380774,42.937571],[-88.370896,42.940973],[-88.370696,42.946383],[-88.374664,42.944943],[-88.37252,42.942674],[-88.378528,42.943326],[-88.360069,42.957939],[-88.35841,42.954653],[-88.35376,42.957097],[-88.341659,42.957237],[-88.334173,42.955358],[-88.334156,42.95219],[-88.340881,42.952166],[-88.342067,42.946612],[-88.348535,42.943439],[-88.346327,42.938097],[-88.345771,42.922534],[-88.321072,42.922128],[-88.321285,42.916567],[-88.322692,42.914973],[-88.306568,42.914547],[-88.306282,42.892262],[-88.295572,42.898188],[-88.28739,42.896788],[-88.287243,42.900445],[-88.26478,42.900886],[-88.258023,42.902827],[-88.25802,42.898292],[-88.248166,42.902354],[-88.248179,42.904415],[-88.228818,42.910825],[-88.228794,42.908268],[-88.23604,42.906174],[-88.235935,42.891766],[-88.240966,42.889914],[-88.24097,42.887665],[-88.243274,42.887712],[-88.24333,42.886314],[-88.248208,42.88631],[-88.248953,42.884023],[-88.253097,42.883436],[-88.252986,42.876737],[-88.248089,42.877376],[-88.250115,42.873869],[-88.250221,42.869243],[-88.248066,42.864036],[-88.250456,42.860393],[-88.241724,42.858844],[-88.242748,42.856621],[-88.226594,42.85708],[-88.226662,42.849545],[-88.217598,42.849565],[-88.216558,42.848027],[-88.217892,42.845975],[-88.219993,42.846923],[-88.223091,42.84486],[-88.229389,42.845049],[-88.230773,42.843272],[-88.228837,42.84193],[-88.25196,42.841981],[-88.250723,42.838542],[-88.264185,42.831329],[-88.276992,42.831956],[-88.277209,42.810605],[-88.274199,42.807143],[-88.275266,42.80564],[-88.277259,42.809958],[-88.287138,42.810035],[-88.287115,42.813663],[-88.300297,42.812651],[-88.300445,42.806205],[-88.307079,42.806057],[-88.306384,42.842095],[-88.326941,42.842508],[-88.324102,42.824098],[-88.324893,42.82195],[-88.322794,42.821014],[-88.33638,42.81513],[-88.336138,42.828094],[-88.353221,42.828299],[-88.353204,42.831189],[-88.356942,42.826718],[-88.351943,42.833128],[-88.355759,42.833978],[-88.355747,42.835728],[-88.365601,42.835672],[-88.365706,42.830292],[-88.36768,42.830292],[-88.367639,42.828448],[-88.370345,42.832292],[-88.37299,42.831291],[-88.370599,42.827439],[-88.368156,42.826665],[-88.371148,42.826078],[-88.382848,42.829462],[-88.399085,42.812197],[-88.41396,42.810301],[-88.415753,42.810828],[-88.413798,42.811055],[-88.413794,42.81225],[-88.413289,42.812824],[-88.413624,42.810822],[-88.410945,42.810794],[-88.407264,42.812507],[-88.407298,42.814338],[-88.40379,42.813555],[-88.395457,42.816386],[-88.398252,42.82105],[-88.395789,42.820441],[-88.395166,42.822406],[-88.393284,42.821022],[-88.391615,42.822317],[-88.398182,42.824544],[-88.400434,42.82124],[-88.405107,42.821594],[-88.405129,42.828272],[-88.414857,42.828274],[-88.414844,42.829821],[-88.424344,42.827469],[-88.42407,42.842587],[-88.449107,42.842796]]]}},{"type":"Feature","properties":{"zip":"53150","name":"Zip 53150","students":89},"geometry":{"type":"Polygon","coordinates":[[[-88.199028,42.8987],[-88.195561,42.90099],[-88.188818,42.901041],[-88.189026,42.902821],[-88.194861,42.903645],[-88.192465,42.910706],[-88.193985,42.911905],[-88.191608,42.911936],[-88.191556,42.915594],[-88.188958,42.915626],[-88.188934,42.919253],[-88.194013,42.919221],[-88.193991,42.921574],[-88.1889,42.924442],[-88.188887,42.922858],[-88.173952,42.923276],[-88.171244,42.924793],[-88.161528,42.923357],[-88.161377,42.926976],[-88.159522,42.92696],[-88.158889,42.930013],[-88.132346,42.93002],[-88.13232,42.931821],[-88.128926,42.930839],[-88.126455,42.932705],[-88.126463,42.931464],[-88.124087,42.931454],[-88.122938,42.937233],[-88.11901,42.937219],[-88.119036,42.930833],[-88.112937,42.937157],[-88.098558,42.933852],[-88.09744,42.93277],[-88.099027,42.929898],[-88.077814,42.929923],[-88.069436,42.933176],[-88.069924,42.843323],[-88.073043,42.843321],[-88.07305,42.841056],[-88.079668,42.841061],[-88.079914,42.836733],[-88.089765,42.836973],[-88.089682,42.840159],[-88.094623,42.84005],[-88.094691,42.836946],[-88.104525,42.836894],[-88.104755,42.825409],[-88.114352,42.825246],[-88.11457,42.822217],[-88.119975,42.822004],[-88.122171,42.836089],[-88.124295,42.836596],[-88.12438,42.839765],[-88.128877,42.838769],[-88.129116,42.843211],[-88.1881,42.84284],[-88.189006,42.887623],[-88.195746,42.886281],[-88.195896,42.893738],[-88.198997,42.893712],[-88.199028,42.8987]]]}},{"type":"Feature","properties":{"zip":"53046","name":"Zip 53046","students":51},"geometry":{"type":"Polygon","coordinates":[[[-88.184263,43.139657],[-88.183695,43.155427],[-88.158716,43.155524],[-88.158244,43.168244],[-88.143651,43.168166],[-88.144664,43.140939],[-88.16239,43.140989],[-88.164109,43.144622],[-88.170441,43.145452],[-88.184263,43.139657]]]}},{"type":"Feature","properties":{"zip":"53048","name":"Zip 53048","students":28},"geometry":{"type":"MultiPolygon","coordinates":[[[[-88.521573,43.587362],[-88.479797,43.587428],[-88.479891,43.592512],[-88.477127,43.590291],[-88.472232,43.590289],[-88.473562,43.588986],[-88.471916,43.587508],[-88.455032,43.587208],[-88.455186,43.594414],[-88.451088,43.594408],[-88.450989,43.595571],[-88.455426,43.595916],[-88.455484,43.597073],[-88.450236,43.597162],[-88.450299,43.604048],[-88.44894,43.604036],[-88.450311,43.604963],[-88.450684,43.626587],[-88.448655,43.626567],[-88.447818,43.623568],[-88.441492,43.623522],[-88.442955,43.631402],[-88.413263,43.631085],[-88.412599,43.626183],[-88.409555,43.626772],[-88.400989,43.624425],[-88.400492,43.565367],[-88.393516,43.568735],[-88.391937,43.568213],[-88.391929,43.565288],[-88.38085,43.565213],[-88.380863,43.561827],[-88.389209,43.561833],[-88.389153,43.557971],[-88.386494,43.557956],[-88.386454,43.554179],[-88.394688,43.554158],[-88.394726,43.552245],[-88.390861,43.552266],[-88.391047,43.543456],[-88.442477,43.543785],[-88.442855,43.540594],[-88.447019,43.536253],[-88.455425,43.536334],[-88.455255,43.543833],[-88.479961,43.54399],[-88.47974,43.562753],[-88.481694,43.565243],[-88.521267,43.565732],[-88.521573,43.587362]]],[[[-88.581219,43.588676],[-88.550672,43.587771],[-88.550755,43.594143],[-88.541385,43.594172],[-88.541262,43.587705],[-88.531366,43.587513],[-88.531201,43.573053],[-88.537712,43.57319],[-88.536975,43.568349],[-88.532956,43.566695],[-88.53561,43.558708],[-88.541124,43.558776],[-88.541094,43.569647],[-88.560024,43.570093],[-88.560658,43.573656],[-88.580967,43.57416],[-88.581219,43.588676]]]]}},{"type":"Feature","properties":{"zip":"53223","name":"Zip 53223","students":1261},"geometry":{"type":"Polygon","coordinates":[[[-88.024361,43.176527],[-88.024336,43.177809],[-88.015787,43.177899],[-88.014303,43.179111],[-88.014775,43.185986],[-88.004295,43.189215],[-88.003814,43.192581],[-87.964668,43.192434],[-87.964121,43.177681],[-87.967486,43.177972],[-87.964325,43.170723],[-87.966816,43.168025],[-87.964837,43.163139],[-87.965978,43.133932],[-88.01561,43.135163],[-88.015216,43.14011],[-88.017251,43.142065],[-88.015521,43.143194],[-88.015417,43.145729],[-88.017944,43.145717],[-88.01787,43.148671],[-88.008949,43.14872],[-88.017079,43.155941],[-88.014935,43.155966],[-88.014637,43.163237],[-88.018423,43.163211],[-88.018385,43.164999],[-88.014445,43.165123],[-88.014393,43.168082],[-88.009416,43.168113],[-88.009576,43.165153],[-88.004763,43.165179],[-88.004747,43.167068],[-88.024361,43.176527]]]}},{"type":"Feature","properties":{"zip":"53029","name":"Zip 53029","students":237},"geometry":{"type":"Polygon","coordinates":[[[-88.406135,43.183487],[-88.40337,43.194087],[-88.368452,43.193253],[-88.368262,43.19727],[-88.364224,43.199509],[-88.364863,43.204853],[-88.367513,43.207931],[-88.367513,43.213218],[-88.349231,43.20763],[-88.344259,43.198514],[-88.345966,43.193029],[-88.333337,43.192928],[-88.334918,43.188579],[-88.324327,43.1887],[-88.324316,43.186113],[-88.322741,43.18612],[-88.322683,43.188726],[-88.32,43.188709],[-88.319891,43.192979],[-88.291458,43.193199],[-88.291852,43.184819],[-88.261965,43.184985],[-88.262545,43.163207],[-88.286141,43.163029],[-88.287831,43.158703],[-88.291321,43.158745],[-88.292958,43.156469],[-88.2822,43.159291],[-88.277703,43.157883],[-88.278202,43.154773],[-88.281596,43.154688],[-88.283354,43.152847],[-88.291656,43.152505],[-88.291841,43.150425],[-88.293192,43.150461],[-88.293513,43.141305],[-88.307183,43.141315],[-88.308052,43.119545],[-88.303177,43.119522],[-88.303549,43.110442],[-88.313379,43.111415],[-88.31348,43.093359],[-88.328083,43.098361],[-88.328212,43.089998],[-88.333185,43.090111],[-88.33342,43.082793],[-88.337082,43.082869],[-88.337014,43.084637],[-88.33831,43.084665],[-88.338385,43.082896],[-88.343543,43.083011],[-88.343581,43.081488],[-88.348386,43.081003],[-88.348419,43.079462],[-88.353354,43.079574],[-88.353469,43.075936],[-88.3565,43.076006],[-88.362913,43.072524],[-88.360295,43.071645],[-88.363967,43.065133],[-88.364103,43.061694],[-88.384838,43.061947],[-88.386513,43.064711],[-88.38526,43.077845],[-88.390257,43.094505],[-88.38645,43.101443],[-88.392871,43.100238],[-88.392844,43.10215],[-88.386385,43.102358],[-88.386361,43.102697],[-88.388076,43.107556],[-88.39281,43.113292],[-88.391418,43.114064],[-88.39536,43.116044],[-88.392467,43.117231],[-88.390218,43.121171],[-88.391918,43.125132],[-88.386627,43.125862],[-88.385077,43.128267],[-88.387847,43.128257],[-88.388328,43.135006],[-88.394956,43.134979],[-88.394344,43.139432],[-88.400907,43.142133],[-88.400658,43.15415],[-88.399071,43.159231],[-88.400398,43.164255],[-88.405374,43.164224],[-88.405228,43.171507],[-88.400274,43.171549],[-88.400211,43.175974],[-88.405272,43.177366],[-88.406135,43.183487]]]}}]}